"pt","cdr3s_aa","post","pre","p1","p2","p","fdr","sig","clonotype_id"
"PT16","TRA:CAASEKGTYKYIF",1,0,0,0.000386398763523957,1,1,FALSE,NA
"PT16","TRA:CAFMKPRGGSNYKLTF",1,0,0,0.000386398763523957,1,1,FALSE,NA
"PT16","TRA:CAGARTNAGKSTF",1,0,0,0.000386398763523957,1,1,FALSE,NA
"PT16","TRA:CAGQETSGSRLTF",1,0,0,0.000386398763523957,1,1,FALSE,NA
"PT16","TRA:CAGYNAGNMLTF",1,0,0,0.000386398763523957,1,1,FALSE,NA
"PT16","TRA:CALSGANTNAGKSTF",1,0,0,0.000386398763523957,1,1,FALSE,NA
"PT16","TRA:CAMKAAGNKLTF",2,1,0.000563380281690141,0.000772797527047913,1,1,FALSE,"clonotype354"
"PT16","TRA:CAMREGMDSSYKLIF",4,0,0,0.00154559505409583,0.151192562007343,0.798327530386288,FALSE,NA
"PT16","TRA:CAPRRHRDDKIIF",1,0,0,0.000386398763523957,1,1,FALSE,NA
"PT16","TRA:CATEDNYGQNFVF",12,0,0,0.00463678516228748,0.00227758295653728,0.114760792842298,FALSE,NA
"PT16","TRA:CATEGNFGNEKLTF",8,0,0,0.00309119010819165,0.024829633347408,0.77798445191447,FALSE,NA
"PT16","TRA:CAVEVGGSYIPTF",1,0,0,0.000386398763523957,1,1,FALSE,NA
"PT16","TRA:CAVGEYKLSF",1,0,0,0.000386398763523957,1,1,FALSE,NA
"PT16","TRA:CAVGSADSWGKLQF",2,1,0.000563380281690141,0.000772797527047913,1,1,FALSE,"clonotype466"
"PT16","TRA:CAVGTNTGNQFYF",1,0,0,0.000386398763523957,1,1,FALSE,NA
"PT16","TRA:CAVPSGGYNKLIF",4,0,0,0.00154559505409583,0.151192562007343,0.798327530386288,FALSE,NA
"PT16","TRA:CAVVRDDKIIF",1,0,0,0.000386398763523957,1,1,FALSE,NA
"PT16","TRA:CAYRVPNFGNEKLTF",1,0,0,0.000386398763523957,1,1,FALSE,NA
"PT16","TRA:CVVNGGGYNKLIF",1,0,0,0.000386398763523957,1,1,FALSE,NA
"PT16","TRA:CVVNKNNNARLMF",1,0,0,0.000386398763523957,1,1,FALSE,NA
"PT16","TRB:CAGAAGDEQFF;TRA:CAMKTSYDKVIF",7,2,0.00112676056338028,0.0027047913446677,0.326320659952988,0.798327530386288,FALSE,"clonotype88"
"PT16","TRB:CAGGDGSNYGYTF;TRA:CVVTSGGGADGLTF",1,0,0,0.000386398763523957,1,1,FALSE,NA
"PT16","TRB:CAIQYRDRGGYTF;TRA:CAPHRHGDKLIF",1,2,0.00112676056338028,0.000386398763523957,0.570569865374331,1,FALSE,"clonotype98"
"PT16","TRB:CAIRGGSGAFF;TRA:CAVPGGTTSGSARQLTF",1,0,0,0.000386398763523957,1,1,FALSE,NA
"PT16","TRB:CAIRGRENDEQYF;TRA:CGTLRGGTYKYIF",1,0,0,0.000386398763523957,1,1,FALSE,NA
"PT16","TRB:CAIRQVGDTEAFF;TRB:CSARTSGGNGELFF;TRA:CALVGTSGSRLTF",1,0,0,0.000386398763523957,1,1,FALSE,NA
"PT16","TRB:CAIRRKFQLTDTQYF;TRA:CAYRDRDDKIIF",1,0,0,0.000386398763523957,1,1,FALSE,NA
"PT16","TRB:CAISALGQGDGYTF;TRA:CAVNEGDSWGKLQF",1,0,0,0.000386398763523957,1,1,FALSE,NA
"PT16","TRB:CAISDLDRGPDTQYF;TRA:CALSDSRTTSGYALNF",1,0,0,0.000386398763523957,1,1,FALSE,NA
"PT16","TRB:CAISEQQGVGNQPQHF;TRA:CALSEAGSSTGNQFYF",1,0,0,0.000386398763523957,1,1,FALSE,NA
"PT16","TRB:CAISERAVYSNQPQHF;TRA:CAVDSEGGPYTDKLIF",1,0,0,0.000386398763523957,1,1,FALSE,NA
"PT16","TRB:CAISESGELPKLFF;TRA:CAVAKYSGGGADGLTF",1,0,0,0.000386398763523957,1,1,FALSE,NA
"PT16","TRB:CAISESGGPYEQYF;TRA:CAMREPKVMGNMLTF",1,0,0,0.000386398763523957,1,1,FALSE,NA
"PT16","TRB:CAISESILLRREQYF",1,0,0,0.000386398763523957,1,1,FALSE,NA
"PT16","TRB:CAISESLGSYNSPLHF;TRA:CAENPHRRGATNKLIF;TRA:CALSAVSGNTGKLIF",1,0,0,0.000386398763523957,1,1,FALSE,NA
"PT16","TRB:CAISFEGLTGSEQYF;TRA:CISSNSGNTPLVF",1,0,0,0.000386398763523957,1,1,FALSE,NA
"PT16","TRB:CAISGGDLSGNTIYF;TRA:CIVRATGANSKLTF",1,0,0,0.000386398763523957,1,1,FALSE,NA
"PT16","TRB:CAISTPRRGFEQFF;TRA:CIVRLLVQGAQKLVF",1,0,0,0.000386398763523957,1,1,FALSE,NA
"PT16","TRB:CANSSGRWNEQFF;TRA:CAVDRRMDSSYKLIF",1,0,0,0.000386398763523957,1,1,FALSE,NA
"PT16","TRB:CARGTGLTGYTF;TRA:CAMRRLSGTYKYIF",1,0,0,0.000386398763523957,1,1,FALSE,NA
"PT16","TRB:CARSWMTGDEQYF;TRA:CAVSDGGSQGNLIF",1,0,0,0.000386398763523957,1,1,FALSE,NA
"PT16","TRB:CASAAGIGSFELNNEQFF;TRA:CAMSPTGFQKLVF",1,0,0,0.000386398763523957,1,1,FALSE,NA
"PT16","TRB:CASAGSSNYGYTF",8,0,0,0.00309119010819165,0.024829633347408,0.77798445191447,FALSE,NA
"PT16","TRB:CASAGSSNYGYTF;TRA:CAVETSGSRLTF",2,0,0,0.000772797527047913,0.517361237153067,0.97129597648208,FALSE,NA
"PT16","TRB:CASAGSSNYGYTF;TRB:CSAPGTSGRVRTIEQFF;TRA:CAVGSGGFKTIF",9,0,0,0.00347758887171561,0.0134024369178417,0.536784781170993,FALSE,NA
"PT16","TRB:CASAGTGGHQPQHF;TRA:CAASRSGTYKYIF",1,0,0,0.000386398763523957,1,1,FALSE,NA
"PT16","TRB:CASATKLGFGSPLHF",1,0,0,0.000386398763523957,1,1,FALSE,NA
"PT16","TRB:CASATTDTYGYTF;TRA:CVVREGKLIF",1,4,0.00225352112676056,0.000386398763523957,0.165824247124966,0.798327530386288,FALSE,"clonotype51"
"PT16","TRB:CASGDPINNEQFF;TRA:CAVRESGTYKYIF",1,0,0,0.000386398763523957,1,1,FALSE,NA
"PT16","TRB:CASGENSPLHF;TRA:CAELAGSYQLTF",2,10,0.00563380281690141,0.000772797527047913,0.00516183691672118,0.244326947391469,FALSE,"clonotype25"
"PT16","TRB:CASGGGYPSF",1,0,0,0.000386398763523957,1,1,FALSE,NA
"PT16","TRB:CASGGLYGEAFF;TRB:CASSLPRAPNQPQHF;TRA:CALTDSWGKLQF;TRA:CVLEFRDNYGQNFVF",2,0,0,0.000772797527047913,0.517361237153067,0.97129597648208,FALSE,NA
"PT16","TRB:CASGHGSIWWTGELFF",4,1,0.000563380281690141,0.00154559505409583,0.654567285158459,1,FALSE,"clonotype710"
"PT16","TRB:CASGHGSIWWTGELFF;TRA:CALSEGPYSGGSNYKLTF",1,0,0,0.000386398763523957,1,1,FALSE,NA
"PT16","TRB:CASGHGSIWWTGELFF;TRA:CAVVIGFGNVLHC",8,4,0.00225352112676056,0.00309119010819165,0.771942522334861,1,FALSE,"clonotype59"
"PT16","TRB:CASGLNGDEQFF;TRA:CAGLGPGGYNKLIF",1,0,0,0.000386398763523957,1,1,FALSE,NA
"PT16","TRB:CASGLVIGTGELFF;TRA:CLVAGDDKIIF",1,0,0,0.000386398763523957,1,1,FALSE,NA
"PT16","TRB:CASGPHWAGDYGYTF;TRA:CATDPKETSGSRLTF",1,0,0,0.000386398763523957,1,1,FALSE,NA
"PT16","TRB:CASGQGAWEQYF;TRB:CSASIRLAGKIYNEQFF;TRA:CAMKSQAGTALIF;TRA:CAVLAEYGNKLVF;TRA:CAVPSGGYNKLIF",3,0,0,0.00115919629057187,0.2760418557296,0.798327530386288,FALSE,NA
"PT16","TRB:CASGQGAWEQYF;TRB:CSASIRLAGKIYNEQFF;TRA:CAMKSQAGTALIF;TRA:CAYRTLFNNDMRF",1,0,0,0.000386398763523957,1,1,FALSE,NA
"PT16","TRB:CASGRTGATEAFF;TRA:CIVRATGTASKLTF",1,0,0,0.000386398763523957,1,1,FALSE,NA
"PT16","TRB:CASGTVSGIVHGETQYF;TRA:CAFIASGTYKYIF",3,0,0,0.00115919629057187,0.2760418557296,0.798327530386288,FALSE,NA
"PT16","TRB:CASIDRERYEQYF;TRB:CASSPGGVNSNQPQHF;TRA:CAVRPRRMDSNYQLIW",1,0,0,0.000386398763523957,1,1,FALSE,NA
"PT16","TRB:CASIDSGTGRTDTQYF;TRA:CARRDSGGYQKVTF",1,0,0,0.000386398763523957,1,1,FALSE,NA
"PT16","TRB:CASIFRAGGYEQYF;TRA:CAASIARWSNYQLIW",1,0,0,0.000386398763523957,1,1,FALSE,NA
"PT16","TRB:CASIGESSYNEQFF;TRA:CAVGGRAGKSTF",1,0,0,0.000386398763523957,1,1,FALSE,NA
"PT16","TRB:CASIVIGTRGSGYTF;TRA:CAFGSGNTGKLIF",1,0,0,0.000386398763523957,1,1,FALSE,NA
"PT16","TRB:CASIVRGGETQYF;TRA:CALSEPHDYKLSF",1,0,0,0.000386398763523957,1,1,FALSE,NA
"PT16","TRB:CASIVRSGISYEQYF;TRB:CASSLLWEKYNEQFF;TRA:CAMREGYTGANSKLTF",1,0,0,0.000386398763523957,1,1,FALSE,NA
"PT16","TRB:CASIWGSGSFREQYF",1,0,0,0.000386398763523957,1,1,FALSE,NA
"PT16","TRB:CASKGGFGTPATGELFF;TRA:CALGTSGGSYIPTF",1,0,0,0.000386398763523957,1,1,FALSE,NA
"PT16","TRB:CASKGRVGSTDTQYF;TRA:CLVGDARSGGGADGLTF",1,0,0,0.000386398763523957,1,1,FALSE,NA
"PT16","TRB:CASKPGGQADTQYF;TRA:CAVSERRTGFQKLVF",1,0,0,0.000386398763523957,1,1,FALSE,NA
"PT16","TRB:CASKYTTNEKLFF;TRA:CALSNSGYALNF",1,0,0,0.000386398763523957,1,1,FALSE,NA
"PT16","TRB:CASMIRVGGNQPQHF;TRA:CALNSGGSNYKLTF",1,0,0,0.000386398763523957,1,1,FALSE,NA
"PT16","TRB:CASNDRGSELFF",1,0,0,0.000386398763523957,1,1,FALSE,NA
"PT16","TRB:CASNDRGSELFF;TRA:CAMREGMDSSYKLIF",1,0,0,0.000386398763523957,1,1,FALSE,NA
"PT16","TRB:CASNDRGSELFF;TRA:CAVRYSSASKIIF",40,26,0.0146478873239437,0.0154559505409583,0.900586692745162,1,FALSE,"clonotype9"
"PT16","TRB:CASNGLAGDNEQFF;TRA:CAVNEGDSWGKLQF",3,10,0.00563380281690141,0.00115919629057187,0.0100927769815625,0.450426218434303,FALSE,"clonotype26"
"PT16","TRB:CASNSQKETQYF;TRA:CALSDRGSNYQLIW",1,0,0,0.000386398763523957,1,1,FALSE,NA
"PT16","TRB:CASPGSPYNEQFF;TRA:CAVGGGSQGNLIF",1,0,0,0.000386398763523957,1,1,FALSE,NA
"PT16","TRB:CASPQLAGVTNTGELFF;TRA:CALSERGSTPLVF",1,0,0,0.000386398763523957,1,1,FALSE,NA
"PT16","TRB:CASPSGLVTPSGANVLTF;TRA:CAVQANGGATNKLIF",1,0,0,0.000386398763523957,1,1,FALSE,NA
"PT16","TRB:CASQRDRGNEQYF;TRA:CAVSSTDSWGKLQF",1,0,0,0.000386398763523957,1,1,FALSE,NA
"PT16","TRB:CASRAGPYEQYF;TRA:CAVSDVDGQKLLF",1,0,0,0.000386398763523957,1,1,FALSE,NA
"PT16","TRB:CASRAGSSYEQYF;TRA:CAMREVNSGGSNYKLTF;TRA:CLVGEDAGGTSYGKLTF",1,0,0,0.000386398763523957,1,1,FALSE,NA
"PT16","TRB:CASRDLFYNSPLHF;TRA:CAMKAAGNKLTF",38,14,0.00788732394366197,0.0146831530139104,0.047910676928618,0.798327530386288,FALSE,"clonotype21"
"PT16","TRB:CASREDRGLAKNIQYF;TRA:CAMRSDGQKLLF",1,0,0,0.000386398763523957,1,1,FALSE,NA
"PT16","TRB:CASRELGAQYF;TRA:CATDARSGGSNYKLTF",1,0,0,0.000386398763523957,1,1,FALSE,NA
"PT16","TRB:CASRFLGDLNSPLHF;TRA:CAYRSAGETSGSRLTF",1,0,0,0.000386398763523957,1,1,FALSE,NA
"PT16","TRB:CASRGDRTSYEQYF;TRA:CAVSVTDKLIF",1,0,0,0.000386398763523957,1,1,FALSE,NA
"PT16","TRB:CASRGGETDTQYF;TRA:CAVRDVSMKNRDDKIIF",1,0,0,0.000386398763523957,1,1,FALSE,NA
"PT16","TRB:CASRGGGTGGPVLEQYF;TRA:CAENMRGSQGNLIF",1,0,0,0.000386398763523957,1,1,FALSE,NA
"PT16","TRB:CASRGGRQTGTDTQYF;TRB:CASSDWGDLSGNQPQHF;TRA:CAVEDPWGNFNKFYF",1,1,0.000563380281690141,0.000386398763523957,1,1,FALSE,"clonotype667"
"PT16","TRB:CASRGLPNRYNEQFF;TRA:CAQGGYQKVTF",1,0,0,0.000386398763523957,1,1,FALSE,NA
"PT16","TRB:CASRGRAGPRGANEKLFF;TRA:CALKWNTGFQKLVF;TRA:CALSETPGGSYIPTF",1,0,0,0.000386398763523957,1,1,FALSE,NA
"PT16","TRB:CASRGTAEFEQYF;TRA:CAEIITGYALNF",1,0,0,0.000386398763523957,1,1,FALSE,NA
"PT16","TRB:CASRGTSGRASYEQYF;TRA:CAYIHNNNDMRF",1,0,0,0.000386398763523957,1,1,FALSE,NA
"PT16","TRB:CASRGTSNQPQHF;TRA:CAVQGRQAGTALIF",1,0,0,0.000386398763523957,1,1,FALSE,NA
"PT16","TRB:CASRGTSREKLFF;TRA:CAGSWDKIIF",1,0,0,0.000386398763523957,1,1,FALSE,NA
"PT16","TRB:CASRHDDGAGEQFF;TRA:CAVRDMGNDYKLSF",1,0,0,0.000386398763523957,1,1,FALSE,NA
"PT16","TRB:CASRHDNYGYTF;TRA:CAEKAEGFQKLVF",1,0,0,0.000386398763523957,1,1,FALSE,NA
"PT16","TRB:CASRKLGGNTEAFF;TRA:CALRLTGANNLFF;TRA:CATDLQGAQKLVF",9,43,0.0242253521126761,0.00347758887171561,6.80164389613052e-10,8.17243674288913e-08,TRUE,"clonotype4"
"PT16","TRB:CASRLAGVYNEQFF;TRA:CILRDMNTNAGKSTF",1,0,0,0.000386398763523957,1,1,FALSE,NA
"PT16","TRB:CASRLDRGTYEQYF;TRA:CAFMAGNTGKLIF",1,0,0,0.000386398763523957,1,1,FALSE,NA
"PT16","TRB:CASRLIGTEAFF;TRA:CAGLRNYGQNFVF",1,0,0,0.000386398763523957,1,1,FALSE,NA
"PT16","TRB:CASRLPGQIREEQYF;TRA:CGARGTYKYIF",1,0,0,0.000386398763523957,1,1,FALSE,NA
"PT16","TRB:CASRMGVGLGDTQYF",65,0,0,0.0251159196290572,2.23946849193374e-15,5.83008297400082e-13,TRUE,NA
"PT16","TRB:CASRMGVGLGDTQYF;TRA:CAMREGMDSSYKLIF",3,0,0,0.00115919629057187,0.2760418557296,0.798327530386288,FALSE,NA
"PT16","TRB:CASRMGVGLGDTQYF;TRA:CAVNAGDSWGKLQF",3,0,0,0.00115919629057187,0.2760418557296,0.798327530386288,FALSE,NA
"PT16","TRB:CASRMGVGLGDTQYF;TRB:CASSLELAGEDYEQYF;TRA:CAVPSGGYNKLIF",54,0,0,0.0208655332302937,7.83501927359814e-13,1.35981112281781e-10,TRUE,NA
"PT16","TRB:CASRMGVGLGDTQYF;TRB:CATSRIAGETQYF;TRA:CATEDNYGQNFVF;TRA:CATEGNFGNEKLTF",474,0,0,0.183153013910355,5.12502949356725e-108,8.00529606895205e-105,TRUE,NA
"PT16","TRB:CASRNKFPWGEKLFF",7,10,0.00563380281690141,0.0027047913446677,0.143255255636594,0.798327530386288,FALSE,"clonotype27"
"PT16","TRB:CASRPDGKYNSPLHF;TRA:CAMWDTRITRGSNYKLTF",1,0,0,0.000386398763523957,1,1,FALSE,NA
"PT16","TRB:CASRPNQMDEQYF;TRA:CALSEGPYSGGSNYKLTF",10,3,0.00169014084507042,0.00386398763523957,0.263214453055091,0.798327530386288,FALSE,"clonotype70"
"PT16","TRB:CASRPRSPSSYNEQFF;TRA:CAFRPNARLMF",1,0,0,0.000386398763523957,1,1,FALSE,NA
"PT16","TRB:CASRPSQGGALGYTF;TRA:CAYRGYRQGAQKLVF",1,0,0,0.000386398763523957,1,1,FALSE,NA
"PT16","TRB:CASRQGGRGYGYTF;TRA:CAGPGSGGGADGLTF",1,0,0,0.000386398763523957,1,1,FALSE,NA
"PT16","TRB:CASRRAGGVYNEQFF;TRA:CAVSDGSGNTGKLIF",1,0,0,0.000386398763523957,1,1,FALSE,NA
"PT16","TRB:CASRRGRASGLFGELFF;TRA:CIAPKPQGGKLIF",1,0,0,0.000386398763523957,1,1,FALSE,NA
"PT16","TRB:CASRRQGEANVLTF;TRA:CAFKAAGNKLTF",1,0,0,0.000386398763523957,1,1,FALSE,NA
"PT16","TRB:CASRRRDSHGPGTQYF;TRA:CAVIANFGNEKLTF",1,0,0,0.000386398763523957,1,1,FALSE,NA
"PT16","TRB:CASRRRGGEGNQPQHF;TRA:CIVRPLGDYKLSF",1,0,0,0.000386398763523957,1,1,FALSE,NA
"PT16","TRB:CASRRTGNTIYF;TRA:CVVPPYGGSQGNLIF",1,0,0,0.000386398763523957,1,1,FALSE,NA
"PT16","TRB:CASRSFNEKLFF;TRA:CAASSYGGATNKLIF",1,0,0,0.000386398763523957,1,1,FALSE,NA
"PT16","TRB:CASRSPAGLAGGTYNEQFF;TRA:CAVNGVTNAGKSTF",1,0,0,0.000386398763523957,1,1,FALSE,NA
"PT16","TRB:CASRSPAQGATETQYF;TRA:CAVGAVGGTASKLTF",1,0,0,0.000386398763523957,1,1,FALSE,NA
"PT16","TRB:CASRSPRGLGETQYF;TRA:CAPPVGGAQKLVF;TRA:CATAITPNTGNQFYF",2,0,0,0.000772797527047913,0.517361237153067,0.97129597648208,FALSE,NA
"PT16","TRB:CASRSTGEHYGYTF;TRA:CAVRDLRGGGNKLTF",1,0,0,0.000386398763523957,1,1,FALSE,NA
"PT16","TRB:CASRTGGATEQYF;TRA:CVAHSGGYQKVTF",1,0,0,0.000386398763523957,1,1,FALSE,NA
"PT16","TRB:CASRTRNYEQYF;TRA:CAETRYSGGGADGLTF",1,0,0,0.000386398763523957,1,1,FALSE,NA
"PT16","TRB:CASRVGGLYTDTQYF;TRA:CIVRVQAGGTSYGKLTF",1,0,0,0.000386398763523957,1,1,FALSE,NA
"PT16","TRB:CASRVPEVKLAGADHEQFF;TRA:CALSFISNFGNEKLTF",1,0,0,0.000386398763523957,1,1,FALSE,NA
"PT16","TRB:CASRYGVGPLYEQYF;TRA:CAASNYSTSGTYKYIF;TRA:CAVSDGGGADGLTF",1,0,0,0.000386398763523957,1,1,FALSE,NA
"PT16","TRB:CASSAAGTGNGKLFF;TRA:CAVYLYTGRRALTF",1,0,0,0.000386398763523957,1,1,FALSE,NA
"PT16","TRB:CASSAALSGMVNEQFF;TRA:CASAYSGAGSYQLTF",1,0,0,0.000386398763523957,1,1,FALSE,NA
"PT16","TRB:CASSAASGGYPGNEQFF;TRA:CLVGGGDTDKLIF",1,0,0,0.000386398763523957,1,1,FALSE,NA
"PT16","TRB:CASSAATGTYQETQYF;TRA:CALSEASGNQFYF",1,0,0,0.000386398763523957,1,1,FALSE,NA
"PT16","TRB:CASSADRGLLADTQYF;TRA:CAVRPGSARQLTF",1,5,0.0028169014084507,0.000386398763523957,0.0441979286845335,0.798327530386288,FALSE,"clonotype43"
"PT16","TRB:CASSADRGLLADTQYF;TRB:CASSLAGGGYEQYF;TRA:CAVRPGSARQLTF;TRA:CAVSDEAGAQKLVF",1,0,0,0.000386398763523957,1,1,FALSE,NA
"PT16","TRB:CASSADRGLLADTQYF;TRB:CASSLGRREQYF;TRA:CAYIPNTGNQFYF",1,0,0,0.000386398763523957,1,1,FALSE,NA
"PT16","TRB:CASSADWEETQYF;TRA:CAVSASGTYKYIF",1,0,0,0.000386398763523957,1,1,FALSE,NA
"PT16","TRB:CASSAGAAVDYEQYF;TRA:CAASGRYSGGGADGLTF",1,0,0,0.000386398763523957,1,1,FALSE,NA
"PT16","TRB:CASSAGALAKNIQYF;TRA:CASRLTF",1,0,0,0.000386398763523957,1,1,FALSE,NA
"PT16","TRB:CASSAGEGGRTYEQYF;TRA:CVVNLPRADKIIF",1,0,0,0.000386398763523957,1,1,FALSE,NA
"PT16","TRB:CASSAGQETQYF;TRA:CAVGAEYKLSF",1,0,0,0.000386398763523957,1,1,FALSE,NA
"PT16","TRB:CASSAGTGGTSYEQYF;TRA:CAVRGEDSNYQLIW",1,0,0,0.000386398763523957,1,1,FALSE,NA
"PT16","TRB:CASSAGTLIDTQYF;TRA:CAFTRDDKIIF",1,0,0,0.000386398763523957,1,1,FALSE,NA
"PT16","TRB:CASSAHRTGGQETQYF;TRA:CVVSDPPGGSYIPTF",1,0,0,0.000386398763523957,1,1,FALSE,NA
"PT16","TRB:CASSAIGGAERQYF;TRA:CAASNAGNMLTF",3,0,0,0.00115919629057187,0.2760418557296,0.798327530386288,FALSE,NA
"PT16","TRB:CASSAKDRSGNTIYF;TRA:CAVRSPYSGNTPLVF",1,0,0,0.000386398763523957,1,1,FALSE,NA
"PT16","TRB:CASSALTGGSGNTIYF;TRA:CAMRTNFGNEKLTF;TRA:CILRDGFGSGNTGKLIF",1,0,0,0.000386398763523957,1,1,FALSE,NA
"PT16","TRB:CASSALTPPNEKLFF;TRA:CAFMKYSGNTPLVF",1,0,0,0.000386398763523957,1,1,FALSE,NA
"PT16","TRB:CASSAPDPGGDYGYTF;TRA:CAVKGQAGTALIF",1,0,0,0.000386398763523957,1,1,FALSE,NA
"PT16","TRB:CASSARQGLQGNTIYF;TRA:CLVAPRGGYQKVTF",1,0,0,0.000386398763523957,1,1,FALSE,NA
"PT16","TRB:CASSATGQGIYGYTF;TRA:CAATPYSGGSNYKLTF",1,0,0,0.000386398763523957,1,1,FALSE,NA
"PT16","TRB:CASSATGSRGNTIYF",1,0,0,0.000386398763523957,1,1,FALSE,NA
"PT16","TRB:CASSATRTSGGYYNEQFF;TRA:CLVGDLLHSGGGADGLTF",1,0,0,0.000386398763523957,1,1,FALSE,NA
"PT16","TRB:CASSAVARTEAFF;TRA:CATDKLTGGGNKLTF",1,0,0,0.000386398763523957,1,1,FALSE,NA
"PT16","TRB:CASSDERTVTHNEQFF;TRA:CAYRIYQGAQKLVF",1,0,0,0.000386398763523957,1,1,FALSE,NA
"PT16","TRB:CASSDGDYEQYF;TRA:CAVEVGGSYIPTF",16,7,0.00394366197183099,0.00618238021638331,0.398197067793627,0.798327530386288,FALSE,"clonotype34"
"PT16","TRB:CASSDGQQAFF;TRA:CAVSPNTDKLIF",1,0,0,0.000386398763523957,1,1,FALSE,NA
"PT16","TRB:CASSDGTGGFAPLHF;TRA:CAGPATGGYQKVTF",1,0,0,0.000386398763523957,1,1,FALSE,NA
"PT16","TRB:CASSDGVGTLAFF;TRA:CAAAGFGNVLHC",7,1,0.000563380281690141,0.0027047913446677,0.153589840624474,0.798327530386288,FALSE,"clonotype345"
"PT16","TRB:CASSDISGTGGLGGANVLTF;TRA:CAENILTGGGNKLTF",1,0,0,0.000386398763523957,1,1,FALSE,NA
"PT16","TRB:CASSDPGQLNYGYTF;TRA:CIVRGPSAGGTSYGKLTF",1,0,0,0.000386398763523957,1,1,FALSE,NA
"PT16","TRB:CASSDPGRLNTEAFF;TRA:CALSENYGQNFVF;TRA:CAVSSMDTGFQKLVF",1,0,0,0.000386398763523957,1,1,FALSE,NA
"PT16","TRB:CASSDRWGGPYEQYF;TRA:CVVSDRGSTLGRLYF",1,0,0,0.000386398763523957,1,1,FALSE,NA
"PT16","TRB:CASSDSGLLGYTIYF;TRA:CAGPVGGSEKLVF;TRA:CLLGENTDKLIF",1,0,0,0.000386398763523957,1,1,FALSE,NA
"PT16","TRB:CASSDSGTGEWGDSYNEQFF;TRA:CAAPLHQTGANNLFF",1,0,0,0.000386398763523957,1,1,FALSE,NA
"PT16","TRB:CASSDSSESYNEQFF;TRA:CAAGDSNYQLIW",1,0,0,0.000386398763523957,1,1,FALSE,NA
"PT16","TRB:CASSDSSGANVLTF;TRA:CAVRDSNYQLIW",3,0,0,0.00115919629057187,0.2760418557296,0.798327530386288,FALSE,NA
"PT16","TRB:CASSDYKSSYNEQFF",1,0,0,0.000386398763523957,1,1,FALSE,NA
"PT16","TRB:CASSEAYSNQPQHF;TRA:CASQTSGSRLTF",1,1,0.000563380281690141,0.000386398763523957,1,1,FALSE,"clonotype551"
"PT16","TRB:CASSEFDRGVDGYTF;TRA:CAEINQAGTALIF;TRA:CLVGDKAADSWGKLQF",6,2,0.00112676056338028,0.00231839258114374,0.485707704561713,0.948344293156745,FALSE,"clonotype119"
"PT16","TRB:CASSEFDRGVGGYTF;TRA:CAENGITGNQFYF",3,5,0.0028169014084507,0.00115919629057187,0.283843797745344,0.798327530386288,FALSE,"clonotype45"
"PT16","TRB:CASSEFVRAANYGYTF;TRB:CASSLGMGTAINGYTF;TRA:CAGKTIKAAGNKLTF",1,0,0,0.000386398763523957,1,1,FALSE,NA
"PT16","TRB:CASSEGEGPSYEQYF;TRA:CAVRGRGSDGQKLLF",1,0,0,0.000386398763523957,1,1,FALSE,NA
"PT16","TRB:CASSEGGGELFF;TRA:CALSGQRSDNNARLMF",1,0,0,0.000386398763523957,1,1,FALSE,NA
"PT16","TRB:CASSEGGQSNQPQHF;TRA:CATANQAGTALIF",1,3,0.00169014084507042,0.000386398763523957,0.310956399464566,0.798327530386288,FALSE,"clonotype65"
"PT16","TRB:CASSEGGRRDTQYF;TRA:CIVRVRDDYKLSF",1,0,0,0.000386398763523957,1,1,FALSE,NA
"PT16","TRB:CASSEGGTQETQYF;TRA:CAEMNTGGFKTIF",1,0,0,0.000386398763523957,1,1,FALSE,NA
"PT16","TRB:CASSEGHGVLETQYF;TRA:CAVSDLGSGNTGKLIF",1,0,0,0.000386398763523957,1,1,FALSE,NA
"PT16","TRB:CASSEGHSRSYEQYF;TRA:CATTFYGQNFVF",1,0,0,0.000386398763523957,1,1,FALSE,NA
"PT16","TRB:CASSEGLRGPALTF;TRA:CAASVKGGSEKLVF",5,0,0,0.00193199381761978,0.08457831213569,0.798327530386288,FALSE,NA
"PT16","TRB:CASSEIQGGTYNSPLHF;TRB:CASSLVVVVSTEAFF;TRA:CATDAFGNEKLTF",1,0,0,0.000386398763523957,1,1,FALSE,NA
"PT16","TRB:CASSELREGAFF;TRA:CAMREGPYWISRIKAAGNKLTF",1,20,0.0112676056338028,0.000386398763523957,1.98435126725438e-07,1.82326863497138e-05,TRUE,"clonotype14"
"PT16","TRB:CASSENPGWFGTEAFF;TRA:CVVTHLQGGADGLTF",1,0,0,0.000386398763523957,1,1,FALSE,NA
"PT16","TRB:CASSENPHPSSYEQYF;TRA:CVVSDRGSTLGRLYF",1,0,0,0.000386398763523957,1,1,FALSE,NA
"PT16","TRB:CASSENRNTEAFF;TRA:CAYRDSSGGSNYKLTF",1,0,0,0.000386398763523957,1,1,FALSE,NA
"PT16","TRB:CASSENSGDSYGYTF;TRA:CAPRGNQGGKLIF",1,0,0,0.000386398763523957,1,1,FALSE,NA
"PT16","TRB:CASSEQGPILGSGNTIYF;TRA:CAVNSGGSNYKLTF",1,0,0,0.000386398763523957,1,1,FALSE,NA
"PT16","TRB:CASSERGGQPQHF;TRA:CAGDHAGNNRKLIW",1,0,0,0.000386398763523957,1,1,FALSE,NA
"PT16","TRB:CASSERSETQYF;TRA:CAVGGNQGGKLIF",1,0,0,0.000386398763523957,1,1,FALSE,NA
"PT16","TRB:CASSERTDGYTF;TRA:CAVRYYNTDKLIF",1,0,0,0.000386398763523957,1,1,FALSE,NA
"PT16","TRB:CASSESAPNANSPLHF;TRA:CAESMRGSTLGRLYF",3,0,0,0.00115919629057187,0.2760418557296,0.798327530386288,FALSE,NA
"PT16","TRB:CASSESLGTAQHF;TRA:CALSHSTSGTYKYIF;TRA:CVVNGNSGYALNF",1,0,0,0.000386398763523957,1,1,FALSE,NA
"PT16","TRB:CASSEVDRGRETQYF;TRA:CATYRAGAGSYQLTF",1,0,0,0.000386398763523957,1,1,FALSE,NA
"PT16","TRB:CASSEVPGIAGGNEQFF;TRA:CAARSLNSGGSNYKLTF",1,0,0,0.000386398763523957,1,1,FALSE,NA
"PT16","TRB:CASSEVQNPQPH;TRA:CAGAPSGTYKYIF;TRA:CIVRVVLVDSNYQLIW",1,0,0,0.000386398763523957,1,1,FALSE,NA
"PT16","TRB:CASSEWTGVGEQYF",1,0,0,0.000386398763523957,1,1,FALSE,NA
"PT16","TRB:CASSEYRAGGPTRYEQYF;TRA:CAVAPYGGSQGNLIF",1,0,0,0.000386398763523957,1,1,FALSE,NA
"PT16","TRB:CASSFAGGSLETQYF;TRA:CVVNETSGTYKYIF",1,0,0,0.000386398763523957,1,1,FALSE,NA
"PT16","TRB:CASSFDGQGTYEQYF;TRA:CAVSVAIYGNNRLAF",1,0,0,0.000386398763523957,1,1,FALSE,NA
"PT16","TRB:CASSFDLASKETQYF;TRA:CAAIGEDSSYKLIF",1,0,0,0.000386398763523957,1,1,FALSE,NA
"PT16","TRB:CASSFDRDNQPQHF;TRA:CAMREELISSGSARQLTF",1,0,0,0.000386398763523957,1,1,FALSE,NA
"PT16","TRB:CASSFDRNYGYTF;TRA:CAVEVVYNFNKFYF",2,0,0,0.000772797527047913,0.517361237153067,0.97129597648208,FALSE,NA
"PT16","TRB:CASSFDRYGFTEAFF;TRA:CAYRGSGNTPLVF",1,0,0,0.000386398763523957,1,1,FALSE,NA
"PT16","TRB:CASSFEGDQPQHF;TRA:CAARYGQNFVF",1,0,0,0.000386398763523957,1,1,FALSE,NA
"PT16","TRB:CASSFENHYGYTF;TRB:CASSGQNTGELFF;TRA:CAERDPSGSARQLTF",2,0,0,0.000772797527047913,0.517361237153067,0.97129597648208,FALSE,NA
"PT16","TRB:CASSFFDEQYF;TRA:CALRAGAQKLVF",1,0,0,0.000386398763523957,1,1,FALSE,NA
"PT16","TRB:CASSFFRYTDTQYF;TRA:CAVRRGGSGNTGKLIF",1,0,0,0.000386398763523957,1,1,FALSE,NA
"PT16","TRB:CASSFGEGDEKLFF;TRA:CAASALSELIF",4,2,0.00112676056338028,0.00154559505409583,1,1,FALSE,"clonotype122"
"PT16","TRB:CASSFGLAGIGYEQYF;TRA:CAASAMAGNMLTF",1,0,0,0.000386398763523957,1,1,FALSE,NA
"PT16","TRB:CASSFGLSPGELFF;TRA:CAVLMDSNYQLIW",1,0,0,0.000386398763523957,1,1,FALSE,NA
"PT16","TRB:CASSFGNPNEQFF;TRA:CAMSPPYSGGGADGLTF",1,0,0,0.000386398763523957,1,1,FALSE,NA
"PT16","TRB:CASSFGTGTGEQYF;TRA:CAENIGRGGGADGLTF;TRA:CAVSYSSASKIIF",1,0,0,0.000386398763523957,1,1,FALSE,NA
"PT16","TRB:CASSFLAGGNEQFF;TRA:CALSEANAGNNRKLIW",1,0,0,0.000386398763523957,1,1,FALSE,NA
"PT16","TRB:CASSFLGGPQHF;TRA:CAESALYSSASKIIF",1,0,0,0.000386398763523957,1,1,FALSE,NA
"PT16","TRB:CASSFLGPYNEQFF;TRA:CAASKGDYKLSF",1,0,0,0.000386398763523957,1,1,FALSE,NA
"PT16","TRB:CASSFLGREQYF;TRA:CAFMKRSYSNDYKLSF",1,0,0,0.000386398763523957,1,1,FALSE,NA
"PT16","TRB:CASSFLQGEAFF;TRA:CAGYNAGNNRKLIW",1,1,0.000563380281690141,0.000386398763523957,1,1,FALSE,"clonotype212"
"PT16","TRB:CASSFLTSTETQYF",1,0,0,0.000386398763523957,1,1,FALSE,NA
"PT16","TRB:CASSFNPGQGRTEAFF;TRA:CAFENNAGNMLTF",1,0,0,0.000386398763523957,1,1,FALSE,NA
"PT16","TRB:CASSFPGYEQYF;TRA:CAGGNTPLVF",1,0,0,0.000386398763523957,1,1,FALSE,NA
"PT16","TRB:CASSFQTDTQYF;TRA:CAVSIPGNTGKLIF",1,0,0,0.000386398763523957,1,1,FALSE,NA
"PT16","TRB:CASSFRGGGMSF;TRA:CAVSGLNSGGSNYKLTF",2,38,0.0214084507042254,0.000772797527047913,4.08712336993109e-13,7.98010837979046e-11,TRUE,"clonotype5"
"PT16","TRB:CASSFRGGPLQPQHF",7,3,0.00169014084507042,0.0027047913446677,0.749420102986125,1,FALSE,"clonotype79"
"PT16","TRB:CASSFRGGPLQPQHF;TRA:CAALRGGLIQGAQKLVF",3,1,0.000563380281690141,0.00115919629057187,0.650589736896373,1,FALSE,"clonotype589"
"PT16","TRB:CASSFRGVNTEAFF;TRA:CIVRGDLYNQGGKLIF",1,0,0,0.000386398763523957,1,1,FALSE,NA
"PT16","TRB:CASSFSLGTEAFF;TRA:CAPLNYGGSQGNLIF",3,9,0.00507042253521127,0.00115919629057187,0.019179581985183,0.748962676521398,FALSE,"clonotype31"
"PT16","TRB:CASSFTGGGTEAFF;TRA:CALSSGTSYGKLTF;TRA:CARNNYGQNFVF",1,0,0,0.000386398763523957,1,1,FALSE,NA
"PT16","TRB:CASSFTGGTYEQYF;TRA:CALRGHDNNARLMF",1,0,0,0.000386398763523957,1,1,FALSE,NA
"PT16","TRB:CASSFVGGPSTGELFF;TRB:CSATRDGKNIQYF;TRA:CAGARTNAGKSTF;TRA:CAVGSADSWGKLQF",5,0,0,0.00193199381761978,0.08457831213569,0.798327530386288,FALSE,NA
"PT16","TRB:CASSFWGARDTQYF;TRA:CASPPNTGNQFYF",2,0,0,0.000772797527047913,0.517361237153067,0.97129597648208,FALSE,NA
"PT16","TRB:CASSFYGPLDTEAFF;TRA:CAFLHGSGNTGKLIF",1,0,0,0.000386398763523957,1,1,FALSE,NA
"PT16","TRB:CASSGAFQNSPLHF;TRA:CAFMKPDGGSQGNLIF",1,0,0,0.000386398763523957,1,1,FALSE,NA
"PT16","TRB:CASSGARSLSYEQYF;TRA:CAVPYTPREVGGEGGANSKLTF;TRA:CAVRIAGGTSYGKLTF",1,0,0,0.000386398763523957,1,1,FALSE,NA
"PT16","TRB:CASSGDGEFYGYTF;TRA:CLVGDQDNTDKLIF",4,0,0,0.00154559505409583,0.151192562007343,0.798327530386288,FALSE,NA
"PT16","TRB:CASSGDGTSVIGYEQYF",1,0,0,0.000386398763523957,1,1,FALSE,NA
"PT16","TRB:CASSGDLESPYNEQFF;TRA:CAASAWRNNNDMRF",24,88,0.0495774647887324,0.00927357032457496,4.33926318364884e-16,1.3555858185719e-13,TRUE,"clonotype2"
"PT16","TRB:CASSGDRANTGELFF;TRA:CAATHSRQGGSEKLVF;TRA:CAVGAAGGSEKLVF",1,0,0,0.000386398763523957,1,1,FALSE,NA
"PT16","TRB:CASSGDRGFTMNTEAFF;TRA:CAVRDGRGSTLGRLYF",1,0,0,0.000386398763523957,1,1,FALSE,NA
"PT16","TRB:CASSGEELRVGLYNQPQHF;TRA:CATDASGSQGNLIF",1,0,0,0.000386398763523957,1,1,FALSE,NA
"PT16","TRB:CASSGGGGADEQYF;TRA:CAMREGPAGGGNKLTF",1,0,0,0.000386398763523957,1,1,FALSE,NA
"PT16","TRB:CASSGMDWLTDTQYF;TRA:CAVIPVYNQGGKLIF",1,0,0,0.000386398763523957,1,1,FALSE,NA
"PT16","TRB:CASSGNRGYEQYF;TRA:CIVRVQGGTSYGKLTF",1,0,0,0.000386398763523957,1,1,FALSE,NA
"PT16","TRB:CASSGPGQGNQPQHF;TRA:CAVIYSNSGYALNF",1,0,0,0.000386398763523957,1,1,FALSE,NA
"PT16","TRB:CASSGPQVSGEQETQYF;TRA:CAFTTLTISNFGNEKLTF",1,0,0,0.000386398763523957,1,1,FALSE,NA
"PT16","TRB:CASSGQGGRNVLTF;TRA:CAVRAANQAGTALIF",1,0,0,0.000386398763523957,1,1,FALSE,NA
"PT16","TRB:CASSGQGTTSGEQYF;TRA:CVVNMGSGGSYIPTF",1,0,0,0.000386398763523957,1,1,FALSE,NA
"PT16","TRB:CASSGRGSPFLSSYNEQFF;TRA:CIVLYGQNFVF",1,0,0,0.000386398763523957,1,1,FALSE,NA
"PT16","TRB:CASSGRYNQPQHF;TRA:CAAHSNYQLIW;TRA:CAAPLGSGGSNYKLTF",1,0,0,0.000386398763523957,1,1,FALSE,NA
"PT16","TRB:CASSGSGELQETQYF;TRB:CASSLAGAGGAGELFF;TRA:CAYAKPRSGSRLTF",1,0,0,0.000386398763523957,1,1,FALSE,NA
"PT16","TRB:CASSGTDRAGEKLFF;TRA:CAVRALSGANNLFF",1,0,0,0.000386398763523957,1,1,FALSE,NA
"PT16","TRB:CASSGTGLYEQYF;TRA:CAYRSPQGAQKLVF",1,0,0,0.000386398763523957,1,1,FALSE,NA
"PT16","TRB:CASSGWTVRTGELFF;TRA:CAASARAGGTSYGKLTF",1,0,0,0.000386398763523957,1,1,FALSE,NA
"PT16","TRB:CASSGYTRDRGRFNYGYTF;TRA:CAFISPNDYKLSF",1,0,0,0.000386398763523957,1,1,FALSE,NA
"PT16","TRB:CASSHAGVGEQYF",1,0,0,0.000386398763523957,1,1,FALSE,NA
"PT16","TRB:CASSHEGVVIGSYNEQFF",1,0,0,0.000386398763523957,1,1,FALSE,NA
"PT16","TRB:CASSHGASYEQYF;TRA:CAPHGNQFYF",1,0,0,0.000386398763523957,1,1,FALSE,NA
"PT16","TRB:CASSHGTGGEAFF;TRA:CAMDSSYKLIF",2,0,0,0.000772797527047913,0.517361237153067,0.97129597648208,FALSE,NA
"PT16","TRB:CASSHPKAGSTQYF;TRA:CAVRGKIKAAGNKLTF",1,0,0,0.000386398763523957,1,1,FALSE,NA
"PT16","TRB:CASSHRRGANTGELFF;TRA:CIVILQMDSSYKLIF",4,0,0,0.00154559505409583,0.151192562007343,0.798327530386288,FALSE,NA
"PT16","TRB:CASSHRTGGDIQYF;TRA:CAGAQDFGNEKLTF;TRA:CAMREGLNAGGTSYGKLTF",1,0,0,0.000386398763523957,1,1,FALSE,NA
"PT16","TRB:CASSHSSTSEAFF;TRA:CAVNQYSGGGADGLTF",1,0,0,0.000386398763523957,1,1,FALSE,NA
"PT16","TRB:CASSHTTGSAGNTGELFF;TRA:CAESYGSDGGSTLGRLYF",3,4,0.00225352112676056,0.00115919629057187,0.453005986079301,0.886710965232917,FALSE,"clonotype61"
"PT16","TRB:CASSIAGAGVTGELFF;TRA:CAVSPSGSARQLTF",1,0,0,0.000386398763523957,1,1,FALSE,NA
"PT16","TRB:CASSIAGGITDTQYF;TRA:CVVSAHSGYALNF",1,0,0,0.000386398763523957,1,1,FALSE,NA
"PT16","TRB:CASSIAVNQPQHF;TRA:CAVGLTTDSWGKLQF",1,0,0,0.000386398763523957,1,1,FALSE,NA
"PT16","TRB:CASSIFGLVKETQYF;TRA:CAGPGDDKIIF",1,0,0,0.000386398763523957,1,1,FALSE,NA
"PT16","TRB:CASSIFSGVEQYF;TRA:CAYPSFNKFYF",1,0,0,0.000386398763523957,1,1,FALSE,NA
"PT16","TRB:CASSIGASGSRAQYF;TRA:CILRDLQGGSEKLVF",1,0,0,0.000386398763523957,1,1,FALSE,NA
"PT16","TRB:CASSIGEARANVLTF;TRA:CAMSVNTGNQFYF",1,0,0,0.000386398763523957,1,1,FALSE,NA
"PT16","TRB:CASSIGGYQPQHF;TRA:CALSALGNYGGATNKLIF",10,1,0.000563380281690141,0.00386398763523957,0.0340997616783427,0.798327530386288,FALSE,"clonotype336"
"PT16","TRB:CASSIGPRGRNEQYF;TRA:CALTANFGNEKLTF",1,0,0,0.000386398763523957,1,1,FALSE,NA
"PT16","TRB:CASSIGQGYTEAFF;TRA:CAVTGYSTLTF",1,0,0,0.000386398763523957,1,1,FALSE,NA
"PT16","TRB:CASSIGTGQIEQFF;TRB:CASSLSGTNTEAFF;TRA:CAVPSGGYNKLIF",1,0,0,0.000386398763523957,1,1,FALSE,NA
"PT16","TRB:CASSIHSKGARTEAFF;TRA:CAMREGADSSYKLIF",1,0,0,0.000386398763523957,1,1,FALSE,NA
"PT16","TRB:CASSILGQGARDTQYF;TRA:CGTATSYSGAGSYQLTF",1,0,0,0.000386398763523957,1,1,FALSE,NA
"PT16","TRB:CASSILPGLADEETQYF;TRA:CALSEASNAGNMLTF",1,0,0,0.000386398763523957,1,1,FALSE,NA
"PT16","TRB:CASSIQEFYGYTF;TRA:CAGLASGTYKYIF",1,0,0,0.000386398763523957,1,1,FALSE,NA
"PT16","TRB:CASSIQGSMNTEAFF;TRA:CAASSTDKLIF",1,0,0,0.000386398763523957,1,1,FALSE,NA
"PT16","TRB:CASSISLGRMNTEAFF",1,0,0,0.000386398763523957,1,1,FALSE,NA
"PT16","TRB:CASSIVVPGQGFSTEAFF;TRA:CGAAATSGTYKYIF",5,10,0.00563380281690141,0.00193199381761978,0.0622496046186517,0.798327530386288,FALSE,"clonotype29"
"PT16","TRB:CASSIYGITGELFF;TRA:CAVNRDTDKLIF",1,0,0,0.000386398763523957,1,1,FALSE,NA
"PT16","TRB:CASSKGGGGYTF;TRA:CATDAPQGNDMRF;TRA:CAVNSRRDDKIIF",1,0,0,0.000386398763523957,1,1,FALSE,NA
"PT16","TRB:CASSKRQGAWANTGELFF;TRA:CALGTGNQFYF",1,0,0,0.000386398763523957,1,1,FALSE,NA
"PT16","TRB:CASSKRQPNTEAFF;TRA:CAVSTNTGNQFYF",1,0,0,0.000386398763523957,1,1,FALSE,NA
"PT16","TRB:CASSKTGQVGGETQYF;TRA:CARRDGQKLLF;TRA:CAVREFYNQGGKLIF",1,0,0,0.000386398763523957,1,1,FALSE,NA
"PT16","TRB:CASSLADWTGVRSPLHF;TRA:CAMREGKDSSYKLIF",14,2,0.00112676056338028,0.00540958268933539,0.02183818262912,0.77798445191447,FALSE,"clonotype136"
"PT16","TRB:CASSLAFAATNYGYTF;TRA:CAVPDGGSQGNLIF",7,6,0.00338028169014085,0.0027047913446677,0.780175172514155,1,FALSE,"clonotype41"
"PT16","TRB:CASSLAGGDTEAFF;TRA:CAAKGYAGNNRKLIW;TRA:CALWGFGNVLHC",4,0,0,0.00154559505409583,0.151192562007343,0.798327530386288,FALSE,NA
"PT16","TRB:CASSLAGTSGGRVQFF;TRA:CILRVLGQGGSEKLVF",1,0,0,0.000386398763523957,1,1,FALSE,NA
"PT16","TRB:CASSLAGVQNTQYF;TRA:CAAPMEYGNKLVF;TRA:CALSEALSGSGGSYIPTF",1,0,0,0.000386398763523957,1,1,FALSE,NA
"PT16","TRB:CASSLAGVRQETQYF;TRA:CATDVLGNAGNMLTF",1,0,0,0.000386398763523957,1,1,FALSE,NA
"PT16","TRB:CASSLAHFRGADLRDTQYF;TRA:CAMREGDYGGSQGNLIF;TRA:CIQERF",1,0,0,0.000386398763523957,1,1,FALSE,NA
"PT16","TRB:CASSLALLAGNNEQFF;TRB:CASSSGLTLNEQFF;TRA:CIVRVRISNFGNEKLTF",2,2,0.00112676056338028,0.000772797527047913,1,1,FALSE,"clonotype139"
"PT16","TRB:CASSLAPGGPVEQYF;TRA:CAVKLQAGNNRKLIW;TRA:CAVREQGNNRLAF",1,0,0,0.000386398763523957,1,1,FALSE,NA
"PT16","TRB:CASSLAPGYNEQFF;TRA:CIVRSQKFYF",1,0,0,0.000386398763523957,1,1,FALSE,NA
"PT16","TRB:CASSLAQEGYGYTF;TRA:CAVSEHGNNRLAF",2,1,0.000563380281690141,0.000772797527047913,1,1,FALSE,"clonotype537"
"PT16","TRB:CASSLAQGDGYTF;TRA:CAVGNYGGATNKLIF",1,0,0,0.000386398763523957,1,1,FALSE,NA
"PT16","TRB:CASSLARVGDWRTEAFF;TRA:CAMKTSYDKVIF",1,0,0,0.000386398763523957,1,1,FALSE,NA
"PT16","TRB:CASSLASGLRQPQHF",1,2,0.00112676056338028,0.000386398763523957,0.570569865374331,1,FALSE,"clonotype114"
"PT16","TRB:CASSLASLVEQYF;TRA:CILRPPTGANNLFF",1,0,0,0.000386398763523957,1,1,FALSE,NA
"PT16","TRB:CASSLASSYEQYF;TRA:CAISTLVF",1,0,0,0.000386398763523957,1,1,FALSE,NA
"PT16","TRB:CASSLASTDTQYF;TRA:CAVEIKTTDKLIF",4,4,0.00225352112676056,0.00154559505409583,0.723100127821441,1,FALSE,"clonotype52"
"PT16","TRB:CASSLATFVSTLTGANVLTF;TRA:CAPHGNQFYF",1,0,0,0.000386398763523957,1,1,FALSE,NA
"PT16","TRB:CASSLATGGEQYF;TRA:CAVSEGNTGGFKTIF",1,0,0,0.000386398763523957,1,1,FALSE,NA
"PT16","TRB:CASSLAVHSPLHF;TRA:CVVNNGGTSYGKLTF",1,0,0,0.000386398763523957,1,1,FALSE,NA
"PT16","TRB:CASSLAWDYTTDADQETQYF;TRA:CAYRNNFGNEKLTF",1,0,0,0.000386398763523957,1,1,FALSE,NA
"PT16","TRB:CASSLDASSVEQFF;TRA:CAVSELTGGGNKLTF",1,0,0,0.000386398763523957,1,1,FALSE,NA
"PT16","TRB:CASSLDGANTGELFF;TRA:CARMDSNYQLIW",1,0,0,0.000386398763523957,1,1,FALSE,NA
"PT16","TRB:CASSLDGMAKNIQYF",1,0,0,0.000386398763523957,1,1,FALSE,NA
"PT16","TRB:CASSLDGYEQYF;TRA:CAVSDGGYQKVTF",1,0,0,0.000386398763523957,1,1,FALSE,NA
"PT16","TRB:CASSLDLAGGNYGYTF;TRA:CLVGERTGANNLFF",1,0,0,0.000386398763523957,1,1,FALSE,NA
"PT16","TRB:CASSLDPGLAYTQYF;TRA:CAASKRTGGSYIPTF",1,0,0,0.000386398763523957,1,1,FALSE,NA
"PT16","TRB:CASSLDPGTTHQETQYF;TRA:CAVRAINNAGNMLTF",25,7,0.00394366197183099,0.00965996908809892,0.0311277246750858,0.798327530386288,FALSE,"clonotype39"
"PT16","TRB:CASSLDPTVISYEQYF;TRA:CAVSLWRIIF",1,0,0,0.000386398763523957,1,1,FALSE,NA
"PT16","TRB:CASSLDRPHSTDTQYF;TRA:CAVSPIAYSGAGSYQLTF;TRA:CVVRRNAGNMLTF",1,0,0,0.000386398763523957,1,1,FALSE,NA
"PT16","TRB:CASSLDRVGYEQYF;TRA:CAVTMDSNYQLIW",1,0,0,0.000386398763523957,1,1,FALSE,NA
"PT16","TRB:CASSLDRVTNEQFF;TRA:CAVGGSYNTDKLIF",1,0,0,0.000386398763523957,1,1,FALSE,NA
"PT16","TRB:CASSLDSGGADTQYF",8,0,0,0.00309119010819165,0.024829633347408,0.77798445191447,FALSE,NA
"PT16","TRB:CASSLDSGGADTQYF;TRA:CAENKNWGKLQF",11,26,0.0146478873239437,0.00425038639876352,0.000331952837629902,0.0216045971824128,TRUE,"clonotype11"
"PT16","TRB:CASSLDSGGADTQYF;TRB:CATSLIGETQYF;TRA:CATEDNYGQNFVL",1,0,0,0.000386398763523957,1,1,FALSE,NA
"PT16","TRB:CASSLEDRVGQPQHF;TRA:CAVQLPSGGYQKVTF",1,0,0,0.000386398763523957,1,1,FALSE,NA
"PT16","TRB:CASSLEFRGLYGYTF;TRA:CAMREGGNNARLMF",1,0,0,0.000386398763523957,1,1,FALSE,NA
"PT16","TRB:CASSLEGEGFRGYEQYF;TRA:CALRGRSNNDMRF",1,0,0,0.000386398763523957,1,1,FALSE,NA
"PT16","TRB:CASSLEGLPNTEAFF;TRA:CAVRPADFGNEKLTF",4,0,0,0.00154559505409583,0.151192562007343,0.798327530386288,FALSE,NA
"PT16","TRB:CASSLEIRQGAFF",1,0,0,0.000386398763523957,1,1,FALSE,NA
"PT16","TRB:CASSLELAGEDYEQYF",4,0,0,0.00154559505409583,0.151192562007343,0.798327530386288,FALSE,NA
"PT16","TRB:CASSLELAGEDYEQYF;TRA:CAMKAAGNKLTF",2,0,0,0.000772797527047913,0.517361237153067,0.97129597648208,FALSE,NA
"PT16","TRB:CASSLELATTPNEQFF;TRA:CAETPATNKLIF;TRA:CAVGSTGF",1,0,0,0.000386398763523957,1,1,FALSE,NA
"PT16","TRB:CASSLELLNTEAFF",1,0,0,0.000386398763523957,1,1,FALSE,NA
"PT16","TRB:CASSLENYNEQFF;TRA:CIVRAIYNQGGKLIF",1,0,0,0.000386398763523957,1,1,FALSE,NA
"PT16","TRB:CASSLEQAAGADEQFF;TRA:CAVSLNDMRF",1,1,0.000563380281690141,0.000386398763523957,1,1,FALSE,"clonotype626"
"PT16","TRB:CASSLEWAVNSPLHF;TRA:CILRGSGGSNYKLTF",1,0,0,0.000386398763523957,1,1,FALSE,NA
"PT16","TRB:CASSLFAGENTEAFF",1,0,0,0.000386398763523957,1,1,FALSE,NA
"PT16","TRB:CASSLFGLASSYNEQFF;TRA:CADSDQTGANNLFF;TRA:CALSEADNQGGKLIF",1,0,0,0.000386398763523957,1,1,FALSE,NA
"PT16","TRB:CASSLFGNTEAFF;TRA:CAVSNTGTASKLTF;TRA:CAVTPFSGGYNKLIF",1,0,0,0.000386398763523957,1,1,FALSE,NA
"PT16","TRB:CASSLFLASSSYNEQFF;TRA:CAVDIFPSTGGFKTIF",1,0,0,0.000386398763523957,1,1,FALSE,NA
"PT16","TRB:CASSLFRGRSNEQFF;TRA:CAVSAPYIQGAQKLVF",1,0,0,0.000386398763523957,1,1,FALSE,NA
"PT16","TRB:CASSLFVGYGYTF;TRA:CAATFMNRDDKIIF",1,0,0,0.000386398763523957,1,1,FALSE,NA
"PT16","TRB:CASSLFYASGWQETQYF;TRA:CALSEILQNSGGSNYKLTF",3,0,0,0.00115919629057187,0.2760418557296,0.798327530386288,FALSE,NA
"PT16","TRB:CASSLGAGNTGELFF;TRA:CAVDRGQGGKLIF",1,0,0,0.000386398763523957,1,1,FALSE,NA
"PT16","TRB:CASSLGASNQPQHF;TRA:CALLGAGGTSYGKLTF",1,0,0,0.000386398763523957,1,1,FALSE,NA
"PT16","TRB:CASSLGDSWGANVLTF;TRA:CAVGAYNTDKLIF",1,0,0,0.000386398763523957,1,1,FALSE,NA
"PT16","TRB:CASSLGGGNYEQYF;TRA:CAVSVVDSNYQLIW",1,0,0,0.000386398763523957,1,1,FALSE,NA
"PT16","TRB:CASSLGGSSTDTQYF;TRB:CASSLRGGGSYNEQFF;TRA:CAMSSIASGGYQKVTF",1,0,0,0.000386398763523957,1,1,FALSE,NA
"PT16","TRB:CASSLGGVEETQYF;TRA:CAVNNGPGGSYIPTF",1,0,0,0.000386398763523957,1,1,FALSE,NA
"PT16","TRB:CASSLGPAATDTQYF;TRA:CAVGGRTGTASKLTF",1,0,0,0.000386398763523957,1,1,FALSE,NA
"PT16","TRB:CASSLGPGTGAYEQYF;TRA:CAASTSGTYKYIF",1,0,0,0.000386398763523957,1,1,FALSE,NA
"PT16","TRB:CASSLGQERGYTF",1,0,0,0.000386398763523957,1,1,FALSE,NA
"PT16","TRB:CASSLGQGAGNTIYF;TRA:CALDPPGNQFYF",4,0,0,0.00154559505409583,0.151192562007343,0.798327530386288,FALSE,NA
"PT16","TRB:CASSLGQGREQPQHF",1,0,0,0.000386398763523957,1,1,FALSE,NA
"PT16","TRB:CASSLGSEVFVGNQPQHF;TRA:CAMPVSGGYQKVTF",1,0,0,0.000386398763523957,1,1,FALSE,NA
"PT16","TRB:CASSLGSGLAKNIQYF;TRA:CAFRGGTSYGKLTF;TRA:CPLMSALNF",1,0,0,0.000386398763523957,1,1,FALSE,NA
"PT16","TRB:CASSLGSGRAGAETQYF;TRA:CALGNAGNMLTF",1,0,0,0.000386398763523957,1,1,FALSE,NA
"PT16","TRB:CASSLGSSGGETQYF;TRA:CAVNLSGGYNKLIF",1,0,0,0.000386398763523957,1,1,FALSE,NA
"PT16","TRB:CASSLGTAGNTIYF;TRA:CAARGLGQNFVF",1,0,0,0.000386398763523957,1,1,FALSE,NA
"PT16","TRB:CASSLGTEAFF;TRA:CAVSAGGYNKLIF",1,0,0,0.000386398763523957,1,1,FALSE,NA
"PT16","TRB:CASSLGTGPHEQYF;TRA:CATDGLFSGGYNKLIF",1,0,0,0.000386398763523957,1,1,FALSE,NA
"PT16","TRB:CASSLGVLRTDTQYF;TRA:CAASSNTGTASKLTF",1,0,0,0.000386398763523957,1,1,FALSE,NA
"PT16","TRB:CASSLGYTDTQYF;TRA:CAFMKPLYNQGGKLIF",1,0,0,0.000386398763523957,1,1,FALSE,NA
"PT16","TRB:CASSLHATGPLYEQYF",1,0,0,0.000386398763523957,1,1,FALSE,NA
"PT16","TRB:CASSLIAGTDTQYF;TRA:CAVHDYGGSQGNLIF",1,0,0,0.000386398763523957,1,1,FALSE,NA
"PT16","TRB:CASSLINNEKLFF;TRA:CAVSRDDKIIF",1,0,0,0.000386398763523957,1,1,FALSE,NA
"PT16","TRB:CASSLIVGLAFGYEQYF",6,18,0.0101408450704225,0.00231839258114374,0.00121824221408939,0.0679605120859869,FALSE,"clonotype16"
"PT16","TRB:CASSLIVGLAFGYEQYF;TRA:CAMRGGRDSSYKLIF",1,2,0.00112676056338028,0.000386398763523957,0.570569865374331,1,FALSE,"clonotype137"
"PT16","TRB:CASSLIVGLAFGYEQYF;TRB:CASSWGERAGSTEAFF;TRA:CAYRGPNYGGSQGNLIF",6,0,0,0.00231839258114374,0.0877565729398561,0.798327530386288,FALSE,NA
"PT16","TRB:CASSLKGGVGTEAFF;TRB:CAVQDTFYEQYF;TRA:CAEMRSSGYSTLTF;TRA:CALSESGGSYIPTF",1,0,0,0.000386398763523957,1,1,FALSE,NA
"PT16","TRB:CASSLKGLAGATYNEQFF;TRA:CALIMDSNYQLIW",1,0,0,0.000386398763523957,1,1,FALSE,NA
"PT16","TRB:CASSLKYEQYF;TRA:CAVRPSRAGKSTF;TRA:CAVTQGNAGNMLTF",1,0,0,0.000386398763523957,1,1,FALSE,NA
"PT16","TRB:CASSLLEPKFYNEQFF;TRA:CAVQMDSSYKLIF",1,1,0.000563380281690141,0.000386398763523957,1,1,FALSE,"clonotype661"
"PT16","TRB:CASSLLFSGNTIYF;TRA:CAATSGSARQLTF",1,0,0,0.000386398763523957,1,1,FALSE,NA
"PT16","TRB:CASSLLGGSSPLHF;TRA:CADTGANSKLTF",1,0,0,0.000386398763523957,1,1,FALSE,NA
"PT16","TRB:CASSLLGTGGSYNEQFF;TRA:CIVRVGYDYKLSF",1,0,0,0.000386398763523957,1,1,FALSE,NA
"PT16","TRB:CASSLLSRRTDRSGYTF;TRA:CAVSVGPLNNFGNEKLTF",1,0,0,0.000386398763523957,1,1,FALSE,NA
"PT16","TRB:CASSLLVDGELFF;TRA:CAVPGNTGFQKLVF",1,0,0,0.000386398763523957,1,1,FALSE,NA
"PT16","TRB:CASSLNPWAVPIPGANVLTF",1,1,0.000563380281690141,0.000386398763523957,1,1,FALSE,"clonotype792"
"PT16","TRB:CASSLNRAYQETQYF;TRA:CAVRGRSGGSNYKLTF",1,0,0,0.000386398763523957,1,1,FALSE,NA
"PT16","TRB:CASSLPGRYEQYF;TRA:CAEGLGSKLIF",1,0,0,0.000386398763523957,1,1,FALSE,NA
"PT16","TRB:CASSLPLAGGGDTQYF;TRA:CALWGPASGGSYIPTF",1,0,0,0.000386398763523957,1,1,FALSE,NA
"PT16","TRB:CASSLPTSGDTKETQYF;TRA:CAVFGSGNTGKLIF",1,0,0,0.000386398763523957,1,1,FALSE,NA
"PT16","TRB:CASSLPTSGRPDTQYF;TRA:CAEIAQTGANNLFF",1,0,0,0.000386398763523957,1,1,FALSE,NA
"PT16","TRB:CASSLQAGDGYGYTF;TRA:CAVRDSSASKIIF",1,0,0,0.000386398763523957,1,1,FALSE,NA
"PT16","TRB:CASSLQDPRGEQYF;TRA:CILRDVSYQKVTF",1,0,0,0.000386398763523957,1,1,FALSE,NA
"PT16","TRB:CASSLRGEQYF;TRA:CAGIKAAGNKLTF",1,0,0,0.000386398763523957,1,1,FALSE,NA
"PT16","TRB:CASSLRGSGEQYF",1,0,0,0.000386398763523957,1,1,FALSE,NA
"PT16","TRB:CASSLRGTGGAGYTF;TRA:CALSGGSQGNLIF",1,0,0,0.000386398763523957,1,1,FALSE,NA
"PT16","TRB:CASSLRHYNEQFF;TRA:CATEGSGNTPLVF",1,1,0.000563380281690141,0.000386398763523957,1,1,FALSE,"clonotype298"
"PT16","TRB:CASSLRIGEQYF;TRA:CAVIKGKTSYDKVIF",1,0,0,0.000386398763523957,1,1,FALSE,NA
"PT16","TRB:CASSLRRGAEAFF;TRA:CALIYTGTASKLTF",1,0,0,0.000386398763523957,1,1,FALSE,NA
"PT16","TRB:CASSLRRGGRPQETQYF",1,0,0,0.000386398763523957,1,1,FALSE,NA
"PT16","TRB:CASSLRRGTDTQYF;TRA:CAENSYGGFKTIF",4,2,0.00112676056338028,0.00154559505409583,1,1,FALSE,"clonotype103"
"PT16","TRB:CASSLSATHRYEQYF;TRA:CATDPTGNQFYF",1,0,0,0.000386398763523957,1,1,FALSE,NA
"PT16","TRB:CASSLSEVSYEQYF;TRA:CAGARTNAGKSTF;TRA:CAVGSADSWGKLQF",12,26,0.0146478873239437,0.00463678516228748,0.000736774269501272,0.0434132621389361,TRUE,"clonotype10"
"PT16","TRB:CASSLSGRNEQFF;TRA:CAMSANTGNQFYF;TRA:CAVPIENSNSGYALNF",1,0,0,0.000386398763523957,1,1,FALSE,NA
"PT16","TRB:CASSLSGTNTEAFF;TRA:CALREYGNKLVF",4,13,0.00732394366197183,0.00154559505409583,0.00478300320763927,0.233470344072892,FALSE,"clonotype23"
"PT16","TRB:CASSLSGTSWGRARKFF;TRA:CAVLMDSNYQLIW",1,0,0,0.000386398763523957,1,1,FALSE,NA
"PT16","TRB:CASSLSHGTPNSPLHF;TRA:CAVSETGGGNKLTF",1,0,0,0.000386398763523957,1,1,FALSE,NA
"PT16","TRB:CASSLSLGASGKEASGYTF;TRA:CATYRLAGNKLTF",1,0,0,0.000386398763523957,1,1,FALSE,NA
"PT16","TRB:CASSLSLREQYF;TRA:CALELIF",1,0,0,0.000386398763523957,1,1,FALSE,NA
"PT16","TRB:CASSLSPAEQETQYF;TRA:CAGGPVGIKAAGNKLTF;TRA:CALSETTDSWGKLQF",6,2,0.00112676056338028,0.00231839258114374,0.485707704561713,0.948344293156745,FALSE,"clonotype121"
"PT16","TRB:CASSLSPAEQETQYF;TRB:CASSPGQLPPHF;TRA:CAGGPVGIKAAGNKLTF;TRA:CALSETTDSWGKLQF",1,0,0,0.000386398763523957,1,1,FALSE,NA
"PT16","TRB:CASSLSRREQYF;TRA:CAGLLNAGNMLTF",1,0,0,0.000386398763523957,1,1,FALSE,NA
"PT16","TRB:CASSLSRRGLRVSYEQYF",1,0,0,0.000386398763523957,1,1,FALSE,NA
"PT16","TRB:CASSLSVPGNLYGYTF;TRA:CALSEASSAAGNKLTF",1,0,0,0.000386398763523957,1,1,FALSE,NA
"PT16","TRB:CASSLTDTQYF;TRA:CAVDNNAGKSTF",1,0,0,0.000386398763523957,1,1,FALSE,NA
"PT16","TRB:CASSLTGLDNEQFF;TRA:CALSEDYGQNFVF",5,1,0.000563380281690141,0.00193199381761978,0.411584703941706,0.806644049632303,FALSE,"clonotype519"
"PT16","TRB:CASSLVAGGMAYEQYF;TRA:CAVMNSGYSTLTF",1,0,0,0.000386398763523957,1,1,FALSE,NA
"PT16","TRB:CASSLVAGGRETQYF;TRA:CAMRQRGYSGGGADGLTF",1,0,0,0.000386398763523957,1,1,FALSE,NA
"PT16","TRB:CASSLVAGGTDTQYF;TRA:CALRNDYKLSF",1,0,0,0.000386398763523957,1,1,FALSE,NA
"PT16","TRB:CASSLVGGGASDNEQFF",1,0,0,0.000386398763523957,1,1,FALSE,NA
"PT16","TRB:CASSLVRGRRNTEAFF;TRA:CAVAGGATNKLIF",1,0,0,0.000386398763523957,1,1,FALSE,NA
"PT16","TRB:CASSLVRTRPYLVHYGYTF;TRA:CVRSTLGRLYF",4,3,0.00169014084507042,0.00154559505409583,1,1,FALSE,"clonotype85"
"PT16","TRB:CASSLVSADTQYF;TRA:CAVSDGGSQGNLIF",1,0,0,0.000386398763523957,1,1,FALSE,NA
"PT16","TRB:CASSLVVTGGHEQYF;TRA:CAPGRGNTPLVF",1,0,0,0.000386398763523957,1,1,FALSE,NA
"PT16","TRB:CASSLVWDSQIEAFF;TRA:CAASRSGTYKYIF",1,0,0,0.000386398763523957,1,1,FALSE,NA
"PT16","TRB:CASSLWAQGGDYGYTF;TRA:CAATVDSGTYKYIF",1,0,0,0.000386398763523957,1,1,FALSE,NA
"PT16","TRB:CASSLWASEVGEQFF;TRA:CAVRKTSGSRLTF",1,0,0,0.000386398763523957,1,1,FALSE,NA
"PT16","TRB:CASSLWGNGYTF;TRA:CAFKRGSTLLALSRLYF",1,0,0,0.000386398763523957,1,1,FALSE,NA
"PT16","TRB:CASSLWGPSGGSSYNSPLHF;TRA:CGSHSGNTPLVF",1,0,0,0.000386398763523957,1,1,FALSE,NA
"PT16","TRB:CASSLWTGESSPLHF;TRA:CALTGGSEKLVF",1,0,0,0.000386398763523957,1,1,FALSE,NA
"PT16","TRB:CASSLWTSGDYYNEQFF;TRA:CAVLLTGGGNKLTF",1,0,0,0.000386398763523957,1,1,FALSE,NA
"PT16","TRB:CASSLYGDSQETQYF;TRA:CALRGQLNARLMF",1,0,0,0.000386398763523957,1,1,FALSE,NA
"PT16","TRB:CASSLYRAEETQYF;TRA:CATDDWKAGANSKLTF",2,0,0,0.000772797527047913,0.517361237153067,0.97129597648208,FALSE,NA
"PT16","TRB:CASSMGGGGGYEQYF",1,0,0,0.000386398763523957,1,1,FALSE,NA
"PT16","TRB:CASSMGRVNEKLFF;TRA:CGTELGRGSTLGRLYF",1,0,0,0.000386398763523957,1,1,FALSE,NA
"PT16","TRB:CASSMPGQSNEKLFF",1,0,0,0.000386398763523957,1,1,FALSE,NA
"PT16","TRB:CASSMSSGGGYTQYF;TRA:CAASNRNAGGTSYGKLTF",1,0,0,0.000386398763523957,1,1,FALSE,NA
"PT16","TRB:CASSNGLAVFNEQFF",1,0,0,0.000386398763523957,1,1,FALSE,NA
"PT16","TRB:CASSNGQAYEQYF",2,0,0,0.000772797527047913,0.517361237153067,0.97129597648208,FALSE,NA
"PT16","TRB:CASSNVPGGGQSPLHF;TRA:CALKGSRGSTLGRLYF",1,0,0,0.000386398763523957,1,1,FALSE,NA
"PT16","TRB:CASSPAGGVSYYGYTF",1,0,0,0.000386398763523957,1,1,FALSE,NA
"PT16","TRB:CASSPARSRSTSGYTF",1,0,0,0.000386398763523957,1,1,FALSE,NA
"PT16","TRB:CASSPDGANYGYTF;TRA:CAMKSQAGTALIF",8,1,0.000563380281690141,0.00309119010819165,0.0928829125509024,0.798327530386288,FALSE,"clonotype429"
"PT16","TRB:CASSPDGTGYGYTF;TRA:CAASEGQAGTALIF",1,0,0,0.000386398763523957,1,1,FALSE,NA
"PT16","TRB:CASSPDLANTEAFF;TRA:CIVRVGLDNYGQNFVF",1,0,0,0.000386398763523957,1,1,FALSE,NA
"PT16","TRB:CASSPERGPLSSYNEQFF",1,0,0,0.000386398763523957,1,1,FALSE,NA
"PT16","TRB:CASSPFGTGANTEAFF;TRA:CAFMTIGFGNEKLTF",1,0,0,0.000386398763523957,1,1,FALSE,NA
"PT16","TRB:CASSPGAGGYTF;TRA:CAASKDGGSQGNLIF",1,0,0,0.000386398763523957,1,1,FALSE,NA
"PT16","TRB:CASSPGDEAFF;TRA:CAVKSPGDKLIF",1,2,0.00112676056338028,0.000386398763523957,0.570569865374331,1,FALSE,"clonotype87"
"PT16","TRB:CASSPGGGRSPYEQYF;TRA:CAVSDGGSQGNLIF",1,0,0,0.000386398763523957,1,1,FALSE,NA
"PT16","TRB:CASSPGGQTGELFF;TRA:CAGNSGDYKLSF",1,0,0,0.000386398763523957,1,1,FALSE,NA
"PT16","TRB:CASSPGLSGHEQYF;TRA:CALSEGEYGNKLVF",1,0,0,0.000386398763523957,1,1,FALSE,NA
"PT16","TRB:CASSPGPGTSLQFF;TRA:CALSGDGANSKLTF",1,0,0,0.000386398763523957,1,1,FALSE,NA
"PT16","TRB:CASSPGQFDTSYNEQFF;TRA:CATEANGNQFYF",2,0,0,0.000772797527047913,0.517361237153067,0.97129597648208,FALSE,NA
"PT16","TRB:CASSPGQGASYEQYF;TRA:CAVSDFTGGFKTIF",1,0,0,0.000386398763523957,1,1,FALSE,NA
"PT16","TRB:CASSPGQGPYEQYF;TRA:CAGSIDYKLSF",1,0,0,0.000386398763523957,1,1,FALSE,NA
"PT16","TRB:CASSPGQKRASPVQETQYF;TRB:CASSPPVGSNQPQHF;TRA:CAASADNAGNNRKLIW",1,0,0,0.000386398763523957,1,1,FALSE,NA
"PT16","TRB:CASSPGRGAYEQYF",1,0,0,0.000386398763523957,1,1,FALSE,NA
"PT16","TRB:CASSPGRTGELFF;TRA:CAVIGSYNTDKLIF;TRA:CAVRPPPSYSGAGSYQLTF",1,0,0,0.000386398763523957,1,1,FALSE,NA
"PT16","TRB:CASSPGSGTSVNNEQFF;TRA:CALFFLTNSGYALNF",2,0,0,0.000772797527047913,0.517361237153067,0.97129597648208,FALSE,NA
"PT16","TRB:CASSPGTGYEEKLFF;TRA:CATDWTPGNQFYF",5,0,0,0.00193199381761978,0.08457831213569,0.798327530386288,FALSE,NA
"PT16","TRB:CASSPHGLAGANEQYF;TRA:CALSDESRDDKIIF",1,0,0,0.000386398763523957,1,1,FALSE,NA
"PT16","TRB:CASSPHSGGDYNEQFF;TRA:CAASIHRGSYIPTF",1,0,0,0.000386398763523957,1,1,FALSE,NA
"PT16","TRB:CASSPIGVDEQYF;TRA:CALSEEDDYKLSF",3,1,0.000563380281690141,0.00115919629057187,0.650589736896373,1,FALSE,"clonotype327"
"PT16","TRB:CASSPISGLAGGRYNEQFF;TRA:CAVSPGGSQGNLIF",1,0,0,0.000386398763523957,1,1,FALSE,NA
"PT16","TRB:CASSPKGYYRDYHRNTEAFF;TRA:CACLGATNKLIF",1,1,0.000563380281690141,0.000386398763523957,1,1,FALSE,"clonotype785"
"PT16","TRB:CASSPLAGEQYF;TRA:CAVGTEYGNKLVF",2,0,0,0.000772797527047913,0.517361237153067,0.97129597648208,FALSE,NA
"PT16","TRB:CASSPLAGSSYNEQFF",1,0,0,0.000386398763523957,1,1,FALSE,NA
"PT16","TRB:CASSPLAGSTDTQYF;TRA:CGAGGIGFGNVLHC",1,0,0,0.000386398763523957,1,1,FALSE,NA
"PT16","TRB:CASSPLDRGKNTGELFF;TRA:CAASIPDLLYSGGGADGLTF",1,0,0,0.000386398763523957,1,1,FALSE,NA
"PT16","TRB:CASSPLDRIERGSYNEQFF;TRA:CALEGNYQLIW",2,0,0,0.000772797527047913,0.517361237153067,0.97129597648208,FALSE,NA
"PT16","TRB:CASSPLDRIYGYTF;TRA:CGTEIGSNQGGKLIF",4,1,0.000563380281690141,0.00154559505409583,0.654567285158459,1,FALSE,"clonotype553"
"PT16","TRB:CASSPLFLGPRGGEQYF;TRA:CAVIISGGYNKLIF",1,0,0,0.000386398763523957,1,1,FALSE,NA
"PT16","TRB:CASSPLGGAGGEKLFF;TRA:CATGFHTGANSKLTF",1,0,0,0.000386398763523957,1,1,FALSE,NA
"PT16","TRB:CASSPLLAGDSYNEQFF;TRA:CAESAWANSNSGYALNF",14,2,0.00112676056338028,0.00540958268933539,0.02183818262912,0.77798445191447,FALSE,"clonotype138"
"PT16","TRB:CASSPLTSGGLETQYF;TRA:CALSEDGSGNTGKLIF;TRA:CASRSNDYKLSF",1,0,0,0.000386398763523957,1,1,FALSE,NA
"PT16","TRB:CASSPNLEDRESNYGYTF;TRA:CAVSVDDYKLSF",1,0,0,0.000386398763523957,1,1,FALSE,NA
"PT16","TRB:CASSPNRNTEAFF;TRA:CAASIGNFGNEKLTF",1,0,0,0.000386398763523957,1,1,FALSE,NA
"PT16","TRB:CASSPPEAPFYEQYF",1,0,0,0.000386398763523957,1,1,FALSE,NA
"PT16","TRB:CASSPPGGDGGELFF;TRA:CVVNPAGGSYIPTF",1,0,0,0.000386398763523957,1,1,FALSE,NA
"PT16","TRB:CASSPPIRGGGEPYEQYF;TRA:CIVRVRGVRGNNDMRF",1,0,0,0.000386398763523957,1,1,FALSE,NA
"PT16","TRB:CASSPPNRVVSGNTIYF;TRA:CAFMKQVAGTASKLTF",1,4,0.00225352112676056,0.000386398763523957,0.165824247124966,0.798327530386288,FALSE,"clonotype63"
"PT16","TRB:CASSPPRDRGPDEQFF;TRA:CAVEDPWGNFNKFYF",1,0,0,0.000386398763523957,1,1,FALSE,NA
"PT16","TRB:CASSPQEGAGTGNTIYF;TRA:CAVGGYGGATNKLIF",2,0,0,0.000772797527047913,0.517361237153067,0.97129597648208,FALSE,NA
"PT16","TRB:CASSPQRNTEAFF;TRA:CAASIGNFGNEKLTF;TRA:CGGDDMRF",1,0,0,0.000386398763523957,1,1,FALSE,NA
"PT16","TRB:CASSPQTSGGRYNEQFF;TRA:CAAWTTSGTYKYIF;TRA:CAGRNTGGFKTIF",1,0,0,0.000386398763523957,1,1,FALSE,NA
"PT16","TRB:CASSPQTVELPNSPLHF;TRA:CAALTQIDKYIF",1,0,0,0.000386398763523957,1,1,FALSE,NA
"PT16","TRB:CASSPRQGRDYGYTF",2,0,0,0.000772797527047913,0.517361237153067,0.97129597648208,FALSE,NA
"PT16","TRB:CASSPRRVAGEETQYF;TRA:CAVPPSGGSNYKLTF",1,0,0,0.000386398763523957,1,1,FALSE,NA
"PT16","TRB:CASSPRSRQREVQYEQYF;TRA:CVVSGNNARLMF",1,2,0.00112676056338028,0.000386398763523957,0.570569865374331,1,FALSE,"clonotype101"
"PT16","TRB:CASSPRTDGYGYTF",1,0,0,0.000386398763523957,1,1,FALSE,NA
"PT16","TRB:CASSPRTGVSGNTIYF",1,0,0,0.000386398763523957,1,1,FALSE,NA
"PT16","TRB:CASSPSGGSYNEQFF;TRA:CAVNLRRPSNTGNQFYF",2,38,0.0214084507042254,0.000772797527047913,4.08712336993109e-13,7.98010837979046e-11,TRUE,"clonotype6"
"PT16","TRB:CASSPSGQGKSSPLHF",1,0,0,0.000386398763523957,1,1,FALSE,NA
"PT16","TRB:CASSPSNIGLAYNEQFF;TRA:CATAGLKAAGNKLTF",1,0,0,0.000386398763523957,1,1,FALSE,NA
"PT16","TRB:CASSPSPGQASTDTQYF;TRA:CAQGGGRRALTF",1,0,0,0.000386398763523957,1,1,FALSE,NA
"PT16","TRB:CASSPSPRSQGYTDTQYF;TRA:CALKINQGGKLIF",1,0,0,0.000386398763523957,1,1,FALSE,NA
"PT16","TRB:CASSPSRNTEAFF;TRA:CAASIGNFGNEKLTF",5,34,0.0191549295774648,0.00193199381761978,3.87962983894407e-09,4.32855843459331e-07,TRUE,"clonotype7"
"PT16","TRB:CASSPSRNTEAFF;TRA:CAASIGNFGNEKLTF",5,34,0.0191549295774648,0.00193199381761978,3.87962983894407e-09,4.32855843459331e-07,TRUE,"clonotype100"
"PT16","TRB:CASSPSSGRGETQYF",1,0,0,0.000386398763523957,1,1,FALSE,NA
"PT16","TRB:CASSPSTDYGYTF;TRA:CAFGSQGNLIF",1,0,0,0.000386398763523957,1,1,FALSE,NA
"PT16","TRB:CASSPTGSGANVLTF;TRA:CLVGDRNTGGFKTIF",1,0,0,0.000386398763523957,1,1,FALSE,NA
"PT16","TRB:CASSPTGSLPMNTEAFF;TRA:CAVRDTATGFQKLVF",1,3,0.00169014084507042,0.000386398763523957,0.310956399464566,0.798327530386288,FALSE,"clonotype84"
"PT16","TRB:CASSPTGTEGRGNYGYTF;TRA:CAPHHTGGFKTIF",1,0,0,0.000386398763523957,1,1,FALSE,NA
"PT16","TRB:CASSPTPDTQYF;TRA:CAMSGRFGNEKLTF",1,0,0,0.000386398763523957,1,1,FALSE,NA
"PT16","TRB:CASSPTSSPPYEQYF;TRA:CALSERYGGSQGNLIF",1,1,0.000563380281690141,0.000386398763523957,1,1,FALSE,"clonotype693"
"PT16","TRB:CASSPVGTGGASVYGYTF;TRA:CILRDRGGADGLTF",1,0,0,0.000386398763523957,1,1,FALSE,NA
"PT16","TRB:CASSPWAAYEQYF;TRA:CAVRGAQKLVF",1,0,0,0.000386398763523957,1,1,FALSE,NA
"PT16","TRB:CASSPWDRMGEQYF",1,0,0,0.000386398763523957,1,1,FALSE,NA
"PT16","TRB:CASSPWRTDNEQFF;TRA:CAVRDMGSARQLTF",1,0,0,0.000386398763523957,1,1,FALSE,NA
"PT16","TRB:CASSPYFGDTEAFF;TRA:CAATLSGNTPLVF",1,0,0,0.000386398763523957,1,1,FALSE,NA
"PT16","TRB:CASSPYRNTEAFF",2,0,0,0.000772797527047913,0.517361237153067,0.97129597648208,FALSE,NA
"PT16","TRB:CASSPYRNTEAFF;TRA:CAASIGNFGNEKLTF",12,3,0.00169014084507042,0.00463678516228748,0.120379499551313,0.798327530386288,FALSE,"clonotype67"
"PT16","TRB:CASSQADRGRYTF;TRA:CALSPGGNKLVF",1,0,0,0.000386398763523957,1,1,FALSE,NA
"PT16","TRB:CASSQAGEGRNTIYF;TRA:CALSANTGNQFYF",1,0,0,0.000386398763523957,1,1,FALSE,NA
"PT16","TRB:CASSQALAGNEQFF;TRA:CAASYNNNDMRF",1,0,0,0.000386398763523957,1,1,FALSE,NA
"PT16","TRB:CASSQARGAYEQYF",2,0,0,0.000772797527047913,0.517361237153067,0.97129597648208,FALSE,NA
"PT16","TRB:CASSQARGAYEQYF;TRA:CALSEWNRDDKIIF",5,0,0,0.00193199381761978,0.08457831213569,0.798327530386288,FALSE,NA
"PT16","TRB:CASSQDDLAGTDTQYF;TRA:CAVSGSSGYSTLTF",1,0,0,0.000386398763523957,1,1,FALSE,NA
"PT16","TRB:CASSQDGASYEQYF;TRA:CAVSVNTDKLIF",1,0,0,0.000386398763523957,1,1,FALSE,NA
"PT16","TRB:CASSQDGQGAQQYF;TRA:CALFNYGGATNKLIF",1,0,0,0.000386398763523957,1,1,FALSE,NA
"PT16","TRB:CASSQDLRDEQFF;TRA:CAVGLIQGAQKLVF",1,0,0,0.000386398763523957,1,1,FALSE,NA
"PT16","TRB:CASSQDLRGSQPQHF;TRA:CAASSPANFGNEKLTF",1,0,0,0.000386398763523957,1,1,FALSE,NA
"PT16","TRB:CASSQDPRRQGTRSIYEQYF",1,0,0,0.000386398763523957,1,1,FALSE,NA
"PT16","TRB:CASSQDRASGRDEQFF;TRB:CASSSSSLGQYF;TRA:CAGSITFSSYKLIF",1,0,0,0.000386398763523957,1,1,FALSE,NA
"PT16","TRB:CASSQDRGFNTEAFF;TRA:CAASTGGGNKLTF",1,0,0,0.000386398763523957,1,1,FALSE,NA
"PT16","TRB:CASSQDRGGYEQYF;TRA:CLVGDLGGYNKLIF",1,0,0,0.000386398763523957,1,1,FALSE,NA
"PT16","TRB:CASSQDRSRDYEQYF;TRA:CAGSSPGKLIF",1,0,0,0.000386398763523957,1,1,FALSE,NA
"PT16","TRB:CASSQDSQGVYGYTF;TRA:CALLIQGAQKLVF",1,0,0,0.000386398763523957,1,1,FALSE,NA
"PT16","TRB:CASSQDVGGTYNEQFF",1,0,0,0.000386398763523957,1,1,FALSE,NA
"PT16","TRB:CASSQDYGTGVQPQHF;TRA:CALSAEDNYGQNFVF",1,0,0,0.000386398763523957,1,1,FALSE,NA
"PT16","TRB:CASSQDYPGPNEKLFF",1,0,0,0.000386398763523957,1,1,FALSE,NA
"PT16","TRB:CASSQDYPTGGNQPQHF",1,0,0,0.000386398763523957,1,1,FALSE,NA
"PT16","TRB:CASSQEARKTSYNEQFF;TRA:CALSEASGYSTLTF",1,0,0,0.000386398763523957,1,1,FALSE,NA
"PT16","TRB:CASSQEEFQGTSTDTQYF;TRA:CVVSDDYGQNFVF",1,0,0,0.000386398763523957,1,1,FALSE,NA
"PT16","TRB:CASSQELIEAGTHYNEQFF;TRA:CAMREDSGYSTLTF",1,0,0,0.000386398763523957,1,1,FALSE,NA
"PT16","TRB:CASSQELSSYNEQFF;TRA:CVVNKETSYDKVIF",25,93,0.0523943661971831,0.00965996908809892,3.93230098276656e-17,1.53556353377034e-14,TRUE,"clonotype1"
"PT16","TRB:CASSQELVTSGGYGETQYF;TRA:CVVSAENQFYF",5,0,0,0.00193199381761978,0.08457831213569,0.798327530386288,FALSE,NA
"PT16","TRB:CASSQEVDTGMNTEAFF;TRA:CAVPMNRDDKIIF;TRA:CAVSDRMNRDDKIIF",1,0,0,0.000386398763523957,1,1,FALSE,NA
"PT16","TRB:CASSQEVWGSTDTQYF;TRA:CAYRSAVLPTGANSKLTF",1,0,0,0.000386398763523957,1,1,FALSE,NA
"PT16","TRB:CASSQEYRGPIYEQYF;TRA:CILRVAPYAGGTSYGKLTF",4,0,0,0.00154559505409583,0.151192562007343,0.798327530386288,FALSE,NA
"PT16","TRB:CASSQFLTPATNYGYTF;TRA:CAYKVVSGSRLTF",4,0,0,0.00154559505409583,0.151192562007343,0.798327530386288,FALSE,NA
"PT16","TRB:CASSQGGANSEAFF;TRA:CAGQGVANAGKSTF",3,0,0,0.00115919629057187,0.2760418557296,0.798327530386288,FALSE,NA
"PT16","TRB:CASSQGGGFYGYTF;TRA:CAVTSAGSARQLTF",1,0,0,0.000386398763523957,1,1,FALSE,NA
"PT16","TRB:CASSQGGIGDPGYTF",1,0,0,0.000386398763523957,1,1,FALSE,NA
"PT16","TRB:CASSQGGPPPGGQYF;TRA:CAPGVGGNMLTF",1,0,0,0.000386398763523957,1,1,FALSE,NA
"PT16","TRB:CASSQGGSNYGYTF",1,0,0,0.000386398763523957,1,1,FALSE,NA
"PT16","TRB:CASSQGGVARINNEQFF",1,0,0,0.000386398763523957,1,1,FALSE,NA
"PT16","TRB:CASSQGLAGSLKETQYF;TRA:CAMRETNRGSTLGRLYF",1,0,0,0.000386398763523957,1,1,FALSE,NA
"PT16","TRB:CASSQGLASSYNEQFF;TRA:CALYSGNTPLVF",1,0,0,0.000386398763523957,1,1,FALSE,NA
"PT16","TRB:CASSQGLLRSEAFF;TRA:CAFPPTGGGGNKLTF",1,0,0,0.000386398763523957,1,1,FALSE,NA
"PT16","TRB:CASSQGQALGRGNTIYF;TRA:CAGRGSSGDKLTF",1,0,0,0.000386398763523957,1,1,FALSE,NA
"PT16","TRB:CASSQGQGGTQYF;TRA:CAPTGTASKLTF;TRA:CAVSVGPSGGYQKVTF",1,0,0,0.000386398763523957,1,1,FALSE,NA
"PT16","TRB:CASSQGQGRNTEAFF;TRA:CAVRMDSSYKLIF",1,0,0,0.000386398763523957,1,1,FALSE,NA
"PT16","TRB:CASSQGQKNIQYF;TRA:CAVNTPDGQNFVF",14,9,0.00507042253521127,0.00540958268933539,1,1,FALSE,"clonotype30"
"PT16","TRB:CASSQGRGWEQFF;TRA:CALSPNRDDKIIF",1,0,0,0.000386398763523957,1,1,FALSE,NA
"PT16","TRB:CASSQGSGGPDHYEQYF;TRA:CAFIRDGGSQGNLIF",1,0,0,0.000386398763523957,1,1,FALSE,NA
"PT16","TRB:CASSQGTGRSQPQHF;TRA:CAVRFLSDGQKLLF",1,0,0,0.000386398763523957,1,1,FALSE,NA
"PT16","TRB:CASSQGTVNNEKLFF;TRA:CAVNMEDFGNEKLTF",1,0,0,0.000386398763523957,1,1,FALSE,NA
"PT16","TRB:CASSQLTSGRWNNEQFF",1,0,0,0.000386398763523957,1,1,FALSE,NA
"PT16","TRB:CASSQPGGNSPLHF;TRA:CALRRNSGGSNYKLTF",1,0,0,0.000386398763523957,1,1,FALSE,NA
"PT16","TRB:CASSQPGRDRGKPQHF;TRA:CAVSERGSQGNLIF;TRA:CIPPFRSGTYKYIF",1,0,0,0.000386398763523957,1,1,FALSE,NA
"PT16","TRB:CASSQPTTGGTEAFF",1,0,0,0.000386398763523957,1,1,FALSE,NA
"PT16","TRB:CASSQRDWGDRELFF;TRA:CAVQAEGWGSQKLVF",1,0,0,0.000386398763523957,1,1,FALSE,NA
"PT16","TRB:CASSQRGAGGLNEQFF;TRA:CAVSGGYQKVTF",1,0,0,0.000386398763523957,1,1,FALSE,NA
"PT16","TRB:CASSQRLAGAGETQYF;TRA:CAFRNSGGYQKVTF",1,0,0,0.000386398763523957,1,1,FALSE,NA
"PT16","TRB:CASSQRPIGQDYEQYF;TRA:CAERRSSASKIIF",1,0,0,0.000386398763523957,1,1,FALSE,NA
"PT16","TRB:CASSQRTGGRFGNQPQHF;TRA:CAENRRSGAGSYQLTF",1,0,0,0.000386398763523957,1,1,FALSE,NA
"PT16","TRB:CASSQRVYDSRLYGYTF;TRA:CIALTPMEYGNKLVF",23,7,0.00394366197183099,0.00888717156105101,0.0625984468576154,0.798327530386288,FALSE,"clonotype38"
"PT16","TRB:CASSQSDNEQYF;TRA:CAFGSYNTDKLIF",1,0,0,0.000386398763523957,1,1,FALSE,NA
"PT16","TRB:CASSQSIAALDEKLFF;TRA:CILRDIRGSGTYKYIF",2,0,0,0.000772797527047913,0.517361237153067,0.97129597648208,FALSE,NA
"PT16","TRB:CASSQSNQVAYEQYF;TRA:CAVSEPFGNEKLTF",1,0,0,0.000386398763523957,1,1,FALSE,NA
"PT16","TRB:CASSQSWEGNIQYF;TRA:CAVEDEKLTF",4,0,0,0.00154559505409583,0.151192562007343,0.798327530386288,FALSE,NA
"PT16","TRB:CASSQTGSYTEAFF;TRA:CVVNINNNARLMF",1,4,0.00225352112676056,0.000386398763523957,0.165824247124966,0.798327530386288,FALSE,"clonotype53"
"PT16","TRB:CASSQTGVGTDTQYF;TRA:CAVHGTNAGKSTF;TRA:CAVRGFSDGQKLLF",1,1,0.000563380281690141,0.000386398763523957,1,1,FALSE,"clonotype624"
"PT16","TRB:CASSQTTSASYNEQFF",1,0,0,0.000386398763523957,1,1,FALSE,NA
"PT16","TRB:CASSQVGEGTTSINTEAFF",1,0,0,0.000386398763523957,1,1,FALSE,NA
"PT16","TRB:CASSQVGEGTTSINTEAFF;TRA:CAVRAITGGGNKLTF",1,0,0,0.000386398763523957,1,1,FALSE,NA
"PT16","TRB:CASSQVGPNTGELFF;TRA:CAVRRGFGNVLHC;TRA:CVGSRGATNKLIF",1,0,0,0.000386398763523957,1,1,FALSE,NA
"PT16","TRB:CASSQVIGLADSYNEQFF;TRA:CAMREGGYNKLIF;TRA:CAVEVYSTLTF",1,0,0,0.000386398763523957,1,1,FALSE,NA
"PT16","TRB:CASSQVLGNQPQHF",1,0,0,0.000386398763523957,1,1,FALSE,NA
"PT16","TRB:CASSQVPGRAFF;TRA:CAVQPTPGGYNKLIF",1,0,0,0.000386398763523957,1,1,FALSE,NA
"PT16","TRB:CASSQVQSLATLYEKLFF;TRA:CAMRGLGGGADGLTF",1,0,0,0.000386398763523957,1,1,FALSE,NA
"PT16","TRB:CASSQWGPRTDTQYF;TRA:CAMRGPNTGNQFYF",1,0,0,0.000386398763523957,1,1,FALSE,NA
"PT16","TRB:CASSQYRTGNYGYTF;TRA:CIVRVAKNTGNQFYF;TRA:CVATPETSGSRLTF",1,0,0,0.000386398763523957,1,1,FALSE,NA
"PT16","TRB:CASSRDGNNSPLHF;TRA:CAVGGGGTYKYIF",2,5,0.0028169014084507,0.000772797527047913,0.128854258933425,0.798327530386288,FALSE,"clonotype44"
"PT16","TRB:CASSRDNQPQHF;TRA:CAVSVFSGYSTLTF",1,0,0,0.000386398763523957,1,1,FALSE,NA
"PT16","TRB:CASSRDRGNSNQPQHF;TRA:CVHYGGSQGNLIF",1,0,0,0.000386398763523957,1,1,FALSE,NA
"PT16","TRB:CASSRDTQGASDSPLHF;TRA:CAVIQTGANNLFF",1,0,0,0.000386398763523957,1,1,FALSE,NA
"PT16","TRB:CASSRDVLSPLHF",1,0,0,0.000386398763523957,1,1,FALSE,NA
"PT16","TRB:CASSRFTGRFHEQYF;TRA:CAVPDNYGQNFVF",1,0,0,0.000386398763523957,1,1,FALSE,NA
"PT16","TRB:CASSRGDASTDTQYF",1,0,0,0.000386398763523957,1,1,FALSE,NA
"PT16","TRB:CASSRGDSYEQYF;TRA:CAVRNTNAGKSTF",1,0,0,0.000386398763523957,1,1,FALSE,NA
"PT16","TRB:CASSRGGNNEQFF;TRA:CLVGAPVVGGGNKLTF",1,0,0,0.000386398763523957,1,1,FALSE,NA
"PT16","TRB:CASSRGLAGQGRDTQYF;TRA:CLVGGGAGNMLTF",1,0,0,0.000386398763523957,1,1,FALSE,NA
"PT16","TRB:CASSRGQGDTEAFF;TRA:CALKDSNYQLIW",1,0,0,0.000386398763523957,1,1,FALSE,NA
"PT16","TRB:CASSRPGTGAPNQPQHF;TRA:CAVGGDAGNMLTF",1,0,0,0.000386398763523957,1,1,FALSE,NA
"PT16","TRB:CASSRQYSNQPQHF",1,0,0,0.000386398763523957,1,1,FALSE,NA
"PT16","TRB:CASSRRPGQTNSPLHF;TRA:CAEPPRGDGQNFVF;TRA:CAVTGFGNVLHC",1,0,0,0.000386398763523957,1,1,FALSE,NA
"PT16","TRB:CASSRRREGGTGELFF;TRA:CALSGLGSEKLVF",1,0,0,0.000386398763523957,1,1,FALSE,NA
"PT16","TRB:CASSRSKTFSGNTIYF;TRA:CAVGARVGNTPLVF",1,0,0,0.000386398763523957,1,1,FALSE,NA
"PT16","TRB:CASSRSRGHNEQFF;TRA:CAVGARGNNRLAF",1,0,0,0.000386398763523957,1,1,FALSE,NA
"PT16","TRB:CASSRTLGGGAMSDTQYF;TRA:CAGVANNNARLMF",1,0,0,0.000386398763523957,1,1,FALSE,NA
"PT16","TRB:CASSRTSGGVHTDTQYF;TRA:CAAGTYKYIF",1,0,0,0.000386398763523957,1,1,FALSE,NA
"PT16","TRB:CASSSAREKLFF;TRA:CARNTGNQFYF",1,0,0,0.000386398763523957,1,1,FALSE,NA
"PT16","TRB:CASSSDPGTSPQETQYF;TRA:CAVEVVYNFNKFYF;TRA:CAVRAITGGGNKLTF",35,25,0.0140845070422535,0.0135239567233385,0.895937172932739,1,FALSE,"clonotype12"
"PT16","TRB:CASSSDRGRGQYF",1,0,0,0.000386398763523957,1,1,FALSE,NA
"PT16","TRB:CASSSEFLNTEAFF;TRA:CAMRESVYNFNKFYF",2,1,0.000563380281690141,0.000772797527047913,1,1,FALSE,"clonotype455"
"PT16","TRB:CASSSEGQPYNQPQHF",2,0,0,0.000772797527047913,0.517361237153067,0.97129597648208,FALSE,NA
"PT16","TRB:CASSSFGNSANTEAFF;TRB:CASSSQETQYF;TRA:CAVRSRGSNYKLTF",1,0,0,0.000386398763523957,1,1,FALSE,NA
"PT16","TRB:CASSSGDDTGELFF;TRA:CAVIGSNYQLIW",1,0,0,0.000386398763523957,1,1,FALSE,NA
"PT16","TRB:CASSSGEWVQANEQFF;TRA:CIVRVGGNEKLTF",1,0,0,0.000386398763523957,1,1,FALSE,NA
"PT16","TRB:CASSSGISYGYTF;TRA:CAFEQGAQKLVF",1,0,0,0.000386398763523957,1,1,FALSE,NA
"PT16","TRB:CASSSGLAGAEHNEQFF;TRA:CAVQAWGGTSYGKLTF",1,0,0,0.000386398763523957,1,1,FALSE,NA
"PT16","TRB:CASSSGQKNTEAFF",1,0,0,0.000386398763523957,1,1,FALSE,NA
"PT16","TRB:CASSSGQTGELFF;TRA:CAGLTGTASKLTF",1,0,0,0.000386398763523957,1,1,FALSE,NA
"PT16","TRB:CASSSGRNEKLFF;TRA:CAPSAGTALIF",1,0,0,0.000386398763523957,1,1,FALSE,NA
"PT16","TRB:CASSSGRSSYEQYF;TRA:CAAIPYNAGNMLTF",1,0,0,0.000386398763523957,1,1,FALSE,NA
"PT16","TRB:CASSSGTSGDNWGTQYF;TRA:CALSEAGTGNTPLVF;TRA:CAMRDFGMNRDDKIIF",1,0,0,0.000386398763523957,1,1,FALSE,NA
"PT16","TRB:CASSSLFEGFGETQYF;TRA:CAVGSTGTASKLTF",1,0,0,0.000386398763523957,1,1,FALSE,NA
"PT16","TRB:CASSSLGDEQYF;TRA:CAASLSSGYALNF",1,0,0,0.000386398763523957,1,1,FALSE,NA
"PT16","TRB:CASSSLWREGANEQFF;TRA:CGDTGANSKLTF",1,0,0,0.000386398763523957,1,1,FALSE,NA
"PT16","TRB:CASSSNGWDRGREQYF;TRA:CAASAGAGGTSYGKLTF",1,0,0,0.000386398763523957,1,1,FALSE,NA
"PT16","TRB:CASSSPPVADTQYF;TRA:CIVSLGGGADGLTF",1,0,0,0.000386398763523957,1,1,FALSE,NA
"PT16","TRB:CASSSPVEYEQYF;TRA:CAVRDHRYSTLTF",1,0,0,0.000386398763523957,1,1,FALSE,NA
"PT16","TRB:CASSSQDLQGARSPLHF",3,0,0,0.00115919629057187,0.2760418557296,0.798327530386288,FALSE,NA
"PT16","TRB:CASSSQDLQGARSPLHF;TRA:CAMREGMDSSYKLIF",113,21,0.011830985915493,0.0436630602782071,5.28628232648608e-10,6.88097749497605e-08,TRUE,"clonotype13"
"PT16","TRB:CASSSQDLQGARSPLHF;TRA:CATEDNYGQNFVF",1,0,0,0.000386398763523957,1,1,FALSE,NA
"PT16","TRB:CASSSQGGISYEQYF;TRA:CALVLGPMNTGFQKLVF;TRA:CAVTPSSGTYKYIF",1,0,0,0.000386398763523957,1,1,FALSE,NA
"PT16","TRB:CASSSQRGISYEQYF;TRA:CAASSENYGGSQGNLIF",1,0,0,0.000386398763523957,1,1,FALSE,NA
"PT16","TRB:CASSSRQGLDYEQYF;TRA:CAAPPRARGSGNTGKLIF;TRA:CAATYPGSGYALNF",1,0,0,0.000386398763523957,1,1,FALSE,NA
"PT16","TRB:CASSSRQSRGKPQHF;TRA:CIVSVNTNAGKSTF",1,0,0,0.000386398763523957,1,1,FALSE,NA
"PT16","TRB:CASSSRTGVSYEQYF;TRA:CALSDAINAGNNRKLIW;TRA:CAVKSGAGSYQLTF",1,0,0,0.000386398763523957,1,1,FALSE,NA
"PT16","TRB:CASSSSGANVLTF;TRA:CALSGGGYNFNKFYF",1,1,0.000563380281690141,0.000386398763523957,1,1,FALSE,"clonotype341"
"PT16","TRB:CASSSSGGWTEAFF;TRA:CAVNGDDMRF",1,0,0,0.000386398763523957,1,1,FALSE,NA
"PT16","TRB:CASSSSSGFSTDTQYF;TRA:CAVGFASGGSYIPTF",1,0,0,0.000386398763523957,1,1,FALSE,NA
"PT16","TRB:CASSSTPPRLAGGRDTQYF;TRA:CAVRVPGNTGKLIF",1,1,0.000563380281690141,0.000386398763523957,1,1,FALSE,"clonotype787"
"PT16","TRB:CASSSTTGVQETQYF;TRA:CALGYRANNLFF",1,0,0,0.000386398763523957,1,1,FALSE,NA
"PT16","TRB:CASSSVAGALMAEQYF;TRA:CAAYGTQGGSEKLVF",1,0,0,0.000386398763523957,1,1,FALSE,NA
"PT16","TRB:CASSTDTDQPQHF;TRA:CAVLGDAGNMLTF",2,0,0,0.000772797527047913,0.517361237153067,0.97129597648208,FALSE,NA
"PT16","TRB:CASSTDTRGEKLFF;TRA:CAASRYTGTASKLTF",1,0,0,0.000386398763523957,1,1,FALSE,NA
"PT16","TRB:CASSTGPETDTQYF;TRA:CAMNRGDMRF;TRA:CAYRSGQGAQKLVF",1,0,0,0.000386398763523957,1,1,FALSE,NA
"PT16","TRB:CASSTGTGVYNEQFF;TRA:CAVSDSNYQLIW",1,0,0,0.000386398763523957,1,1,FALSE,NA
"PT16","TRB:CASSTNRDPSYEQYF;TRB:CASSWMTGDEQYF;TRA:CVAFNQAGTALIF",1,0,0,0.000386398763523957,1,1,FALSE,NA
"PT16","TRB:CASSTNTGELFF;TRA:CAGRSSNDYKLSF",1,0,0,0.000386398763523957,1,1,FALSE,NA
"PT16","TRB:CASSTPGLAASNEQFF;TRA:CIVRVSGYRDDKIIF",1,0,0,0.000386398763523957,1,1,FALSE,NA
"PT16","TRB:CASSTPGQGAYEQYF;TRA:CALSEDYGQNFVF",2,3,0.00169014084507042,0.000772797527047913,0.40274197078947,0.798327530386288,FALSE,"clonotype82"
"PT16","TRB:CASSTQGAGAKNIQYF;TRA:CAASATTGGFKTIF",1,0,0,0.000386398763523957,1,1,FALSE,NA
"PT16","TRB:CASSTRDRGDEQFF;TRA:CAVTLKAAGNKLTF",1,0,0,0.000386398763523957,1,1,FALSE,NA
"PT16","TRB:CASSTRGTNQPQHF;TRA:CIAHTGTASKLTF",4,0,0,0.00154559505409583,0.151192562007343,0.798327530386288,FALSE,NA
"PT16","TRB:CASSTSEGRETQYF;TRA:CAVRSGGYNKLIF",1,0,0,0.000386398763523957,1,1,FALSE,NA
"PT16","TRB:CASSTSGREQETQYF;TRA:CAVSYSSGGYNKLIF",1,0,0,0.000386398763523957,1,1,FALSE,NA
"PT16","TRB:CASSTSGSYQETQYF;TRA:CIVRVRNYGQNFVF",1,0,0,0.000386398763523957,1,1,FALSE,NA
"PT16","TRB:CASSTTATSGNTIYF;TRA:CAMREVNTGGFKTIF",1,0,0,0.000386398763523957,1,1,FALSE,NA
"PT16","TRB:CASSVAGGYNEQFF;TRA:CAARPNSGYSTLTF;TRA:CAELAGSYQLTF",1,0,0,0.000386398763523957,1,1,FALSE,NA
"PT16","TRB:CASSVAGTPVTYEQYF;TRA:CILRDVSNAGKSTF",1,0,0,0.000386398763523957,1,1,FALSE,NA
"PT16","TRB:CASSVAGYGYTF;TRA:CAVENQAGTALIF",1,0,0,0.000386398763523957,1,1,FALSE,NA
"PT16","TRB:CASSVAPGGGTSITDTQYF;TRA:CAFMKHGYGGATNKLIF",1,5,0.0028169014084507,0.000386398763523957,0.0441979286845335,0.798327530386288,FALSE,"clonotype47"
"PT16","TRB:CASSVAPGSGAQETQYF;TRA:CAARGRLGNQFYF",1,0,0,0.000386398763523957,1,1,FALSE,NA
"PT16","TRB:CASSVASGSLHEQFF;TRA:CAFMGNNAGNMLTF",1,0,0,0.000386398763523957,1,1,FALSE,NA
"PT16","TRB:CASSVDRDRHQASTDTQYF;TRA:CALSERGFKTIF",1,0,0,0.000386398763523957,1,1,FALSE,NA
"PT16","TRB:CASSVDRGASSFF;TRA:CIVRSNAGGTSYGKLTF",1,0,0,0.000386398763523957,1,1,FALSE,NA
"PT16","TRB:CASSVEGGPNYGYTF;TRA:CAGAGYNNAGNMLTF",1,0,0,0.000386398763523957,1,1,FALSE,NA
"PT16","TRB:CASSVEVSAETQYF;TRA:CAFMEYTSGTYKYIF",1,0,0,0.000386398763523957,1,1,FALSE,NA
"PT16","TRB:CASSVGDRPHEQYF;TRA:CAVYNNARLMF",1,0,0,0.000386398763523957,1,1,FALSE,NA
"PT16","TRB:CASSVGHGAQETQYF;TRA:CAFLNRDDKIIF",1,0,0,0.000386398763523957,1,1,FALSE,NA
"PT16","TRB:CASSVGWMGRNEQFF;TRA:CAASPDNYGQNFVF;TRA:CIVRSTGNQFYF",1,0,0,0.000386398763523957,1,1,FALSE,NA
"PT16","TRB:CASSVGYRGPETQYF;TRA:CAVRSNARLMF",1,0,0,0.000386398763523957,1,1,FALSE,NA
"PT16","TRB:CASSVLAGTYNEQFF;TRA:CAVSDRSGGSNYKLTF",1,0,0,0.000386398763523957,1,1,FALSE,NA
"PT16","TRB:CASSVLGRTPGELFF;TRA:CAASTSGSARQLTF",1,0,0,0.000386398763523957,1,1,FALSE,NA
"PT16","TRB:CASSVNRNEKLFF;TRA:CAASVGDYKLSF",1,0,0,0.000386398763523957,1,1,FALSE,NA
"PT16","TRB:CASSVQGSIEQFF;TRA:CAAWSGGNLIF",1,0,0,0.000386398763523957,1,1,FALSE,NA
"PT16","TRB:CASSVRAHQPQHF;TRA:CAMRGDAGGTSYGKLTF;TRA:CATDPRLISNFGNEKLTF",1,0,0,0.000386398763523957,1,1,FALSE,NA
"PT16","TRB:CASSVSGGTPVKLFF;TRA:CAASKGPHNDMRF;TRA:CAVFSDGQKLLF",1,0,0,0.000386398763523957,1,1,FALSE,NA
"PT16","TRB:CASSVSGIYGEAFF;TRA:CAAGGNQFYF",1,0,0,0.000386398763523957,1,1,FALSE,NA
"PT16","TRB:CASSVSGTLTYEQYF;TRA:CAVQATDSWGKLQF",1,0,0,0.000386398763523957,1,1,FALSE,NA
"PT16","TRB:CASSVTASSYEQYF;TRA:CAEKGDTGRRALTF",1,0,0,0.000386398763523957,1,1,FALSE,NA
"PT16","TRB:CASSVTQRGGLDTQYF;TRA:CAVLAEYGNKLVF",1,0,0,0.000386398763523957,1,1,FALSE,NA
"PT16","TRB:CASSVTVNTGELFF;TRA:CALLRSNSGGYQKVTF;TRA:CAVRFSYGGATNKLIF",1,0,0,0.000386398763523957,1,1,FALSE,NA
"PT16","TRB:CASSVVGSNEQFF;TRA:CASRLTDSWGKLQF",1,0,0,0.000386398763523957,1,1,FALSE,NA
"PT16","TRB:CASSVVHGGRAAETQYF;TRA:CALRRGTLTF",1,0,0,0.000386398763523957,1,1,FALSE,NA
"PT16","TRB:CASSVVRQGLYGYTF",1,0,0,0.000386398763523957,1,1,FALSE,NA
"PT16","TRB:CASSWDRDNSPLHF;TRA:CAMREGIGSARQLTF",10,52,0.0292957746478873,0.00386398763523957,3.62646650451197e-12,5.6645406800477e-10,TRUE,"clonotype3"
"PT16","TRB:CASSWDRDNSPLHF;TRA:CAMREGLGSARQLTF",1,7,0.00394366197183099,0.000386398763523957,0.00950350451020573,0.436602177792392,FALSE,"clonotype62"
"PT16","TRB:CASSWDRDNSPLHF;TRA:CAMREGLGSARQLTF",1,7,0.00394366197183099,0.000386398763523957,0.00950350451020573,0.436602177792392,FALSE,"clonotype76"
"PT16","TRB:CASSWDRVDSPLHF;TRA:CAASGIGAAGNKLTF",5,16,0.00901408450704225,0.00193199381761978,0.00130579336434354,0.0703327322449863,FALSE,"clonotype19"
"PT16","TRB:CASSWEGQYKGNEQFF",1,0,0,0.000386398763523957,1,1,FALSE,NA
"PT16","TRB:CASSWSGGPPHEQYF;TRA:CAGILPPSSGSARQLTF",1,0,0,0.000386398763523957,1,1,FALSE,NA
"PT16","TRB:CASSYGGAGTEAFF;TRA:CAMSGVQGAQKLVF",2,0,0,0.000772797527047913,0.517361237153067,0.97129597648208,FALSE,NA
"PT16","TRB:CASSYGGTGVSYEQYF;TRA:CALRGGSGGSNYKLTF",1,0,0,0.000386398763523957,1,1,FALSE,NA
"PT16","TRB:CASSYGQLYGYTF;TRA:CAVSYTGTASKLTF",1,0,0,0.000386398763523957,1,1,FALSE,NA
"PT16","TRB:CASSYGRNTEAFF;TRA:CAASIGNTPLVF;TRA:CATPNRDDKIIF",1,0,0,0.000386398763523957,1,1,FALSE,NA
"PT16","TRB:CASSYGSPRDYGYTF;TRA:CAMSASTGNQFYF",1,0,0,0.000386398763523957,1,1,FALSE,NA
"PT16","TRB:CASSYGVGQPQHF",1,0,0,0.000386398763523957,1,1,FALSE,NA
"PT16","TRB:CASSYLWGPNQETQYF;TRA:CAESYNAGNNRKLIW",1,0,0,0.000386398763523957,1,1,FALSE,NA
"PT16","TRB:CASSYNRQGGTDTQYF;TRA:CALMGGATNKLIF",1,0,0,0.000386398763523957,1,1,FALSE,NA
"PT16","TRB:CASSYPGLAHTGELFF;TRA:CAASAISSGTYKYIF;TRA:CAFMKPRNSGGSNYKLTF",1,0,0,0.000386398763523957,1,1,FALSE,NA
"PT16","TRB:CASSYPSPGGVNIQYF;TRA:CAVSVAGNTGKLIF",1,0,0,0.000386398763523957,1,1,FALSE,NA
"PT16","TRB:CASSYQEKLFF;TRA:CATGGNNRLAF",1,0,0,0.000386398763523957,1,1,FALSE,NA
"PT16","TRB:CASSYRGGQETQYF;TRA:CAYRSYNTDKLIF",1,0,0,0.000386398763523957,1,1,FALSE,NA
"PT16","TRB:CASSYRQGGTGGELFF;TRA:CAASGFSRGSTLGRLYF",1,0,0,0.000386398763523957,1,1,FALSE,NA
"PT16","TRB:CASSYRRVSSYNEQFF",1,0,0,0.000386398763523957,1,1,FALSE,NA
"PT16","TRB:CASSYSGGSEKLFF;TRA:CAGQNSGGSNYKLTF",1,0,0,0.000386398763523957,1,1,FALSE,NA
"PT16","TRB:CASSYSGPLAFF;TRA:CAVGFDSGGGADGLTF",1,0,0,0.000386398763523957,1,1,FALSE,NA
"PT16","TRB:CASSYSGRGNEQFF;TRA:CAVLDQGAQKLVF",1,0,0,0.000386398763523957,1,1,FALSE,NA
"PT16","TRB:CASSYSISHTDTQYF;TRA:CAASGPLAGSYQLTF",3,1,0.000563380281690141,0.00115919629057187,0.650589736896373,1,FALSE,"clonotype586"
"PT16","TRB:CASSYSQGPSSYNEQFF",1,0,0,0.000386398763523957,1,1,FALSE,NA
"PT16","TRB:CASSYSQGRLSSSGNTIYF;TRA:CAASAMEYGNKLVF",1,0,0,0.000386398763523957,1,1,FALSE,NA
"PT16","TRB:CASSYSRADKGNTEAFF;TRA:CIVRVGASRGSDGQKLLF",2,0,0,0.000772797527047913,0.517361237153067,0.97129597648208,FALSE,NA
"PT16","TRB:CASSYSRQNNEQFF;TRA:CAASNRRNNNARLMF;TRA:CALSDRGDTNAGKSTF",1,0,0,0.000386398763523957,1,1,FALSE,NA
"PT16","TRB:CASSYSRSSGNTIYF",1,0,0,0.000386398763523957,1,1,FALSE,NA
"PT16","TRB:CASSYSTGGAAEQYF;TRA:CATDKNYGQNFVF",1,0,0,0.000386398763523957,1,1,FALSE,NA
"PT16","TRB:CASSYTGLPVYEQYF",2,0,0,0.000772797527047913,0.517361237153067,0.97129597648208,FALSE,NA
"PT16","TRB:CASSYVGSGTNYGYTF;TRA:CAGAESGSARQLTF",1,0,0,0.000386398763523957,1,1,FALSE,NA
"PT16","TRB:CASSYWTTEETQYF;TRA:CALSDRYSSASKIIF",1,0,0,0.000386398763523957,1,1,FALSE,NA
"PT16","TRB:CASSYYVKGDGYTF;TRA:CALSEANQGGSEKLVF",1,0,0,0.000386398763523957,1,1,FALSE,NA
"PT16","TRB:CASTDSRAGWNEQYF",1,0,0,0.000386398763523957,1,1,FALSE,NA
"PT16","TRB:CASTIDRGTPLHF;TRA:CALRDLNTGFQKLVF",2,0,0,0.000772797527047913,0.517361237153067,0.97129597648208,FALSE,NA
"PT16","TRB:CASTLARGTDTQYF;TRA:CAARIGGADGLTF",1,0,0,0.000386398763523957,1,1,FALSE,NA
"PT16","TRB:CASTLLNGSYNEQFF",1,0,0,0.000386398763523957,1,1,FALSE,NA
"PT16","TRB:CASTMVDDSPLHF;TRA:CAVERTGGFKTIF",1,0,0,0.000386398763523957,1,1,FALSE,NA
"PT16","TRB:CASTPGQASPYGYTF",1,0,0,0.000386398763523957,1,1,FALSE,NA
"PT16","TRB:CASTPRGSSYNEQFF;TRA:CAYKVVSGSRLTF",1,0,0,0.000386398763523957,1,1,FALSE,NA
"PT16","TRB:CASTQGGRPAFF;TRA:CAVGYSSGTYKYIF",1,0,0,0.000386398763523957,1,1,FALSE,NA
"PT16","TRB:CASTRDGRDQPQHF;TRA:CVVSEMYSGGGADGLTF",2,2,0.00112676056338028,0.000772797527047913,1,1,FALSE,"clonotype111"
"PT16","TRB:CASTRGFKNEQFF;TRA:CAFSTGTASKLTF",4,0,0,0.00154559505409583,0.151192562007343,0.798327530386288,FALSE,NA
"PT16","TRB:CASTRGSHEQYF;TRA:CALRWGYNKLIF",1,0,0,0.000386398763523957,1,1,FALSE,NA
"PT16","TRB:CASTRSGRPQETQYF;TRA:CALSEANTGNQFYF",2,0,0,0.000772797527047913,0.517361237153067,0.97129597648208,FALSE,NA
"PT16","TRB:CASTSRDGSQPQHF;TRA:CATDSNTGNQFYF",1,0,0,0.000386398763523957,1,1,FALSE,NA
"PT16","TRB:CASTTGTGWFEQYF",1,0,0,0.000386398763523957,1,1,FALSE,NA
"PT16","TRB:CASTVRGTGGYTF;TRA:CALSWTGFQKLVF",1,0,0,0.000386398763523957,1,1,FALSE,NA
"PT16","TRB:CASWPGPTNTGELFF;TRA:CILRDRSLNDYKLSF",1,0,0,0.000386398763523957,1,1,FALSE,NA
"PT16","TRB:CASWSGTGYNEQFF;TRA:CARNENYGQNFVF",4,1,0.000563380281690141,0.00154559505409583,0.654567285158459,1,FALSE,"clonotype423"
"PT16","TRB:CATAKPWEENYGYTF;TRA:CALRDVTNFGNEKLTF",1,0,0,0.000386398763523957,1,1,FALSE,NA
"PT16","TRB:CATAPGRTAEQYF;TRA:CAESISSASKIIF",1,0,0,0.000386398763523957,1,1,FALSE,NA
"PT16","TRB:CATERGSGYNEQFF;TRA:CAVGARSNDYKLSF",1,0,0,0.000386398763523957,1,1,FALSE,NA
"PT16","TRB:CATLLVYEQYF",1,0,0,0.000386398763523957,1,1,FALSE,NA
"PT16","TRB:CATRDSRVGEQYF;TRA:CAGASAYTGTASKLTF",1,0,0,0.000386398763523957,1,1,FALSE,NA
"PT16","TRB:CATRGGMYEQYF;TRA:CALVSDGQKLLF;TRA:CATVFLVGSARQLTF",1,0,0,0.000386398763523957,1,1,FALSE,NA
"PT16","TRB:CATSEPRFGELFF;TRA:CAVNGGMTARQLTF",1,0,0,0.000386398763523957,1,1,FALSE,NA
"PT16","TRB:CATSERDRGMNTEAFF;TRA:CAENAGGTSYGKLTF;TRA:CATDAANDYKLSF",1,0,0,0.000386398763523957,1,1,FALSE,NA
"PT16","TRB:CATSERGSPDTQYF;TRA:CALSEDYGQNFVF",1,0,0,0.000386398763523957,1,1,FALSE,NA
"PT16","TRB:CATSHVDEKLFF;TRA:CAVRASYNTDKLIF",1,0,0,0.000386398763523957,1,1,FALSE,NA
"PT16","TRB:CATSLLAGETQYF",17,0,0,0.00656877897990726,0.000211473471183282,0.014361807042969,TRUE,NA
"PT16","TRB:CATSLLAGETQYF;TRA:CATEDNYGQNFVF",5,0,0,0.00193199381761978,0.08457831213569,0.798327530386288,FALSE,NA
"PT16","TRB:CATSLLAGETQYF;TRA:CATEGNFGNEKLTF",143,8,0.00450704225352113,0.0552550231839258,2.35567813662945e-23,1.2265230831384e-20,TRUE,"clonotype32"
"PT16","TRB:CATSPRTGANTGELFF;TRA:CAASAEHGSGNTGKLIF;TRA:CAESIVTDKLIF",1,0,0,0.000386398763523957,1,1,FALSE,NA
"PT16","TRB:CATSPTVARETQYF;TRA:CVVSHPGGGNKLTF",1,0,0,0.000386398763523957,1,1,FALSE,NA
"PT16","TRB:CATSRGGTVSQETQYF;TRA:CALMGGYNFNKFYF",1,0,0,0.000386398763523957,1,1,FALSE,NA
"PT16","TRB:CATSRGRDIGQPLHF;TRA:CAMRESRPYNQGGKLIF",1,0,0,0.000386398763523957,1,1,FALSE,NA
"PT16","TRB:CATSRIAGETQYF",15,0,0,0.00579598145285935,0.000736620045605318,0.0434132621389361,TRUE,NA
"PT16","TRB:CATSRIAGETQYF;TRA:CATEGNFGNEKLTF",177,7,0.00394366197183099,0.0683925811437403,3.53439515355606e-31,2.76036261492728e-28,TRUE,"clonotype35"
"PT16","TRB:CATSSSEWRGNGELFF",1,0,0,0.000386398763523957,1,1,FALSE,NA
"PT16","TRB:CATSTGGSGNTIYF;TRA:CAGRGTSGTYKYIF",1,0,0,0.000386398763523957,1,1,FALSE,NA
"PT16","TRB:CAWARPPTSGSSYEQYF;TRA:CVVRSNTGNQFYF",1,0,0,0.000386398763523957,1,1,FALSE,NA
"PT16","TRB:CAWRESYEQYF;TRA:CATDEVQGTYKYIF",1,0,0,0.000386398763523957,1,1,FALSE,NA
"PT16","TRB:CAWRLPGNTIYF;TRA:CVVNMGGNKLVF",1,0,0,0.000386398763523957,1,1,FALSE,NA
"PT16","TRB:CAWSAAGHSPLHF;TRA:CALRESSGDKLTF",1,0,0,0.000386398763523957,1,1,FALSE,NA
"PT16","TRB:CAWSALINQPQHF;TRA:CAVPDYSGGGADGLTF;TRA:CVVNVPRF",1,0,0,0.000386398763523957,1,1,FALSE,NA
"PT16","TRB:CAWSEYWDTRSPLHF;TRA:CAFMNEGGTSYGKLTF",1,0,0,0.000386398763523957,1,1,FALSE,NA
"PT16","TRB:CAWSGASRTGKYEQYF;TRA:CALSDPMEYGNKLVF",1,0,0,0.000386398763523957,1,1,FALSE,NA
"PT16","TRB:CAWSLGQGNEQYF;TRA:CAGQYYGGSQGNLIF",1,0,0,0.000386398763523957,1,1,FALSE,NA
"PT16","TRB:CAWSPLRETTTYGYTF;TRA:CAMTGYKLSF",1,0,0,0.000386398763523957,1,1,FALSE,NA
"PT16","TRB:CAWSRGQRGSGNTIYF;TRA:CALSAGETGGFKTIF",1,0,0,0.000386398763523957,1,1,FALSE,NA
"PT16","TRB:CAWSVATAGGLSLSYEQYF;TRA:CAVTAYTGRRALTF",1,0,0,0.000386398763523957,1,1,FALSE,NA
"PT16","TRB:CAWSVGGGADTQYF;TRA:CATGSDGQKLLF",1,1,0.000563380281690141,0.000386398763523957,1,1,FALSE,"clonotype207"
"PT16","TRB:CAWSVGSGANNEQFF;TRA:CAVRKNNARLMF",1,0,0,0.000386398763523957,1,1,FALSE,NA
"PT16","TRB:CAWSVPSRNADTQYF",1,0,0,0.000386398763523957,1,1,FALSE,NA
"PT16","TRB:CAWSVRVPPDTQYF;TRA:CAENTQGAQKLVF",1,0,0,0.000386398763523957,1,1,FALSE,NA
"PT16","TRB:CAWSVTGKETQYF",1,0,0,0.000386398763523957,1,1,FALSE,NA
"PT16","TRB:CAWTAANNQPQHF;TRA:CAVYNQAGTALIF",1,0,0,0.000386398763523957,1,1,FALSE,NA
"PT16","TRB:CAWTGTTYEQYF;TRA:CAGLNNTDKLIF",1,0,0,0.000386398763523957,1,1,FALSE,NA
"PT16","TRB:CDSGGSYEQYF;TRB:CSAREGGSSYNSPLHF;TRA:CILHNNAGNMLTF",1,0,0,0.000386398763523957,1,1,FALSE,NA
"PT16","TRB:CSAAPFSGTERLDTQYF;TRA:CALSEAGANSKLTF",1,0,0,0.000386398763523957,1,1,FALSE,NA
"PT16","TRB:CSAAPWDTF;TRA:CAVINQAGTALIF",1,0,0,0.000386398763523957,1,1,FALSE,NA
"PT16","TRB:CSADGTPDRPNEQFF;TRA:CAASKAFGNEKLTF",1,0,0,0.000386398763523957,1,1,FALSE,NA
"PT16","TRB:CSADRGGDIQYF;TRA:CAATMNRDDKIIF;TRA:CAVRSSSGGSYIPTF",1,0,0,0.000386398763523957,1,1,FALSE,NA
"PT16","TRB:CSAERTGPVETQYF;TRA:CAASTRGAQKLVF",1,0,0,0.000386398763523957,1,1,FALSE,NA
"PT16","TRB:CSAGEAGLGWAEQYF;TRA:CALSEGDYKLSF",1,0,0,0.000386398763523957,1,1,FALSE,NA
"PT16","TRB:CSAGGQGADEQFF",2,0,0,0.000772797527047913,0.517361237153067,0.97129597648208,FALSE,NA
"PT16","TRB:CSAGGQGADEQFF;TRA:CALDPPGNQFYF;TRA:CATDANGNKLVF",1,0,0,0.000386398763523957,1,1,FALSE,NA
"PT16","TRB:CSAGGQGADEQFF;TRA:CGARGTYKYIF",1,0,0,0.000386398763523957,1,1,FALSE,NA
"PT16","TRB:CSAGIGKSNQPQHF;TRA:CALSLGEGAQKLVF",1,0,0,0.000386398763523957,1,1,FALSE,NA
"PT16","TRB:CSAGRTGPTTDTQYF;TRA:CVVNRDDKIIF",1,0,0,0.000386398763523957,1,1,FALSE,NA
"PT16","TRB:CSAGTGMVNNEQFF;TRA:CAARIAGNMLTF;TRA:CALSAVYGNKLVF",1,0,0,0.000386398763523957,1,1,FALSE,NA
"PT16","TRB:CSAHPLGVNEKLFF",1,0,0,0.000386398763523957,1,1,FALSE,NA
"PT16","TRB:CSAIGTSGGELFF;TRA:CAVRTGNQFYF",5,0,0,0.00193199381761978,0.08457831213569,0.798327530386288,FALSE,NA
"PT16","TRB:CSAIQGAVAYEQYF;TRA:CALSDQLTGGGNKLTF",33,0,0,0.0127511591962906,5.89180544021537e-08,5.75187506101025e-06,TRUE,NA
"PT16","TRB:CSAISSGVVTEAFF;TRA:CANTGGFKTIF",1,0,0,0.000386398763523957,1,1,FALSE,NA
"PT16","TRB:CSAKREPSSTDTQYF",1,0,0,0.000386398763523957,1,1,FALSE,NA
"PT16","TRB:CSALGLAPKRRGEQFF;TRA:CALSDRERNNAGNMLTF",1,0,0,0.000386398763523957,1,1,FALSE,NA
"PT16","TRB:CSALPRSNQPQHF",1,0,0,0.000386398763523957,1,1,FALSE,NA
"PT16","TRB:CSALSGTDTQYF;TRA:CAAEIKAAGNKLTF",1,0,0,0.000386398763523957,1,1,FALSE,NA
"PT16","TRB:CSANGARTNYGYTF;TRA:CAASSLSSYKLIF",1,0,0,0.000386398763523957,1,1,FALSE,NA
"PT16","TRB:CSANRGSYEQYF;TRA:CAASSWAGSYQLTF;TRA:CIVRVPLQAGANNLFF",1,0,0,0.000386398763523957,1,1,FALSE,NA
"PT16","TRB:CSAPDRDNYGYTF;TRA:CALYSYFGNEKLTF",5,10,0.00563380281690141,0.00193199381761978,0.0622496046186517,0.798327530386288,FALSE,"clonotype24"
"PT16","TRB:CSAPGLYTYEQYF",1,0,0,0.000386398763523957,1,1,FALSE,NA
"PT16","TRB:CSAQDRVNEQFF;TRA:CAFMRGSTLGRLYF",1,0,0,0.000386398763523957,1,1,FALSE,NA
"PT16","TRB:CSARAGQLADTQYF;TRA:CAVSGVEGRRALTF",1,0,0,0.000386398763523957,1,1,FALSE,NA
"PT16","TRB:CSARARDRAVQNYYEQYF",1,0,0,0.000386398763523957,1,1,FALSE,NA
"PT16","TRB:CSARDFSFDSYNEQFF;TRA:CALTYGGNKLVF",1,0,0,0.000386398763523957,1,1,FALSE,NA
"PT16","TRB:CSARDLATPENIQYF;TRA:CALSEGPYGNNRLAF",2,1,0.000563380281690141,0.000772797527047913,1,1,FALSE,"clonotype339"
"PT16","TRB:CSARDLGSSYNEQFF;TRA:CAVMDSNYQLIW",1,0,0,0.000386398763523957,1,1,FALSE,NA
"PT16","TRB:CSARDLLAGVTDTQYF",1,0,0,0.000386398763523957,1,1,FALSE,NA
"PT16","TRB:CSARDPQGGREQYF;TRA:CAIEAAGNKLTF",1,0,0,0.000386398763523957,1,1,FALSE,NA
"PT16","TRB:CSARDQLAGDFYEQYF;TRA:CAVLGFGNVLHC",1,0,0,0.000386398763523957,1,1,FALSE,NA
"PT16","TRB:CSARDRPSGGRETQYF;TRA:CAVGSADSWGKLQF",1,0,0,0.000386398763523957,1,1,FALSE,NA
"PT16","TRB:CSARDSRARGRENTIYF",1,0,0,0.000386398763523957,1,1,FALSE,NA
"PT16","TRB:CSAREGDRDTDTQYF;TRA:CAAGGTSYGKLTF",2,0,0,0.000772797527047913,0.517361237153067,0.97129597648208,FALSE,NA
"PT16","TRB:CSAREGFLRGSYNEQFF;TRA:CVVSLTGGGNKLTF",1,0,0,0.000386398763523957,1,1,FALSE,NA
"PT16","TRB:CSARETGGPEDEQYF;TRA:CAAGKTGFQKLVF",1,0,0,0.000386398763523957,1,1,FALSE,NA
"PT16","TRB:CSARGEANTEAFF;TRA:CALSTGGFKTIF",1,0,0,0.000386398763523957,1,1,FALSE,NA
"PT16","TRB:CSARGLSKNIQYF;TRA:CASGDNNARLMF",1,0,0,0.000386398763523957,1,1,FALSE,NA
"PT16","TRB:CSARGQGKNGYTF;TRA:CVVNQAGTALIF",1,0,0,0.000386398763523957,1,1,FALSE,NA
"PT16","TRB:CSARGTGARNYGYTF;TRA:CAPNSGYSTLTF",1,0,0,0.000386398763523957,1,1,FALSE,NA
"PT16","TRB:CSARLTGGGEKLFF;TRA:CIVRVWGSQGNLIF",1,0,0,0.000386398763523957,1,1,FALSE,NA
"PT16","TRB:CSARLYLTDTQYF;TRA:CAVDGGSEYGNKLVF",1,0,0,0.000386398763523957,1,1,FALSE,NA
"PT16","TRB:CSARPTTQGYEAFF;TRA:CVVRINTGGFKTIF",1,0,0,0.000386398763523957,1,1,FALSE,NA
"PT16","TRB:CSARRRKEDSNQPQHF;TRA:CAMREGLISSGSARQLTF;TRA:CVVSAEQAGTALIF",1,0,0,0.000386398763523957,1,1,FALSE,NA
"PT16","TRB:CSARVEGAGEAFF;TRA:CIVRVLHGATNKLIF",8,0,0,0.00309119010819165,0.024829633347408,0.77798445191447,FALSE,NA
"PT16","TRB:CSARVGLAGEQFF",1,0,0,0.000386398763523957,1,1,FALSE,NA
"PT16","TRB:CSARVYWGNTIYF;TRA:CALSITQGGSEKLVF",3,0,0,0.00115919629057187,0.2760418557296,0.798327530386288,FALSE,NA
"PT16","TRB:CSASDRAYGYTF;TRA:CGMFSGGYNKLIF",1,0,0,0.000386398763523957,1,1,FALSE,NA
"PT16","TRB:CSASDSTRGSYNEQFF;TRA:CATDRVFGNEKLTF",1,0,0,0.000386398763523957,1,1,FALSE,NA
"PT16","TRB:CSASITGLAGNEQFF;TRA:CAMREENTGNQFYF",1,0,0,0.000386398763523957,1,1,FALSE,NA
"PT16","TRB:CSASPTGARGEQYF;TRA:CAMRTLYNQGGKLIF",1,0,0,0.000386398763523957,1,1,FALSE,NA
"PT16","TRB:CSASRDRDLVDEKLFF;TRA:CAVDNFGNEKLTF",2,3,0.00169014084507042,0.000772797527047913,0.40274197078947,0.798327530386288,FALSE,"clonotype74"
"PT16","TRB:CSASRDSNQPQHF;TRA:CAASADDSWGKLQF",1,0,0,0.000386398763523957,1,1,FALSE,NA
"PT16","TRB:CSASRGGELFF;TRA:CAASIHSGGGADGLTF",1,0,0,0.000386398763523957,1,1,FALSE,NA
"PT16","TRB:CSASRGLRETQYF;TRA:CALSEAGLTGGGNKLTF",1,0,0,0.000386398763523957,1,1,FALSE,NA
"PT16","TRB:CSASRGLRGPNQPQHF;TRA:CAYSTPEARLMF",1,0,0,0.000386398763523957,1,1,FALSE,NA
"PT16","TRB:CSASRPSGENEQYF;TRA:CAMREGLNTGNQFYF",1,0,0,0.000386398763523957,1,1,FALSE,NA
"PT16","TRB:CSASSGKDPYTQYF;TRA:CAASSMASGTYKYIF",1,0,0,0.000386398763523957,1,1,FALSE,NA
"PT16","TRB:CSASWEGLAGRETQYF",1,0,0,0.000386398763523957,1,1,FALSE,NA
"PT16","TRB:CSATGVANQPQHF;TRA:CAMSRVYGGATNKLIF",1,0,0,0.000386398763523957,1,1,FALSE,NA
"PT16","TRB:CSATRDGKNIQYF",1,0,0,0.000386398763523957,1,1,FALSE,NA
"PT16","TRB:CSATRDGKNIQYF;TRA:CAVNGYTGNQFYF",6,0,0,0.00231839258114374,0.0877565729398561,0.798327530386288,FALSE,NA
"PT16","TRB:CSATTPLGYGYTF;TRA:CAVSDTGGFKTIF;TRA:CEDGGFKTIF",1,0,0,0.000386398763523957,1,1,FALSE,NA
"PT16","TRB:CSATTSVGSDTQYF;TRA:CAGQLAQGGKLIF;TRA:CILLWERANAGKSTF",1,0,0,0.000386398763523957,1,1,FALSE,NA
"PT16","TRB:CSATVRTGGWEDEKLFF;TRA:CAVPVFSGNTGKLIF",1,0,0,0.000386398763523957,1,1,FALSE,NA
"PT16","TRB:CSAYSREGRLEQYF;TRA:CAVRYSSASKIIF",2,0,0,0.000772797527047913,0.517361237153067,0.97129597648208,FALSE,NA
"PT16","TRB:CSGIVQGSYGYTF;TRA:CATDKDSGGSNYKLTF",1,0,0,0.000386398763523957,1,1,FALSE,NA
"PT16","TRB:CSGRTSGSNKQYF;TRA:CAATPGGGADGLTF",1,0,0,0.000386398763523957,1,1,FALSE,NA
"PT16","TRB:CSLGGDYGYTF;TRA:CAETFSNSGYALNF",2,0,0,0.000772797527047913,0.517361237153067,0.97129597648208,FALSE,NA
"PT16","TRB:CSTLGRESGGMANIQYF;TRA:CALGTTDSWGKLQF",1,0,0,0.000386398763523957,1,1,FALSE,NA
"PT16","TRB:CSVATNQAEQYF",1,0,0,0.000386398763523957,1,1,FALSE,NA
"PT16","TRB:CSVDGRAPEQFF;TRA:CAVNAGGTSYGKLTF",1,0,0,0.000386398763523957,1,1,FALSE,NA
"PT16","TRB:CSVDSRTNYGYTF;TRA:CAVEVSSGGSYIPTF;TRA:CAVMDSSYKLIF",1,0,0,0.000386398763523957,1,1,FALSE,NA
"PT16","TRB:CSVEARLYLADYNEQFF;TRA:CAVGARYALNF",2,0,0,0.000772797527047913,0.517361237153067,0.97129597648208,FALSE,NA
"PT16","TRB:CSVEASLGGSRYEQYF;TRA:CAVETSGSRLTF",15,7,0.00394366197183099,0.00579598145285935,0.516507415163441,0.97129597648208,FALSE,"clonotype36"
"PT16","TRB:CSVEGEGAGEGYTF;TRA:CAAISAGGSYIPTF",1,0,0,0.000386398763523957,1,1,FALSE,NA
"PT16","TRB:CSVEGTGVADTQYF;TRA:CAVTPGDGLTF",1,2,0.00112676056338028,0.000386398763523957,0.570569865374331,1,FALSE,"clonotype91"
"PT16","TRB:CSVEVYSYGYTF;TRA:CINSGGGADGLTF",1,0,0,0.000386398763523957,1,1,FALSE,NA
"PT16","TRB:CSVFQETQYF;TRA:CAGAWAGKSTF",1,0,0,0.000386398763523957,1,1,FALSE,NA
"PT16","TRB:CSVGGERGTAAYEQYF;TRA:CAASRNTGNQFYF",1,0,0,0.000386398763523957,1,1,FALSE,NA
"PT16","TRB:CSVGQGIRTDTQYF;TRA:CALSDSGNTGKLIF",1,0,0,0.000386398763523957,1,1,FALSE,NA
"PT16","TRB:CSVGVGSGHINEQFF;TRA:CAGRRYAGYSTLTF",1,0,0,0.000386398763523957,1,1,FALSE,NA
"PT16","TRB:CSVIGTLNTEAFF",1,0,0,0.000386398763523957,1,1,FALSE,NA
"PT16","TRB:CSVNTGRQAYNEQFF;TRA:CAVNEVSNYQLIW",1,0,0,0.000386398763523957,1,1,FALSE,NA
"PT16","TRB:CSVQDSYEQYF;TRA:CAVNIRGSARQLTF",1,0,0,0.000386398763523957,1,1,FALSE,NA
"PT16","TRB:CSVRDKEKLFF;TRA:CIVRPPRTSYGKLTF",1,0,0,0.000386398763523957,1,1,FALSE,NA
"PT16","TRB:CSVSSGQMGTQYF;TRA:CVVYSGYSTLTF",4,6,0.00338028169014085,0.00154559505409583,0.334412604317835,0.798327530386288,FALSE,"clonotype40"
"PT16","TRB:CSVVGTGLGLEAFF;TRA:CAVLANNDMRF",1,0,0,0.000386398763523957,1,1,FALSE,NA
"PT16","TRB:CSVVKNRGTRRNTEAFF;TRA:CIVRVLTGAGSYQLTF",1,0,0,0.000386398763523957,1,1,FALSE,NA
"PT16","TRB:CSVYPGAFGEQFF;TRA:CAAQKLVF;TRA:CLVGPQKLTF",1,0,0,0.000386398763523957,1,1,FALSE,NA
"PT16","TRB:CVSTRQYLPNYGYTF;TRA:CAARAWGSNYKLTF",1,0,0,0.000386398763523957,1,1,FALSE,NA
"PT16","TRA:CAAWIMNSGGYQKVTF",0,1,0.000563380281690141,0,0.406830162732065,0.798327530386288,FALSE,"clonotype705"
"PT16","TRA:CAEDNAGNMLTF",0,1,0.000563380281690141,0,0.406830162732065,0.798327530386288,FALSE,"clonotype255"
"PT16","TRA:CAFANNAGNMLTF",0,1,0.000563380281690141,0,0.406830162732065,0.798327530386288,FALSE,"clonotype591"
"PT16","TRA:CAGSKGNTPLVF",0,1,0.000563380281690141,0,0.406830162732065,0.798327530386288,FALSE,"clonotype154"
"PT16","TRA:CAGSNTGTASKLTF",0,1,0.000563380281690141,0,0.406830162732065,0.798327530386288,FALSE,"clonotype467"
"PT16","TRA:CALFNTNAGKSTF",0,1,0.000563380281690141,0,0.406830162732065,0.798327530386288,FALSE,"clonotype241"
"PT16","TRA:CALREYGNKLVF",0,1,0.000563380281690141,0,0.406830162732065,0.798327530386288,FALSE,"clonotype143"
"PT16","TRA:CALRLTGANNLFF",0,5,0.0028169014084507,0,0.0111446317315275,0.45810302012226,FALSE,"clonotype42"
"PT16","TRA:CAMREGPYWISRIKAAGNKLTF",0,4,0.00225352112676056,0,0.0273938187293827,0.77798445191447,FALSE,"clonotype64"
"PT16","TRA:CATAPLRDYKLSF",0,1,0.000563380281690141,0,0.406830162732065,0.798327530386288,FALSE,"clonotype253"
"PT16","TRA:CATDLQGAQKLVF",0,2,0.00112676056338028,0,0.165510781308599,0.798327530386288,FALSE,"clonotype96"
"PT16","TRA:CATTGSARQLTF",0,1,0.000563380281690141,0,0.406830162732065,0.798327530386288,FALSE,"clonotype192"
"PT16","TRA:CAVGATDSWGKLQF",0,1,0.000563380281690141,0,0.406830162732065,0.798327530386288,FALSE,"clonotype357"
"PT16","TRA:CAVQDLGGFKTIF",0,1,0.000563380281690141,0,0.406830162732065,0.798327530386288,FALSE,"clonotype254"
"PT16","TRA:CAVRAITGGGNKLTF",0,1,0.000563380281690141,0,0.406830162732065,0.798327530386288,FALSE,"clonotype167"
"PT16","TRA:CAVRYSSASKIIF",0,1,0.000563380281690141,0,0.406830162732065,0.798327530386288,FALSE,"clonotype351"
"PT16","TRA:CAVSGSGSARQLTF",0,1,0.000563380281690141,0,0.406830162732065,0.798327530386288,FALSE,"clonotype472"
"PT16","TRA:CAVSVRMDSSYKLIF",0,1,0.000563380281690141,0,0.406830162732065,0.798327530386288,FALSE,"clonotype598"
"PT16","TRA:CAYHYSGNAGGTSYGKLTF",0,1,0.000563380281690141,0,0.406830162732065,0.798327530386288,FALSE,"clonotype796"
"PT16","TRA:CIALTPMEYGNKLVF",0,3,0.00169014084507042,0,0.0673347780936884,0.798327530386288,FALSE,"clonotype66"
"PT16","TRA:CIVSILAAGNKLTF",0,1,0.000563380281690141,0,0.406830162732065,0.798327530386288,FALSE,"clonotype153"
"PT16","TRA:CSHSNRDDKIIF",0,1,0.000563380281690141,0,0.406830162732065,0.798327530386288,FALSE,"clonotype477"
"PT16","TRA:CVVRAPASGGSYIPTF",0,1,0.000563380281690141,0,0.406830162732065,0.798327530386288,FALSE,"clonotype597"
"PT16","TRB:CAAASSYEQYF;TRA:CAVWMDSSYKLIF",0,1,0.000563380281690141,0,0.406830162732065,0.798327530386288,FALSE,"clonotype148"
"PT16","TRB:CAARESGGYNEQFF;TRA:CVVTESGAGSYQLTF",0,1,0.000563380281690141,0,0.406830162732065,0.798327530386288,FALSE,"clonotype433"
"PT16","TRB:CAHAGYEQYF;TRB:CASSPGQGRFYEQYF;TRA:CALSEARDTGTASKLTF;TRA:CAYRSYNTDKLIF",0,1,0.000563380281690141,0,0.406830162732065,0.798327530386288,FALSE,"clonotype164"
"PT16","TRB:CAHSRGGGETQYF;TRB:CASSLGQGATREQFF;TRA:CAVNTGTASKLTF",0,1,0.000563380281690141,0,0.406830162732065,0.798327530386288,FALSE,"clonotype660"
"PT16","TRB:CAIAFSGDTGTGSPLHF;TRB:CASSLKAPLHF;TRA:CAARNAGGTSYGKLTF",0,1,0.000563380281690141,0,0.406830162732065,0.798327530386288,FALSE,"clonotype237"
"PT16","TRB:CAIGTGYGYTF;TRA:CALIGRTDKLIF",0,1,0.000563380281690141,0,0.406830162732065,0.798327530386288,FALSE,"clonotype179"
"PT16","TRB:CAINPGLAGGEDEQFF;TRA:CAYWAGTASKLTF",0,1,0.000563380281690141,0,0.406830162732065,0.798327530386288,FALSE,"clonotype679"
"PT16","TRB:CAIRDISEGNTIYF;TRA:CAVSARGGSARQLTF",0,1,0.000563380281690141,0,0.406830162732065,0.798327530386288,FALSE,"clonotype441"
"PT16","TRB:CAISAFPRDRTDTQYF;TRA:CAVGAEGAQKLVF",0,1,0.000563380281690141,0,0.406830162732065,0.798327530386288,FALSE,"clonotype657"
"PT16","TRB:CAISESDGARCFF;TRA:CAEILNTGGFKTIF",0,1,0.000563380281690141,0,0.406830162732065,0.798327530386288,FALSE,"clonotype318"
"PT16","TRB:CAISESGANTEAFF;TRA:CAARTRSNDYKLSF",0,1,0.000563380281690141,0,0.406830162732065,0.798327530386288,FALSE,"clonotype420"
"PT16","TRB:CAISESIPGQGAYEQYF",0,1,0.000563380281690141,0,0.406830162732065,0.798327530386288,FALSE,"clonotype711"
"PT16","TRB:CAISGPRGATNTEAFF;TRA:CAVSVGNNDMRF",0,1,0.000563380281690141,0,0.406830162732065,0.798327530386288,FALSE,"clonotype640"
"PT16","TRB:CAISTGGGNQPQHF",0,1,0.000563380281690141,0,0.406830162732065,0.798327530386288,FALSE,"clonotype358"
"PT16","TRB:CAITRAGSYEQYF;TRA:CAVDNTGTASKLTF",0,1,0.000563380281690141,0,0.406830162732065,0.798327530386288,FALSE,"clonotype319"
"PT16","TRB:CASAGLDMEEQFF;TRA:CAVRGAGSYQLTF;TRA:CGPNMNYGGSQGNLIF",0,1,0.000563380281690141,0,0.406830162732065,0.798327530386288,FALSE,"clonotype287"
"PT16","TRB:CASATEETVSYEQYF;TRA:CAMSRVTNSGYALNF",0,1,0.000563380281690141,0,0.406830162732065,0.798327530386288,FALSE,"clonotype574"
"PT16","TRB:CASGDTQYF;TRA:CAVSDVGSNYKLTF",0,1,0.000563380281690141,0,0.406830162732065,0.798327530386288,FALSE,"clonotype152"
"PT16","TRB:CASGHGSIWWTGELFF;TRB:CASSVAGSTQQYF;TRA:CAVVIGFGNVLHC;TRA:CIVRVARSGYSTLTF",0,1,0.000563380281690141,0,0.406830162732065,0.798327530386288,FALSE,"clonotype278"
"PT16","TRB:CASGILKGSYEQYF;TRB:CSALGETQYF;TRA:CALSDREISARLMF",0,1,0.000563380281690141,0,0.406830162732065,0.798327530386288,FALSE,"clonotype140"
"PT16","TRB:CASGLTRQGYTF;TRA:CAENPSNDYKLSF",0,1,0.000563380281690141,0,0.406830162732065,0.798327530386288,FALSE,"clonotype305"
"PT16","TRB:CASGLVAFGNQPQYF;TRA:CAVASTGAGNNRKLIW",0,1,0.000563380281690141,0,0.406830162732065,0.798327530386288,FALSE,"clonotype677"
"PT16","TRB:CASGLVHQPQHF;TRA:CAGQYNQGGKLIF",0,1,0.000563380281690141,0,0.406830162732065,0.798327530386288,FALSE,"clonotype272"
"PT16","TRB:CASGPLAGRYTGELFF;TRA:CDLGIGAQKLVF",0,1,0.000563380281690141,0,0.406830162732065,0.798327530386288,FALSE,"clonotype734"
"PT16","TRB:CASGQPQHF;TRA:CVVFRKGKLIF",0,1,0.000563380281690141,0,0.406830162732065,0.798327530386288,FALSE,"clonotype145"
"PT16","TRB:CASGTGTGELFF;TRA:CAVDGDDDMRF",0,1,0.000563380281690141,0,0.406830162732065,0.798327530386288,FALSE,"clonotype199"
"PT16","TRB:CASGTVSGIVHGETQYF",0,1,0.000563380281690141,0,0.406830162732065,0.798327530386288,FALSE,"clonotype757"
"PT16","TRB:CASIALSSYEQYF;TRA:CVKGNFNKFYF",0,1,0.000563380281690141,0,0.406830162732065,0.798327530386288,FALSE,"clonotype379"
"PT16","TRB:CASIDRERYEQYF;TRA:CAVRPRRMDSNYQLIW",0,1,0.000563380281690141,0,0.406830162732065,0.798327530386288,FALSE,"clonotype280"
"PT16","TRB:CASIRSAGTGLNTEAFF",0,1,0.000563380281690141,0,0.406830162732065,0.798327530386288,FALSE,"clonotype707"
"PT16","TRB:CASKEISYNSPLHF;TRA:CAGGDSSYKLIF",0,1,0.000563380281690141,0,0.406830162732065,0.798327530386288,FALSE,"clonotype509"
"PT16","TRB:CASKKRRRGGYTF;TRA:CAFLSRRYGGSQGNLIF",0,1,0.000563380281690141,0,0.406830162732065,0.798327530386288,FALSE,"clonotype343"
"PT16","TRB:CASKSSWSVTGELFF;TRA:CAMSPGNYKLSF",0,1,0.000563380281690141,0,0.406830162732065,0.798327530386288,FALSE,"clonotype655"
"PT16","TRB:CASLGGQREAFF;TRA:CATDGTSGSRLTF",0,1,0.000563380281690141,0,0.406830162732065,0.798327530386288,FALSE,"clonotype219"
"PT16","TRB:CASLKATTRTSGRQETQYF;TRA:CAMREVNTGFQKLVF",0,1,0.000563380281690141,0,0.406830162732065,0.798327530386288,FALSE,"clonotype790"
"PT16","TRB:CASLQGGETQYF;TRA:CALNNARLMF;TRA:CAVTGYGGSQGNLIF",0,1,0.000563380281690141,0,0.406830162732065,0.798327530386288,FALSE,"clonotype264"
"PT16","TRB:CASLTSRNTGELFF",0,1,0.000563380281690141,0,0.406830162732065,0.798327530386288,FALSE,"clonotype352"
"PT16","TRB:CASNAISTDTQYF",0,1,0.000563380281690141,0,0.406830162732065,0.798327530386288,FALSE,"clonotype243"
"PT16","TRB:CASNAISTDTQYF;TRA:CALSEANNAGGTSYGKLTF",0,1,0.000563380281690141,0,0.406830162732065,0.798327530386288,FALSE,"clonotype347"
"PT16","TRB:CASNAISTDTQYF;TRB:CASSLEGGTNTEAFF;TRA:CAAPSPFIGNQFYF;TRA:CALSEANNAGGTSYGKLTF",0,1,0.000563380281690141,0,0.406830162732065,0.798327530386288,FALSE,"clonotype301"
"PT16","TRB:CASNGLAGDNEQFF",0,14,0.00788732394366197,0,3.40238943899972e-06,0.000253072966843694,TRUE,"clonotype20"
"PT16","TRB:CASNLGPGRGGTEAFF;TRB:CASSPNLLAKNIQYF;TRA:CIILVFFGNEKLTF",0,1,0.000563380281690141,0,0.406830162732065,0.798327530386288,FALSE,"clonotype493"
"PT16","TRB:CASNQRRIEAFF;TRA:CAAFIKAAGNKLTF",0,1,0.000563380281690141,0,0.406830162732065,0.798327530386288,FALSE,"clonotype267"
"PT16","TRB:CASNRDSGLGYTF",0,1,0.000563380281690141,0,0.406830162732065,0.798327530386288,FALSE,"clonotype259"
"PT16","TRB:CASQVGVSNQPQHF;TRB:CASTTSGVLNTGELFF;TRA:CGTEGQTGANNLFF",0,1,0.000563380281690141,0,0.406830162732065,0.798327530386288,FALSE,"clonotype415"
"PT16","TRB:CASRAASRTEAFF;TRA:CAVISVGAAGNKLTF",0,1,0.000563380281690141,0,0.406830162732065,0.798327530386288,FALSE,"clonotype322"
"PT16","TRB:CASRAFHRGLNTEAFF;TRA:CATDLTGGGNKLTF",0,1,0.000563380281690141,0,0.406830162732065,0.798327530386288,FALSE,"clonotype653"
"PT16","TRB:CASRAGWAGELFF;TRA:CAASARGKLIF",0,1,0.000563380281690141,0,0.406830162732065,0.798327530386288,FALSE,"clonotype453"
"PT16","TRB:CASRAWAGERTGELFF;TRA:CAEPPRGDGQNFVF",0,1,0.000563380281690141,0,0.406830162732065,0.798327530386288,FALSE,"clonotype665"
"PT16","TRB:CASRDLFYNSPLHF",0,2,0.00112676056338028,0,0.165510781308599,0.798327530386288,FALSE,"clonotype112"
"PT16","TRB:CASRDPYEQYF;TRA:CAVSGHYQLIW",0,1,0.000563380281690141,0,0.406830162732065,0.798327530386288,FALSE,"clonotype172"
"PT16","TRB:CASRDRDRYNEQFF;TRA:CALIRAGGSYIPTF",0,1,0.000563380281690141,0,0.406830162732065,0.798327530386288,FALSE,"clonotype416"
"PT16","TRB:CASRDSAGGPGTQYF;TRB:CSVDRGNTDTQYF;TRA:CALSEAGETSGSRLTF;TRA:CAVKLNNNDMRF",0,1,0.000563380281690141,0,0.406830162732065,0.798327530386288,FALSE,"clonotype174"
"PT16","TRB:CASREQPQGDFNSPLHF;TRA:CAAQNTGNQFYF",0,1,0.000563380281690141,0,0.406830162732065,0.798327530386288,FALSE,"clonotype726"
"PT16","TRB:CASRGDGSYEQYF;TRB:CASSEFDRVAGNTIYF;TRA:CAEDNAGNMLTF;TRA:CAVRLVGAGGTSYGKLTF",0,1,0.000563380281690141,0,0.406830162732065,0.798327530386288,FALSE,"clonotype290"
"PT16","TRB:CASRGDTGSSYGYTF;TRA:CAVSTGANSKLTF",0,1,0.000563380281690141,0,0.406830162732065,0.798327530386288,FALSE,"clonotype530"
"PT16","TRB:CASRGGRYTEAFF;TRB:CASSSGRQNTEAFF;TRA:CTSGPLYNFNKFYF",0,1,0.000563380281690141,0,0.406830162732065,0.798327530386288,FALSE,"clonotype369"
"PT16","TRB:CASRGGTANYGYTF",0,1,0.000563380281690141,0,0.406830162732065,0.798327530386288,FALSE,"clonotype360"
"PT16","TRB:CASRGGYEQFF;TRA:CAARGGGGADGLTF;TRA:CAMSETRGSARQLTF",0,1,0.000563380281690141,0,0.406830162732065,0.798327530386288,FALSE,"clonotype149"
"PT16","TRB:CASRGLAGGSDTQYF",0,1,0.000563380281690141,0,0.406830162732065,0.798327530386288,FALSE,"clonotype483"
"PT16","TRB:CASRGLQETQYF",0,1,0.000563380281690141,0,0.406830162732065,0.798327530386288,FALSE,"clonotype256"
"PT16","TRB:CASRGNTGELFF;TRB:CASRTRDREYTQYF;TRA:CAVRGRDDKIIF",0,1,0.000563380281690141,0,0.406830162732065,0.798327530386288,FALSE,"clonotype198"
"PT16","TRB:CASRGPGTDTQYF;TRA:CAENGSGNTGKLIF",0,1,0.000563380281690141,0,0.406830162732065,0.798327530386288,FALSE,"clonotype316"
"PT16","TRB:CASRGWDRDGNQPQHF",0,1,0.000563380281690141,0,0.406830162732065,0.798327530386288,FALSE,"clonotype709"
"PT16","TRB:CASRGYSNQPQHF;TRA:CGVYYGQNFVF",0,1,0.000563380281690141,0,0.406830162732065,0.798327530386288,FALSE,"clonotype281"
"PT16","TRB:CASRHNRDGYTF",0,1,0.000563380281690141,0,0.406830162732065,0.798327530386288,FALSE,"clonotype188"
"PT16","TRB:CASRHRGGNTEAFF;TRA:CATDLNQAGTALIF",0,1,0.000563380281690141,0,0.406830162732065,0.798327530386288,FALSE,"clonotype422"
"PT16","TRB:CASRIFGLAGGQTEQFF;TRA:CALSPNTGNQFYF",0,1,0.000563380281690141,0,0.406830162732065,0.798327530386288,FALSE,"clonotype740"
"PT16","TRB:CASRKLGGNSEAFF;TRA:CALRLTGANNLFF;TRA:CATDLQGAQKLVF",0,1,0.000563380281690141,0,0.406830162732065,0.798327530386288,FALSE,"clonotype396"
"PT16","TRB:CASRKSGPGFSYNEQFF;TRB:CASSYSIGQGNGYTF;TRA:CILRDPQGSNYKLTF",0,1,0.000563380281690141,0,0.406830162732065,0.798327530386288,FALSE,"clonotype497"
"PT16","TRB:CASRLAGGYTGELFF;TRA:CVGIIQGAQKLVF",0,1,0.000563380281690141,0,0.406830162732065,0.798327530386288,FALSE,"clonotype514"
"PT16","TRB:CASRLGDYGYTF;TRB:CASSPGLAVGYEQYF;TRA:CAGTNQAGTALIF",0,1,0.000563380281690141,0,0.406830162732065,0.798327530386288,FALSE,"clonotype271"
"PT16","TRB:CASRLGVYNEQFF;TRA:CAANSNSGYALNF",0,1,0.000563380281690141,0,0.406830162732065,0.798327530386288,FALSE,"clonotype419"
"PT16","TRB:CASRLQGRGQETQYF;TRA:CAMGE;TRA:CAPLSGAGSYQLTF",0,1,0.000563380281690141,0,0.406830162732065,0.798327530386288,FALSE,"clonotype615"
"PT16","TRB:CASRLSSGGQNEQFF",0,1,0.000563380281690141,0,0.406830162732065,0.798327530386288,FALSE,"clonotype486"
"PT16","TRB:CASRMGVGLGDTQYF;TRA:CATEDNYGQNFVF",0,27,0.0152112676056338,0,2.84547581646271e-11,4.04057565937705e-09,TRUE,"clonotype8"
"PT16","TRB:CASRPGTGDQPQHF;TRA:CAFRLNPGYALNF",0,3,0.00169014084507042,0,0.0673347780936884,0.798327530386288,FALSE,"clonotype73"
"PT16","TRB:CASRPPAGASYNEQFF;TRB:CASSAPGQVNYGYTF;TRA:CAPSLDTGRRALTF;TRA:CVVMGLTGGGNKLTF",0,1,0.000563380281690141,0,0.406830162732065,0.798327530386288,FALSE,"clonotype548"
"PT16","TRB:CASRPTWLAGPYEQYF;TRA:CACNAGNNRKLIW",0,2,0.00112676056338028,0,0.165510781308599,0.798327530386288,FALSE,"clonotype132"
"PT16","TRB:CASRQGRFSSTDTQYF",0,1,0.000563380281690141,0,0.406830162732065,0.798327530386288,FALSE,"clonotype609"
"PT16","TRB:CASRRDSGTGSGAFF;TRA:CAVSRYGGSQGNLIF",0,1,0.000563380281690141,0,0.406830162732065,0.798327530386288,FALSE,"clonotype564"
"PT16","TRB:CASRRLAGARTDTQYF;TRA:CAGGGATNKLIF",0,1,0.000563380281690141,0,0.406830162732065,0.798327530386288,FALSE,"clonotype721"
"PT16","TRB:CASRRRGYTDTQYF;TRA:CIVRVRDNYGQNFVF",0,1,0.000563380281690141,0,0.406830162732065,0.798327530386288,FALSE,"clonotype375"
"PT16","TRB:CASRRSENTEAFF;TRA:CALPAYSGAGSYQLTF",0,1,0.000563380281690141,0,0.406830162732065,0.798327530386288,FALSE,"clonotype324"
"PT16","TRB:CASRRSLAGADTQYF",0,4,0.00225352112676056,0,0.0273938187293827,0.77798445191447,FALSE,"clonotype55"
"PT16","TRB:CASRRSLAGADTQYF;TRA:CAFFGPRDNYGQNFVF",0,7,0.00394366197183099,0,0.00184455670528171,0.0960399191216678,FALSE,"clonotype37"
"PT16","TRB:CASRRSLAGADTQYF;TRB:CASSERQGGETQYF;TRA:CAFFGPRDNYGQNFVF;TRA:CAVAVHNNNDMRF",0,1,0.000563380281690141,0,0.406830162732065,0.798327530386288,FALSE,"clonotype518"
"PT16","TRB:CASRRTGEQPQHF;TRB:CASSQRVYDSRLYGYTF;TRA:CAGNYGGSQGNLIF",0,1,0.000563380281690141,0,0.406830162732065,0.798327530386288,FALSE,"clonotype313"
"PT16","TRB:CASRRVNRGLDGYTF;TRA:CAVGAMEYGNKLVF",0,1,0.000563380281690141,0,0.406830162732065,0.798327530386288,FALSE,"clonotype549"
"PT16","TRB:CASRSAGQETQYF;TRA:CAVSGYTGTASKLTF",0,1,0.000563380281690141,0,0.406830162732065,0.798327530386288,FALSE,"clonotype325"
"PT16","TRB:CASRSDTEAFF",0,1,0.000563380281690141,0,0.406830162732065,0.798327530386288,FALSE,"clonotype193"
"PT16","TRB:CASRSDTPLGGNEKLFF;TRB:CSVAGTSTYNEQFF;TRA:CAENWAGTALIF",0,1,0.000563380281690141,0,0.406830162732065,0.798327530386288,FALSE,"clonotype216"
"PT16","TRB:CASRSPPGFEAFF",0,1,0.000563380281690141,0,0.406830162732065,0.798327530386288,FALSE,"clonotype261"
"PT16","TRB:CASRSRGQVFTYEQYF;TRA:CATTGGGSNYKLTF",0,1,0.000563380281690141,0,0.406830162732065,0.798327530386288,FALSE,"clonotype652"
"PT16","TRB:CASRSTGQGNQPQHF;TRA:CVVNRGNSGGYQKVTF",0,1,0.000563380281690141,0,0.406830162732065,0.798327530386288,FALSE,"clonotype567"
"PT16","TRB:CASRTDGPQTF;TRA:CVVGGAGNNRKLIW",0,1,0.000563380281690141,0,0.406830162732065,0.798327530386288,FALSE,"clonotype232"
"PT16","TRB:CASRTGGEETQYF;TRB:CASSELREGAFF;TRA:CAMREGPYWISRIKAAGNKLTF;TRA:CASKTGANNLFF",0,1,0.000563380281690141,0,0.406830162732065,0.798327530386288,FALSE,"clonotype285"
"PT16","TRB:CASRTGNYGYTF;TRA:CAVNLIANDMRF",0,1,0.000563380281690141,0,0.406830162732065,0.798327530386288,FALSE,"clonotype294"
"PT16","TRB:CASRTGQRNTEAFF;TRA:CAVRRTGNQFYF",0,1,0.000563380281690141,0,0.406830162732065,0.798327530386288,FALSE,"clonotype517"
"PT16","TRB:CASRTGTVNTEAFF;TRA:CALHAGGTSYGKLTF",0,1,0.000563380281690141,0,0.406830162732065,0.798327530386288,FALSE,"clonotype451"
"PT16","TRB:CASRTYLAGIGADTQYF;TRA:CAMRLPSGSARQLTF",0,1,0.000563380281690141,0,0.406830162732065,0.798327530386288,FALSE,"clonotype772"
"PT16","TRB:CASRVRGEGQPQHF;TRA:CAVQAGGKLIF",0,1,0.000563380281690141,0,0.406830162732065,0.798327530386288,FALSE,"clonotype382"
"PT16","TRB:CASSADGLGDEQYF;TRA:CAENNNDYKLSF",0,1,0.000563380281690141,0,0.406830162732065,0.798327530386288,FALSE,"clonotype411"
"PT16","TRB:CASSADRSYQPQHF;TRA:CAVVGFGNEKLTF",0,1,0.000563380281690141,0,0.406830162732065,0.798327530386288,FALSE,"clonotype374"
"PT16","TRB:CASSAGKRYEQYF;TRA:CALGGYNKLIF",0,4,0.00225352112676056,0,0.0273938187293827,0.77798445191447,FALSE,"clonotype50"
"PT16","TRB:CASSAGSTQYF;TRA:CAVTKETSGSRLTF",0,1,0.000563380281690141,0,0.406830162732065,0.798327530386288,FALSE,"clonotype234"
"PT16","TRB:CASSAGTGVPYNEQFF;TRA:CVVNMYSGGGADGLTF",0,1,0.000563380281690141,0,0.406830162732065,0.798327530386288,FALSE,"clonotype741"
"PT16","TRB:CASSAMAGRSSYEQYF;TRA:CASGGVTGNQFYF",0,1,0.000563380281690141,0,0.406830162732065,0.798327530386288,FALSE,"clonotype680"
"PT16","TRB:CASSAQGTEAFF;TRA:CAVAFSSGGSYIPTF",0,1,0.000563380281690141,0,0.406830162732065,0.798327530386288,FALSE,"clonotype295"
"PT16","TRB:CASSARQGLGYTF;TRA:CAVPGGSYIPTF",0,1,0.000563380281690141,0,0.406830162732065,0.798327530386288,FALSE,"clonotype403"
"PT16","TRB:CASSDDPGQGGRDTQYF;TRA:CVVSDRGSTLGRLYF",0,1,0.000563380281690141,0,0.406830162732065,0.798327530386288,FALSE,"clonotype745"
"PT16","TRB:CASSDDRGGANQPQHF;TRA:CAVSDRFSDGQKLLF",0,1,0.000563380281690141,0,0.406830162732065,0.798327530386288,FALSE,"clonotype676"
"PT16","TRB:CASSDGHHEQFF;TRA:CAFMTTSGSARQLTF",0,1,0.000563380281690141,0,0.406830162732065,0.798327530386288,FALSE,"clonotype798"
"PT16","TRB:CASSDLTQGSYYGYTF;TRB:CSASWGADTQYF;TRA:CAFTRRGLNTGTASKLTF",0,1,0.000563380281690141,0,0.406830162732065,0.798327530386288,FALSE,"clonotype165"
"PT16","TRB:CASSDPGQGFYGYTF;TRA:CAPTTGNMLTF",0,2,0.00112676056338028,0,0.165510781308599,0.798327530386288,FALSE,"clonotype115"
"PT16","TRB:CASSDPGQHLYGYTF;TRB:CASSLMTGELFF;TRA:CAILYGQNFVF",0,2,0.00112676056338028,0,0.165510781308599,0.798327530386288,FALSE,"clonotype97"
"PT16","TRB:CASSDPGTGIKETQYF;TRA:CATEEGGSNYKLTF",0,1,0.000563380281690141,0,0.406830162732065,0.798327530386288,FALSE,"clonotype650"
"PT16","TRB:CASSDPPAHYGYTF;TRA:CAASDSGAGSYQLTF",0,1,0.000563380281690141,0,0.406830162732065,0.798327530386288,FALSE,"clonotype432"
"PT16","TRB:CASSDQPSGNSPLHF;TRB:CASSFDYSTDTQYF;TRA:CAAGQSGGSNYKLTF",0,1,0.000563380281690141,0,0.406830162732065,0.798327530386288,FALSE,"clonotype462"
"PT16","TRB:CASSDRDSRNQPQHF;TRA:CATDLQGAQKLVF;TRA:CGTGIGTSYGKLTF",0,2,0.00112676056338028,0,0.165510781308599,0.798327530386288,FALSE,"clonotype120"
"PT16","TRB:CASSEAPVGGYSGNTIYF;TRA:CALPDSGTYKYIF",0,1,0.000563380281690141,0,0.406830162732065,0.798327530386288,FALSE,"clonotype783"
"PT16","TRB:CASSEARGTLNTEAFF;TRA:CAVRATGTASKLTF",0,2,0.00112676056338028,0,0.165510781308599,0.798327530386288,FALSE,"clonotype127"
"PT16","TRB:CASSEAVTDTQYF",0,1,0.000563380281690141,0,0.406830162732065,0.798327530386288,FALSE,"clonotype359"
"PT16","TRB:CASSEDRRQPQHF;TRA:CATEGGRHTGANSKLTF",0,1,0.000563380281690141,0,0.406830162732065,0.798327530386288,FALSE,"clonotype332"
"PT16","TRB:CASSEEGTIYEQYF;TRA:CAVRSGHNTNAGKSTF",0,1,0.000563380281690141,0,0.406830162732065,0.798327530386288,FALSE,"clonotype389"
"PT16","TRB:CASSEFDRGVDGYTF;TRB:CASSLVGQGHGYTF;TRA:CAMREGMDSSYKLIF;TRA:CLVGDKAADSWGKLQF",0,1,0.000563380281690141,0,0.406830162732065,0.798327530386288,FALSE,"clonotype393"
"PT16","TRB:CASSEFDRGVGGYTF;TRB:CASSRHQENTEAFF;TRA:CAENGITGNQFYF;TRA:CAPNTGGGNKLTF",0,1,0.000563380281690141,0,0.406830162732065,0.798327530386288,FALSE,"clonotype398"
"PT16","TRB:CASSEFDRVAGNTIYF",0,1,0.000563380281690141,0,0.406830162732065,0.798327530386288,FALSE,"clonotype592"
"PT16","TRB:CASSEFDRVAGNTIYF;TRA:CAEDNAGNMLTF",0,2,0.00112676056338028,0,0.165510781308599,0.798327530386288,FALSE,"clonotype125"
"PT16","TRB:CASSEFDRVAGNTIYF;TRA:CAYRSPLRDDKIIF",0,1,0.000563380281690141,0,0.406830162732065,0.798327530386288,FALSE,"clonotype683"
"PT16","TRB:CASSEFGVMSEKLFF;TRA:CISGNYGQNFVF",0,1,0.000563380281690141,0,0.406830162732065,0.798327530386288,FALSE,"clonotype490"
"PT16","TRB:CASSEGGSRGRFSYEQYF;TRA:CVVNVGTYNTDKLIF",0,1,0.000563380281690141,0,0.406830162732065,0.798327530386288,FALSE,"clonotype768"
"PT16","TRB:CASSEGYRTDTQYF;TRA:CAETFSNSGYALNF;TRA:CAVADSNYQLIW",0,1,0.000563380281690141,0,0.406830162732065,0.798327530386288,FALSE,"clonotype395"
"PT16","TRB:CASSEIKGRETQYF;TRB:CASSIWGLDTEAFF;TRA:CVVIPNTGNQFYF",0,2,0.00112676056338028,0,0.165510781308599,0.798327530386288,FALSE,"clonotype107"
"PT16","TRB:CASSELATDTQYF;TRA:CLVGDGGSNYQLIW",0,1,0.000563380281690141,0,0.406830162732065,0.798327530386288,FALSE,"clonotype370"
"PT16","TRB:CASSELRDSRHNEQFF;TRA:CAADNTNAGKSTF;TRA:CAASKAGGSYIPTF",0,1,0.000563380281690141,0,0.406830162732065,0.798327530386288,FALSE,"clonotype648"
"PT16","TRB:CASSENYGIEQYF;TRB:CASSTTAERSNNEQFF;TRA:CARRPGNKLTF",0,3,0.00169014084507042,0,0.0673347780936884,0.798327530386288,FALSE,"clonotype83"
"PT16","TRB:CASSEPKDRRRSYEQYF;TRB:CASSFPPTLGELFF;TRA:CAVPNDYKLSF;TRA:CIVSLLGSNYQLIW",0,1,0.000563380281690141,0,0.406830162732065,0.798327530386288,FALSE,"clonotype496"
"PT16","TRB:CASSERDRPIQAFF",0,1,0.000563380281690141,0,0.406830162732065,0.798327530386288,FALSE,"clonotype476"
"PT16","TRB:CASSERGHNNQPQHF;TRA:CALDDDSARQLTF",0,1,0.000563380281690141,0,0.406830162732065,0.798327530386288,FALSE,"clonotype701"
"PT16","TRB:CASSERIVRGQETQYF;TRB:CASSGDSDISPLHF;TRA:CAASSPLETSGSRLTF",0,1,0.000563380281690141,0,0.406830162732065,0.798327530386288,FALSE,"clonotype464"
"PT16","TRB:CASSERRGLVGEQFF;TRA:CAVVHYGGSQGNLIF",0,1,0.000563380281690141,0,0.406830162732065,0.798327530386288,FALSE,"clonotype563"
"PT16","TRB:CASSERRQGANTEAFF;TRA:CAGLHTGTASKLTF",0,1,0.000563380281690141,0,0.406830162732065,0.798327530386288,FALSE,"clonotype725"
"PT16","TRB:CASSESGHRNQPQHF;TRA:CARNSGNTPLVF",0,3,0.00169014084507042,0,0.0673347780936884,0.798327530386288,FALSE,"clonotype77"
"PT16","TRB:CASSESGRDNQPQHF;TRA:CAGARGNFNKFYF",0,1,0.000563380281690141,0,0.406830162732065,0.798327530386288,FALSE,"clonotype501"
"PT16","TRB:CASSETFGDPDTQYF;TRA:CAVQASGSQGNLIF",0,1,0.000563380281690141,0,0.406830162732065,0.798327530386288,FALSE,"clonotype531"
"PT16","TRB:CASSETGTDPDTQYF;TRA:CAVQANQAGTALIF",0,1,0.000563380281690141,0,0.406830162732065,0.798327530386288,FALSE,"clonotype526"
"PT16","TRB:CASSEVGEQYF;TRA:CALRNAGSARQLTF",0,1,0.000563380281690141,0,0.406830162732065,0.798327530386288,FALSE,"clonotype177"
"PT16","TRB:CASSEVGGGYSPLHF;TRA:CATASNNNDMRF",0,1,0.000563380281690141,0,0.406830162732065,0.798327530386288,FALSE,"clonotype507"
"PT16","TRB:CASSFALVFSDYGYTF;TRB:CASSLDPGTTHQETQYF;TRA:CASNTGNQFYF;TRA:CILHSGGYQKVTF",0,1,0.000563380281690141,0,0.406830162732065,0.798327530386288,FALSE,"clonotype720"
"PT16","TRB:CASSFAQDTGELFF;TRA:CAASRDDKIIF",0,1,0.000563380281690141,0,0.406830162732065,0.798327530386288,FALSE,"clonotype384"
"PT16","TRB:CASSFEGDQPQHF;TRA:CAARYGQNFVF;TRA:CVVSPFLSGGYQKVTF",0,2,0.00112676056338028,0,0.165510781308599,0.798327530386288,FALSE,"clonotype99"
"PT16","TRB:CASSFEGDQPQHF;TRB:CASSLYPRGRNDEQFF;TRA:CILRDVPNFGNEKLTF;TRA:CVVSPFLSGGYQKVTF",0,1,0.000563380281690141,0,0.406830162732065,0.798327530386288,FALSE,"clonotype286"
"PT16","TRB:CASSFFLGEAYEQYF;TRA:CAVSETGANNLFF",0,1,0.000563380281690141,0,0.406830162732065,0.798327530386288,FALSE,"clonotype541"
"PT16","TRB:CASSFGGAQQETQYF",0,1,0.000563380281690141,0,0.406830162732065,0.798327530386288,FALSE,"clonotype608"
"PT16","TRB:CASSFLGVGNTEAFF;TRB:CASSPTGIAGQTGELFF;TRA:CAESYLNSGNTPLVF",0,1,0.000563380281690141,0,0.406830162732065,0.798327530386288,FALSE,"clonotype678"
"PT16","TRB:CASSFLRQDGEKLFF;TRB:CASSTTAERSNNEQFF;TRA:CAMREGLDTGRRALTF",0,1,0.000563380281690141,0,0.406830162732065,0.798327530386288,FALSE,"clonotype692"
"PT16","TRB:CASSFPPTLGELFF;TRA:CIVSLLGSNYQLIW",0,1,0.000563380281690141,0,0.406830162732065,0.798327530386288,FALSE,"clonotype495"
"PT16","TRB:CASSFPTGGEAFF;TRA:CAVDRAVHSGGGADGLTF",0,1,0.000563380281690141,0,0.406830162732065,0.798327530386288,FALSE,"clonotype445"
"PT16","TRB:CASSFPTSGQETQYF",0,1,0.000563380281690141,0,0.406830162732065,0.798327530386288,FALSE,"clonotype603"
"PT16","TRB:CASSFPTSGQETQYF;TRA:CAESYGSDGGSTLGRLYF;TRA:CALSDNYGQNFVF",0,1,0.000563380281690141,0,0.406830162732065,0.798327530386288,FALSE,"clonotype642"
"PT16","TRB:CASSFPTSGQETQYF;TRA:CALSDNYGQNFVF",0,1,0.000563380281690141,0,0.406830162732065,0.798327530386288,FALSE,"clonotype641"
"PT16","TRB:CASSFRDRLGVYEQFF;TRB:CASSLGILGTGELFF;TRA:CAADSGGYQKVTF;TRA:CATYNTDKLIF",0,1,0.000563380281690141,0,0.406830162732065,0.798327530386288,FALSE,"clonotype504"
"PT16","TRB:CASSFRGGGMSF",0,14,0.00788732394366197,0,3.40238943899972e-06,0.000253072966843694,TRUE,"clonotype22"
"PT16","TRB:CASSFRGGGMSF",0,14,0.00788732394366197,0,3.40238943899972e-06,0.000253072966843694,TRUE,"clonotype194"
"PT16","TRB:CASSFRGGGMSF;TRB:CASSHRTSQETQYF;TRA:CAVLFYGGATNKLIF;TRA:CAVQAGAAGNKLTF",0,1,0.000563380281690141,0,0.406830162732065,0.798327530386288,FALSE,"clonotype226"
"PT16","TRB:CASSFRGGGMSF;TRB:CSARDAGGGTSQPQHF;TRA:CATSFSGHGDYKLSF",0,1,0.000563380281690141,0,0.406830162732065,0.798327530386288,FALSE,"clonotype235"
"PT16","TRB:CASSFRGNMNTEAFF",0,1,0.000563380281690141,0,0.406830162732065,0.798327530386288,FALSE,"clonotype485"
"PT16","TRB:CASSFRKYEQYF;TRA:CAMSSYGGSQGNLIF",0,1,0.000563380281690141,0,0.406830162732065,0.798327530386288,FALSE,"clonotype335"
"PT16","TRB:CASSFSGGDGYTF;TRA:CAASARTRGQKLVF",0,1,0.000563380281690141,0,0.406830162732065,0.798327530386288,FALSE,"clonotype346"
"PT16","TRB:CASSFSGLREQYF;TRA:CAVLYTGNQFYF",0,1,0.000563380281690141,0,0.406830162732065,0.798327530386288,FALSE,"clonotype402"
"PT16","TRB:CASSFSQGAYGYTF;TRA:CAEIYGGSQGNLIF",0,1,0.000563380281690141,0,0.406830162732065,0.798327530386288,FALSE,"clonotype430"
"PT16","TRB:CASSFSSSGTFFRLYF;TRA:CGASNQAGTALIF",0,1,0.000563380281690141,0,0.406830162732065,0.798327530386288,FALSE,"clonotype639"
"PT16","TRB:CASSFSSWDQPQHF;TRA:CAASGPLGAGYSSASKIIF",0,1,0.000563380281690141,0,0.406830162732065,0.798327530386288,FALSE,"clonotype456"
"PT16","TRB:CASSFTGGPGELFF;TRA:CAENGITGNQFYF",0,1,0.000563380281690141,0,0.406830162732065,0.798327530386288,FALSE,"clonotype539"
"PT16","TRB:CASSFTGGPGELFF;TRA:CVVNIYNQGGKLIF",0,1,0.000563380281690141,0,0.406830162732065,0.798327530386288,FALSE,"clonotype538"
"PT16","TRB:CASSFTGRDGYTF;TRA:CAGSTPEGTYKYIF",0,1,0.000563380281690141,0,0.406830162732065,0.798327530386288,FALSE,"clonotype394"
"PT16","TRB:CASSFTKVETQYF;TRA:CAVVTGANSKLTF",0,1,0.000563380281690141,0,0.406830162732065,0.798327530386288,FALSE,"clonotype380"
"PT16","TRB:CASSFTLAGSSYEQYF;TRA:CALSVLSGSARQLTF",0,1,0.000563380281690141,0,0.406830162732065,0.798327530386288,FALSE,"clonotype749"
"PT16","TRB:CASSFTWQDEQFF;TRB:CASSSGGGMMYEQYF;TRA:CAASGIGAAGNKLTF",0,1,0.000563380281690141,0,0.406830162732065,0.798327530386288,FALSE,"clonotype349"
"PT16","TRB:CASSFTWQDEQFF;TRB:CASSSGGGMMYEQYF;TRA:CALSGGGSNYKLTF",0,1,0.000563380281690141,0,0.406830162732065,0.798327530386288,FALSE,"clonotype309"
"PT16","TRB:CASSFWSDGYTF;TRA:CATGSMDSNYQLIW",0,1,0.000563380281690141,0,0.406830162732065,0.798327530386288,FALSE,"clonotype306"
"PT16","TRB:CASSGDGEFYGYTF",0,1,0.000563380281690141,0,0.406830162732065,0.798327530386288,FALSE,"clonotype362"
"PT16","TRB:CASSGGQGFTDTQYF;TRA:CATGSNTGNQFYF",0,1,0.000563380281690141,0,0.406830162732065,0.798327530386288,FALSE,"clonotype523"
"PT16","TRB:CASSGGQGGSGANVLTF;TRA:CIFWRAASYDKVIF",0,1,0.000563380281690141,0,0.406830162732065,0.798327530386288,FALSE,"clonotype722"
"PT16","TRB:CASSGGQGSTDTQYF;TRA:CALKRSRDDKIIF",0,1,0.000563380281690141,0,0.406830162732065,0.798327530386288,FALSE,"clonotype637"
"PT16","TRB:CASSGGTSGDTQYF;TRA:CLVSTGNTGKLIF",0,1,0.000563380281690141,0,0.406830162732065,0.798327530386288,FALSE,"clonotype368"
"PT16","TRB:CASSGKDSRETQYF;TRA:CAASILGSSYKLIF",0,1,0.000563380281690141,0,0.406830162732065,0.798327530386288,FALSE,"clonotype413"
"PT16","TRB:CASSGQGPSYEQYF;TRA:CAVNTGNQFYF",0,1,0.000563380281690141,0,0.406830162732065,0.798327530386288,FALSE,"clonotype392"
"PT16","TRB:CASSGRDRYEQYF;TRA:CALSDGNNNARLMF",0,1,0.000563380281690141,0,0.406830162732065,0.798327530386288,FALSE,"clonotype307"
"PT16","TRB:CASSGRQGSTGELFF;TRA:CAAKDGQKLLF",0,1,0.000563380281690141,0,0.406830162732065,0.798327530386288,FALSE,"clonotype502"
"PT16","TRB:CASSGRSYNEQFF;TRA:CAGVDSNYQLIW",0,1,0.000563380281690141,0,0.406830162732065,0.798327530386288,FALSE,"clonotype265"
"PT16","TRB:CASSGSGQGGYNEQFF",0,2,0.00112676056338028,0,0.165510781308599,0.798327530386288,FALSE,"clonotype123"
"PT16","TRB:CASSGSISYEQYF",0,2,0.00112676056338028,0,0.165510781308599,0.798327530386288,FALSE,"clonotype104"
"PT16","TRB:CASSGSISYEQYF;TRA:CAVSEAGNEKLTF",0,1,0.000563380281690141,0,0.406830162732065,0.798327530386288,FALSE,"clonotype426"
"PT16","TRB:CASSGSLLYGYTF;TRA:CAPASGGSYIPTF",0,1,0.000563380281690141,0,0.406830162732065,0.798327530386288,FALSE,"clonotype299"
"PT16","TRB:CASSGTGQQTYNEQFF",0,1,0.000563380281690141,0,0.406830162732065,0.798327530386288,FALSE,"clonotype614"
"PT16","TRB:CASSGTGSNTGELFF;TRB:CASSTFTANYGYTF;TRA:CAASIGSNYQLIW",0,1,0.000563380281690141,0,0.406830162732065,0.798327530386288,FALSE,"clonotype397"
"PT16","TRB:CASSGTGSSSYNEQFF;TRA:CALMNTGFQKLVF;TRA:CAPASGNTPLVF",0,1,0.000563380281690141,0,0.406830162732065,0.798327530386288,FALSE,"clonotype625"
"PT16","TRB:CASSGTSFSYNEQFF;TRA:CALSSIQGAQKLVF",0,1,0.000563380281690141,0,0.406830162732065,0.798327530386288,FALSE,"clonotype656"
"PT16","TRB:CASSGWTSVGTGELFF;TRA:CAVLSGGSNYKLTF",0,1,0.000563380281690141,0,0.406830162732065,0.798327530386288,FALSE,"clonotype731"
"PT16","TRB:CASSHANRNQYF",0,1,0.000563380281690141,0,0.406830162732065,0.798327530386288,FALSE,"clonotype195"
"PT16","TRB:CASSHPERRETQYF;TRB:CASSLDPEGYSNQPQHF;TRA:CAVANTGNQFYF",0,1,0.000563380281690141,0,0.406830162732065,0.798327530386288,FALSE,"clonotype409"
"PT16","TRB:CASSHRLATDYNEQFF;TRB:CASSSGAGAYEQYF;TRA:CALIGGANNLFF;TRA:CGVTAGNNRKLIW",0,2,0.00112676056338028,0,0.165510781308599,0.798327530386288,FALSE,"clonotype117"
"PT16","TRB:CASSHRTSQETQYF;TRB:CASSPTGIAGQTGELFF;TRA:CAVLFYGGATNKLIF;TRA:CAVQAGAAGNKLTF",0,3,0.00169014084507042,0,0.0673347780936884,0.798327530386288,FALSE,"clonotype75"
"PT16","TRB:CASSHRVGGETQYF;TRB:CASSQNLLFANEQFF;TRA:CAETLGGYSTLTF;TRA:CALSGIGSGGSNYKLTF",0,2,0.00112676056338028,0,0.165510781308599,0.798327530386288,FALSE,"clonotype109"
"PT16","TRB:CASSHTGRGRHQPQHF",0,3,0.00169014084507042,0,0.0673347780936884,0.798327530386288,FALSE,"clonotype81"
"PT16","TRB:CASSIFASPTRETQYF;TRA:CAYRSAGGAQKLVF",0,1,0.000563380281690141,0,0.406830162732065,0.798327530386288,FALSE,"clonotype684"
"PT16","TRB:CASSIGGYQPQHF;TRA:CAVGPGSSSASKIIF",0,1,0.000563380281690141,0,0.406830162732065,0.798327530386288,FALSE,"clonotype323"
"PT16","TRB:CASSIGQVDNSPLHF",0,1,0.000563380281690141,0,0.406830162732065,0.798327530386288,FALSE,"clonotype469"
"PT16","TRB:CASSIGTGRGYGYTF;TRA:CAVITPQGGSEKLVF",0,1,0.000563380281690141,0,0.406830162732065,0.798327530386288,FALSE,"clonotype559"
"PT16","TRB:CASSILDTQYF;TRA:CLVAFRGPASSYKLIF",0,1,0.000563380281690141,0,0.406830162732065,0.798327530386288,FALSE,"clonotype213"
"PT16","TRB:CASSILPEPNGYTF;TRA:CATVNYGQNFVF",0,1,0.000563380281690141,0,0.406830162732065,0.798327530386288,FALSE,"clonotype388"
"PT16","TRB:CASSIQGQNSPLHF;TRA:CATDAAGTGGFKTIF",0,2,0.00112676056338028,0,0.165510781308599,0.798327530386288,FALSE,"clonotype110"
"PT16","TRB:CASSIQGSNQPQHF;TRA:CAVQPGPSPRLTF",0,1,0.000563380281690141,0,0.406830162732065,0.798327530386288,FALSE,"clonotype399"
"PT16","TRB:CASSIRGQGANYGYTF;TRA:CAFMTDTSGTYKYIF",0,1,0.000563380281690141,0,0.406830162732065,0.798327530386288,FALSE,"clonotype687"
"PT16","TRB:CASSIRTGPYGYTF;TRA:CIVRVVGAGGTSYGKLTF",0,1,0.000563380281690141,0,0.406830162732065,0.798327530386288,FALSE,"clonotype412"
"PT16","TRB:CASSIRVQASNEQFF",0,1,0.000563380281690141,0,0.406830162732065,0.798327530386288,FALSE,"clonotype468"
"PT16","TRB:CASSIRVTLPLETQYF",0,1,0.000563380281690141,0,0.406830162732065,0.798327530386288,FALSE,"clonotype594"
"PT16","TRB:CASSISGDLSTDTQYF;TRA:CALADTGGFKTIF",0,1,0.000563380281690141,0,0.406830162732065,0.798327530386288,FALSE,"clonotype700"
"PT16","TRB:CASSISGNTEAFF;TRA:CAMTLMDTGRRALTF",0,1,0.000563380281690141,0,0.406830162732065,0.798327530386288,FALSE,"clonotype337"
"PT16","TRB:CASSISKGFLGTQYF;TRA:CGTGANNLFF",0,1,0.000563380281690141,0,0.406830162732065,0.798327530386288,FALSE,"clonotype494"
"PT16","TRB:CASSISPISGNTIYF;TRA:CAFLSRRYGGSQGNLIF",0,1,0.000563380281690141,0,0.406830162732065,0.798327530386288,FALSE,"clonotype584"
"PT16","TRB:CASSIVGKGHTEAFF;TRB:CASSLGVGNQETQYF;TRA:CAVSGSGGSNYKLTF",0,1,0.000563380281690141,0,0.406830162732065,0.798327530386288,FALSE,"clonotype560"
"PT16","TRB:CASSKATSTDTQYF;TRA:CAVSGGPSGGSQGNLIF",0,1,0.000563380281690141,0,0.406830162732065,0.798327530386288,FALSE,"clonotype452"
"PT16","TRB:CASSKDAGALGEQFF;TRA:CAFMKHKGGSNYKLTF",0,1,0.000563380281690141,0,0.406830162732065,0.798327530386288,FALSE,"clonotype581"
"PT16","TRB:CASSKLGSNQPQHF;TRA:CGAGNMLTF",0,1,0.000563380281690141,0,0.406830162732065,0.798327530386288,FALSE,"clonotype366"
"PT16","TRB:CASSLADWTGVRSPLHF;TRB:CASSQDRGLRNTEAFF;TRA:CAMREGKDSSYKLIF;TRA:CLVGDPLSGGYNKLIF",0,1,0.000563380281690141,0,0.406830162732065,0.798327530386288,FALSE,"clonotype727"
"PT16","TRB:CASSLAFAATNYGYTF",0,5,0.0028169014084507,0,0.0111446317315275,0.45810302012226,FALSE,"clonotype46"
"PT16","TRB:CASSLAFAATNYGYTF;TRB:CSADHRGVTYNEQFF;TRA:CAFMLLFGNEKLTF",0,1,0.000563380281690141,0,0.406830162732065,0.798327530386288,FALSE,"clonotype333"
"PT16","TRB:CASSLAGGDTEAFF",0,1,0.000563380281690141,0,0.406830162732065,0.798327530386288,FALSE,"clonotype475"
"PT16","TRB:CASSLAGLAPNEQFF;TRA:CALSEARFSDGQKLLF",0,1,0.000563380281690141,0,0.406830162732065,0.798327530386288,FALSE,"clonotype583"
"PT16","TRB:CASSLAGTISGEAFF;TRA:CAVGDTGTASKLTF",0,1,0.000563380281690141,0,0.406830162732065,0.798327530386288,FALSE,"clonotype631"
"PT16","TRB:CASSLAISQETQYF;TRA:CAASPSGNTPLVF;TRA:CAMRGNTGGFKTIF",0,1,0.000563380281690141,0,0.406830162732065,0.798327530386288,FALSE,"clonotype400"
"PT16","TRB:CASSLALAGPRGGTGELFF;TRA:CGTEIIQGAQKLVF",0,1,0.000563380281690141,0,0.406830162732065,0.798327530386288,FALSE,"clonotype786"
"PT16","TRB:CASSLALWQVSTDTQYF",0,1,0.000563380281690141,0,0.406830162732065,0.798327530386288,FALSE,"clonotype760"
"PT16","TRB:CASSLAPGQDFDF",0,1,0.000563380281690141,0,0.406830162732065,0.798327530386288,FALSE,"clonotype260"
"PT16","TRB:CASSLAQGSSNQPQHF;TRA:CAYRSPLRDDKIIF",0,4,0.00225352112676056,0,0.0273938187293827,0.77798445191447,FALSE,"clonotype60"
"PT16","TRB:CASSLASGLTTTGELFF",0,1,0.000563380281690141,0,0.406830162732065,0.798327530386288,FALSE,"clonotype758"
"PT16","TRB:CASSLAWSSYEQYF;TRA:CAENKGTSGTYKYIF",0,1,0.000563380281690141,0,0.406830162732065,0.798327530386288,FALSE,"clonotype601"
"PT16","TRB:CASSLDARMNTEAFF;TRA:CAMSSFSGAGSYQLTF",0,1,0.000563380281690141,0,0.406830162732065,0.798327530386288,FALSE,"clonotype689"
"PT16","TRB:CASSLDFPKGVAGNTIYF;TRA:CAVRDHGNSGYSTLTF",0,1,0.000563380281690141,0,0.406830162732065,0.798327530386288,FALSE,"clonotype764"
"PT16","TRB:CASSLDGGEGYNEQFF;TRA:CAVRDVVGYSTLTF",0,1,0.000563380281690141,0,0.406830162732065,0.798327530386288,FALSE,"clonotype736"
"PT16","TRB:CASSLDLAADTQYF",0,1,0.000563380281690141,0,0.406830162732065,0.798327530386288,FALSE,"clonotype364"
"PT16","TRB:CASSLDPGTAYGYTF;TRA:CAASKREGGSYIPTF;TRA:CAMIPAYSGAGSYQLTF",0,1,0.000563380281690141,0,0.406830162732065,0.798327530386288,FALSE,"clonotype582"
"PT16","TRB:CASSLDPGTTHQETQYF",0,4,0.00225352112676056,0,0.0273938187293827,0.77798445191447,FALSE,"clonotype58"
"PT16","TRB:CASSLDRANTDTQYF;TRA:CALSAGGTSYGKLTF",0,1,0.000563380281690141,0,0.406830162732065,0.798327530386288,FALSE,"clonotype668"
"PT16","TRB:CASSLDRARGAYGYTF",0,1,0.000563380281690141,0,0.406830162732065,0.798327530386288,FALSE,"clonotype715"
"PT16","TRB:CASSLDRGSTDTQYF",0,1,0.000563380281690141,0,0.406830162732065,0.798327530386288,FALSE,"clonotype606"
"PT16","TRB:CASSLDRRYGYTF;TRA:CALNGPDSWGKLQF",0,1,0.000563380281690141,0,0.406830162732065,0.798327530386288,FALSE,"clonotype282"
"PT16","TRB:CASSLDRSNEQFF;TRA:CAVGSARQLTF",0,1,0.000563380281690141,0,0.406830162732065,0.798327530386288,FALSE,"clonotype378"
"PT16","TRB:CASSLDSGDVQETQYF;TRA:CALRFMNTGFQKLVF",0,1,0.000563380281690141,0,0.406830162732065,0.798327530386288,FALSE,"clonotype690"
"PT16","TRB:CASSLDSGLGYEQYF;TRA:CAVSLPDGQKLLF",0,1,0.000563380281690141,0,0.406830162732065,0.798327530386288,FALSE,"clonotype658"
"PT16","TRB:CASSLEGGAGNEKLFF;TRA:CATLDNYGQNFVF",0,2,0.00112676056338028,0,0.165510781308599,0.798327530386288,FALSE,"clonotype126"
"PT16","TRB:CASSLEGSARAFF;TRA:CAFITGQFYF",0,1,0.000563380281690141,0,0.406830162732065,0.798327530386288,FALSE,"clonotype274"
"PT16","TRB:CASSLELAGEDYEQYF;TRA:CAVPSGGYNKLIF",0,19,0.0107042253521127,0,3.79183773048901e-08,3.94856702334923e-06,TRUE,"clonotype15"
"PT16","TRB:CASSLELAGGPTDTQYF;TRA:CAMTWTGAQKLVF",0,1,0.000563380281690141,0,0.406830162732065,0.798327530386288,FALSE,"clonotype769"
"PT16","TRB:CASSLELSYNEQFF;TRA:CAVKVPRKLIF",0,1,0.000563380281690141,0,0.406830162732065,0.798327530386288,FALSE,"clonotype800"
"PT16","TRB:CASSLERNTIYF;TRA:CIGRNRDDKIIF",0,1,0.000563380281690141,0,0.406830162732065,0.798327530386288,FALSE,"clonotype266"
"PT16","TRB:CASSLEWLEETQYF",0,1,0.000563380281690141,0,0.406830162732065,0.798327530386288,FALSE,"clonotype361"
"PT16","TRB:CASSLGDTEAFF",0,1,0.000563380281690141,0,0.406830162732065,0.798327530386288,FALSE,"clonotype196"
"PT16","TRB:CASSLGERGGVGETQYF;TRA:CALLTGANSKLTF",0,1,0.000563380281690141,0,0.406830162732065,0.798327530386288,FALSE,"clonotype770"
"PT16","TRB:CASSLGGGQPQHF;TRA:CALSGRFAGNQFYF",0,1,0.000563380281690141,0,0.406830162732065,0.798327530386288,FALSE,"clonotype276"
"PT16","TRB:CASSLGGSGTDTQYF;TRA:CLVHNTDKLIF",0,1,0.000563380281690141,0,0.406830162732065,0.798327530386288,FALSE,"clonotype619"
"PT16","TRB:CASSLGGVTYEQYF;TRA:CAMVYTGGFKTIF",0,1,0.000563380281690141,0,0.406830162732065,0.798327530386288,FALSE,"clonotype568"
"PT16","TRB:CASSLGLAGGPNTGELFF;TRA:CAVVASGTYKYIF",0,1,0.000563380281690141,0,0.406830162732065,0.798327530386288,FALSE,"clonotype766"
"PT16","TRB:CASSLGLAGGPVF;TRA:CAMSATGTASKLTF",0,1,0.000563380281690141,0,0.406830162732065,0.798327530386288,FALSE,"clonotype329"
"PT16","TRB:CASSLGLLGGSEEKLFF",0,1,0.000563380281690141,0,0.406830162732065,0.798327530386288,FALSE,"clonotype756"
"PT16","TRB:CASSLGLSTDTQYF;TRA:CAAHPMNNNAGNMLTF",0,1,0.000563380281690141,0,0.406830162732065,0.798327530386288,FALSE,"clonotype444"
"PT16","TRB:CASSLGMGTAINGYTF",0,1,0.000563380281690141,0,0.406830162732065,0.798327530386288,FALSE,"clonotype610"
"PT16","TRB:CASSLGPTPSYEQYF;TRA:CARDAGGTSYGKLTF",0,1,0.000563380281690141,0,0.406830162732065,0.798327530386288,FALSE,"clonotype795"
"PT16","TRB:CASSLGPWVFGNTIYF;TRB:CSVHPGQDRETQYF;TRA:CAVRDLSGGSYIPTF;TRA:CVVRPRNTNAGKSTF",0,1,0.000563380281690141,0,0.406830162732065,0.798327530386288,FALSE,"clonotype231"
"PT16","TRB:CASSLGQAGNEQFF",0,1,0.000563380281690141,0,0.406830162732065,0.798327530386288,FALSE,"clonotype482"
"PT16","TRB:CASSLGQAVPNNEQFF;TRA:CAVNPASGGSYIPTF",0,1,0.000563380281690141,0,0.406830162732065,0.798327530386288,FALSE,"clonotype743"
"PT16","TRB:CASSLGQGPYEQYF;TRA:CAASLGHTGNQFYF",0,1,0.000563380281690141,0,0.406830162732065,0.798327530386288,FALSE,"clonotype414"
"PT16","TRB:CASSLGQGVGEQYF;TRB:CSAREGDRDTDTQYF;TRA:CAAGGTSYGKLTF",0,3,0.00169014084507042,0,0.0673347780936884,0.798327530386288,FALSE,"clonotype69"
"PT16","TRB:CASSLGRGGTEAFF;TRA:CIVSSAGGSYIPTF",0,1,0.000563380281690141,0,0.406830162732065,0.798327530386288,FALSE,"clonotype372"
"PT16","TRB:CASSLGRGWETQYF",0,1,0.000563380281690141,0,0.406830162732065,0.798327530386288,FALSE,"clonotype480"
"PT16","TRB:CASSLGRLNTEAFF;TRA:CAASEDDYKLSF",0,1,0.000563380281690141,0,0.406830162732065,0.798327530386288,FALSE,"clonotype457"
"PT16","TRB:CASSLGSSPLHF;TRA:CALSDRDGGATNKLIF",0,1,0.000563380281690141,0,0.406830162732065,0.798327530386288,FALSE,"clonotype328"
"PT16","TRB:CASSLGTGGQETQYF",0,1,0.000563380281690141,0,0.406830162732065,0.798327530386288,FALSE,"clonotype611"
"PT16","TRB:CASSLGTGPNYGYTF;TRA:CAVTISGNTGKLIF",0,1,0.000563380281690141,0,0.406830162732065,0.798327530386288,FALSE,"clonotype669"
"PT16","TRB:CASSLGTGTGTDTQYF;TRA:CAAKVVAGTYKYIF",0,1,0.000563380281690141,0,0.406830162732065,0.798327530386288,FALSE,"clonotype698"
"PT16","TRB:CASSLIAGVYEQYF;TRB:CASSPIGVDEQYF;TRA:CALSEEDDYKLSF;TRA:CAVQDYGGSQGNLIF",0,1,0.000563380281690141,0,0.406830162732065,0.798327530386288,FALSE,"clonotype317"
"PT16","TRB:CASSLIFRGETGELFF;TRA:CLVGRDLQTNAGKSTF",0,1,0.000563380281690141,0,0.406830162732065,0.798327530386288,FALSE,"clonotype630"
"PT16","TRB:CASSLIGRGGRDTQYF;TRA:CALSEALTWGKTGRRALTF",0,2,0.00112676056338028,0,0.165510781308599,0.798327530386288,FALSE,"clonotype133"
"PT16","TRB:CASSLIGRGGRDTQYF;TRB:CSVFPGRYGYTF;TRA:CALSEALTWGKTGRRALTF;TRA:CLVGGETGANNLFF",0,1,0.000563380281690141,0,0.406830162732065,0.798327530386288,FALSE,"clonotype157"
"PT16","TRB:CASSLINGLAETQYF;TRA:CAPSAGNQFYF",0,1,0.000563380281690141,0,0.406830162732065,0.798327530386288,FALSE,"clonotype620"
"PT16","TRB:CASSLIQGGGTEAFF;TRA:CASGTYKYIF",0,1,0.000563380281690141,0,0.406830162732065,0.798327530386288,FALSE,"clonotype643"
"PT16","TRB:CASSLIQGLAEPQHF;TRA:CLVGDTTDKLIF",0,1,0.000563380281690141,0,0.406830162732065,0.798327530386288,FALSE,"clonotype617"
"PT16","TRB:CASSLIVGLAFGYEQYF;TRA:CAAPGSGGYQKVTF",0,1,0.000563380281690141,0,0.406830162732065,0.798327530386288,FALSE,"clonotype763"
"PT16","TRB:CASSLIVGLAFGYEQYF;TRA:CAVRYSSASKIIF",0,1,0.000563380281690141,0,0.406830162732065,0.798327530386288,FALSE,"clonotype767"
"PT16","TRB:CASSLKGRLAGGLGKNIQYF;TRA:CAFMKSSQTYGGSQGNLIF;TRA:CAYRSSEYQGAQKLVF",0,5,0.0028169014084507,0,0.0111446317315275,0.45810302012226,FALSE,"clonotype48"
"PT16","TRB:CASSLKGRLAGGLGKNIQYF;TRB:CASSYQGPSTDTQYF;TRA:CAFMKSSQTYGGSQGNLIF;TRA:CAYRSSEYQGAQKLVF",0,1,0.000563380281690141,0,0.406830162732065,0.798327530386288,FALSE,"clonotype580"
"PT16","TRB:CASSLLAGPGSTQYF;TRA:CALSEDTGRRALTF",0,1,0.000563380281690141,0,0.406830162732065,0.798327530386288,FALSE,"clonotype685"
"PT16","TRB:CASSLLAGRDTQYF",0,1,0.000563380281690141,0,0.406830162732065,0.798327530386288,FALSE,"clonotype479"
"PT16","TRB:CASSLLGGPGNTEAFF;TRA:CAVSEGTGANNLFF",0,1,0.000563380281690141,0,0.406830162732065,0.798327530386288,FALSE,"clonotype735"
"PT16","TRB:CASSLLGPTTGNEQFF;TRA:CIVRVGGGSYIPTF;TRA:CLVGERSNYQLIW",0,1,0.000563380281690141,0,0.406830162732065,0.798327530386288,FALSE,"clonotype622"
"PT16","TRB:CASSLLGQKQTQYF;TRA:CAVGAENNDMRF",0,1,0.000563380281690141,0,0.406830162732065,0.798327530386288,FALSE,"clonotype406"
"PT16","TRB:CASSLLQETQYF;TRA:CATAKNSGNTPLVF",0,1,0.000563380281690141,0,0.406830162732065,0.798327530386288,FALSE,"clonotype224"
"PT16","TRB:CASSLLSEAFF;TRA:CAETQGRAAGNKLTF",0,2,0.00112676056338028,0,0.165510781308599,0.798327530386288,FALSE,"clonotype90"
"PT16","TRB:CASSLMAGGRTEAFF;TRB:CASSVGGSGSNEQFF;TRA:CAANGEYGNKLVF",0,1,0.000563380281690141,0,0.406830162732065,0.798327530386288,FALSE,"clonotype524"
"PT16","TRB:CASSLMGASNSPLHF;TRA:CALGGYNNNDMRF",0,1,0.000563380281690141,0,0.406830162732065,0.798327530386288,FALSE,"clonotype702"
"PT16","TRB:CASSLMGQGVSYNEQFF;TRA:CAVNNYGQNFVF",0,1,0.000563380281690141,0,0.406830162732065,0.798327530386288,FALSE,"clonotype719"
"PT16","TRB:CASSLNRVSGNTIYF;TRA:CAGVSRRTNAGKSTF",0,1,0.000563380281690141,0,0.406830162732065,0.798327530386288,FALSE,"clonotype644"
"PT16","TRB:CASSLPGGELFF;TRA:CATDGNARLMF",0,1,0.000563380281690141,0,0.406830162732065,0.798327530386288,FALSE,"clonotype204"
"PT16","TRB:CASSLPGQGRYYGYTF;TRA:CATDALTGGGNKLTF",0,1,0.000563380281690141,0,0.406830162732065,0.798327530386288,FALSE,"clonotype738"
"PT16","TRB:CASSLQDLDTEAFF;TRB:CASSPRSRQREVQYEQYF;TRA:CAPSKGGKLIF;TRA:CLVGGDTGGFKTIF",0,1,0.000563380281690141,0,0.406830162732065,0.798327530386288,FALSE,"clonotype371"
"PT16","TRB:CASSLQETQYF;TRA:CAVSVGGGKLIF",0,1,0.000563380281690141,0,0.406830162732065,0.798327530386288,FALSE,"clonotype176"
"PT16","TRB:CASSLQPTGSTNTEAFF",0,1,0.000563380281690141,0,0.406830162732065,0.798327530386288,FALSE,"clonotype759"
"PT16","TRB:CASSLRAGDETQYF;TRA:CAASESGSARQLTF",0,1,0.000563380281690141,0,0.406830162732065,0.798327530386288,FALSE,"clonotype424"
"PT16","TRB:CASSLRGAGADTQYF;TRA:CAASNDYKLSF",0,1,0.000563380281690141,0,0.406830162732065,0.798327530386288,FALSE,"clonotype621"
"PT16","TRB:CASSLRLSERGNIQYF",0,1,0.000563380281690141,0,0.406830162732065,0.798327530386288,FALSE,"clonotype713"
"PT16","TRB:CASSLRRTGMFGYTEAFF;TRA:CAVKWGSGGSYIPTF",0,1,0.000563380281690141,0,0.406830162732065,0.798327530386288,FALSE,"clonotype781"
"PT16","TRB:CASSLRSGARTGELFF;TRA:CAVSPSTYIQGAQKLVF",0,1,0.000563380281690141,0,0.406830162732065,0.798327530386288,FALSE,"clonotype691"
"PT16","TRB:CASSLSANTNYGYTF;TRA:CAVTDQAGTALIF",0,1,0.000563380281690141,0,0.406830162732065,0.798327530386288,FALSE,"clonotype659"
"PT16","TRB:CASSLSDGTSRSNEQFF;TRA:CIVARRRAAGNKLTF",0,2,0.00112676056338028,0,0.165510781308599,0.798327530386288,FALSE,"clonotype134"
"PT16","TRB:CASSLSEVSYEQYF;TRB:CASSSDFDSGYYGYTF;TRA:CAGARTNAGKSTF;TRA:CAVGSADSWGKLQF",0,1,0.000563380281690141,0,0.406830162732065,0.798327530386288,FALSE,"clonotype383"
"PT16","TRB:CASSLSEVSYEQYF;TRB:CASSSWGGQPQHF;TRA:CAGARTNAGKSTF;TRA:CAYTNTGNQFYF",0,1,0.000563380281690141,0,0.406830162732065,0.798327530386288,FALSE,"clonotype381"
"PT16","TRB:CASSLSGLTDTQYF;TRA:CAAWDTGGFKTIF",0,2,0.00112676056338028,0,0.165510781308599,0.798327530386288,FALSE,"clonotype118"
"PT16","TRB:CASSLSGPGELFF;TRA:CAASQGAGSYQLTF",0,1,0.000563380281690141,0,0.406830162732065,0.798327530386288,FALSE,"clonotype308"
"PT16","TRB:CASSLSPDTDTQYF;TRA:CAASILIYNQGGKLIF",0,1,0.000563380281690141,0,0.406830162732065,0.798327530386288,FALSE,"clonotype443"
"PT16","TRB:CASSLSRWDGSNEQFF",0,1,0.000563380281690141,0,0.406830162732065,0.798327530386288,FALSE,"clonotype714"
"PT16","TRB:CASSLTASGGRETQYF;TRA:CATGGGEQGAQKLVF",0,1,0.000563380281690141,0,0.406830162732065,0.798327530386288,FALSE,"clonotype737"
"PT16","TRB:CASSLTFGSAEQFF;TRA:CALKAGGEGGATNKLIF",0,1,0.000563380281690141,0,0.406830162732065,0.798327530386288,FALSE,"clonotype575"
"PT16","TRB:CASSLTGEAFRGSDTQYF",0,1,0.000563380281690141,0,0.406830162732065,0.798327530386288,FALSE,"clonotype778"
"PT16","TRB:CASSLTGGPDSPLHF",0,1,0.000563380281690141,0,0.406830162732065,0.798327530386288,FALSE,"clonotype605"
"PT16","TRB:CASSLTGGTDTQYF",0,1,0.000563380281690141,0,0.406830162732065,0.798327530386288,FALSE,"clonotype481"
"PT16","TRB:CASSLTGLLNSPLHF;TRA:CAESGGSQGNLIF",0,1,0.000563380281690141,0,0.406830162732065,0.798327530386288,FALSE,"clonotype527"
"PT16","TRB:CASSLTGSSYEQYF;TRA:CACDGYQGGKLIF",0,1,0.000563380281690141,0,0.406830162732065,0.798327530386288,FALSE,"clonotype536"
"PT16","TRB:CASSLTPTIYF;TRA:CAYPRSGAGSYQLTF",0,1,0.000563380281690141,0,0.406830162732065,0.798327530386288,FALSE,"clonotype239"
"PT16","TRB:CASSLTSELDYGYTF;TRA:CAQGKLVF",0,1,0.000563380281690141,0,0.406830162732065,0.798327530386288,FALSE,"clonotype623"
"PT16","TRB:CASSLTSGGQETQYF;TRA:CVVNIITGTSYGKLTF",0,1,0.000563380281690141,0,0.406830162732065,0.798327530386288,FALSE,"clonotype569"
"PT16","TRB:CASSLTSPRDLITGELFF;TRA:CAFMSLQGGSEKLVF",0,1,0.000563380281690141,0,0.406830162732065,0.798327530386288,FALSE,"clonotype782"
"PT16","TRB:CASSLVFRASGGRNTGELFF;TRA:CAVGLSGYALNF",0,1,0.000563380281690141,0,0.406830162732065,0.798327530386288,FALSE,"clonotype793"
"PT16","TRB:CASSLVGLAGEDEQYF;TRA:CALSEDYGQNFVF",0,2,0.00112676056338028,0,0.165510781308599,0.798327530386288,FALSE,"clonotype130"
"PT16","TRB:CASSLVHGANVLTF;TRA:CVVIFYNTDKLIF",0,1,0.000563380281690141,0,0.406830162732065,0.798327530386288,FALSE,"clonotype520"
"PT16","TRB:CASSLVLAGANEQFF;TRA:CAMRNTGNQFYF",0,1,0.000563380281690141,0,0.406830162732065,0.798327530386288,FALSE,"clonotype672"
"PT16","TRB:CASSLVPSGGLNEQFF;TRA:CAGTSGGSYIPTF",0,1,0.000563380281690141,0,0.406830162732065,0.798327530386288,FALSE,"clonotype646"
"PT16","TRB:CASSLVQLNEQFF;TRA:CTLAYSGAGSYQLTF",0,16,0.00901408450704225,0,5.63132134364968e-07,4.62953891514779e-05,TRUE,"clonotype18"
"PT16","TRB:CASSLWASGGAGNEQFF;TRA:CALLSGGSYIPTF",0,1,0.000563380281690141,0,0.406830162732065,0.798327530386288,FALSE,"clonotype765"
"PT16","TRB:CASSLWGETQYF;TRA:CAGTNSGGSNYKLTF",0,1,0.000563380281690141,0,0.406830162732065,0.798327530386288,FALSE,"clonotype214"
"PT16","TRB:CASSLYGGEKLFF;TRA:CATARNNNAGNMLTF;TRA:CILEGTYKYIF",0,1,0.000563380281690141,0,0.406830162732065,0.798327530386288,FALSE,"clonotype799"
"PT16","TRB:CASSLYGGETQYF;TRA:CAYRLYTLTQGGSEKLVF",0,1,0.000563380281690141,0,0.406830162732065,0.798327530386288,FALSE,"clonotype460"
"PT16","TRB:CASSLYGNEQFF;TRA:CALSTGGGADGLTF",0,1,0.000563380281690141,0,0.406830162732065,0.798327530386288,FALSE,"clonotype312"
"PT16","TRB:CASSMVASGQGFYNEQFF;TRA:CAVFNKGSQGNLIF",0,8,0.00450704225352113,0,0.00075042130457828,0.0434132621389361,TRUE,"clonotype33"
"PT16","TRB:CASSMVGAGLASGSYNEQFF;TRA:CAENIGWGEDTDKLIF",0,1,0.000563380281690141,0,0.406830162732065,0.798327530386288,FALSE,"clonotype789"
"PT16","TRB:CASSNPERYEQYF;TRA:CAVSESGSEKLVF",0,1,0.000563380281690141,0,0.406830162732065,0.798327530386288,FALSE,"clonotype425"
"PT16","TRB:CASSNPGPFGTGELFF;TRB:CSVVTTGGSYEQYF;TRA:CAVQGRSGGSNYKLTF;TRA:CGTGRNGGSQGNLIF",0,1,0.000563380281690141,0,0.406830162732065,0.798327530386288,FALSE,"clonotype229"
"PT16","TRB:CASSNSRTGGPYGYTF;TRA:CAVSDRLNDMRF",0,1,0.000563380281690141,0,0.406830162732065,0.798327530386288,FALSE,"clonotype801"
"PT16","TRB:CASSPAGGVKTQYF;TRA:CAASSGGSNYKLTF;TRA:CAVDMMGGSNYKLTF",0,1,0.000563380281690141,0,0.406830162732065,0.798327530386288,FALSE,"clonotype410"
"PT16","TRB:CASSPDGQVGTEAFF;TRA:CAAIFTGGGNKLTF",0,1,0.000563380281690141,0,0.406830162732065,0.798327530386288,FALSE,"clonotype542"
"PT16","TRB:CASSPDLVPNTEAFF;TRA:CAALITDGQKLLF",0,1,0.000563380281690141,0,0.406830162732065,0.798327530386288,FALSE,"clonotype695"
"PT16","TRB:CASSPDQNTEAFF;TRA:CAGQGASTSGTYKYIF",0,1,0.000563380281690141,0,0.406830162732065,0.798327530386288,FALSE,"clonotype310"
"PT16","TRB:CASSPDRAQNNEQFF;TRA:CAVRVSGGYNKLIF",0,1,0.000563380281690141,0,0.406830162732065,0.798327530386288,FALSE,"clonotype675"
"PT16","TRB:CASSPDSPGGNEQFF",0,1,0.000563380281690141,0,0.406830162732065,0.798327530386288,FALSE,"clonotype478"
"PT16","TRB:CASSPGEYGLEETQYF;TRA:CAESVVSGTYKYIF;TRA:CAMRERSNNAGNMLTF",0,1,0.000563380281690141,0,0.406830162732065,0.798327530386288,FALSE,"clonotype664"
"PT16","TRB:CASSPGPSVNTEAFF;TRA:CAVGYYGGATNKLIF",0,1,0.000563380281690141,0,0.406830162732065,0.798327530386288,FALSE,"clonotype522"
"PT16","TRB:CASSPGTRLGYTF;TRA:CATGLGFGNEKLTF",0,1,0.000563380281690141,0,0.406830162732065,0.798327530386288,FALSE,"clonotype421"
"PT16","TRB:CASSPGTSGSDTQYF;TRA:CALRSSWNNNARLMF",0,1,0.000563380281690141,0,0.406830162732065,0.798327530386288,FALSE,"clonotype546"
"PT16","TRB:CASSPGYSVLLGAFF;TRA:CAASIGFEKLTF",0,1,0.000563380281690141,0,0.406830162732065,0.798327530386288,FALSE,"clonotype506"
"PT16","TRB:CASSPLAEQYF;TRA:CAVTPSGYSTLTF",0,2,0.00112676056338028,0,0.165510781308599,0.798327530386288,FALSE,"clonotype93"
"PT16","TRB:CASSPLAGGSQETQYF;TRA:CAVPGAGSYQLTF",0,1,0.000563380281690141,0,0.406830162732065,0.798327530386288,FALSE,"clonotype728"
"PT16","TRB:CASSPLAGGYEQYF;TRA:CAVRDTGGFKTIF",0,1,0.000563380281690141,0,0.406830162732065,0.798327530386288,FALSE,"clonotype492"
"PT16","TRB:CASSPLLAGDSYNEQFF;TRB:CASTRDGRDQPQHF;TRA:CAESAWANSNSGYALNF;TRA:CVVSEMYSGGGADGLTF",0,1,0.000563380281690141,0,0.406830162732065,0.798327530386288,FALSE,"clonotype454"
"PT16","TRB:CASSPMTLSTDTQYF;TRA:CALRNNAGNMLTF",0,1,0.000563380281690141,0,0.406830162732065,0.798327530386288,FALSE,"clonotype590"
"PT16","TRB:CASSPPGALKGDEQFF;TRB:CSATLERAAISTDTQYF;TRA:CAVRWGGATNKLIF",0,1,0.000563380281690141,0,0.406830162732065,0.798327530386288,FALSE,"clonotype533"
"PT16","TRB:CASSPPGTGGTEAFF;TRA:CALGGFGNVLHC;TRA:CAVRVDNDYKLSF",0,2,0.00112676056338028,0,0.165510781308599,0.798327530386288,FALSE,"clonotype124"
"PT16","TRB:CASSPPQDTQYF;TRA:CILRGSNSGGSNYKLTF",0,1,0.000563380281690141,0,0.406830162732065,0.798327530386288,FALSE,"clonotype297"
"PT16","TRB:CASSPPRTVDTEAFF;TRB:CASSSYRDRGYEQYF;TRA:CAMREGGGSGNTGKLIF;TRA:CATDQMNTGFQKLVF",0,1,0.000563380281690141,0,0.406830162732065,0.798327530386288,FALSE,"clonotype671"
"PT16","TRB:CASSPPSGPLHEKLFF;TRA:CAMRLSNTGFQKLVF",0,1,0.000563380281690141,0,0.406830162732065,0.798327530386288,FALSE,"clonotype748"
"PT16","TRB:CASSPPWTPAAAEAFF;TRA:CAASTPGNTPLVF",0,1,0.000563380281690141,0,0.406830162732065,0.798327530386288,FALSE,"clonotype729"
"PT16","TRB:CASSPQRNTEAFF;TRA:CAASIGNFGNEKLTF",0,3,0.00169014084507042,0,0.0673347780936884,0.798327530386288,FALSE,"clonotype71"
"PT16","TRB:CASSPRDIRNTEAFF;TRA:CVVSEPPGSGNTGKLIF",0,1,0.000563380281690141,0,0.406830162732065,0.798327530386288,FALSE,"clonotype578"
"PT16","TRB:CASSPREAGGDTDTQYF;TRB:CSARAPEAFF;TRA:CAVGTGYNTDKLIF",0,1,0.000563380281690141,0,0.406830162732065,0.798327530386288,FALSE,"clonotype141"
"PT16","TRB:CASSPREGVQETQYF;TRA:CAYGEGNTPLVF",0,1,0.000563380281690141,0,0.406830162732065,0.798327530386288,FALSE,"clonotype673"
"PT16","TRB:CASSPRGGLDYGYTF;TRA:CAASHPGSARQLTF",0,1,0.000563380281690141,0,0.406830162732065,0.798327530386288,FALSE,"clonotype543"
"PT16","TRB:CASSPRGGNTEAFF;TRA:CVVNRYGSGNTGKLIF",0,1,0.000563380281690141,0,0.406830162732065,0.798327530386288,FALSE,"clonotype565"
"PT16","TRB:CASSPRGLSGGAVDTQYF;TRB:CATSVSGRAGDTQYF;TRA:CAMNPGYSSASKIIF;TRA:CAVRLASGGYQKVTF",0,1,0.000563380281690141,0,0.406830162732065,0.798327530386288,FALSE,"clonotype566"
"PT16","TRB:CASSPRGSPHTGELFF;TRA:CAVTENTGNQFYF",0,1,0.000563380281690141,0,0.406830162732065,0.798327530386288,FALSE,"clonotype635"
"PT16","TRB:CASSPRLGGGRETQYF;TRA:CALSKAAGNKLTF",0,1,0.000563380281690141,0,0.406830162732065,0.798327530386288,FALSE,"clonotype744"
"PT16","TRB:CASSPRPSGNYGYTF;TRA:CVVNSGYALNF",0,1,0.000563380281690141,0,0.406830162732065,0.798327530386288,FALSE,"clonotype505"
"PT16","TRB:CASSPRRRGLAGGKDTQYF;TRA:CAATANTSGSARQLTF",0,1,0.000563380281690141,0,0.406830162732065,0.798327530386288,FALSE,"clonotype791"
"PT16","TRB:CASSPRTGTTDTQYF;TRA:CALRSGYSTLTF",0,1,0.000563380281690141,0,0.406830162732065,0.798327530386288,FALSE,"clonotype554"
"PT16","TRB:CASSPRTTEAFF;TRA:CALHNNAGNMLTF",0,1,0.000563380281690141,0,0.406830162732065,0.798327530386288,FALSE,"clonotype296"
"PT16","TRB:CASSPSAPGTSGRHYNEQFF;TRB:CATQTGNNEQFF;TRA:CAASLSGGYNKLIF;TRA:CIVRPGPISSGSARQLTF",0,1,0.000563380281690141,0,0.406830162732065,0.798327530386288,FALSE,"clonotype225"
"PT16","TRB:CASSPSGFVGNQPQHF;TRA:CALSDPGGYGGSQGNLIF",0,1,0.000563380281690141,0,0.406830162732065,0.798327530386288,FALSE,"clonotype697"
"PT16","TRB:CASSPSVAGVQETQYF",0,1,0.000563380281690141,0,0.406830162732065,0.798327530386288,FALSE,"clonotype717"
"PT16","TRB:CASSPTGGSSNQPQHF;TRA:CAMREGEGSTLGRLYF",0,1,0.000563380281690141,0,0.406830162732065,0.798327530386288,FALSE,"clonotype752"
"PT16","TRB:CASSPTGSLPMNTEAFF;TRB:CSARDGGRSTDLQYF;TRA:CATVPRGTGGFKTIF;TRA:CAVRDTATGFQKLVF",0,1,0.000563380281690141,0,0.406830162732065,0.798327530386288,FALSE,"clonotype269"
"PT16","TRB:CASSPTGTRGTDTQYF;TRA:CIVRVTQTQTGSARQLTF",0,1,0.000563380281690141,0,0.406830162732065,0.798327530386288,FALSE,"clonotype662"
"PT16","TRB:CASSPTRTGYEQYF;TRA:CAARGGGGADGLTF",0,2,0.00112676056338028,0,0.165510781308599,0.798327530386288,FALSE,"clonotype108"
"PT16","TRB:CASSPTSGRRTDTQYF;TRA:CIVRVTSIIQGAQKLVF",0,1,0.000563380281690141,0,0.406830162732065,0.798327530386288,FALSE,"clonotype730"
"PT16","TRB:CASSPTSSRADTQYF;TRA:CAMREADNNAGNMLTF",0,3,0.00169014084507042,0,0.0673347780936884,0.798327530386288,FALSE,"clonotype78"
"PT16","TRB:CASSPVSGSNTGELFF;TRA:CALRGLTNAGGTSYGKLTF",0,1,0.000563380281690141,0,0.406830162732065,0.798327530386288,FALSE,"clonotype694"
"PT16","TRB:CASSPWGEQYF;TRA:CALSEAPGDNYGQNFVF",0,1,0.000563380281690141,0,0.406830162732065,0.798327530386288,FALSE,"clonotype184"
"PT16","TRB:CASSPWTGVNTEAFF",0,1,0.000563380281690141,0,0.406830162732065,0.798327530386288,FALSE,"clonotype470"
"PT16","TRB:CASSPWYLGKGNYGYTF",0,1,0.000563380281690141,0,0.406830162732065,0.798327530386288,FALSE,"clonotype706"
"PT16","TRB:CASSPYRQGFYF",0,1,0.000563380281690141,0,0.406830162732065,0.798327530386288,FALSE,"clonotype257"
"PT16","TRB:CASSPYRQGYYGYTF;TRA:CAMREGGLTGGGNKLTF",0,1,0.000563380281690141,0,0.406830162732065,0.798327530386288,FALSE,"clonotype696"
"PT16","TRB:CASSPYTRTDTQYF;TRA:CARYGQNFVF",0,2,0.00112676056338028,0,0.165510781308599,0.798327530386288,FALSE,"clonotype113"
"PT16","TRB:CASSQAGRDYGYTF;TRA:CAVRGGAGNMLTF",0,1,0.000563380281690141,0,0.406830162732065,0.798327530386288,FALSE,"clonotype408"
"PT16","TRB:CASSQAKGELAANTGELFF;TRA:CAASYNTNAGKSTF",0,1,0.000563380281690141,0,0.406830162732065,0.798327530386288,FALSE,"clonotype780"
"PT16","TRB:CASSQDAGQNMNTEAFF;TRA:CAMRGGNSGYSTLTF",0,1,0.000563380281690141,0,0.406830162732065,0.798327530386288,FALSE,"clonotype750"
"PT16","TRB:CASSQDDLAGTDTQYF",0,1,0.000563380281690141,0,0.406830162732065,0.798327530386288,FALSE,"clonotype612"
"PT16","TRB:CASSQDEDGDGYTF;TRA:CAVANPNSGYALNF",0,1,0.000563380281690141,0,0.406830162732065,0.798327530386288,FALSE,"clonotype558"
"PT16","TRB:CASSQDEREGQGRTDTQYF;TRA:CALEPRGGGATNKLIF;TRA:CARRGGGGGNKLTF",0,1,0.000563380281690141,0,0.406830162732065,0.798327530386288,FALSE,"clonotype784"
"PT16","TRB:CASSQDHATAYGYTF;TRA:CVVSRGPGGSYIPTF",0,1,0.000563380281690141,0,0.406830162732065,0.798327530386288,FALSE,"clonotype572"
"PT16","TRB:CASSQDPGQEAFF;TRA:CALTTDSWGKLQF",0,1,0.000563380281690141,0,0.406830162732065,0.798327530386288,FALSE,"clonotype289"
"PT16","TRB:CASSQDREEGEKLFF;TRA:CAVGEGGFKTIF",0,1,0.000563380281690141,0,0.406830162732065,0.798327530386288,FALSE,"clonotype511"
"PT16","TRB:CASSQDRGSASYEQYF;TRA:CAATDSNYQLIW",0,1,0.000563380281690141,0,0.406830162732065,0.798327530386288,FALSE,"clonotype618"
"PT16","TRB:CASSQDRYGGPEDTQYF;TRA:CAFMNPNAGGTSYGKLTF",0,1,0.000563380281690141,0,0.406830162732065,0.798327530386288,FALSE,"clonotype754"
"PT16","TRB:CASSQDTAGHRSTDTQYF;TRA:CALSENAGGTSYGKLTF",0,1,0.000563380281690141,0,0.406830162732065,0.798327530386288,FALSE,"clonotype774"
"PT16","TRB:CASSQDWADTQYF;TRA:CAFMSRGFGNEKLTF",0,1,0.000563380281690141,0,0.406830162732065,0.798327530386288,FALSE,"clonotype342"
"PT16","TRB:CASSQERASGLDEQFF;TRA:CAVSRTGNQFYF",0,1,0.000563380281690141,0,0.406830162732065,0.798327530386288,FALSE,"clonotype647"
"PT16","TRB:CASSQERGSAGELFF;TRA:CAVSPLSGGSYIPTF",0,1,0.000563380281690141,0,0.406830162732065,0.798327530386288,FALSE,"clonotype571"
"PT16","TRB:CASSQEVLDEQFF;TRA:CLVGEAPSGTYKYIF",0,1,0.000563380281690141,0,0.406830162732065,0.798327530386288,FALSE,"clonotype386"
"PT16","TRB:CASSQGAGEQFF;TRA:CVVSRGGADGLTF",0,1,0.000563380281690141,0,0.406830162732065,0.798327530386288,FALSE,"clonotype303"
"PT16","TRB:CASSQGALAGGGSGTQYF;TRA:CALQNSGGYQKVTF",0,1,0.000563380281690141,0,0.406830162732065,0.798327530386288,FALSE,"clonotype776"
"PT16","TRB:CASSQGDRAGDTQYF",0,1,0.000563380281690141,0,0.406830162732065,0.798327530386288,FALSE,"clonotype487"
"PT16","TRB:CASSQGLVPAETQYF;TRA:CAVSLLGGFKTIF",0,1,0.000563380281690141,0,0.406830162732065,0.798327530386288,FALSE,"clonotype532"
"PT16","TRB:CASSQGMETEQYF;TRA:CAVPPAAGNKLTF",0,1,0.000563380281690141,0,0.406830162732065,0.798327530386288,FALSE,"clonotype300"
"PT16","TRB:CASSQGPGRDRESQYF;TRA:CAGASVSNYQLIW",0,1,0.000563380281690141,0,0.406830162732065,0.798327530386288,FALSE,"clonotype627"
"PT16","TRB:CASSQGRGPSDTEAFF;TRA:CAVSRVYTGGFKTIF",0,1,0.000563380281690141,0,0.406830162732065,0.798327530386288,FALSE,"clonotype681"
"PT16","TRB:CASSQGSGGPDHYEQYF;TRA:CAASMEGNEKLTF;TRA:CAFIRDGGSQGNLIF",0,1,0.000563380281690141,0,0.406830162732065,0.798327530386288,FALSE,"clonotype751"
"PT16","TRB:CASSQGTSGETQYF;TRA:CALSDGLTIQGAQKLVF;TRA:CAVNIKGGGSTLGRLYF",0,1,0.000563380281690141,0,0.406830162732065,0.798327530386288,FALSE,"clonotype427"
"PT16","TRB:CASSQGTVNTEAFF;TRA:CAASYYKLSF",0,1,0.000563380281690141,0,0.406830162732065,0.798327530386288,FALSE,"clonotype449"
"PT16","TRB:CASSQGYGPYEQYF;TRA:CAVRNTGFGNVLHC",0,1,0.000563380281690141,0,0.406830162732065,0.798327530386288,FALSE,"clonotype545"
"PT16","TRB:CASSQLVEEDTQYF;TRA:CVVTPPMGAGNMLTF",0,1,0.000563380281690141,0,0.406830162732065,0.798327530386288,FALSE,"clonotype439"
"PT16","TRB:CASSQLVGQGLYGYTF;TRA:CAREGGSQGNLIF",0,1,0.000563380281690141,0,0.406830162732065,0.798327530386288,FALSE,"clonotype703"
"PT16","TRB:CASSQPGGAGEKLFF;TRA:CAASSLTQGGSEKLVF",0,1,0.000563380281690141,0,0.406830162732065,0.798327530386288,FALSE,"clonotype588"
"PT16","TRB:CASSQQFPGEGYTF;TRA:CAVIRMNRDDKIIF",0,1,0.000563380281690141,0,0.406830162732065,0.798327530386288,FALSE,"clonotype428"
"PT16","TRB:CASSQQGARSEKLFF;TRA:CATDAGAAGNKLTF",0,2,0.00112676056338028,0,0.165510781308599,0.798327530386288,FALSE,"clonotype102"
"PT16","TRB:CASSQRVYDSRLYGYTF",0,1,0.000563380281690141,0,0.406830162732065,0.798327530386288,FALSE,"clonotype708"
"PT16","TRB:CASSQSDRGLFEQYF;TRA:CAASGIGAAGNKLTF;TRA:CATGPKETSGSRLTF",0,1,0.000563380281690141,0,0.406830162732065,0.798327530386288,FALSE,"clonotype556"
"PT16","TRB:CASSQSVTGVGYTF;TRA:CATDDDGNNRLAF",0,1,0.000563380281690141,0,0.406830162732065,0.798327530386288,FALSE,"clonotype516"
"PT16","TRB:CASSQTGQGPEQYF;TRA:CALGRVGKLTF;TRA:CLLEYGNKLVF",0,1,0.000563380281690141,0,0.406830162732065,0.798327530386288,FALSE,"clonotype489"
"PT16","TRB:CASSQTGTSGLGGLEQYF",0,1,0.000563380281690141,0,0.406830162732065,0.798327530386288,FALSE,"clonotype761"
"PT16","TRB:CASSQVLGNSYEQYF;TRA:CIPRQYSGGSNYKLTF;TRA:CLLVTGRDSNYQLIW",0,1,0.000563380281690141,0,0.406830162732065,0.798327530386288,FALSE,"clonotype491"
"PT16","TRB:CASSQVPEGREEAFF;TRA:CALQRGGSNYKLTF",0,1,0.000563380281690141,0,0.406830162732065,0.798327530386288,FALSE,"clonotype576"
"PT16","TRB:CASSQVPGRDTEAFF;TRA:CAFLIIQGAQKLVF",0,4,0.00225352112676056,0,0.0273938187293827,0.77798445191447,FALSE,"clonotype56"
"PT16","TRB:CASSQVQGGSEAFF;TRA:CAYRSGGADGLTF",0,1,0.000563380281690141,0,0.406830162732065,0.798327530386288,FALSE,"clonotype446"
"PT16","TRB:CASSQVRLVTYEQYF;TRA:CAYRSGRNYGQNFVF",0,1,0.000563380281690141,0,0.406830162732065,0.798327530386288,FALSE,"clonotype579"
"PT16","TRB:CASSRAPGPLYEQYF;TRA:CAVSELHGSGNTGKLIF",0,1,0.000563380281690141,0,0.406830162732065,0.798327530386288,FALSE,"clonotype688"
"PT16","TRB:CASSRDKGLAGGSGELFF;TRA:CALYNFNKFYF",0,1,0.000563380281690141,0,0.406830162732065,0.798327530386288,FALSE,"clonotype775"
"PT16","TRB:CASSRDLTGGPNYGYTF;TRA:CAAREGAQKLVF",0,1,0.000563380281690141,0,0.406830162732065,0.798327530386288,FALSE,"clonotype773"
"PT16","TRB:CASSRGASQPQHF",0,1,0.000563380281690141,0,0.406830162732065,0.798327530386288,FALSE,"clonotype242"
"PT16","TRB:CASSRGEQGQEAFF;TRA:CAASNDYKLSF",0,1,0.000563380281690141,0,0.406830162732065,0.798327530386288,FALSE,"clonotype499"
"PT16","TRB:CASSRGPRGGGYEQYF;TRA:CLVGDDPYAGNNRKLIW",0,1,0.000563380281690141,0,0.406830162732065,0.798327530386288,FALSE,"clonotype645"
"PT16","TRB:CASSRGREQYF;TRB:CSARAPAVPYNEQFF;TRA:CAMREGLEAAGNKLTF;TRA:CGANRDDKIIF",0,1,0.000563380281690141,0,0.406830162732065,0.798327530386288,FALSE,"clonotype203"
"PT16","TRB:CASSRGTPYGYTF;TRA:CAPYNQGGKLIF",0,1,0.000563380281690141,0,0.406830162732065,0.798327530386288,FALSE,"clonotype350"
"PT16","TRB:CASSRQTSNTEAFF;TRA:CAVRPFSGNTGKLIF",0,1,0.000563380281690141,0,0.406830162732065,0.798327530386288,FALSE,"clonotype447"
"PT16","TRB:CASSRRGLAGGPGEQFF;TRA:CALSDYSGGGADGLTF",0,1,0.000563380281690141,0,0.406830162732065,0.798327530386288,FALSE,"clonotype753"
"PT16","TRB:CASSRRSGGPYNEQFF;TRA:CAGYSGGGADGLTF",0,1,0.000563380281690141,0,0.406830162732065,0.798327530386288,FALSE,"clonotype628"
"PT16","TRB:CASSRRTGGLEKQYF;TRA:CAVQEVRSGNTGKLIF;TRA:CAVTSGFQKLVF",0,1,0.000563380281690141,0,0.406830162732065,0.798327530386288,FALSE,"clonotype521"
"PT16","TRB:CASSRSWGRDYNEQFF;TRA:CAESIGGSQGNLIF",0,1,0.000563380281690141,0,0.406830162732065,0.798327530386288,FALSE,"clonotype663"
"PT16","TRB:CASSRTGRAYEQYF",0,1,0.000563380281690141,0,0.406830162732065,0.798327530386288,FALSE,"clonotype363"
"PT16","TRB:CASSRTSGSVNEQYF;TRA:CAVHAYSGAGSYQLTF",0,1,0.000563380281690141,0,0.406830162732065,0.798327530386288,FALSE,"clonotype632"
"PT16","TRB:CASSRTSGTDTQYF;TRA:CALGPGGFQKLVF",0,1,0.000563380281690141,0,0.406830162732065,0.798327530386288,FALSE,"clonotype465"
"PT16","TRB:CASSSAGAHNTEAFF;TRA:CAVRDRGSNSGYALNF",0,2,0.00112676056338028,0,0.165510781308599,0.798327530386288,FALSE,"clonotype116"
"PT16","TRB:CASSSDERPQHF;TRA:CAVSGTGTASKLTI",0,1,0.000563380281690141,0,0.406830162732065,0.798327530386288,FALSE,"clonotype320"
"PT16","TRB:CASSSDRGQSQETQYF;TRA:CIVRARGGATNKLIF",0,1,0.000563380281690141,0,0.406830162732065,0.798327530386288,FALSE,"clonotype724"
"PT16","TRB:CASSSEGDQPQHF;TRA:CAGARTNAGKSTF",0,1,0.000563380281690141,0,0.406830162732065,0.798327530386288,FALSE,"clonotype275"
"PT16","TRB:CASSSGETQYF;TRA:CAVNRGTSGSRLTF",0,1,0.000563380281690141,0,0.406830162732065,0.798327530386288,FALSE,"clonotype233"
"PT16","TRB:CASSSGFNEKLFF;TRA:CAALSNTGNQFYF",0,1,0.000563380281690141,0,0.406830162732065,0.798327530386288,FALSE,"clonotype459"
"PT16","TRB:CASSSGIGWNYGYTF",0,1,0.000563380281690141,0,0.406830162732065,0.798327530386288,FALSE,"clonotype484"
"PT16","TRB:CASSSGLAGVSEQFF;TRA:CALSGPNTGNQFYF",0,1,0.000563380281690141,0,0.406830162732065,0.798327530386288,FALSE,"clonotype503"
"PT16","TRB:CASSSGRQNTEAFF",0,1,0.000563380281690141,0,0.406830162732065,0.798327530386288,FALSE,"clonotype353"
"PT16","TRB:CASSSGRQNTEAFF;TRA:CAVESGGGADGLTF",0,1,0.000563380281690141,0,0.406830162732065,0.798327530386288,FALSE,"clonotype431"
"PT16","TRB:CASSSIQGVAFF;TRA:CAARRSQGNLIF;TRA:CAVRAITGGGNKLTF",0,1,0.000563380281690141,0,0.406830162732065,0.798327530386288,FALSE,"clonotype277"
"PT16","TRB:CASSSKRDGSKNIQYF",0,1,0.000563380281690141,0,0.406830162732065,0.798327530386288,FALSE,"clonotype595"
"PT16","TRB:CASSSKTGFTYEQYF;TRA:CATDARTSGSARQLTF",0,1,0.000563380281690141,0,0.406830162732065,0.798327530386288,FALSE,"clonotype570"
"PT16","TRB:CASSSLHSGAEQYF;TRA:CILDFGNEKLTF",0,2,0.00112676056338028,0,0.165510781308599,0.798327530386288,FALSE,"clonotype105"
"PT16","TRB:CASSSLTGLERYEQYF",0,1,0.000563380281690141,0,0.406830162732065,0.798327530386288,FALSE,"clonotype613"
"PT16","TRB:CASSSLWREGANEQFF;TRB:CASSWDRDNSPLHF;TRA:CGDTGANSKLTF",0,10,0.00563380281690141,0,0.000124202816431369,0.00881839996662719,TRUE,"clonotype28"
"PT16","TRB:CASSSMPGQGLETQYF;TRA:CAVPTDNYGQNFVF",0,1,0.000563380281690141,0,0.406830162732065,0.798327530386288,FALSE,"clonotype651"
"PT16","TRB:CASSSPDRDRSEQYF;TRA:CIVSLRHMEYGNKLVF",0,4,0.00225352112676056,0,0.0273938187293827,0.77798445191447,FALSE,"clonotype57"
"PT16","TRB:CASSSPPWGQPQHF;TRA:CAVRGGYQKVTF",0,1,0.000563380281690141,0,0.406830162732065,0.798327530386288,FALSE,"clonotype391"
"PT16","TRB:CASSSPSYQETQYF;TRA:CAASITPGTYKYIF",0,1,0.000563380281690141,0,0.406830162732065,0.798327530386288,FALSE,"clonotype587"
"PT16","TRB:CASSSRDSHQPQHF;TRA:CAPRGSYIPTF",0,1,0.000563380281690141,0,0.406830162732065,0.798327530386288,FALSE,"clonotype367"
"PT16","TRB:CASSSRGGGKRNEQFF;TRA:CAVRLDNQGGKLIF;TRA:CPESGNTPLVF",0,1,0.000563380281690141,0,0.406830162732065,0.798327530386288,FALSE,"clonotype723"
"PT16","TRB:CASSSRRGGETDTQYF;TRA:CALEGSARQLTF",0,2,0.00112676056338028,0,0.165510781308599,0.798327530386288,FALSE,"clonotype131"
"PT16","TRB:CASSSRRQGARATNEKLFF;TRA:CAGLNAGGTSYGKLTF",0,1,0.000563380281690141,0,0.406830162732065,0.798327530386288,FALSE,"clonotype779"
"PT16","TRB:CASSSRSPFSYEQYF",0,1,0.000563380281690141,0,0.406830162732065,0.798327530386288,FALSE,"clonotype607"
"PT16","TRB:CASSSSELGYTF;TRA:CAVGGHGNKLVF",0,1,0.000563380281690141,0,0.406830162732065,0.798327530386288,FALSE,"clonotype218"
"PT16","TRB:CASSSSGTGYLDTEAFF;TRA:CAPLGEGEKLTF;TRA:CAYRSLLRDDKIIF",0,1,0.000563380281690141,0,0.406830162732065,0.798327530386288,FALSE,"clonotype739"
"PT16","TRB:CASSSSSGWNTGELFF;TRA:CAFNPDSGSRLTF",0,2,0.00112676056338028,0,0.165510781308599,0.798327530386288,FALSE,"clonotype128"
"PT16","TRB:CASSSSSGWVYEQYF;TRA:CAVSLQTGANNLFF",0,1,0.000563380281690141,0,0.406830162732065,0.798327530386288,FALSE,"clonotype555"
"PT16","TRB:CASSSSVNYGYTF;TRA:CAVSAGGFKTIF",0,1,0.000563380281690141,0,0.406830162732065,0.798327530386288,FALSE,"clonotype373"
"PT16","TRB:CASSSTGLTTDTQYF;TRA:CAVRSFGNEKLTF",0,1,0.000563380281690141,0,0.406830162732065,0.798327530386288,FALSE,"clonotype529"
"PT16","TRB:CASSSTSGPSDTQYF",0,1,0.000563380281690141,0,0.406830162732065,0.798327530386288,FALSE,"clonotype604"
"PT16","TRB:CASSSWANVLTF",0,1,0.000563380281690141,0,0.406830162732065,0.798327530386288,FALSE,"clonotype258"
"PT16","TRB:CASSSYQGSTYEQYF;TRA:CAVTNAGNNRKLIW",0,1,0.000563380281690141,0,0.406830162732065,0.798327530386288,FALSE,"clonotype550"
"PT16","TRB:CASSSYRDRGYEQYF;TRA:CATDQMNTGFQKLVF",0,1,0.000563380281690141,0,0.406830162732065,0.798327530386288,FALSE,"clonotype670"
"PT16","TRB:CASSTGGAGEGAHEKLFF",0,1,0.000563380281690141,0,0.406830162732065,0.798327530386288,FALSE,"clonotype777"
"PT16","TRB:CASSTGPYEQYF",0,1,0.000563380281690141,0,0.406830162732065,0.798327530386288,FALSE,"clonotype263"
"PT16","TRB:CASSTKGQAYEQYF;TRA:CALNAGGTSYGKLTF",0,1,0.000563380281690141,0,0.406830162732065,0.798327530386288,FALSE,"clonotype552"
"PT16","TRB:CASSTMMGTEAFF;TRA:CAAPHSGNTPLVF;TRA:CAMSARNDYKLSF",0,1,0.000563380281690141,0,0.406830162732065,0.798327530386288,FALSE,"clonotype405"
"PT16","TRB:CASSTPGLAGVISKPYNEQFF;TRA:CASSILGGGADGLTF",0,1,0.000563380281690141,0,0.406830162732065,0.798327530386288,FALSE,"clonotype794"
"PT16","TRB:CASSTQRGRGTQYF;TRA:CAGRWMNRDDKIIF;TRA:CAMKAAGNKLTF",0,1,0.000563380281690141,0,0.406830162732065,0.798327530386288,FALSE,"clonotype387"
"PT16","TRB:CASSTRTGALEQYF;TRA:CAASVPGNEKLTF;TRA:CALRAVHAGGTSYGKLTF",0,1,0.000563380281690141,0,0.406830162732065,0.798327530386288,FALSE,"clonotype458"
"PT16","TRB:CASSTSGTVMYYGYTF;TRA:CATDPTSGSRLTF",0,1,0.000563380281690141,0,0.406830162732065,0.798327530386288,FALSE,"clonotype634"
"PT16","TRB:CASSTTAERSNNEQFF",0,1,0.000563380281690141,0,0.406830162732065,0.798327530386288,FALSE,"clonotype712"
"PT16","TRB:CASSVAAAKNTEAFF",0,1,0.000563380281690141,0,0.406830162732065,0.798327530386288,FALSE,"clonotype488"
"PT16","TRB:CASSVAGHPGYNEQFF;TRA:CAVGGGSEKLVF",0,1,0.000563380281690141,0,0.406830162732065,0.798327530386288,FALSE,"clonotype633"
"PT16","TRB:CASSVAPEPVSEGYTF;TRA:CAELRDNYGQNFVF",0,1,0.000563380281690141,0,0.406830162732065,0.798327530386288,FALSE,"clonotype674"
"PT16","TRB:CASSVASGPGNTIYF;TRA:CATPPRRGAQKLVF",0,1,0.000563380281690141,0,0.406830162732065,0.798327530386288,FALSE,"clonotype544"
"PT16","TRB:CASSVDSNSPLHF;TRA:CVVKSLMKTSYDKVIF",0,1,0.000563380281690141,0,0.406830162732065,0.798327530386288,FALSE,"clonotype330"
"PT16","TRB:CASSVEARNLETQYF;TRA:CAMREGDSGYSTLTF",0,3,0.00169014084507042,0,0.0673347780936884,0.798327530386288,FALSE,"clonotype80"
"PT16","TRB:CASSVEIFPGAIDEQFF;TRA:CAYNYGGSQGNLIF",0,1,0.000563380281690141,0,0.406830162732065,0.798327530386288,FALSE,"clonotype746"
"PT16","TRB:CASSVESSYNEQFF;TRA:CAETGANNLFF;TRA:CGAAATSGTYKYIF",0,1,0.000563380281690141,0,0.406830162732065,0.798327530386288,FALSE,"clonotype390"
"PT16","TRB:CASSVETSGRWSDTQYF;TRA:CAASARGRRDDKIIF",0,1,0.000563380281690141,0,0.406830162732065,0.798327530386288,FALSE,"clonotype755"
"PT16","TRB:CASSVGDRGRDTEAFF;TRA:CAVRFLYSGAGSYQLTF;TRA:CLVGWNARLMF",0,1,0.000563380281690141,0,0.406830162732065,0.798327530386288,FALSE,"clonotype616"
"PT16","TRB:CASSVGDRVTEAFF",0,1,0.000563380281690141,0,0.406830162732065,0.798327530386288,FALSE,"clonotype365"
"PT16","TRB:CASSVGFRGTDTQYF;TRA:CAALLRVQGAQKLVF",0,1,0.000563380281690141,0,0.406830162732065,0.798327530386288,FALSE,"clonotype557"
"PT16","TRB:CASSVGGSYEQYF;TRA:CAVSPKAAGNKLTF",0,1,0.000563380281690141,0,0.406830162732065,0.798327530386288,FALSE,"clonotype321"
"PT16","TRB:CASSVGIGSEPGNTIYF;TRA:CAEIQTGANNLFF",0,1,0.000563380281690141,0,0.406830162732065,0.798327530386288,FALSE,"clonotype732"
"PT16","TRB:CASSVGNGTSAGEETQYF;TRA:CAVPSNDYKLSF",0,1,0.000563380281690141,0,0.406830162732065,0.798327530386288,FALSE,"clonotype762"
"PT16","TRB:CASSVGSGVNSPLHF;TRA:CALGGGSEKLVF",0,1,0.000563380281690141,0,0.406830162732065,0.798327530386288,FALSE,"clonotype512"
"PT16","TRB:CASSVKGSYGYTF;TRA:CAVRYSSASKIIF;TRA:CAYRITIYSGNTPLVF",0,1,0.000563380281690141,0,0.406830162732065,0.798327530386288,FALSE,"clonotype311"
"PT16","TRB:CASSVPGLQDTGELFF;TRA:CLVGEDGNKLVF",0,1,0.000563380281690141,0,0.406830162732065,0.798327530386288,FALSE,"clonotype718"
"PT16","TRB:CASSVQGIATDEQFF;TRA:CASRSPYSGGGADGLTF",0,1,0.000563380281690141,0,0.406830162732065,0.798327530386288,FALSE,"clonotype573"
"PT16","TRB:CASSVRAEQYF;TRA:CAVRPPRGGFGNVLHC",0,1,0.000563380281690141,0,0.406830162732065,0.798327530386288,FALSE,"clonotype181"
"PT16","TRB:CASSVRASYEQYF;TRA:CAFIEIGFGNVLHC",0,1,0.000563380281690141,0,0.406830162732065,0.798327530386288,FALSE,"clonotype334"
"PT16","TRB:CASSVRSGGKEKLFF;TRA:CAAPRLSGGGGADGLTF;TRA:CAMSSNFGNEKLTF",0,1,0.000563380281690141,0,0.406830162732065,0.798327530386288,FALSE,"clonotype577"
"PT16","TRB:CASSVSGGSTEAFF;TRA:CAVRAITGGGNKLTF;TRA:CAVSENDAGNMLTF",0,1,0.000563380281690141,0,0.406830162732065,0.798327530386288,FALSE,"clonotype500"
"PT16","TRB:CASSVSRGETQYF;TRA:CAASGGGSYIPTF",0,1,0.000563380281690141,0,0.406830162732065,0.798327530386288,FALSE,"clonotype404"
"PT16","TRB:CASSVTIGTSGGPGDTQYF;TRA:CAMYIQGAQKLVF",0,1,0.000563380281690141,0,0.406830162732065,0.798327530386288,FALSE,"clonotype788"
"PT16","TRB:CASSVVIPGGSNEKLFF;TRA:CAVSERSGGGADGLTF",0,1,0.000563380281690141,0,0.406830162732065,0.798327530386288,FALSE,"clonotype747"
"PT16","TRB:CASSVVSGVGTDTQYF;TRA:CALKDSGAGSYQLTF;TRA:CAVNRSSNFGNEKLTF",0,1,0.000563380281690141,0,0.406830162732065,0.798327530386288,FALSE,"clonotype686"
"PT16","TRB:CASSWDRDNSPLHF",0,17,0.00957746478873239,0,2.29099137863355e-07,1.98807140745867e-05,TRUE,"clonotype17"
"PT16","TRB:CASSWDRDNSPLHF;TRA:CAMREGVVSEKLVF",0,1,0.000563380281690141,0,0.406830162732065,0.798327530386288,FALSE,"clonotype448"
"PT16","TRB:CASSWDRGGSTQYF",0,3,0.00169014084507042,0,0.0673347780936884,0.798327530386288,FALSE,"clonotype72"
"PT16","TRB:CASSWGGVAGVTDTQYF;TRA:CALSWPGGSYIPTF",0,1,0.000563380281690141,0,0.406830162732065,0.798327530386288,FALSE,"clonotype771"
"PT16","TRB:CASSWGSGNTIYF;TRA:CAGAPYTGTASKLTF",0,1,0.000563380281690141,0,0.406830162732065,0.798327530386288,FALSE,"clonotype407"
"PT16","TRB:CASSWLASYEQYF;TRA:CATDRLTETSGSRLTF;TRA:CAVNDGANSNSGYALNF",0,1,0.000563380281690141,0,0.406830162732065,0.798327530386288,FALSE,"clonotype442"
"PT16","TRB:CASSWTGFNQPQHF;TRA:CIVRGSDNDKLIF",0,2,0.00112676056338028,0,0.165510781308599,0.798327530386288,FALSE,"clonotype106"
"PT16","TRB:CASSYAGVGTGGGTPLHF;TRA:CAQDSGYALNF",0,2,0.00112676056338028,0,0.165510781308599,0.798327530386288,FALSE,"clonotype135"
"PT16","TRB:CASSYFVQGSGNTIYF;TRA:CAYRTGYALNF",0,1,0.000563380281690141,0,0.406830162732065,0.798327530386288,FALSE,"clonotype649"
"PT16","TRB:CASSYGGAFLSGYTF;TRA:CVVNLNYGGSQGNLIF",0,1,0.000563380281690141,0,0.406830162732065,0.798327530386288,FALSE,"clonotype561"
"PT16","TRB:CASSYGLAGTKIDTQYF;TRA:CAASRGTGTASKLTF",0,1,0.000563380281690141,0,0.406830162732065,0.798327530386288,FALSE,"clonotype733"
"PT16","TRB:CASSYGSPRDYGYTF",0,1,0.000563380281690141,0,0.406830162732065,0.798327530386288,FALSE,"clonotype471"
"PT16","TRB:CASSYIRRGGAFF;TRA:CAVSRKNSGGSNYKLTF",0,1,0.000563380281690141,0,0.406830162732065,0.798327530386288,FALSE,"clonotype340"
"PT16","TRB:CASSYLEGGYTF",0,1,0.000563380281690141,0,0.406830162732065,0.798327530386288,FALSE,"clonotype187"
"PT16","TRB:CASSYMAGDTEAFF;TRA:CAARINNNARLMF",0,1,0.000563380281690141,0,0.406830162732065,0.798327530386288,FALSE,"clonotype461"
"PT16","TRB:CASSYPGPSYEQYF;TRA:CAVRDRGDDKIIF",0,1,0.000563380281690141,0,0.406830162732065,0.798327530386288,FALSE,"clonotype535"
"PT16","TRB:CASSYPSGNSGNTIYF;TRB:CSARVSSGGWQFF;TRA:CAVLSTDSWGKLQF;TRA:CAVRDPILTGGGNKLTF",0,1,0.000563380281690141,0,0.406830162732065,0.798327530386288,FALSE,"clonotype175"
"PT16","TRB:CASSYRVGKEQFF;TRA:CALSEADKASGYSTLTF",0,1,0.000563380281690141,0,0.406830162732065,0.798327530386288,FALSE,"clonotype344"
"PT16","TRB:CASSYSGLEQFF;TRA:CAVLGGATNKLIF",0,2,0.00112676056338028,0,0.165510781308599,0.798327530386288,FALSE,"clonotype92"
"PT16","TRB:CASSYSNRGYGELFF;TRA:CATEGSGNTPLVF",0,1,0.000563380281690141,0,0.406830162732065,0.798327530386288,FALSE,"clonotype515"
"PT16","TRB:CASSYSRGGDTQYF;TRA:CVVSDLTGANSKLTF",0,1,0.000563380281690141,0,0.406830162732065,0.798327530386288,FALSE,"clonotype440"
"PT16","TRB:CASSYSSADTQYF;TRA:CVVNGGGRRALTF;TRA:CVVNGVRYNQGGKLIF",0,1,0.000563380281690141,0,0.406830162732065,0.798327530386288,FALSE,"clonotype288"
"PT16","TRB:CASSYTGELFF;TRA:CAMRAPGETSGSRLTF",0,1,0.000563380281690141,0,0.406830162732065,0.798327530386288,FALSE,"clonotype240"
"PT16","TRB:CASSYTGSGAYEQYF;TRA:CAVPRDGSGNTGKLIF",0,1,0.000563380281690141,0,0.406830162732065,0.798327530386288,FALSE,"clonotype540"
"PT16","TRB:CASSYTHGQGAYGYTF;TRA:CLVGDRNYGGSQGNLIF",0,1,0.000563380281690141,0,0.406830162732065,0.798327530386288,FALSE,"clonotype636"
"PT16","TRB:CASSYVGLAGADTQYF;TRA:CAGQNNNAGNMLTF",0,1,0.000563380281690141,0,0.406830162732065,0.798327530386288,FALSE,"clonotype629"
"PT16","TRB:CASTERTGTSYEQYF;TRA:CAVRATNKLIF",0,1,0.000563380281690141,0,0.406830162732065,0.798327530386288,FALSE,"clonotype510"
"PT16","TRB:CASTFGTSLTDTQYF",0,1,0.000563380281690141,0,0.406830162732065,0.798327530386288,FALSE,"clonotype600"
"PT16","TRB:CASTGQGVLAGNTIYF",0,1,0.000563380281690141,0,0.406830162732065,0.798327530386288,FALSE,"clonotype593"
"PT16","TRB:CASTKGLAEYTDTQYF;TRB:CSALSYNEQFF;TRA:CAGVWRGNQGGKLIF",0,1,0.000563380281690141,0,0.406830162732065,0.798327530386288,FALSE,"clonotype147"
"PT16","TRB:CASTKQGIYNSPLHF;TRA:CAMIGNYGNNRLAF",0,1,0.000563380281690141,0,0.406830162732065,0.798327530386288,FALSE,"clonotype562"
"PT16","TRB:CASTLGRYYEQYF;TRA:CAPQAGGSNYKLTF;TRA:CAVNIGRGNQFYF",0,1,0.000563380281690141,0,0.406830162732065,0.798327530386288,FALSE,"clonotype302"
"PT16","TRB:CASTNAGNTIYF;TRA:CAESPNTGGFKTIF",0,1,0.000563380281690141,0,0.406830162732065,0.798327530386288,FALSE,"clonotype227"
"PT16","TRB:CASTPDRAYEQYF;TRA:CAASKRSTLTF;TRA:CAGARVSSYKLIF",0,1,0.000563380281690141,0,0.406830162732065,0.798327530386288,FALSE,"clonotype273"
"PT16","TRB:CASTPGDEQFF;TRA:CAVKTPGDALNF",0,1,0.000563380281690141,0,0.406830162732065,0.798327530386288,FALSE,"clonotype173"
"PT16","TRB:CASTPGMTGFYGYTF;TRA:CAVRPETSGSRLTF;TRA:CAVTPFMNTDKLIF",0,1,0.000563380281690141,0,0.406830162732065,0.798327530386288,FALSE,"clonotype528"
"PT16","TRB:CASTPGQALFFF",0,1,0.000563380281690141,0,0.406830162732065,0.798327530386288,FALSE,"clonotype262"
"PT16","TRB:CASTPGQASPYGYTF;TRA:CALEPMEYGNKLVF",0,2,0.00112676056338028,0,0.165510781308599,0.798327530386288,FALSE,"clonotype129"
"PT16","TRB:CASTQEPRVKAGGRWSHEQFF;TRA:CAPQGYQKVTF",0,1,0.000563380281690141,0,0.406830162732065,0.798327530386288,FALSE,"clonotype797"
"PT16","TRB:CASTRDSRSYNEQFF;TRA:CAATLQGGSEKLVF",0,1,0.000563380281690141,0,0.406830162732065,0.798327530386288,FALSE,"clonotype585"
"PT16","TRB:CASTRPQGATNEKLFF",0,1,0.000563380281690141,0,0.406830162732065,0.798327530386288,FALSE,"clonotype596"
"PT16","TRB:CASWSGTGYNEQFF;TRA:CAMMPYNTDKLIF",0,1,0.000563380281690141,0,0.406830162732065,0.798327530386288,FALSE,"clonotype438"
"PT16","TRB:CATEGASGDNEQFF;TRA:CAFMTPLLNYGGSQGNLIF;TRA:CELNAGGTSYGKLTF",0,1,0.000563380281690141,0,0.406830162732065,0.798327530386288,FALSE,"clonotype437"
"PT16","TRB:CATEPGTGVNEKLFF;TRA:CAVSDSGGFKTIF;TRA:CVVTYYGNNRLAF",0,1,0.000563380281690141,0,0.406830162732065,0.798327530386288,FALSE,"clonotype534"
"PT16","TRB:CATGGAELFTEAFF;TRA:CAASTGGFKTIF",0,1,0.000563380281690141,0,0.406830162732065,0.798327530386288,FALSE,"clonotype205"
"PT16","TRB:CATGTSGTLHYNEQFF;TRA:CALVNRGSTLGRLYF",0,1,0.000563380281690141,0,0.406830162732065,0.798327530386288,FALSE,"clonotype704"
"PT16","TRB:CATRGGRGTGELFF;TRA:CATALMNTGFQKLVF",0,1,0.000563380281690141,0,0.406830162732065,0.798327530386288,FALSE,"clonotype436"
"PT16","TRB:CATRGGSGVFGKLFF;TRA:CVGSRSNFGNEKLTF",0,1,0.000563380281690141,0,0.406830162732065,0.798327530386288,FALSE,"clonotype547"
"PT16","TRB:CATRRGNTIYF;TRA:CAAPYSGAGSYQLTF",0,4,0.00225352112676056,0,0.0273938187293827,0.77798445191447,FALSE,"clonotype49"
"PT16","TRB:CATSDLPRRGIGELFF;TRA:CALRGNTGNQFYF",0,1,0.000563380281690141,0,0.406830162732065,0.798327530386288,FALSE,"clonotype638"
"PT16","TRB:CATSDPLAGARGEQFF",0,1,0.000563380281690141,0,0.406830162732065,0.798327530386288,FALSE,"clonotype602"
"PT16","TRB:CATSDSPGTRGINEQFF;TRA:CAVSRGDTGRRALTF",0,1,0.000563380281690141,0,0.406830162732065,0.798327530386288,FALSE,"clonotype742"
"PT16","TRB:CATSRERYSNQPQHF;TRA:CILRGAINNAGNMLTF",0,1,0.000563380281690141,0,0.406830162732065,0.798327530386288,FALSE,"clonotype513"
"PT16","TRB:CATSRGDSKNIQYF;TRA:CAVTGGTSYGKLTF",0,1,0.000563380281690141,0,0.406830162732065,0.798327530386288,FALSE,"clonotype463"
"PT16","TRB:CATSRGGGREQYF;TRA:CALWGSSGGYQKVTF;TRA:CAVNEDGQKLLF",0,1,0.000563380281690141,0,0.406830162732065,0.798327530386288,FALSE,"clonotype279"
"PT16","TRB:CATSRGGLAGNSYEQYF",0,1,0.000563380281690141,0,0.406830162732065,0.798327530386288,FALSE,"clonotype716"
"PT16","TRB:CATSRGGPVQGPEQYF;TRA:CAVSDGPDSSYKLIF",0,1,0.000563380281690141,0,0.406830162732065,0.798327530386288,FALSE,"clonotype682"
"PT16","TRB:CATSRGQQYGYTF;TRA:CIVRGNNAGNMLTF",0,1,0.000563380281690141,0,0.406830162732065,0.798327530386288,FALSE,"clonotype268"
"PT16","TRB:CATSRVRGSGNTIYF;TRA:CATANQAGTALIF",0,1,0.000563380281690141,0,0.406830162732065,0.798327530386288,FALSE,"clonotype525"
"PT16","TRB:CATSSAVGSEAFF;TRA:CAMSERKAGTALIF",0,1,0.000563380281690141,0,0.406830162732065,0.798327530386288,FALSE,"clonotype331"
"PT16","TRB:CATSTRAINEKLFF;TRA:CGAAGGSNYKLTF;TRA:CIALTPMEYGNKLVF",0,1,0.000563380281690141,0,0.406830162732065,0.798327530386288,FALSE,"clonotype385"
"PT16","TRB:CAWEGRLAGGQGEQFF;TRA:CAVTAGGYQKVTF",0,1,0.000563380281690141,0,0.406830162732065,0.798327530386288,FALSE,"clonotype401"
"PT16","TRB:CAWGRPNGYTF;TRA:CATDSGGSNYKLTF",0,1,0.000563380281690141,0,0.406830162732065,0.798327530386288,FALSE,"clonotype150"
"PT16","TRB:CAWSADRGLYEQYF;TRA:CAGERGGSNYKLTF",0,1,0.000563380281690141,0,0.406830162732065,0.798327530386288,FALSE,"clonotype206"
"PT16","TRB:CAWSDQVEGETQYF;TRA:CGTAFFSGGYQKVTF",0,1,0.000563380281690141,0,0.406830162732065,0.798327530386288,FALSE,"clonotype228"
"PT16","TRB:CAWSEGLPRTDTQYF;TRA:CAASARKQGAQKLVF",0,1,0.000563380281690141,0,0.406830162732065,0.798327530386288,FALSE,"clonotype348"
"PT16","TRB:CAWSGDWRGNNEQFF",0,1,0.000563380281690141,0,0.406830162732065,0.798327530386288,FALSE,"clonotype245"
"PT16","TRB:CAWSGSERETQYF;TRA:CAVSRRALTF",0,1,0.000563380281690141,0,0.406830162732065,0.798327530386288,FALSE,"clonotype169"
"PT16","TRB:CAWSKGAVGNQPQHF",0,1,0.000563380281690141,0,0.406830162732065,0.798327530386288,FALSE,"clonotype244"
"PT16","TRB:CAWSPGHGYQPQHF;TRA:CAVNRPGNQFYF",0,1,0.000563380281690141,0,0.406830162732065,0.798327530386288,FALSE,"clonotype215"
"PT16","TRB:CAWSSAGVVGEQFF;TRA:CATAGGKLIF",0,1,0.000563380281690141,0,0.406830162732065,0.798327530386288,FALSE,"clonotype208"
"PT16","TRB:CAWSVALREGEQYF;TRA:CVVNRADALNF",0,1,0.000563380281690141,0,0.406830162732065,0.798327530386288,FALSE,"clonotype200"
"PT16","TRB:CAWSVLAGGPNTQYF;TRA:CALSKSGGGADGLTF",0,1,0.000563380281690141,0,0.406830162732065,0.798327530386288,FALSE,"clonotype314"
"PT16","TRB:CSAAGTSGVSSYEQYF;TRA:CAGLGDTGNQFYF;TRA:CALVTGAQKLVF",0,1,0.000563380281690141,0,0.406830162732065,0.798327530386288,FALSE,"clonotype376"
"PT16","TRB:CSAFPRGLNTEAFF;TRA:CAVNAKSSASKIIF",0,1,0.000563380281690141,0,0.406830162732065,0.798327530386288,FALSE,"clonotype230"
"PT16","TRB:CSAHRDRSNTEAFF",0,1,0.000563380281690141,0,0.406830162732065,0.798327530386288,FALSE,"clonotype190"
"PT16","TRB:CSAKKPRQGGEKLFF;TRA:CAVKMGGTSYGKLTF",0,1,0.000563380281690141,0,0.406830162732065,0.798327530386288,FALSE,"clonotype326"
"PT16","TRB:CSAKSGLSVGNEQFF;TRA:CAGGHTGTASKLTF;TRA:CALSGVGGGSNYKLTF",0,1,0.000563380281690141,0,0.406830162732065,0.798327530386288,FALSE,"clonotype283"
"PT16","TRB:CSALPPARDEQYF;TRA:CAASPGGYNKLIF",0,1,0.000563380281690141,0,0.406830162732065,0.798327530386288,FALSE,"clonotype185"
"PT16","TRB:CSAMLDRGYTGELFF;TRA:CVVARGSTLGRLYF",0,2,0.00112676056338028,0,0.165510781308599,0.798327530386288,FALSE,"clonotype95"
"PT16","TRB:CSANQGAVETEAFF",0,1,0.000563380281690141,0,0.406830162732065,0.798327530386288,FALSE,"clonotype247"
"PT16","TRB:CSANQGAVETEAFF;TRA:CALSDQLTGGGNKLTF",0,2,0.00112676056338028,0,0.165510781308599,0.798327530386288,FALSE,"clonotype94"
"PT16","TRB:CSAPDREGYGYTF;TRA:CAASDYGGSQGNLIF",0,1,0.000563380281690141,0,0.406830162732065,0.798327530386288,FALSE,"clonotype186"
"PT16","TRB:CSAPPGGTLMGDTQYF;TRA:CAVSDSGGYQKVTF",0,1,0.000563380281690141,0,0.406830162732065,0.798327530386288,FALSE,"clonotype434"
"PT16","TRB:CSAPTSANEQFF;TRA:CLVGDMEKTGANNLFF",0,1,0.000563380281690141,0,0.406830162732065,0.798327530386288,FALSE,"clonotype159"
"PT16","TRB:CSAPVTESTDTQYF;TRA:CLVFQAGTALIF",0,1,0.000563380281690141,0,0.406830162732065,0.798327530386288,FALSE,"clonotype197"
"PT16","TRB:CSARAAGLRSQETQYF;TRA:CAVMGVLNTGFQKLVF",0,1,0.000563380281690141,0,0.406830162732065,0.798327530386288,FALSE,"clonotype450"
"PT16","TRB:CSARAGGHYEQYF;TRA:CALSSRSGYSTLTF",0,1,0.000563380281690141,0,0.406830162732065,0.798327530386288,FALSE,"clonotype182"
"PT16","TRB:CSARAGGIYNEQFF;TRA:CAVGANNDMRF",0,1,0.000563380281690141,0,0.406830162732065,0.798327530386288,FALSE,"clonotype211"
"PT16","TRB:CSARALLAGNTGELFF;TRA:CAGQLRAGGTSYGKLTF",0,1,0.000563380281690141,0,0.406830162732065,0.798327530386288,FALSE,"clonotype435"
"PT16","TRB:CSARANTEAFF;TRA:CALRSWMDSSYKLIF",0,1,0.000563380281690141,0,0.406830162732065,0.798327530386288,FALSE,"clonotype151"
"PT16","TRB:CSARDGGRSTDLQYF;TRA:CATVPRGTGGFKTIF;TRA:CAVRDPDGSGNTGKLIF",0,3,0.00169014084507042,0,0.0673347780936884,0.798327530386288,FALSE,"clonotype68"
"PT16","TRB:CSARDGPDGQYF;TRA:CAMWGNTNAGKSTF",0,1,0.000563380281690141,0,0.406830162732065,0.798327530386288,FALSE,"clonotype163"
"PT16","TRB:CSARDPASSSTQYF;TRA:CAGAGGTSYGKLTF",0,1,0.000563380281690141,0,0.406830162732065,0.798327530386288,FALSE,"clonotype210"
"PT16","TRB:CSARDPGTGWDTIYF;TRA:CAMNTDKLIF",0,1,0.000563380281690141,0,0.406830162732065,0.798327530386288,FALSE,"clonotype293"
"PT16","TRB:CSARDSSGRLYEQYF",0,1,0.000563380281690141,0,0.406830162732065,0.798327530386288,FALSE,"clonotype249"
"PT16","TRB:CSARDVSGARWETQYF;TRA:CAVWGETSGSRLTF",0,1,0.000563380281690141,0,0.406830162732065,0.798327530386288,FALSE,"clonotype417"
"PT16","TRB:CSARDYRQGINNEQFF",0,1,0.000563380281690141,0,0.406830162732065,0.798327530386288,FALSE,"clonotype355"
"PT16","TRB:CSAREGTSGTDTQYF",0,1,0.000563380281690141,0,0.406830162732065,0.798327530386288,FALSE,"clonotype248"
"PT16","TRB:CSARELATDTQYF",0,1,0.000563380281690141,0,0.406830162732065,0.798327530386288,FALSE,"clonotype166"
"PT16","TRB:CSARGAGTGTGSSYEQYF",0,1,0.000563380281690141,0,0.406830162732065,0.798327530386288,FALSE,"clonotype599"
"PT16","TRB:CSARGGETPGPADTQYF;TRA:CAVQAAGNKLTF",0,1,0.000563380281690141,0,0.406830162732065,0.798327530386288,FALSE,"clonotype508"
"PT16","TRB:CSARGGLAGGSSYNEQFF;TRA:CAVNAEGGADGLTF",0,1,0.000563380281690141,0,0.406830162732065,0.798327530386288,FALSE,"clonotype666"
"PT16","TRB:CSARGGQGALDEQYF;TRA:CLVGDNHRSSASKIIF",0,1,0.000563380281690141,0,0.406830162732065,0.798327530386288,FALSE,"clonotype284"
"PT16","TRB:CSARGIGTYNEQFF;TRA:CIVRAPMEYGNKLVF",0,1,0.000563380281690141,0,0.406830162732065,0.798327530386288,FALSE,"clonotype202"
"PT16","TRB:CSARGTGNTIYF;TRA:CAASIPDGQKLLF",0,1,0.000563380281690141,0,0.406830162732065,0.798327530386288,FALSE,"clonotype161"
"PT16","TRB:CSARNRISGNTIYF",0,1,0.000563380281690141,0,0.406830162732065,0.798327530386288,FALSE,"clonotype191"
"PT16","TRB:CSARPHTYNEQFF;TRA:CAESNRYSGGGADGLTF",0,1,0.000563380281690141,0,0.406830162732065,0.798327530386288,FALSE,"clonotype183"
"PT16","TRB:CSARQGNNEKLFF;TRA:CAVNERGGGNKLTF;TRA:CVVWGSGNTGKLIF",0,2,0.00112676056338028,0,0.165510781308599,0.798327530386288,FALSE,"clonotype89"
"PT16","TRB:CSARQVDNEQFF",0,1,0.000563380281690141,0,0.406830162732065,0.798327530386288,FALSE,"clonotype155"
"PT16","TRB:CSARRASARSYEQYF;TRA:CAPGAMDTGRRALTF",0,1,0.000563380281690141,0,0.406830162732065,0.798327530386288,FALSE,"clonotype270"
"PT16","TRB:CSARRGTNQPQHF;TRA:CAVDLNAGNNRKLIW",0,1,0.000563380281690141,0,0.406830162732065,0.798327530386288,FALSE,"clonotype180"
"PT16","TRB:CSARRNTEAFF;TRA:CAVASQGGSEKLVF;TRA:CAVASQGGSEKLVF",0,1,0.000563380281690141,0,0.406830162732065,0.798327530386288,FALSE,"clonotype146"
"PT16","TRB:CSARRRAASGELFF;TRA:CAPPIIQGAQKLVF;TRA:CGAEDQTGANNLFF",0,1,0.000563380281690141,0,0.406830162732065,0.798327530386288,FALSE,"clonotype221"
"PT16","TRB:CSARSGEGGDTQYF;TRA:CALSPVYSSASKIIF",0,1,0.000563380281690141,0,0.406830162732065,0.798327530386288,FALSE,"clonotype315"
"PT16","TRB:CSARVAGVTDTQYF;TRA:CATVPQAGTALIF",0,1,0.000563380281690141,0,0.406830162732065,0.798327530386288,FALSE,"clonotype217"
"PT16","TRB:CSARVGQGYNQPQHF",0,1,0.000563380281690141,0,0.406830162732065,0.798327530386288,FALSE,"clonotype250"
"PT16","TRB:CSARVGTGNNSPLHF",0,1,0.000563380281690141,0,0.406830162732065,0.798327530386288,FALSE,"clonotype251"
"PT16","TRB:CSASDHTQYF;TRA:CGADPGGTSYGKLTF;TRA:CVVRGNSGGSNYKLTF",0,1,0.000563380281690141,0,0.406830162732065,0.798327530386288,FALSE,"clonotype142"
"PT16","TRB:CSASGPGTSGGMDIQYF;TRA:CALRGNKLVF",0,1,0.000563380281690141,0,0.406830162732065,0.798327530386288,FALSE,"clonotype498"
"PT16","TRB:CSASGQYNEQFF",0,1,0.000563380281690141,0,0.406830162732065,0.798327530386288,FALSE,"clonotype156"
"PT16","TRB:CSASGSTDTQYF;TRA:CAVQPAGNTGKLIF",0,1,0.000563380281690141,0,0.406830162732065,0.798327530386288,FALSE,"clonotype162"
"PT16","TRB:CSASIRLAGKIYNEQFF;TRA:CAFGTTDSWGKLQF",0,4,0.00225352112676056,0,0.0273938187293827,0.77798445191447,FALSE,"clonotype54"
"PT16","TRB:CSASPGGASNYGYTF",0,1,0.000563380281690141,0,0.406830162732065,0.798327530386288,FALSE,"clonotype252"
"PT16","TRB:CSASPGLSGGPSSYEQYF;TRA:CALSASSSASKIIF",0,1,0.000563380281690141,0,0.406830162732065,0.798327530386288,FALSE,"clonotype654"
"PT16","TRB:CSASRDRDLVDEKLFF",0,1,0.000563380281690141,0,0.406830162732065,0.798327530386288,FALSE,"clonotype356"
"PT16","TRB:CSASRDRDLVDEKLFF;TRA:CAGSKAAGNKLTF",0,1,0.000563380281690141,0,0.406830162732065,0.798327530386288,FALSE,"clonotype377"
"PT16","TRB:CSASSGQGYQETQYF;TRA:CAVHHGNNNDMRF",0,1,0.000563380281690141,0,0.406830162732065,0.798327530386288,FALSE,"clonotype304"
"PT16","TRB:CSASSQGGNSPLHF;TRA:CAASRGNTGNQFYF",0,1,0.000563380281690141,0,0.406830162732065,0.798327530386288,FALSE,"clonotype223"
"PT16","TRB:CSASWEGLAGRETQYF;TRA:CVGYSGGSNYKLTF",0,1,0.000563380281690141,0,0.406830162732065,0.798327530386288,FALSE,"clonotype418"
"PT16","TRB:CSATGAGYEQYF;TRA:CAARQNAGGTSYGKLTF",0,2,0.00112676056338028,0,0.165510781308599,0.798327530386288,FALSE,"clonotype86"
"PT16","TRB:CSATGGWQNTEAFF;TRA:CILRDRGSTLGRLYF",0,1,0.000563380281690141,0,0.406830162732065,0.798327530386288,FALSE,"clonotype201"
"PT16","TRB:CSATSLDRGYDEQYF;TRA:CALCSGNTGKLIF",0,1,0.000563380281690141,0,0.406830162732065,0.798327530386288,FALSE,"clonotype292"
"PT16","TRB:CSATTGWSSNQPQHF;TRA:CAMSAKPTDSWGKLQF",0,1,0.000563380281690141,0,0.406830162732065,0.798327530386288,FALSE,"clonotype338"
"PT16","TRB:CSAVAGASYEQYF;TRA:CAEGPTFSDGQKLLF;TRA:CAVKHSSASKIIF",0,1,0.000563380281690141,0,0.406830162732065,0.798327530386288,FALSE,"clonotype178"
"PT16","TRB:CSAYSREGRLEQYF;TRA:CALRDTGANSKLTF",0,1,0.000563380281690141,0,0.406830162732065,0.798327530386288,FALSE,"clonotype222"
"PT16","TRB:CSAYSREGRLEQYF;TRA:CAVSVGLIQGAQKLVF",0,1,0.000563380281690141,0,0.406830162732065,0.798327530386288,FALSE,"clonotype238"
"PT16","TRB:CSGGTSGSVGEQFF;TRA:CAERGNARLMF",0,1,0.000563380281690141,0,0.406830162732065,0.798327530386288,FALSE,"clonotype209"
"PT16","TRB:CSITGDSYNSPLHF",0,1,0.000563380281690141,0,0.406830162732065,0.798327530386288,FALSE,"clonotype189"
"PT16","TRB:CSTLGRESGGMANIQYF",0,1,0.000563380281690141,0,0.406830162732065,0.798327530386288,FALSE,"clonotype474"
"PT16","TRB:CSVDRLAGSHNEQFF;TRA:CAVGGDTDKLIF",0,1,0.000563380281690141,0,0.406830162732065,0.798327530386288,FALSE,"clonotype291"
"PT16","TRB:CSVEDPGRGLETDTQYF",0,1,0.000563380281690141,0,0.406830162732065,0.798327530386288,FALSE,"clonotype473"
"PT16","TRB:CSVEDSRGSYGYTF;TRA:CAFIMYNNNDMRF;TRA:CGTESVMGYQKVTF",0,1,0.000563380281690141,0,0.406830162732065,0.798327530386288,FALSE,"clonotype220"
"PT16","TRB:CSVEESNRGISGANVLTF;TRA:CAASDIYNQGGKLIF",0,1,0.000563380281690141,0,0.406830162732065,0.798327530386288,FALSE,"clonotype699"
"PT16","TRB:CSVETAPNYYPEAFF",0,1,0.000563380281690141,0,0.406830162732065,0.798327530386288,FALSE,"clonotype246"
"PT16","TRB:CSVGRGSEQYF",0,1,0.000563380281690141,0,0.406830162732065,0.798327530386288,FALSE,"clonotype144"
"PT16","TRB:CSVRGARGETQYF;TRA:CIVRASYGGSQGNLIF",0,1,0.000563380281690141,0,0.406830162732065,0.798327530386288,FALSE,"clonotype170"
"PT16","TRB:CSVVAGLGELFF;TRA:CAGFGNAGNMLTF",0,1,0.000563380281690141,0,0.406830162732065,0.798327530386288,FALSE,"clonotype158"
"PT16","TRB:CSVVLGSYNEQFF;TRA:YYCIVRDLGDYKL",0,1,0.000563380281690141,0,0.406830162732065,0.798327530386288,FALSE,"clonotype168"
"PT16","TRB:CSVVLWGYEQYF;TRA:CAADSGSARQLTF",0,1,0.000563380281690141,0,0.406830162732065,0.798327530386288,FALSE,"clonotype160"
"PT16","TRB:CSVVVLVGYGYTF;TRA:CAVEYGQNFVF",0,1,0.000563380281690141,0,0.406830162732065,0.798327530386288,FALSE,"clonotype171"
"PT16","TRB:CSVYQTGGAREAFF;TRA:CAATLNRDDKIIF;TRA:CAFAANTGNQFYF",0,1,0.000563380281690141,0,0.406830162732065,0.798327530386288,FALSE,"clonotype236"
"PT3","TRA:CAAKAFNAGNMLTF",1,0,0,0.000424268137462877,0.46062145788548,1,FALSE,NA
"PT3","TRA:CAALMDSSYKLIF",1,0,0,0.000424268137462877,0.46062145788548,1,FALSE,NA
"PT3","TRA:CAAMKTSYDKVIF",1,0,0,0.000424268137462877,0.46062145788548,1,FALSE,NA
"PT3","TRA:CAAPGYPAGNDYKLSF",1,2,0.00072463768115942,0.000424268137462877,1,1,FALSE,"clonotype2264"
"PT3","TRA:CAAPGYPAGNDYKLSF",1,2,0.00072463768115942,0.000424268137462877,1,1,FALSE,"clonotype2265"
"PT3","TRA:CAASDSGNTPLVF",1,0,0,0.000424268137462877,0.46062145788548,1,FALSE,NA
"PT3","TRA:CAASSSNDYKLSF",1,0,0,0.000424268137462877,0.46062145788548,1,FALSE,NA
"PT3","TRA:CAENIDDYKLSF",1,0,0,0.000424268137462877,0.46062145788548,1,FALSE,NA
"PT3","TRA:CAGAGGSYIPTF",1,0,0,0.000424268137462877,0.46062145788548,1,FALSE,NA
"PT3","TRA:CAGHPFSGTGNQFYF",1,0,0,0.000424268137462877,0.46062145788548,1,FALSE,NA
"PT3","TRA:CAGQLYDFGNEKLTF",1,0,0,0.000424268137462877,0.46062145788548,1,FALSE,NA
"PT3","TRA:CALDAYSGGGADGLTF",4,0,0,0.00169707254985151,0.0450170116728311,1,FALSE,NA
"PT3","TRA:CALLMDSSYKLIF",5,0,0,0.00212134068731438,0.0207358015463871,1,FALSE,NA
"PT3","TRA:CALSDRGNNDMRF",1,0,0,0.000424268137462877,0.46062145788548,1,FALSE,NA
"PT3","TRA:CALSEAWETSGSRLTF",1,0,0,0.000424268137462877,0.46062145788548,1,FALSE,NA
"PT3","TRA:CALSGEMGDYGGSQGNLIF",6,0,0,0.00254560882477726,0.00955135513872081,0.877692093828399,FALSE,NA
"PT3","TRA:CALSPWGGTALIF",1,0,0,0.000424268137462877,0.46062145788548,1,FALSE,NA
"PT3","TRA:CAMINYGQNFVF",1,0,0,0.000424268137462877,0.46062145788548,1,FALSE,NA
"PT3","TRA:CAPNTGFQKLVF",1,0,0,0.000424268137462877,0.46062145788548,1,FALSE,NA
"PT3","TRA:CATDAVYVDSNYQLIW",1,0,0,0.000424268137462877,0.46062145788548,1,FALSE,NA
"PT3","TRA:CAVGGGYNKLIF",1,0,0,0.000424268137462877,0.46062145788548,1,FALSE,NA
"PT3","TRA:CAVGHIFKAAGNKLTF",1,0,0,0.000424268137462877,0.46062145788548,1,FALSE,NA
"PT3","TRA:CAVIQGGSEKLVF",1,0,0,0.000424268137462877,0.46062145788548,1,FALSE,NA
"PT3","TRA:CAVLSGTGNTPLVF",1,0,0,0.000424268137462877,0.46062145788548,1,FALSE,NA
"PT3","TRA:CAVRDDKIIF",2,0,0,0.000848536274925753,0.212172127464545,1,FALSE,NA
"PT3","TRA:CAVRVRRALTF",1,0,0,0.000424268137462877,0.46062145788548,1,FALSE,NA
"PT3","TRA:CAVRYHGMRF",1,0,0,0.000424268137462877,0.46062145788548,1,FALSE,NA
"PT3","TRA:CAVSRSGGYQKVTF",1,0,0,0.000424268137462877,0.46062145788548,1,FALSE,NA
"PT3","TRA:CAYRGGSQGNLIF",3,0,0,0.00127280441238863,0.0977310346753825,1,FALSE,NA
"PT3","TRA:CGTEGGDYKLSF",1,0,0,0.000424268137462877,0.46062145788548,1,FALSE,NA
"PT3","TRA:CIVSGNTGKLIF",1,0,0,0.000424268137462877,0.46062145788548,1,FALSE,NA
"PT3","TRA:CTDNAGNMLTF",1,0,0,0.000424268137462877,0.46062145788548,1,FALSE,NA
"PT3","TRA:CVVNTGGFKTIF",1,0,0,0.000424268137462877,0.46062145788548,1,FALSE,NA
"PT3","TRA:CVVTSLSGYNKLIF",1,0,0,0.000424268137462877,0.46062145788548,1,FALSE,NA
"PT3","TRB:CAAAHWAGGYTF;TRA:CAGQTGANNLFF",1,0,0,0.000424268137462877,0.46062145788548,1,FALSE,NA
"PT3","TRB:CAAGFGQNNSPLHF;TRA:CAVSPLSGSARQLTF",1,0,0,0.000424268137462877,0.46062145788548,1,FALSE,NA
"PT3","TRB:CAAVPGTGGYEQYF;TRA:CALVTGGGNKLTF",5,10,0.0036231884057971,0.00212134068731438,0.439258694799899,1,FALSE,"clonotype10"
"PT3","TRB:CACDGAPNQPQHF;TRA:CAASIVDSWGKLQF;TRA:CAVQAYNFNKFYF",1,0,0,0.000424268137462877,0.46062145788548,1,FALSE,NA
"PT3","TRB:CACIIPGLARNEQFF;TRA:CIQSGSARQLTF",1,0,0,0.000424268137462877,0.46062145788548,1,FALSE,NA
"PT3","TRB:CACNPGTGGWRNQPQHF;TRA:CAGLTYTSGTYKYIF",1,0,0,0.000424268137462877,0.46062145788548,1,FALSE,NA
"PT3","TRB:CAGAQGGGNQPQHF;TRB:CASSMGQGTREQYF;TRA:CAIDTDKLIF",1,0,0,0.000424268137462877,0.46062145788548,1,FALSE,NA
"PT3","TRB:CAGDLGGVRYEQYF;TRA:CAVGGSGGGNKLTF",1,0,0,0.000424268137462877,0.46062145788548,1,FALSE,NA
"PT3","TRB:CAGGVSYNEQFF;TRA:CAGNTGNQFYF",1,0,0,0.000424268137462877,0.46062145788548,1,FALSE,NA
"PT3","TRB:CAGNRGQAEAFF;TRA:CGTEGGDYKLSF",1,0,0,0.000424268137462877,0.46062145788548,1,FALSE,NA
"PT3","TRB:CAGPLNTEAFF;TRB:CASSGPGGWTGELFF;TRA:CAVEFSDGQKLLF",1,0,0,0.000424268137462877,0.46062145788548,1,FALSE,NA
"PT3","TRB:CAGRGPSNYGYTF;TRB:CSAPRASGTLVEQFF;TRA:CAFIPPFQGAQKLVF",1,0,0,0.000424268137462877,0.46062145788548,1,FALSE,NA
"PT3","TRB:CAIGDGSTDTQYF",1,0,0,0.000424268137462877,0.46062145788548,1,FALSE,NA
"PT3","TRB:CAIKKGTGGTGNTIYF;TRA:CILRFGGSNYKLTF",1,0,0,0.000424268137462877,0.46062145788548,1,FALSE,NA
"PT3","TRB:CAIRASGRGETQYF;TRA:CAASKGLAGNEKLTF;TRA:CAVQGSMTHNAGNMLTF",1,0,0,0.000424268137462877,0.46062145788548,1,FALSE,NA
"PT3","TRB:CAIREPHRREQFF;TRA:CAASGGRGSYIPTF",1,0,0,0.000424268137462877,0.46062145788548,1,FALSE,NA
"PT3","TRB:CAIRKSGGANSADTQYF",1,0,0,0.000424268137462877,0.46062145788548,1,FALSE,NA
"PT3","TRB:CAISALDWGSYEQYF;TRA:CAVRGNQAGTALIF",1,0,0,0.000424268137462877,0.46062145788548,1,FALSE,NA
"PT3","TRB:CAISALPGGRGSTEAFF;TRA:CAFPTNSNSGYALNF;TRA:CAVGGKDDMRF",1,0,0,0.000424268137462877,0.46062145788548,1,FALSE,NA
"PT3","TRB:CAISAQGGSGNQPQHF;TRA:CAVEEGSGANNLFF",1,0,0,0.000424268137462877,0.46062145788548,1,FALSE,NA
"PT3","TRB:CAISASGKGSEAFF;TRA:CAVIPSGYSTLTF",1,0,0,0.000424268137462877,0.46062145788548,1,FALSE,NA
"PT3","TRB:CAISDGDSYEQYF;TRA:CAVGLTSGTYKYIF",1,0,0,0.000424268137462877,0.46062145788548,1,FALSE,NA
"PT3","TRB:CAISDSRNTIYF;TRA:CAVERFRGSRLTF",2,0,0,0.000848536274925753,0.212172127464545,1,FALSE,NA
"PT3","TRB:CAISEAKGTSNQPQHF;TRA:CAASRLSGNTPLVF",1,0,0,0.000424268137462877,0.46062145788548,1,FALSE,NA
"PT3","TRB:CAISEDTGELFF;TRA:CVVIGALNRDDKIIF",1,0,0,0.000424268137462877,0.46062145788548,1,FALSE,NA
"PT3","TRB:CAISEGLDGYTF;TRA:CAMMEPRYGKLTF",1,0,0,0.000424268137462877,0.46062145788548,1,FALSE,NA
"PT3","TRB:CAISEGMDGYTF;TRA:CAMSGGGGTASKLTF",2,4,0.00144927536231884,0.000848536274925753,0.693279016853404,1,FALSE,"clonotype29"
"PT3","TRB:CAISEGQDGYTF;TRA:CAMSALGRDDKIIF",20,8,0.00289855072463768,0.00848536274925753,0.00771812673049165,0.749760882390617,FALSE,"clonotype14"
"PT3","TRB:CAISEKDNTEAFF;TRA:CAARGAGRRALTF",1,0,0,0.000424268137462877,0.46062145788548,1,FALSE,NA
"PT3","TRB:CAISELEQGPDTQYF;TRB:CSARDRGWGAGHTDTQYF;TRA:CALLMDSSYKLIF",1,0,0,0.000424268137462877,0.46062145788548,1,FALSE,NA
"PT3","TRB:CAISESIKGYEQYF;TRA:CAVQNSGYSTLTF",2,1,0.00036231884057971,0.000848536274925753,0.597975287104682,1,FALSE,"clonotype938"
"PT3","TRB:CAISESLTSGPQETQYF;TRB:CASSRPGAGGNTDTQYF;TRA:CAVQGGSEKLVF",1,0,0,0.000424268137462877,0.46062145788548,1,FALSE,NA
"PT3","TRB:CAISESRTANQPQHF;TRA:CAARGGSQGNLIF",4,0,0,0.00169707254985151,0.0450170116728311,1,FALSE,NA
"PT3","TRB:CAISESSPTYNSPLHF;TRA:CADPVSNYKLTF",24,6,0.00217391304347826,0.010182435299109,0.000177297158990511,0.0374103897682762,TRUE,"clonotype24"
"PT3","TRB:CAISGNPTGLNTEAFF;TRA:CAMREAMDSSYKLIF",1,0,0,0.000424268137462877,0.46062145788548,1,FALSE,NA
"PT3","TRB:CAISGRQVNQPQHF;TRA:CAASGNAGNMLTF",1,0,0,0.000424268137462877,0.46062145788548,1,FALSE,NA
"PT3","TRB:CAISGRSDRSSYEQYF;TRA:CAVTSSGSARQLTF",1,0,0,0.000424268137462877,0.46062145788548,1,FALSE,NA
"PT3","TRB:CAISGTGSGNTIYF;TRB:CASSLDLAGGPEQFF;TRA:CAVGGHNFNKFYF",3,0,0,0.00127280441238863,0.0977310346753825,1,FALSE,NA
"PT3","TRB:CAISGTHTEAFF",1,0,0,0.000424268137462877,0.46062145788548,1,FALSE,NA
"PT3","TRB:CAISRVKNTGELFF;TRA:CAASDPSGTYKYIF",1,0,0,0.000424268137462877,0.46062145788548,1,FALSE,NA
"PT3","TRB:CAISSLSYGYTF;TRA:CADVSGSARQLTF",1,0,0,0.000424268137462877,0.46062145788548,1,FALSE,NA
"PT3","TRB:CAITRDTGNTIYF;TRA:CAGANAGGTSYGKLTF",1,0,0,0.000424268137462877,0.46062145788548,1,FALSE,NA
"PT3","TRB:CAIVASGSAETQYF",1,0,0,0.000424268137462877,0.46062145788548,1,FALSE,NA
"PT3","TRB:CALRVSTDTQYF;TRA:CAVEDRSGGFKTIF",1,0,0,0.000424268137462877,0.46062145788548,1,FALSE,NA
"PT3","TRB:CASAFTGVSYNEQFF",1,0,0,0.000424268137462877,0.46062145788548,1,FALSE,NA
"PT3","TRB:CASAGLGMRTEAFF;TRA:CAVLMDSSYKLIF",2,0,0,0.000848536274925753,0.212172127464545,1,FALSE,NA
"PT3","TRB:CASAGRVQTNEKLFF;TRA:CALAGTSGSRLTF",109,2,0.00072463768115942,0.0462452269834535,3.63688531166295e-34,1.2365410059654e-30,TRUE,"clonotype87"
"PT3","TRB:CASAGTGTSSTDTQYF;TRA:CAASEYGNKLVF",1,0,0,0.000424268137462877,0.46062145788548,1,FALSE,NA
"PT3","TRB:CASANPDRPYYGYTF;TRA:CAASAVPGANNLFF;TRA:CAMSAGDNDMRF",1,0,0,0.000424268137462877,0.46062145788548,1,FALSE,NA
"PT3","TRB:CASASGPSNNEQFF;TRB:CASSQTGNSPLHF;TRA:CMVDSSYKLIF",4,0,0,0.00169707254985151,0.0450170116728311,1,FALSE,NA
"PT3","TRB:CASATSGDQETQYF;TRB:CASSLAGGATDTQYF;TRA:CAVRDPRGGGNKLTF",1,0,0,0.000424268137462877,0.46062145788548,1,FALSE,NA
"PT3","TRB:CASCRTGSNEKLFF;TRA:CAATLNSNSGYALNF;TRA:CIVRVAGGNNRLAF",1,0,0,0.000424268137462877,0.46062145788548,1,FALSE,NA
"PT3","TRB:CASDYSSATGHF;TRA:CATDPQGGKLIF",1,0,0,0.000424268137462877,0.46062145788548,1,FALSE,NA
"PT3","TRB:CASEGSWGSYNEQFF;TRA:CAVASGGSYIPTF",1,0,0,0.000424268137462877,0.46062145788548,1,FALSE,NA
"PT3","TRB:CASEHPRTGFGYTF;TRA:CAASMVGGSARQLTF",1,0,0,0.000424268137462877,0.46062145788548,1,FALSE,NA
"PT3","TRB:CASGAGTALGYTF;TRA:CAGLGNYGQNFVF",1,0,0,0.000424268137462877,0.46062145788548,1,FALSE,NA
"PT3","TRB:CASGENRGSPLHF;TRA:CARLRDAGNNRKLIW",1,0,0,0.000424268137462877,0.46062145788548,1,FALSE,NA
"PT3","TRB:CASGGFYGYTF;TRA:CAYRSGLGGSNYKLTF",1,1,0.00036231884057971,0.000424268137462877,1,1,FALSE,"clonotype278"
"PT3","TRB:CASGHSSGNTIYF;TRA:CAYSNYGGSQGNLIF",1,0,0,0.000424268137462877,0.46062145788548,1,FALSE,NA
"PT3","TRB:CASGLGQAPGYNEQFF;TRA:CAVSLNTDKLIF",1,0,0,0.000424268137462877,0.46062145788548,1,FALSE,NA
"PT3","TRB:CASGLLYRDRVLASPYQPQHF;TRA:CAVLQGAQKLVF",1,0,0,0.000424268137462877,0.46062145788548,1,FALSE,NA
"PT3","TRB:CASGLPPGQGGNTEAFF;TRA:CAVKKAGTALIF",1,0,0,0.000424268137462877,0.46062145788548,1,FALSE,NA
"PT3","TRB:CASGLRNEKLFF;TRA:CAASIGSSNTGKLIF",1,0,0,0.000424268137462877,0.46062145788548,1,FALSE,NA
"PT3","TRB:CASGLVPYPFGTDTQYF",1,0,0,0.000424268137462877,0.46062145788548,1,FALSE,NA
"PT3","TRB:CASGLWGGGANTGELFF;TRA:CALCSGGYQKVTF",1,0,0,0.000424268137462877,0.46062145788548,1,FALSE,NA
"PT3","TRB:CASGPIPGQYEKLFF;TRA:CAVRFTGGGNKLTF",1,0,0,0.000424268137462877,0.46062145788548,1,FALSE,NA
"PT3","TRB:CASGPQGSTEAFF",1,0,0,0.000424268137462877,0.46062145788548,1,FALSE,NA
"PT3","TRB:CASGPVTETQYF;TRA:CAAHGSSNTGKLIF",1,0,0,0.000424268137462877,0.46062145788548,1,FALSE,NA
"PT3","TRB:CASGQGSYEQYF;TRA:CAVSRGGGNKLTF",1,0,0,0.000424268137462877,0.46062145788548,1,FALSE,NA
"PT3","TRB:CASGRAGGTQYF;TRA:CAMSPVFYNQGGKLIF;TRA:CAQGATNKLIF",1,0,0,0.000424268137462877,0.46062145788548,1,FALSE,NA
"PT3","TRB:CASGREGRETQYF;TRA:CALTPDSNDYKLSF",6,2,0.00072463768115942,0.00254560882477726,0.154923072954366,1,FALSE,"clonotype73"
"PT3","TRB:CASGRGLAGGGEQFF",1,0,0,0.000424268137462877,0.46062145788548,1,FALSE,NA
"PT3","TRB:CASGSAPSVDYEQYF;TRA:CAASGGGSNYKLTF;TRA:CILSALYNQGGKLIF",1,0,0,0.000424268137462877,0.46062145788548,1,FALSE,NA
"PT3","TRB:CASGSNRAEQFF",2,0,0,0.000848536274925753,0.212172127464545,1,FALSE,NA
"PT3","TRB:CASGSNRAEQFF;TRB:CASSFDLTSYEQYF;TRA:CATGSGNTGKLIF",8,0,0,0.00339414509970301,0.00202653133995181,0.287091939826506,FALSE,NA
"PT3","TRB:CASGSNRAEQFF;TRB:CASSFDLTSYEQYF;TRA:CAVRQGNYQLIW",7,0,0,0.00296987696224014,0.00439955912877955,0.482532291543564,FALSE,NA
"PT3","TRB:CASGTAGSGGLVYNSPLHF;TRA:CAVGATTDSWGKLQF",1,0,0,0.000424268137462877,0.46062145788548,1,FALSE,NA
"PT3","TRB:CASGTGYTGELFF;TRA:CAIRTHNFNKFYF",1,0,0,0.000424268137462877,0.46062145788548,1,FALSE,NA
"PT3","TRB:CASGYPNTGELFF",1,0,0,0.000424268137462877,0.46062145788548,1,FALSE,NA
"PT3","TRB:CASHFGGEPLNIQYF;TRA:CAVDIIQGAQKLVF",1,0,0,0.000424268137462877,0.46062145788548,1,FALSE,NA
"PT3","TRB:CASIDSPFAHEQYF;TRA:CAGPPNTGNQFYF",1,0,0,0.000424268137462877,0.46062145788548,1,FALSE,NA
"PT3","TRB:CASIFTGTSGRSDYNEQFF;TRA:CAGAGSYQLTF",1,0,0,0.000424268137462877,0.46062145788548,1,FALSE,NA
"PT3","TRB:CASILQSSGNTIYF;TRA:CAQQGDYKLSF",1,0,0,0.000424268137462877,0.46062145788548,1,FALSE,NA
"PT3","TRB:CASIMDSHEQYF;TRA:CAAKYGGATNKLIF;TRA:CAVRDTGNQFYF",2,0,0,0.000848536274925753,0.212172127464545,1,FALSE,NA
"PT3","TRB:CASINGIHPGTQYF;TRA:CAMRQGGKLIF",1,0,0,0.000424268137462877,0.46062145788548,1,FALSE,NA
"PT3","TRB:CASINTIVGYTEAFF;TRA:CAVSPRRGATNKLIF",1,0,0,0.000424268137462877,0.46062145788548,1,FALSE,NA
"PT3","TRB:CASIPEGEGEQFF;TRA:CATNYGGATNKLIF;TRA:CAVVRDYGGATNKLIF",1,0,0,0.000424268137462877,0.46062145788548,1,FALSE,NA
"PT3","TRB:CASIVPDRSSGNTIYF;TRA:CAVRDNARLMF",1,0,0,0.000424268137462877,0.46062145788548,1,FALSE,NA
"PT3","TRB:CASIWAQGLNTEAFF;TRA:CAVRDWMDSSYKLIF",1,0,0,0.000424268137462877,0.46062145788548,1,FALSE,NA
"PT3","TRB:CASKERESEQYF;TRA:CAVDNNARLMF",1,0,0,0.000424268137462877,0.46062145788548,1,FALSE,NA
"PT3","TRB:CASKGATYEQYF;TRA:CAAYFQGAQKLVF;TRA:CAVRSDPRGSNYKLTF",14,7,0.00253623188405797,0.00593975392448027,0.0782464494396195,1,FALSE,"clonotype17"
"PT3","TRB:CASKGATYEQYF;TRB:CASSLDSAGGLGDTQYF;TRA:CAAYFQGAQKLVF;TRA:CAVRSDPRGSNYKLTF",1,0,0,0.000424268137462877,0.46062145788548,1,FALSE,NA
"PT3","TRB:CASKGGLRYGYTF;TRA:CALSGNAGNMLTF",1,0,0,0.000424268137462877,0.46062145788548,1,FALSE,NA
"PT3","TRB:CASKGLADVLGEQYF;TRA:CAVRDRRNRDDKIIF",4,3,0.00108695652173913,0.00169707254985151,0.710482245730299,1,FALSE,"clonotype45"
"PT3","TRB:CASKGRENEQFF;TRA:CAMMDRGVSYDKVIF",1,1,0.00036231884057971,0.000424268137462877,1,1,FALSE,"clonotype414"
"PT3","TRB:CASKPGASNTGELFF;TRA:CAVSEEDSGAGSYQLTF",1,0,0,0.000424268137462877,0.46062145788548,1,FALSE,NA
"PT3","TRB:CASKQGALSGANVLTF;TRA:CAVRDSSGGGYQKVTF",1,0,0,0.000424268137462877,0.46062145788548,1,FALSE,NA
"PT3","TRB:CASKRGGSYNEQFF;TRA:CVVFSGGYQKVTF",1,0,0,0.000424268137462877,0.46062145788548,1,FALSE,NA
"PT3","TRB:CASKRSRLADYNEQFF;TRA:CAMSGRGNYGQNFVF",1,0,0,0.000424268137462877,0.46062145788548,1,FALSE,NA
"PT3","TRB:CASKVRDWSYEQYF;TRA:CAAATSGTYKYIF;TRA:CIFSPPLVYTGANSKLTF",1,0,0,0.000424268137462877,0.46062145788548,1,FALSE,NA
"PT3","TRB:CASLGGRRAYEQYF;TRA:CAGYGGFQKLVF",1,0,0,0.000424268137462877,0.46062145788548,1,FALSE,NA
"PT3","TRB:CASLLTSQETQYF;TRA:CAVRGARTGGSYIPTF",1,0,0,0.000424268137462877,0.46062145788548,1,FALSE,NA
"PT3","TRB:CASLRGLEQFF;TRA:CALQETSGSRLTF",1,0,0,0.000424268137462877,0.46062145788548,1,FALSE,NA
"PT3","TRB:CASLTGPLPDTQYF;TRB:CASNTGGSGAEAFF;TRA:CALPGYGNNRLAF",1,0,0,0.000424268137462877,0.46062145788548,1,FALSE,NA
"PT3","TRB:CASMTGASISYNEQFF;TRB:CSVMTGSTNEKLFF;TRA:CAAIDGNDYKLSF;TRA:CAVSPQGGKLIF",1,0,0,0.000424268137462877,0.46062145788548,1,FALSE,NA
"PT3","TRB:CASMTRDSSYNEQFF;TRA:CALSEGNTGTASKLTF",1,0,0,0.000424268137462877,0.46062145788548,1,FALSE,NA
"PT3","TRB:CASNMGQPNEKLFF;TRA:CAVFSEGNNRLAF",5,1,0.00036231884057971,0.00212134068731438,0.101282225685227,1,FALSE,"clonotype918"
"PT3","TRB:CASNPRGAKYEQYF",1,0,0,0.000424268137462877,0.46062145788548,1,FALSE,NA
"PT3","TRB:CASNPRTGPGELFF;TRA:CAASGMDSSYKLIF",1,0,0,0.000424268137462877,0.46062145788548,1,FALSE,NA
"PT3","TRB:CASNPVRGRTDTQYF;TRA:CAVSLQVSTSYGKLTF",1,1,0.00036231884057971,0.000424268137462877,1,1,FALSE,"clonotype1524"
"PT3","TRB:CASNQQRANYGYTF",1,0,0,0.000424268137462877,0.46062145788548,1,FALSE,NA
"PT3","TRB:CASNRGSPNEQFF;TRA:CAVHASGGSYIPTF;TRA:CAVRDRSTNAGKSTF",2,0,0,0.000848536274925753,0.212172127464545,1,FALSE,NA
"PT3","TRB:CASNSPLRGAHYGYTF;TRA:CAVHSGGGADGLTF",1,0,0,0.000424268137462877,0.46062145788548,1,FALSE,NA
"PT3","TRB:CASPDARTGNTIYF;TRA:CALTPYASGGSYIPTF",1,0,0,0.000424268137462877,0.46062145788548,1,FALSE,NA
"PT3","TRB:CASPRKAGDTGELFF;TRB:CASSPKGRWSSYEQYF;TRA:CILGHNRDDKIIF",1,0,0,0.000424268137462877,0.46062145788548,1,FALSE,NA
"PT3","TRB:CASQLDRGNSPLHF;TRA:CALERDFNKFYF",1,0,0,0.000424268137462877,0.46062145788548,1,FALSE,NA
"PT3","TRB:CASQRDTSTDYEQYF;TRA:CAYRSAWGFGNVLHC",1,0,0,0.000424268137462877,0.46062145788548,1,FALSE,NA
"PT3","TRB:CASRAPGGAYIQYF;TRA:CAGRSGSARQLTF",1,0,0,0.000424268137462877,0.46062145788548,1,FALSE,NA
"PT3","TRB:CASRDPYSPLHF;TRA:CAVQATNAGNNRKLIW",1,0,0,0.000424268137462877,0.46062145788548,1,FALSE,NA
"PT3","TRB:CASRDSGRSDTQYF;TRA:CALDSGAGSYQLTF",1,0,0,0.000424268137462877,0.46062145788548,1,FALSE,NA
"PT3","TRB:CASREQGAFTEAFF;TRA:CALQGAQKLVF",1,0,0,0.000424268137462877,0.46062145788548,1,FALSE,NA
"PT3","TRB:CASRESGGLKSYEQYF;TRA:CAAARRGGGNKLTF;TRA:CAVRMDTGNQFYF",1,0,0,0.000424268137462877,0.46062145788548,1,FALSE,NA
"PT3","TRB:CASRFIEWVGETQYF;TRA:CALYGQNFVF",1,0,0,0.000424268137462877,0.46062145788548,1,FALSE,NA
"PT3","TRB:CASRGAAGELFF;TRA:CAGARPVGWDNQGGKLIF;TRA:CALKNGANNLFF",1,0,0,0.000424268137462877,0.46062145788548,1,FALSE,NA
"PT3","TRB:CASRGGGNQPQHF;TRA:CAVNEGAQKLVF",1,0,0,0.000424268137462877,0.46062145788548,1,FALSE,NA
"PT3","TRB:CASRGGGVYGYTF;TRA:CAMTVYNQGGKLIF;TRA:CILRDRGAQKLVF",1,0,0,0.000424268137462877,0.46062145788548,1,FALSE,NA
"PT3","TRB:CASRGGNTGELFF;TRA:CPRPGYSTLTF",1,0,0,0.000424268137462877,0.46062145788548,1,FALSE,NA
"PT3","TRB:CASRGGSNQPQHF",1,0,0,0.000424268137462877,0.46062145788548,1,FALSE,NA
"PT3","TRB:CASRGLIEAFF",1,0,0,0.000424268137462877,0.46062145788548,1,FALSE,NA
"PT3","TRB:CASRGRGYSNQPQHF;TRA:CADTRDYKLSF",1,0,0,0.000424268137462877,0.46062145788548,1,FALSE,NA
"PT3","TRB:CASRGTFNGYTF;TRA:CILRDPLNRDDKIIF",1,0,0,0.000424268137462877,0.46062145788548,1,FALSE,NA
"PT3","TRB:CASRGTGAQGHYGYTF;TRA:CATPYGGATNKLIF",1,0,0,0.000424268137462877,0.46062145788548,1,FALSE,NA
"PT3","TRB:CASRGTGSSPLHF;TRA:CILTKTNTGNQFYF",1,0,0,0.000424268137462877,0.46062145788548,1,FALSE,NA
"PT3","TRB:CASRHNLLDGYTF;TRA:CALSEAPGLGYGQNFVF",8,2,0.00072463768115942,0.00339414509970301,0.0518786899151673,1,FALSE,"clonotype65"
"PT3","TRB:CASRIAGVPDTQYF;TRA:CAASKAGANNLFF",1,0,0,0.000424268137462877,0.46062145788548,1,FALSE,NA
"PT3","TRB:CASRKGGGWGYTF;TRA:CAVQALARAGNMLTF",1,0,0,0.000424268137462877,0.46062145788548,1,FALSE,NA
"PT3","TRB:CASRKGQGGVYGYTF;TRA:CAPFGGKKYGSSNTGKLIF;TRA:CIVRAHSYNTDKLIF",1,0,0,0.000424268137462877,0.46062145788548,1,FALSE,NA
"PT3","TRB:CASRKNYNEQFF;TRA:CAGVYGQNFVF",1,0,0,0.000424268137462877,0.46062145788548,1,FALSE,NA
"PT3","TRB:CASRLAVFDNEQFF;TRB:CSVSGAGGELFF;TRA:CAAMYSGGGADGLTF;TRA:CAVQGARNYKLSF",1,0,0,0.000424268137462877,0.46062145788548,1,FALSE,NA
"PT3","TRB:CASRLAYNEQFF;TRA:CAVFTGNQFYF",1,0,0,0.000424268137462877,0.46062145788548,1,FALSE,NA
"PT3","TRB:CASRLGLSELFF;TRA:CAVRLETSGSRLTF",1,0,0,0.000424268137462877,0.46062145788548,1,FALSE,NA
"PT3","TRB:CASRLLRDSPLHF;TRA:CAASNNDMRF",1,0,0,0.000424268137462877,0.46062145788548,1,FALSE,NA
"PT3","TRB:CASRLPGPQGGQPQHF;TRA:CAVTNYQLIW",1,0,0,0.000424268137462877,0.46062145788548,1,FALSE,NA
"PT3","TRB:CASRLQEGAYEQYF",1,0,0,0.000424268137462877,0.46062145788548,1,FALSE,NA
"PT3","TRB:CASRNAYNEQFF;TRA:CAVKTGNQFYF",3,0,0,0.00127280441238863,0.0977310346753825,1,FALSE,NA
"PT3","TRB:CASRNNGLAGNNEQFF;TRA:CALSGQMERLAF;TRA:CAVSGFYNTDKLIF",1,0,0,0.000424268137462877,0.46062145788548,1,FALSE,NA
"PT3","TRB:CASRNWDAEYNEQFF;TRA:CALKGAAGNKLTF",53,5,0.00181159420289855,0.0224862112855325,3.39990839551035e-13,2.88992213618379e-10,TRUE,"clonotype27"
"PT3","TRB:CASRPDRANYGYTF;TRA:CAGPTPLNSGGSNYKLTF;TRA:CAYDMRF",1,0,0,0.000424268137462877,0.46062145788548,1,FALSE,NA
"PT3","TRB:CASRPGRRPTNEKLFF;TRA:CAADSGYSTLTF",16,1,0.00036231884057971,0.00678829019940602,6.72306698848265e-05,0.0171605720115244,TRUE,"clonotype1660"
"PT3","TRB:CASRPRQGAQNEQFF;TRA:CALSEATSGGSYIPTF",1,0,0,0.000424268137462877,0.46062145788548,1,FALSE,NA
"PT3","TRB:CASRPTDTSYEQYF;TRA:CAEAGRRALTF",1,0,0,0.000424268137462877,0.46062145788548,1,FALSE,NA
"PT3","TRB:CASRQGPLYEQYF;TRA:CAVRRSGGGADGLTF",1,0,0,0.000424268137462877,0.46062145788548,1,FALSE,NA
"PT3","TRB:CASRQRLSTDTQYF;TRA:CAGPLWGGATNKLIF",1,0,0,0.000424268137462877,0.46062145788548,1,FALSE,NA
"PT3","TRB:CASRRAGGETGELFF;TRA:CAVQAGDSWGKLQF",1,0,0,0.000424268137462877,0.46062145788548,1,FALSE,NA
"PT3","TRB:CASRRDSPNEKLFF;TRA:CAYCGGSQGNLIF",3,6,0.00217391304347826,0.00127280441238863,0.519910875800417,1,FALSE,"clonotype19"
"PT3","TRB:CASRRLLRPDTEAFF;TRA:CIVRAPTGANNLFF",1,0,0,0.000424268137462877,0.46062145788548,1,FALSE,NA
"PT3","TRB:CASRRPIANYGYTF;TRA:CAVGDTGANSKLTF",2,0,0,0.000848536274925753,0.212172127464545,1,FALSE,NA
"PT3","TRB:CASRRQGNNQPQHF;TRB:CASSSVNYGYTF;TRA:CAVRDQDDKIIF",7,0,0,0.00296987696224014,0.00439955912877955,0.482532291543564,FALSE,NA
"PT3","TRB:CASRRSTGTGAHEQYF;TRA:CAVRSGGTYKYIF",1,0,0,0.000424268137462877,0.46062145788548,1,FALSE,NA
"PT3","TRB:CASRRTGALEKLFF;TRA:CILRDGSTGNQFYF",1,0,0,0.000424268137462877,0.46062145788548,1,FALSE,NA
"PT3","TRB:CASRRTGRDDTEAFF;TRA:CILRRNNAGNMLTF",1,1,0.00036231884057971,0.000424268137462877,1,1,FALSE,"clonotype1198"
"PT3","TRB:CASRSASGNHEQYF;TRA:CVVAWMDSSYKLIF",1,0,0,0.000424268137462877,0.46062145788548,1,FALSE,NA
"PT3","TRB:CASRSYSGANVLTF;TRA:CAVSSNSGYALNF",1,0,0,0.000424268137462877,0.46062145788548,1,FALSE,NA
"PT3","TRB:CASRTGGKQYF;TRA:CAVGKSSNTGNQFYF",1,0,0,0.000424268137462877,0.46062145788548,1,FALSE,NA
"PT3","TRB:CASRTGILTGELFF;TRA:CAQSGGSYIPTF",1,0,0,0.000424268137462877,0.46062145788548,1,FALSE,NA
"PT3","TRB:CASRTGTVGAGELFF;TRA:CAASKSNTGKLIF",1,0,0,0.000424268137462877,0.46062145788548,1,FALSE,NA
"PT3","TRB:CASRTGVGYTF;TRA:CAEVGGSTLGRLYF",1,0,0,0.000424268137462877,0.46062145788548,1,FALSE,NA
"PT3","TRB:CASRTYTGELFF;TRA:CATETGGSYIPTF;TRA:CVVNRRRDNYGQNFVF",1,0,0,0.000424268137462877,0.46062145788548,1,FALSE,NA
"PT3","TRB:CASRVDLSNQPQHF;TRB:CATNRAQETQYF;TRA:CIVRVGFSQGAQKLVF",1,0,0,0.000424268137462877,0.46062145788548,1,FALSE,NA
"PT3","TRB:CASRVQVYGYTF;TRA:CAATLNYGGSQGNLIF",1,0,0,0.000424268137462877,0.46062145788548,1,FALSE,NA
"PT3","TRB:CASRVRGGSGRSNQPQHF;TRA:CILRDTNAGKSTF",1,0,0,0.000424268137462877,0.46062145788548,1,FALSE,NA
"PT3","TRB:CASRWKKDRGHTGELFF;TRA:CAESYSSGAGSYQLTF;TRA:CLVGPSGTGFQKLVF",1,0,0,0.000424268137462877,0.46062145788548,1,FALSE,NA
"PT3","TRB:CASRWPILAGYQETQYF",1,0,0,0.000424268137462877,0.46062145788548,1,FALSE,NA
"PT3","TRB:CASRWTGEAFF;TRA:CAFMKPRFFYGGSQGNLIF",1,0,0,0.000424268137462877,0.46062145788548,1,FALSE,NA
"PT3","TRB:CASRYGQDNISPLHF;TRA:CAFIGHSSASKIIF",1,0,0,0.000424268137462877,0.46062145788548,1,FALSE,NA
"PT3","TRB:CASRYRDGQETQYF;TRA:CAASIKWAAGNKLTF",1,0,0,0.000424268137462877,0.46062145788548,1,FALSE,NA
"PT3","TRB:CASRYTGSPQRRSPYNEQFF;TRA:CAESTWGGGGNKLTF",2,0,0,0.000848536274925753,0.212172127464545,1,FALSE,NA
"PT3","TRB:CASSADGQFYNEQFF;TRA:CAYRSAKTSYDKVIF",1,0,0,0.000424268137462877,0.46062145788548,1,FALSE,NA
"PT3","TRB:CASSADGRETQYF;TRA:CAVRSNDYKLSF",1,0,0,0.000424268137462877,0.46062145788548,1,FALSE,NA
"PT3","TRB:CASSADRSNYGYTF",1,0,0,0.000424268137462877,0.46062145788548,1,FALSE,NA
"PT3","TRB:CASSAEAEYEQYF;TRA:CAVETGGSYIPTF;TRA:CAVRDSGSARQLTF",1,0,0,0.000424268137462877,0.46062145788548,1,FALSE,NA
"PT3","TRB:CASSAGESGANVLTF;TRA:CALLDSNYQLIW",1,0,0,0.000424268137462877,0.46062145788548,1,FALSE,NA
"PT3","TRB:CASSAGGARYGYTF;TRA:CAARWGKLQF",1,0,0,0.000424268137462877,0.46062145788548,1,FALSE,NA
"PT3","TRB:CASSAGGEGNYEQYF;TRA:CIRCWGGGFKTIF",1,0,0,0.000424268137462877,0.46062145788548,1,FALSE,NA
"PT3","TRB:CASSAGLAGIYEQFF;TRB:CASSGLSLNTGELFF;TRA:CAVVGTASKLTF",1,0,0,0.000424268137462877,0.46062145788548,1,FALSE,NA
"PT3","TRB:CASSAGPYNSPLHF;TRA:CIPPPIKAAGNKLTF",2,0,0,0.000848536274925753,0.212172127464545,1,FALSE,NA
"PT3","TRB:CASSAGSTDTQYF;TRA:CAFMKQYSGAGSYQLTF",1,0,0,0.000424268137462877,0.46062145788548,1,FALSE,NA
"PT3","TRB:CASSAGSVAEAFF;TRA:CAASSTGNQFYF;TRA:CAYRSAYSGAGSYQLTF",2,3,0.00108695652173913,0.000848536274925753,1,1,FALSE,"clonotype40"
"PT3","TRB:CASSAGSVAEAFF;TRA:CAYRSSYSGAGSYQLTF",1,0,0,0.000424268137462877,0.46062145788548,1,FALSE,NA
"PT3","TRB:CASSAGSVAEQFF;TRA:CAANPDSWGKLQF;TRA:CAYRSAYSGAGSYQLTF",1,0,0,0.000424268137462877,0.46062145788548,1,FALSE,NA
"PT3","TRB:CASSAGYNEQFF",1,0,0,0.000424268137462877,0.46062145788548,1,FALSE,NA
"PT3","TRB:CASSAHLGFVNQPQHF;TRA:CAVSNAGGTSYGKLTF",1,0,0,0.000424268137462877,0.46062145788548,1,FALSE,NA
"PT3","TRB:CASSAINTEAFF;TRA:CAGQLLDSNYQLIW",1,0,0,0.000424268137462877,0.46062145788548,1,FALSE,NA
"PT3","TRB:CASSAITGTGAEQFF;TRA:CAMREPLGGNKLVF",1,0,0,0.000424268137462877,0.46062145788548,1,FALSE,NA
"PT3","TRB:CASSAKGWGNTEAFF;TRA:CLVGEEGFQKLVF",1,0,0,0.000424268137462877,0.46062145788548,1,FALSE,NA
"PT3","TRB:CASSALIQVQTDTQYF;TRB:CASSLGRAPPGGYTF;TRA:CAGWNNNDMRF",1,0,0,0.000424268137462877,0.46062145788548,1,FALSE,NA
"PT3","TRB:CASSAPSTDTQYF;TRA:CATDFGGGADGLTF",1,0,0,0.000424268137462877,0.46062145788548,1,FALSE,NA
"PT3","TRB:CASSAQVYNEQFF;TRA:CAGYPNTGNQFYF",1,0,0,0.000424268137462877,0.46062145788548,1,FALSE,NA
"PT3","TRB:CASSARAAVDTQYF;TRA:CAVRDSNYQLIW",1,0,0,0.000424268137462877,0.46062145788548,1,FALSE,NA
"PT3","TRB:CASSARQGPNYEQYF;TRA:CAVRGFDRGSTLGRLYF",1,0,0,0.000424268137462877,0.46062145788548,1,FALSE,NA
"PT3","TRB:CASSARTWDRTGELFF;TRA:CAASRYGGSQGNLIF",1,0,0,0.000424268137462877,0.46062145788548,1,FALSE,NA
"PT3","TRB:CASSARVFNEQYF;TRA:CAYHNNNDMRF",1,0,0,0.000424268137462877,0.46062145788548,1,FALSE,NA
"PT3","TRB:CASSASGRMNTEAFF;TRA:CAVTDSSYKLIF",1,0,0,0.000424268137462877,0.46062145788548,1,FALSE,NA
"PT3","TRB:CASSATGARGEKLFF;TRA:CATDQTGANNLFF",1,0,0,0.000424268137462877,0.46062145788548,1,FALSE,NA
"PT3","TRB:CASSATSGRSNEQFF",1,0,0,0.000424268137462877,0.46062145788548,1,FALSE,NA
"PT3","TRB:CASSATSGRSNEQFF;TRA:CAGSLSNDYKLSF",10,2,0.00072463768115942,0.00424268137462877,0.0164493381142427,1,FALSE,"clonotype94"
"PT3","TRB:CASSAWTGRSGYTF",1,0,0,0.000424268137462877,0.46062145788548,1,FALSE,NA
"PT3","TRB:CASSDGDYEQYF;TRA:CAASFGNEKLTF;TRA:CAVESGGSYIPTF",2,1,0.00036231884057971,0.000848536274925753,0.597975287104682,1,FALSE,"clonotype333"
"PT3","TRB:CASSDGDYEQYF;TRA:CAESLYSSASKIIF;TRA:CAVETGGSYIPTF",2,0,0,0.000848536274925753,0.212172127464545,1,FALSE,NA
"PT3","TRB:CASSDGGGREYSNQPQHF;TRA:CAASRRGSQGNLIF",1,0,0,0.000424268137462877,0.46062145788548,1,FALSE,NA
"PT3","TRB:CASSDGNTEAFF;TRA:CAVREITGGGNKLTF",1,0,0,0.000424268137462877,0.46062145788548,1,FALSE,NA
"PT3","TRB:CASSDGPGQGGNQPQHF;TRA:CILRDPMEYGNKLVF",1,0,0,0.000424268137462877,0.46062145788548,1,FALSE,NA
"PT3","TRB:CASSDHLRNNQPQHF;TRA:CVVRSSSASKIIF",1,0,0,0.000424268137462877,0.46062145788548,1,FALSE,NA
"PT3","TRB:CASSDLVAFGAFF;TRA:CVVTKNGNAGKSTF",1,0,0,0.000424268137462877,0.46062145788548,1,FALSE,NA
"PT3","TRB:CASSDPGSTEAFF",1,0,0,0.000424268137462877,0.46062145788548,1,FALSE,NA
"PT3","TRB:CASSDPHRVDSNQPQHF;TRA:CALKSFGNEKLTF",1,0,0,0.000424268137462877,0.46062145788548,1,FALSE,NA
"PT3","TRB:CASSDPRAGNSPLHF;TRA:CAVRDMGAYNTDKLIF",1,0,0,0.000424268137462877,0.46062145788548,1,FALSE,NA
"PT3","TRB:CASSDRAVSNQPQHF;TRA:CACRDSASKIIF",1,0,0,0.000424268137462877,0.46062145788548,1,FALSE,NA
"PT3","TRB:CASSDRGDEQFF;TRA:CAASEYPFSGSARQLTF",1,0,0,0.000424268137462877,0.46062145788548,1,FALSE,NA
"PT3","TRB:CASSDRGLAGGAEQYF;TRB:CATEAGETYNSPLHF;TRA:CAMSAGNNDMRF",1,0,0,0.000424268137462877,0.46062145788548,1,FALSE,NA
"PT3","TRB:CASSDRGQPADTQYF;TRA:CVVILSGGSYIPTF;TRA:CVVNGKDTGFQKLVF",1,0,0,0.000424268137462877,0.46062145788548,1,FALSE,NA
"PT3","TRB:CASSDRGTRGYTF",1,0,0,0.000424268137462877,0.46062145788548,1,FALSE,NA
"PT3","TRB:CASSDRRGSYEQYF;TRA:CALSPLTQGGSEKLVF",1,0,0,0.000424268137462877,0.46062145788548,1,FALSE,NA
"PT3","TRB:CASSDSAGGPGGTDTQYF;TRA:CAVGFYNTDKLIF",1,0,0,0.000424268137462877,0.46062145788548,1,FALSE,NA
"PT3","TRB:CASSDSSGRTDTQYF;TRA:CAVSVLSYNTDKLIF",1,0,0,0.000424268137462877,0.46062145788548,1,FALSE,NA
"PT3","TRB:CASSDTGAPSDTQYF",1,0,0,0.000424268137462877,0.46062145788548,1,FALSE,NA
"PT3","TRB:CASSDTGAPSDTQYF;TRA:CAVGGHNFNKFYF",16,0,0,0.00678829019940602,4.10682927180687e-06,0.00116360162701195,TRUE,NA
"PT3","TRB:CASSDWAAYNEQFF;TRA:CAAWKAAGNKLTF",3,0,0,0.00127280441238863,0.0977310346753825,1,FALSE,NA
"PT3","TRB:CASSDWGDYNEQFF;TRA:CAGKVVNNNDMRF",3,0,0,0.00127280441238863,0.0977310346753825,1,FALSE,NA
"PT3","TRB:CASSDWGFNSPLHF;TRA:CAASAGIQGAQKLVF",5,0,0,0.00212134068731438,0.0207358015463871,1,FALSE,NA
"PT3","TRB:CASSEAGGVTEAFF;TRA:CAVSSPMDSNYQLIW",1,0,0,0.000424268137462877,0.46062145788548,1,FALSE,NA
"PT3","TRB:CASSEAGLGYRYF;TRA:CAVQAWNNAGNMLTF",1,0,0,0.000424268137462877,0.46062145788548,1,FALSE,NA
"PT3","TRB:CASSEAGVSYEQYF;TRA:CAENTGGFKTIF",1,0,0,0.000424268137462877,0.46062145788548,1,FALSE,NA
"PT3","TRB:CASSEALRRSRTRDF;TRA:CAMREGGAGNMLTF",1,0,0,0.000424268137462877,0.46062145788548,1,FALSE,NA
"PT3","TRB:CASSEARGRPQHF",1,0,0,0.000424268137462877,0.46062145788548,1,FALSE,NA
"PT3","TRB:CASSEARGYYNEQFF;TRA:CVERGYQKVTF",1,0,0,0.000424268137462877,0.46062145788548,1,FALSE,NA
"PT3","TRB:CASSEARVWTGGTEAFF",1,0,0,0.000424268137462877,0.46062145788548,1,FALSE,NA
"PT3","TRB:CASSEDPFSGNTIYF;TRA:CSLLQGAQKLVF",1,0,0,0.000424268137462877,0.46062145788548,1,FALSE,NA
"PT3","TRB:CASSEDPYSGNTIYF;TRA:CAGHSGGGADGLTF",1,0,0,0.000424268137462877,0.46062145788548,1,FALSE,NA
"PT3","TRB:CASSEDSGANVLTF",1,0,0,0.000424268137462877,0.46062145788548,1,FALSE,NA
"PT3","TRB:CASSEDSGANVLTF;TRA:CAVALASGGSYIPTF",2,0,0,0.000848536274925753,0.212172127464545,1,FALSE,NA
"PT3","TRB:CASSEEGAPSDTQYF;TRA:CILSRTSGTYKYIF",1,0,0,0.000424268137462877,0.46062145788548,1,FALSE,NA
"PT3","TRB:CASSEEGRSYEQYF;TRA:CAVQGAGSGGSYIPTF",1,0,0,0.000424268137462877,0.46062145788548,1,FALSE,NA
"PT3","TRB:CASSEGTGANTEAFF;TRA:CGTVSNDMRF",2,0,0,0.000848536274925753,0.212172127464545,1,FALSE,NA
"PT3","TRB:CASSEHGAPIYGYTF;TRA:CAASYSGNTPLVF",1,0,0,0.000424268137462877,0.46062145788548,1,FALSE,NA
"PT3","TRB:CASSELGPIENQYF;TRA:CGTEKGGSNYKLTF",1,0,0,0.000424268137462877,0.46062145788548,1,FALSE,NA
"PT3","TRB:CASSEPESGGTDTQYF;TRA:CAVNLFPHDSNYQLIW",1,0,0,0.000424268137462877,0.46062145788548,1,FALSE,NA
"PT3","TRB:CASSEPQGISYNEQFF;TRA:CALSEPTQGGSEKLVF;TRA:CAVDTDGYGNKLVF",1,0,0,0.000424268137462877,0.46062145788548,1,FALSE,NA
"PT3","TRB:CASSERENTEAFF;TRA:CAASRSGYALNF",1,0,0,0.000424268137462877,0.46062145788548,1,FALSE,NA
"PT3","TRB:CASSERLRHNEQFF;TRA:CAAKLDNYGQNFVF",1,0,0,0.000424268137462877,0.46062145788548,1,FALSE,NA
"PT3","TRB:CASSERQGLENTEAFF;TRA:CVVSDYNFNKFYF",1,0,0,0.000424268137462877,0.46062145788548,1,FALSE,NA
"PT3","TRB:CASSESGLRGYTF;TRA:CAVIYSGGGADGLTF",7,1,0.00036231884057971,0.00296987696224014,0.028174650446966,1,FALSE,"clonotype978"
"PT3","TRB:CASSESGPNTEAFF",1,0,0,0.000424268137462877,0.46062145788548,1,FALSE,NA
"PT3","TRB:CASSESLRQGGRFF;TRB:CASSLGGLQPNSPLHF;TRA:CAFSNFGNEKLTF",2,0,0,0.000848536274925753,0.212172127464545,1,FALSE,NA
"PT3","TRB:CASSESSRSSNQPQHF;TRA:CALRDWDGLTF",1,0,0,0.000424268137462877,0.46062145788548,1,FALSE,NA
"PT3","TRB:CASSETGTGVTDTQYF;TRA:CAMREGGVLTGGGNKLTF",1,0,0,0.000424268137462877,0.46062145788548,1,FALSE,NA
"PT3","TRB:CASSETSGVQETQYF;TRA:CIVITGANNLFF",1,0,0,0.000424268137462877,0.46062145788548,1,FALSE,NA
"PT3","TRB:CASSEVTLAGVNEQFF;TRB:CASSLGPDLQGARGYTF;TRA:CAGGAAGNNRKLIW;TRA:CAGVRGSARQLTF",1,0,0,0.000424268137462877,0.46062145788548,1,FALSE,NA
"PT3","TRB:CASSEWRGYGYTF;TRA:CALSDVGMKTSYDKVIF",1,0,0,0.000424268137462877,0.46062145788548,1,FALSE,NA
"PT3","TRB:CASSEYHLASEKLFF;TRA:CAARKDTGNQFYF",1,0,0,0.000424268137462877,0.46062145788548,1,FALSE,NA
"PT3","TRB:CASSFADYNNEQFF;TRA:CAVRQGFGNVLHC",1,0,0,0.000424268137462877,0.46062145788548,1,FALSE,NA
"PT3","TRB:CASSFAGYNSPLHF;TRA:CAASARTGGFKTIF",4,0,0,0.00169707254985151,0.0450170116728311,1,FALSE,NA
"PT3","TRB:CASSFARHRNTEAFF",1,0,0,0.000424268137462877,0.46062145788548,1,FALSE,NA
"PT3","TRB:CASSFASSYEQYF;TRA:CIVRVAYNTDKLIF",9,0,0,0.00381841323716589,0.000933463820259217,0.151132237565778,FALSE,NA
"PT3","TRB:CASSFDLTSYEQYF",1,0,0,0.000424268137462877,0.46062145788548,1,FALSE,NA
"PT3","TRB:CASSFDLTSYEQYF;TRB:CASSPLASRKRYEQYF;TRA:CAACREKSSGDKLTF;TRA:CIGQPHNNNDMRF",1,0,0,0.000424268137462877,0.46062145788548,1,FALSE,NA
"PT3","TRB:CASSFEGNTGELFF;TRA:CARSRIKAAGNKLTF",1,0,0,0.000424268137462877,0.46062145788548,1,FALSE,NA
"PT3","TRB:CASSFGDRPTDTQYF;TRA:CAGLNNARLMF",2,0,0,0.000848536274925753,0.212172127464545,1,FALSE,NA
"PT3","TRB:CASSFGDTYEQYF;TRA:CAVSGNQFYF",1,0,0,0.000424268137462877,0.46062145788548,1,FALSE,NA
"PT3","TRB:CASSFGISGSPLHF;TRA:CAWGGGGATNKLIF",1,0,0,0.000424268137462877,0.46062145788548,1,FALSE,NA
"PT3","TRB:CASSFGLAGAMDTQYF;TRA:CALSEAPFGYGGSQGNLIF",1,0,0,0.000424268137462877,0.46062145788548,1,FALSE,NA
"PT3","TRB:CASSFGLLGSEAFF;TRA:CAGQRDFNKFYF",1,0,0,0.000424268137462877,0.46062145788548,1,FALSE,NA
"PT3","TRB:CASSFGNLNEKLFF;TRA:CAVRDIADARLMF",1,0,0,0.000424268137462877,0.46062145788548,1,FALSE,NA
"PT3","TRB:CASSFGQGTDTQYF;TRB:CSARAPGRGETQYF;TRA:CILRDGFNAGGTSYGKLTF;TRA:CVVSSSGGYQKVTF",1,0,0,0.000424268137462877,0.46062145788548,1,FALSE,NA
"PT3","TRB:CASSFGRSEAFF;TRA:CALSEGAGSYQLTF",1,0,0,0.000424268137462877,0.46062145788548,1,FALSE,NA
"PT3","TRB:CASSFGTGNYNEQFF",1,0,0,0.000424268137462877,0.46062145788548,1,FALSE,NA
"PT3","TRB:CASSFGTTDTQYF;TRA:CVVRISGTYKYIF",1,0,0,0.000424268137462877,0.46062145788548,1,FALSE,NA
"PT3","TRB:CASSFGWGQITYEQYF;TRA:CALSGGSNYKLTF",18,6,0.00217391304347826,0.00763682647433178,0.0064867227862739,0.64867227862739,FALSE,"clonotype22"
"PT3","TRB:CASSFKGILPYEQYF;TRA:CAVNMMGNYGQNFVF",1,0,0,0.000424268137462877,0.46062145788548,1,FALSE,NA
"PT3","TRB:CASSFLAGGPHGELFF;TRA:CAVSEGTGFQKLVF",1,0,0,0.000424268137462877,0.46062145788548,1,FALSE,NA
"PT3","TRB:CASSFLGLNYNEQFF;TRA:CAVISFQKLVF",1,1,0.00036231884057971,0.000424268137462877,1,1,FALSE,"clonotype1235"
"PT3","TRB:CASSFLGRETQYF;TRA:CAASPPSGNTPLVF",1,0,0,0.000424268137462877,0.46062145788548,1,FALSE,NA
"PT3","TRB:CASSFLIWTLNEQFF;TRA:CAFLLITQGGSEKLVF;TRA:CAGSKDTGNQFYF",47,21,0.00760869565217391,0.0199406024607552,0.000138960054161167,0.0314976122765312,TRUE,"clonotype6"
"PT3","TRB:CASSFLLAGGPFEQFF;TRA:CVVRGSTLGRLYF",1,0,0,0.000424268137462877,0.46062145788548,1,FALSE,NA
"PT3","TRB:CASSFLRDRVPPNEKLFF;TRA:CAMREGYNTDKLIF",1,0,0,0.000424268137462877,0.46062145788548,1,FALSE,NA
"PT3","TRB:CASSFLSRRIGSYTF;TRA:CAANLDTGFQKLVF",1,0,0,0.000424268137462877,0.46062145788548,1,FALSE,NA
"PT3","TRB:CASSFNRGPGEQYF",1,0,0,0.000424268137462877,0.46062145788548,1,FALSE,NA
"PT3","TRB:CASSFNSGIAKNIQYF;TRA:CAVNAPGAGSYQLTF;TRA:CLRNNARLMF",1,0,0,0.000424268137462877,0.46062145788548,1,FALSE,NA
"PT3","TRB:CASSFPGDTQYF;TRA:CALEYSSGSARQLTF;TRA:CAVASSWGKLQF",1,0,0,0.000424268137462877,0.46062145788548,1,FALSE,NA
"PT3","TRB:CASSFPGRGDTQYF;TRA:CAVRGSYNTDKLIF",1,0,0,0.000424268137462877,0.46062145788548,1,FALSE,NA
"PT3","TRB:CASSFPGSEQYF;TRA:CVVTGGQAGTALIF",1,0,0,0.000424268137462877,0.46062145788548,1,FALSE,NA
"PT3","TRB:CASSFQGAYQPQHF;TRB:CASTIGARDEKLFF;TRA:CAVRDMFSGGYNKLIF;TRA:CILRPTGNQFYF",1,0,0,0.000424268137462877,0.46062145788548,1,FALSE,NA
"PT3","TRB:CASSFQGIRETQYF;TRA:CAPNPNNARLMF",1,0,0,0.000424268137462877,0.46062145788548,1,FALSE,NA
"PT3","TRB:CASSFQGWSETQYF;TRA:CAVDRAGTASKLTF",1,0,0,0.000424268137462877,0.46062145788548,1,FALSE,NA
"PT3","TRB:CASSFREQFF",1,0,0,0.000424268137462877,0.46062145788548,1,FALSE,NA
"PT3","TRB:CASSFRGATEAFF;TRA:CAYRSPINDYKLSF",1,0,0,0.000424268137462877,0.46062145788548,1,FALSE,NA
"PT3","TRB:CASSFRGLAKKDEQFF;TRA:CAASSNAGNMLTF",3,0,0,0.00127280441238863,0.0977310346753825,1,FALSE,NA
"PT3","TRB:CASSFRPNQPQHF;TRA:CAVPSPEYTGNQFYF",1,1,0.00036231884057971,0.000424268137462877,1,1,FALSE,"clonotype667"
"PT3","TRB:CASSFRSGGSGYTF;TRA:CAERTDSGGGADGLTF",1,2,0.00072463768115942,0.000424268137462877,1,1,FALSE,"clonotype126"
"PT3","TRB:CASSFRTGAEKLFF;TRA:CAVLMDSSYKLIF",1,0,0,0.000424268137462877,0.46062145788548,1,FALSE,NA
"PT3","TRB:CASSFRTSGRHNEQFF",1,0,0,0.000424268137462877,0.46062145788548,1,FALSE,NA
"PT3","TRB:CASSFRTVTLSGANVLTF;TRA:CAVASSTGNQFYF;TRA:CAVTVGVQGAQKLVF",1,1,0.00036231884057971,0.000424268137462877,1,1,FALSE,"clonotype2170"
"PT3","TRB:CASSFSGAAAEAFF;TRA:CALRYSWGKLQF",1,0,0,0.000424268137462877,0.46062145788548,1,FALSE,NA
"PT3","TRB:CASSFSGRADEQYF",1,0,0,0.000424268137462877,0.46062145788548,1,FALSE,NA
"PT3","TRB:CASSFSPRANEQFF;TRA:CAYRSSKSGSARQLTF",1,0,0,0.000424268137462877,0.46062145788548,1,FALSE,NA
"PT3","TRB:CASSFSQGNHNEQFF;TRA:CAVGLNYGGSQGNLIF",1,1,0.00036231884057971,0.000424268137462877,1,1,FALSE,"clonotype1527"
"PT3","TRB:CASSFSRGWGLNQPQHF;TRA:CAASTNAGGTSYGKLTF",1,1,0.00036231884057971,0.000424268137462877,1,1,FALSE,"clonotype2093"
"PT3","TRB:CASSFVAGTDTQYF;TRA:CAFMHRGSTLGRLYF",1,0,0,0.000424268137462877,0.46062145788548,1,FALSE,NA
"PT3","TRB:CASSFVGGSNYGYTF;TRA:CAVGAAGNKLTF",1,0,0,0.000424268137462877,0.46062145788548,1,FALSE,NA
"PT3","TRB:CASSFYPGELFF;TRB:CASSSVFGYTNQPQHF;TRA:CAVSGGGTSYDKVIF",1,0,0,0.000424268137462877,0.46062145788548,1,FALSE,NA
"PT3","TRB:CASSGAGGGSYNEQFF",1,0,0,0.000424268137462877,0.46062145788548,1,FALSE,NA
"PT3","TRB:CASSGAQGLHGYTF;TRA:CAGFPMDSSYKLIF",1,0,0,0.000424268137462877,0.46062145788548,1,FALSE,NA
"PT3","TRB:CASSGDGQITEAFF;TRA:CATERGYQKVTF",1,0,0,0.000424268137462877,0.46062145788548,1,FALSE,NA
"PT3","TRB:CASSGDSQETQYF;TRA:CALAGYSSASKIIF",1,0,0,0.000424268137462877,0.46062145788548,1,FALSE,NA
"PT3","TRB:CASSGEAYSNQPQHF;TRA:CASDPFNYGQNFVF;TRA:CYNDMRF",1,0,0,0.000424268137462877,0.46062145788548,1,FALSE,NA
"PT3","TRB:CASSGGGQGAVDTQYF;TRA:CALSGEMGDYGGSQGNLIF",20,1,0.00036231884057971,0.00848536274925753,2.17925287131072e-06,0.000715079248176284,TRUE,"clonotype1924"
"PT3","TRB:CASSGGGTTNEKLFF;TRA:CAVEPGAGSYQLTF",1,0,0,0.000424268137462877,0.46062145788548,1,FALSE,NA
"PT3","TRB:CASSGGLAGYTF;TRA:CAVIGSGGGADGLTF",13,3,0.00108695652173913,0.0055154857870174,0.00520206049756949,0.535969869446554,FALSE,"clonotype38"
"PT3","TRB:CASSGGLGQPQHF;TRA:CAVRDTFSGTYKYIF",1,0,0,0.000424268137462877,0.46062145788548,1,FALSE,NA
"PT3","TRB:CASSGNSGVNQPQHF;TRA:CAENTGGFKTIF;TRA:CAVEGAKYGGSQGNLIF",1,0,0,0.000424268137462877,0.46062145788548,1,FALSE,NA
"PT3","TRB:CASSGQARDEQFF;TRA:CAVTESGQAGTALIF",1,0,0,0.000424268137462877,0.46062145788548,1,FALSE,NA
"PT3","TRB:CASSGQESSGNTIYF;TRA:CIVSANYGQNFVF",1,0,0,0.000424268137462877,0.46062145788548,1,FALSE,NA
"PT3","TRB:CASSGQINGYTF;TRA:CAVLGPNDYKLSF",1,0,0,0.000424268137462877,0.46062145788548,1,FALSE,NA
"PT3","TRB:CASSGQRNNEQFF;TRA:CAFMKHSMYSGGGADGLTF",1,0,0,0.000424268137462877,0.46062145788548,1,FALSE,NA
"PT3","TRB:CASSGSNRPYEQYF;TRA:CAVGKGETSGSRLTF",1,0,0,0.000424268137462877,0.46062145788548,1,FALSE,NA
"PT3","TRB:CASSGWGGYNEQFF;TRA:CAGVRGGADGLTF",1,0,0,0.000424268137462877,0.46062145788548,1,FALSE,NA
"PT3","TRB:CASSGYSSYNSPLHF;TRA:CLVGEGALRDDYKLSF;TRA:CVVICTGFQKLVF",1,0,0,0.000424268137462877,0.46062145788548,1,FALSE,NA
"PT3","TRB:CASSHIPREQYF;TRA:CAYRSASGLGGATNKLIF",1,0,0,0.000424268137462877,0.46062145788548,1,FALSE,NA
"PT3","TRB:CASSHPAGQGGNGYTF",1,0,0,0.000424268137462877,0.46062145788548,1,FALSE,NA
"PT3","TRB:CASSHPTGSYEQYF;TRA:CAVRNSGNTPLVF",1,0,0,0.000424268137462877,0.46062145788548,1,FALSE,NA
"PT3","TRB:CASSHPYNEQFF",1,0,0,0.000424268137462877,0.46062145788548,1,FALSE,NA
"PT3","TRB:CASSHRQGPGYGYTF;TRA:CATVLTDSWGKLQF",1,0,0,0.000424268137462877,0.46062145788548,1,FALSE,NA
"PT3","TRB:CASSHRTGVTGNTEAFF;TRA:CVVLRMDSSYKLIF",1,0,0,0.000424268137462877,0.46062145788548,1,FALSE,NA
"PT3","TRB:CASSHRYEQYF",1,0,0,0.000424268137462877,0.46062145788548,1,FALSE,NA
"PT3","TRB:CASSHTSVGARYEQYF;TRA:CALDEGGSTLGRLYF",1,0,0,0.000424268137462877,0.46062145788548,1,FALSE,NA
"PT3","TRB:CASSHVTGLEAFF;TRA:CAGQYKGGSEKLVF",1,0,0,0.000424268137462877,0.46062145788548,1,FALSE,NA
"PT3","TRB:CASSIAGAGSYEQYF;TRA:CIIQGAQKLVF",1,0,0,0.000424268137462877,0.46062145788548,1,FALSE,NA
"PT3","TRB:CASSIDRVGGANVLTF;TRA:CAMSSSWGKLQF",1,0,0,0.000424268137462877,0.46062145788548,1,FALSE,NA
"PT3","TRB:CASSIEGTSSSYNSPLHF;TRB:CASTTGLLTEAFF;TRA:CAASDRGAQKLVF;TRA:CAVLMVQAGTALIF",1,0,0,0.000424268137462877,0.46062145788548,1,FALSE,NA
"PT3","TRB:CASSIEIQRVNTEAFF;TRA:CALPGTSGTYKYIF",1,0,0,0.000424268137462877,0.46062145788548,1,FALSE,NA
"PT3","TRB:CASSIGGNYGYTF;TRA:CAVNSDAGGTSYGKLTF",1,0,0,0.000424268137462877,0.46062145788548,1,FALSE,NA
"PT3","TRB:CASSIGGWSYGYTF;TRA:CAASYLGFDGATNKLIF",1,0,0,0.000424268137462877,0.46062145788548,1,FALSE,NA
"PT3","TRB:CASSIGQARNTEAFF;TRA:CALKDQAGTALIF",1,0,0,0.000424268137462877,0.46062145788548,1,FALSE,NA
"PT3","TRB:CASSIGQGAAYEQYF;TRA:CAMAPMTGGFKTIF;TRA:CATTTSGTYKYIF",1,0,0,0.000424268137462877,0.46062145788548,1,FALSE,NA
"PT3","TRB:CASSIGQGGNQPQHF;TRA:CADTGNQFYF;TRA:CAFTPPITQGGSEKLVF",1,0,0,0.000424268137462877,0.46062145788548,1,FALSE,NA
"PT3","TRB:CASSIGRGQGTNQPQHF;TRA:CAERVEGSSNTGKLIF",1,0,0,0.000424268137462877,0.46062145788548,1,FALSE,NA
"PT3","TRB:CASSIGTKPRETQYF;TRA:CAVSDNTDKLIF",1,0,0,0.000424268137462877,0.46062145788548,1,FALSE,NA
"PT3","TRB:CASSIGTLEQYF;TRB:CSATPGGENTEAFF;TRA:CATDTGGFKTIF;TRA:CIVRVRINARLMF",1,0,0,0.000424268137462877,0.46062145788548,1,FALSE,NA
"PT3","TRB:CASSIIRDGLFF;TRA:CAVGNSGGGADGLTF",1,0,0,0.000424268137462877,0.46062145788548,1,FALSE,NA
"PT3","TRB:CASSIKRTGDPLSNQPQHF;TRB:CSARPDRSPGYYF;TRA:CVVRRMNTGFQKLVF",2,0,0,0.000848536274925753,0.212172127464545,1,FALSE,NA
"PT3","TRB:CASSILAGLYNEQFF;TRA:CAMTEGQSYNTDKLIF",1,0,0,0.000424268137462877,0.46062145788548,1,FALSE,NA
"PT3","TRB:CASSILGGLNQPQHF;TRA:CVVSDQGTYKYIF",1,0,0,0.000424268137462877,0.46062145788548,1,FALSE,NA
"PT3","TRB:CASSIPGIGTEAFF;TRA:CIVRVAWDQGAQKLVF",1,0,0,0.000424268137462877,0.46062145788548,1,FALSE,NA
"PT3","TRB:CASSIPVWSFYGYTF;TRA:CAANEAGNTPLVF",1,0,0,0.000424268137462877,0.46062145788548,1,FALSE,NA
"PT3","TRB:CASSIQGSAKNIQYF;TRA:CAASGGSYIPTF",1,1,0.00036231884057971,0.000424268137462877,1,1,FALSE,"clonotype1258"
"PT3","TRB:CASSIRGAASNNEQFF;TRA:CATAPNTGNQFYF",1,0,0,0.000424268137462877,0.46062145788548,1,FALSE,NA
"PT3","TRB:CASSIRGGKGNTEAFF;TRA:CAVSRNNNARLMF",1,0,0,0.000424268137462877,0.46062145788548,1,FALSE,NA
"PT3","TRB:CASSIRGTGMTGELFF;TRA:CAVSKNPGGYNKLIF",1,0,0,0.000424268137462877,0.46062145788548,1,FALSE,NA
"PT3","TRB:CASSIRQGGGSRYGYTF;TRA:CAGHPFSGTGNQFYF",19,10,0.0036231884057971,0.00806109461179465,0.0405383579918532,1,FALSE,"clonotype11"
"PT3","TRB:CASSIRRLFTDTQYF;TRA:CIVRVPGGSNYKLTF",1,0,0,0.000424268137462877,0.46062145788548,1,FALSE,NA
"PT3","TRB:CASSITGVSYNEQFF;TRA:CVVSDDYGQNFVF",2,0,0,0.000848536274925753,0.212172127464545,1,FALSE,NA
"PT3","TRB:CASSIVYGPEYEQYF;TRA:CGTEGYGQNFVF",1,0,0,0.000424268137462877,0.46062145788548,1,FALSE,NA
"PT3","TRB:CASSKDRGAQPQHF;TRA:CAVNRGNQGGKLIF",1,0,0,0.000424268137462877,0.46062145788548,1,FALSE,NA
"PT3","TRB:CASSKGDKYTQYF;TRA:CAAVNTGTASKLTF",1,0,0,0.000424268137462877,0.46062145788548,1,FALSE,NA
"PT3","TRB:CASSKGLYTGELFF;TRA:CILTGNQGGKLIF",1,0,0,0.000424268137462877,0.46062145788548,1,FALSE,NA
"PT3","TRB:CASSKQGALNSPLHF;TRA:CAASARSGGGADGLTF",1,0,0,0.000424268137462877,0.46062145788548,1,FALSE,NA
"PT3","TRB:CASSKQGSGAPETQYF;TRA:CARPLSGGSYIPTF",1,0,0,0.000424268137462877,0.46062145788548,1,FALSE,NA
"PT3","TRB:CASSKSAPSDEQYF;TRA:CAYRGGSQGNLIF",16,10,0.0036231884057971,0.00678829019940602,0.120031272003365,1,FALSE,"clonotype9"
"PT3","TRB:CASSKTGDIQYF;TRA:CAASNQGGKLIF",1,0,0,0.000424268137462877,0.46062145788548,1,FALSE,NA
"PT3","TRB:CASSKTGSSGSFNEQYF;TRA:CAGSSDGQKLLF;TRA:CLRNMEYGNKLVF",7,11,0.00398550724637681,0.00296987696224014,0.639810597847233,1,FALSE,"clonotype8"
"PT3","TRB:CASSKTSGRTNEQFF;TRA:CAGSGSNDYKLSF",26,9,0.00326086956521739,0.0110309715740348,0.000995184427388541,0.15380122968732,FALSE,"clonotype13"
"PT3","TRB:CASSLAASGGASDEQYF;TRA:CILRGYGGATNKLIF",1,1,0.00036231884057971,0.000424268137462877,1,1,FALSE,"clonotype1992"
"PT3","TRB:CASSLAERNEKLFF;TRA:CAVNPWAPGGTSYGKLTF",1,0,0,0.000424268137462877,0.46062145788548,1,FALSE,NA
"PT3","TRB:CASSLAGAHEQYF;TRA:CAAYNQGGKLIF",1,0,0,0.000424268137462877,0.46062145788548,1,FALSE,NA
"PT3","TRB:CASSLAGAMNTEAFF;TRA:CAENWDNYGQNFVF",1,0,0,0.000424268137462877,0.46062145788548,1,FALSE,NA
"PT3","TRB:CASSLAGGLYNEQFF;TRA:CAVSPDTGANSKLTF",1,0,0,0.000424268137462877,0.46062145788548,1,FALSE,NA
"PT3","TRB:CASSLAGGQEAFF;TRA:CAASKAQKLVF",1,0,0,0.000424268137462877,0.46062145788548,1,FALSE,NA
"PT3","TRB:CASSLAGGRSRANNEQFF;TRA:CALRPDIKAAGNKLTF",1,0,0,0.000424268137462877,0.46062145788548,1,FALSE,NA
"PT3","TRB:CASSLAGISQAFF;TRA:CAARPYAGNMLTF",1,0,0,0.000424268137462877,0.46062145788548,1,FALSE,NA
"PT3","TRB:CASSLAGRASSGANVLTF",1,0,0,0.000424268137462877,0.46062145788548,1,FALSE,NA
"PT3","TRB:CASSLAGSNEQYF;TRA:CAGNAGGTSYGKLTF",1,0,0,0.000424268137462877,0.46062145788548,1,FALSE,NA
"PT3","TRB:CASSLAGSNEQYF;TRA:CLVLDLENKLTF",1,0,0,0.000424268137462877,0.46062145788548,1,FALSE,NA
"PT3","TRB:CASSLAGTEKETQYF;TRA:CAAGGSQGNLIF;TRA:CVVNPVDQMYSGGGADGLTF",1,1,0.00036231884057971,0.000424268137462877,1,1,FALSE,"clonotype1552"
"PT3","TRB:CASSLAGVRGF;TRA:CALSDSGGYNKLIF",1,2,0.00072463768115942,0.000424268137462877,1,1,FALSE,"clonotype56"
"PT3","TRB:CASSLALGTSGYNEQFF;TRA:CAAPGYPAGNDYKLSF;TRA:CAVNAGFQKLVF",1,0,0,0.000424268137462877,0.46062145788548,1,FALSE,NA
"PT3","TRB:CASSLALSDSYSNQPQHF;TRA:CATDQDNAGNMLTF",1,0,0,0.000424268137462877,0.46062145788548,1,FALSE,NA
"PT3","TRB:CASSLAPGHTDTQYF;TRA:CALIYRNNNARLMF",1,0,0,0.000424268137462877,0.46062145788548,1,FALSE,NA
"PT3","TRB:CASSLAPPGQGTWSSNQPQHF;TRA:CAVRDFSYGGATNKLIF;TRA:CVVNTLTYSGYSTLTF",1,0,0,0.000424268137462877,0.46062145788548,1,FALSE,NA
"PT3","TRB:CASSLAPSARDTQYF",1,0,0,0.000424268137462877,0.46062145788548,1,FALSE,NA
"PT3","TRB:CASSLAQFTEAFF;TRB:CAWSSWGGGNTGELFF;TRA:CALSDPNAGGTSYGKLTF;TRA:CAPQLSSYGQNFVF",1,0,0,0.000424268137462877,0.46062145788548,1,FALSE,NA
"PT3","TRB:CASSLAQGVPTGELFF;TRA:CAVASYNQGGKLIF;TRA:CAVTSISSGSARQLTF",1,0,0,0.000424268137462877,0.46062145788548,1,FALSE,NA
"PT3","TRB:CASSLARGHEQYF;TRA:CALSRPPGSGNTGKLIF;TRA:CAVGDNNARLMF",1,0,0,0.000424268137462877,0.46062145788548,1,FALSE,NA
"PT3","TRB:CASSLARGLGNTEAFF;TRA:CVVSDLGRYSSASKIIF",1,0,0,0.000424268137462877,0.46062145788548,1,FALSE,NA
"PT3","TRB:CASSLARGTYSYNEQFF;TRA:CATDGPGAGSYQLTF",1,0,0,0.000424268137462877,0.46062145788548,1,FALSE,NA
"PT3","TRB:CASSLARLTASYEQYF;TRA:CILRQRWGAQKLVF",1,0,0,0.000424268137462877,0.46062145788548,1,FALSE,NA
"PT3","TRB:CASSLASHQPQHF;TRA:CAVIMDSNYQLIW",1,0,0,0.000424268137462877,0.46062145788548,1,FALSE,NA
"PT3","TRB:CASSLASSGRYGYTF;TRA:CAASGSIDAGKSTF",2,0,0,0.000848536274925753,0.212172127464545,1,FALSE,NA
"PT3","TRB:CASSLAWTDATTDTQYF;TRA:CAVNSGGFKTIF",1,0,0,0.000424268137462877,0.46062145788548,1,FALSE,NA
"PT3","TRB:CASSLDGATAFF",1,0,0,0.000424268137462877,0.46062145788548,1,FALSE,NA
"PT3","TRB:CASSLDGGAGTGELFF;TRA:CAVGALSNTGKLIF",1,0,0,0.000424268137462877,0.46062145788548,1,FALSE,NA
"PT3","TRB:CASSLDGGRNQPQHF;TRA:CAFQTGTASKLTF",1,0,0,0.000424268137462877,0.46062145788548,1,FALSE,NA
"PT3","TRB:CASSLDGIPYNEQFF;TRA:CAVRDVGYYGNNRLAF",1,0,0,0.000424268137462877,0.46062145788548,1,FALSE,NA
"PT3","TRB:CASSLDGISGGFPTGELFF;TRA:CIVRVANRDDKIIF",1,0,0,0.000424268137462877,0.46062145788548,1,FALSE,NA
"PT3","TRB:CASSLDGSGGYSYEQYF;TRA:CALKINRDDKIIF",1,0,0,0.000424268137462877,0.46062145788548,1,FALSE,NA
"PT3","TRB:CASSLDIGAYEQYF",1,0,0,0.000424268137462877,0.46062145788548,1,FALSE,NA
"PT3","TRB:CASSLDLAGGPEQFF",2,0,0,0.000848536274925753,0.212172127464545,1,FALSE,NA
"PT3","TRB:CASSLDLAGGPEQFF;TRA:CAVGAGDYKLSF",17,0,0,0.0072125583368689,1.89169368646645e-06,0.000714639837109547,TRUE,NA
"PT3","TRB:CASSLDLFETTYNEQFF;TRA:CAVTMHGGSQGNLIF",1,0,0,0.000424268137462877,0.46062145788548,1,FALSE,NA
"PT3","TRB:CASSLDLLLAGGAYSYNEQFF;TRA:CAVSDQGGSNYKLTF",1,0,0,0.000424268137462877,0.46062145788548,1,FALSE,NA
"PT3","TRB:CASSLDLLRQGVEGYTF;TRA:CAASATTSGTYKYIF",1,0,0,0.000424268137462877,0.46062145788548,1,FALSE,NA
"PT3","TRB:CASSLDLTLNTEAFF;TRA:CALRGPYQTGANNLFF;TRA:CAVVNAGNNRKLIW",1,0,0,0.000424268137462877,0.46062145788548,1,FALSE,NA
"PT3","TRB:CASSLDRANYGYTF;TRA:CLLGRRGSQGNLIF",1,0,0,0.000424268137462877,0.46062145788548,1,FALSE,NA
"PT3","TRB:CASSLDRGTEAFF;TRA:CAAFGFQKLVF",1,0,0,0.000424268137462877,0.46062145788548,1,FALSE,NA
"PT3","TRB:CASSLDRSTDTQYF;TRA:CAARTQGGSEKLVF",1,0,0,0.000424268137462877,0.46062145788548,1,FALSE,NA
"PT3","TRB:CASSLDTGHGNTIYF;TRA:CIALIQSSGDKLTF",1,0,0,0.000424268137462877,0.46062145788548,1,FALSE,NA
"PT3","TRB:CASSLDWARKTQYF;TRA:CALAGNMLTF;TRA:CAVGYNTDKLIF",1,0,0,0.000424268137462877,0.46062145788548,1,FALSE,NA
"PT3","TRB:CASSLEAGTGYTEAFF",1,1,0.00036231884057971,0.000424268137462877,1,1,FALSE,"clonotype1629"
"PT3","TRB:CASSLEDGNYGYTF;TRA:CAMRDSSASKIIF",1,0,0,0.000424268137462877,0.46062145788548,1,FALSE,NA
"PT3","TRB:CASSLEGFFSDLTDTQYF;TRA:CAVRPSGSRLTF",3,2,0.00072463768115942,0.00127280441238863,0.667057430894965,1,FALSE,"clonotype135"
"PT3","TRB:CASSLEVLSSYEQYF;TRA:CALSEWSRATSGSRLTF",5,6,0.00217391304347826,0.00212134068731438,1,1,FALSE,"clonotype21"
"PT3","TRB:CASSLEYRGSNYGYTF;TRA:CAASIYNTDKLIF",1,0,0,0.000424268137462877,0.46062145788548,1,FALSE,NA
"PT3","TRB:CASSLFAASGKSYEQYF;TRA:CAVSHSGGYQKVTF",1,0,0,0.000424268137462877,0.46062145788548,1,FALSE,NA
"PT3","TRB:CASSLFVPENEKLFF;TRA:CAVEEADTGNQFYF;TRA:CVVNEGYGNKLVF",1,0,0,0.000424268137462877,0.46062145788548,1,FALSE,NA
"PT3","TRB:CASSLGAESYNEQFF;TRA:CAMSAFNGQKLLF",1,0,0,0.000424268137462877,0.46062145788548,1,FALSE,NA
"PT3","TRB:CASSLGANNEQFF;TRA:CAAKIQGAQKLVF",1,0,0,0.000424268137462877,0.46062145788548,1,FALSE,NA
"PT3","TRB:CASSLGAQETQYF;TRA:CIVRVRDDKIIF",1,0,0,0.000424268137462877,0.46062145788548,1,FALSE,NA
"PT3","TRB:CASSLGASTDTQYF",1,0,0,0.000424268137462877,0.46062145788548,1,FALSE,NA
"PT3","TRB:CASSLGASTDTQYF;TRA:CAASYTGRRALTF",11,0,0,0.00466694951209164,0.00019805500465558,0.0374103897682762,TRUE,NA
"PT3","TRB:CASSLGATTGVGYTF;TRA:CAVKDFNKFYF",1,0,0,0.000424268137462877,0.46062145788548,1,FALSE,NA
"PT3","TRB:CASSLGDASKQYF",1,0,0,0.000424268137462877,0.46062145788548,1,FALSE,NA
"PT3","TRB:CASSLGDRAQETQYF;TRA:CALSGTGNQFYF",1,0,0,0.000424268137462877,0.46062145788548,1,FALSE,NA
"PT3","TRB:CASSLGDREGEKLFF;TRA:CIVRVANNARLMF",1,0,0,0.000424268137462877,0.46062145788548,1,FALSE,NA
"PT3","TRB:CASSLGDRGQETQYF;TRA:CAVSGQAGTALIF",1,0,0,0.000424268137462877,0.46062145788548,1,FALSE,NA
"PT3","TRB:CASSLGDRGQETQYF;TRA:CAVTGNQFYF",1,0,0,0.000424268137462877,0.46062145788548,1,FALSE,NA
"PT3","TRB:CASSLGDRGQETQYF;TRA:CIVPGYSTLTF",1,0,0,0.000424268137462877,0.46062145788548,1,FALSE,NA
"PT3","TRB:CASSLGDRVDQPQHF;TRA:CAIQGAQKLVF",2,0,0,0.000848536274925753,0.212172127464545,1,FALSE,NA
"PT3","TRB:CASSLGDWDYEQYF;TRA:CIVRVGAGNTPLVF",1,0,0,0.000424268137462877,0.46062145788548,1,FALSE,NA
"PT3","TRB:CASSLGFGTGVYAGTDTQYF;TRA:CAASIRSQGGSEKLVF;TRA:CILRGGHGSGNTGKLIF",1,0,0,0.000424268137462877,0.46062145788548,1,FALSE,NA
"PT3","TRB:CASSLGGGADTQYF;TRA:CAVSESQGAQKLVF",1,0,0,0.000424268137462877,0.46062145788548,1,FALSE,NA
"PT3","TRB:CASSLGGLQPNSPLHF",2,0,0,0.000848536274925753,0.212172127464545,1,FALSE,NA
"PT3","TRB:CASSLGGPNQPQHF;TRA:CAVPYNFNKFYF",3,0,0,0.00127280441238863,0.0977310346753825,1,FALSE,NA
"PT3","TRB:CASSLGGQGANEQYF;TRA:CILRPRGYSGAGSYQLTF",1,0,0,0.000424268137462877,0.46062145788548,1,FALSE,NA
"PT3","TRB:CASSLGGQTDTQYF;TRA:CAVDSSYKLIF",1,0,0,0.000424268137462877,0.46062145788548,1,FALSE,NA
"PT3","TRB:CASSLGGRNTEAFF;TRA:CAVTTSGTYKYIF",1,0,0,0.000424268137462877,0.46062145788548,1,FALSE,NA
"PT3","TRB:CASSLGGRSYNEQFF;TRA:CAGGGSQGNLIF",1,0,0,0.000424268137462877,0.46062145788548,1,FALSE,NA
"PT3","TRB:CASSLGGSKNIQYF;TRA:CAGQNSGNTPLVF",1,0,0,0.000424268137462877,0.46062145788548,1,FALSE,NA
"PT3","TRB:CASSLGGTGLVGEQFF;TRA:CIVRSRSNDYKLSF",1,0,0,0.000424268137462877,0.46062145788548,1,FALSE,NA
"PT3","TRB:CASSLGGTVHEQYF;TRA:CADLFSGGYNKLIF",1,0,0,0.000424268137462877,0.46062145788548,1,FALSE,NA
"PT3","TRB:CASSLGGYEQYF",1,0,0,0.000424268137462877,0.46062145788548,1,FALSE,NA
"PT3","TRB:CASSLGLAGDGTGELFF;TRA:CAENLLNAGGTSYGKLTF;TRA:CAGPRASGSRLTF",1,0,0,0.000424268137462877,0.46062145788548,1,FALSE,NA
"PT3","TRB:CASSLGLAGELFF;TRA:CAGRGTYKYIF",1,0,0,0.000424268137462877,0.46062145788548,1,FALSE,NA
"PT3","TRB:CASSLGLAGGREQYF",1,0,0,0.000424268137462877,0.46062145788548,1,FALSE,NA
"PT3","TRB:CASSLGLAGQEDTQYF;TRA:CAENKGNSGYSTLTF",10,25,0.00905797101449275,0.00424268137462877,0.0418831937010885,1,FALSE,"clonotype4"
"PT3","TRB:CASSLGLSSTDTQYF;TRA:CAASNPGGFKTIF;TRA:CAVSRAQKLVF",1,0,0,0.000424268137462877,0.46062145788548,1,FALSE,NA
"PT3","TRB:CASSLGMNTEAFF;TRA:CAMKIQGAQKLVF",2,0,0,0.000848536274925753,0.212172127464545,1,FALSE,NA
"PT3","TRB:CASSLGPGARGYTF;TRA:CAFAGGTSYGKLTF",1,0,0,0.000424268137462877,0.46062145788548,1,FALSE,NA
"PT3","TRB:CASSLGPGGGYTF;TRA:CAASGNTPLVF",1,0,0,0.000424268137462877,0.46062145788548,1,FALSE,NA
"PT3","TRB:CASSLGPPGREQYF;TRA:CAVRMNQAGTALIF",1,0,0,0.000424268137462877,0.46062145788548,1,FALSE,NA
"PT3","TRB:CASSLGPQGALYEQYF;TRA:CAVVITQGGSEKLVF",1,0,0,0.000424268137462877,0.46062145788548,1,FALSE,NA
"PT3","TRB:CASSLGPQPQHF;TRA:CAGASGGSYIPTF",1,0,0,0.000424268137462877,0.46062145788548,1,FALSE,NA
"PT3","TRB:CASSLGPTVEVNTQYF;TRA:CALSDFNYGQNFVF",1,0,0,0.000424268137462877,0.46062145788548,1,FALSE,NA
"PT3","TRB:CASSLGPYNSPLHF;TRA:CAELSNDMRF",1,0,0,0.000424268137462877,0.46062145788548,1,FALSE,NA
"PT3","TRB:CASSLGQELTF;TRA:CAAHQAGTALIF;TRA:CALYGNNRLAF",7,4,0.00144927536231884,0.00296987696224014,0.365339277764051,1,FALSE,"clonotype28"
"PT3","TRB:CASSLGQGAGETQYF;TRA:CAFMSGAGGTSYGKLTF;TRA:CAPNAGGTSYGKLTF",1,0,0,0.000424268137462877,0.46062145788548,1,FALSE,NA
"PT3","TRB:CASSLGQGGEAFF;TRB:CASSLRDGEPEAFF;TRA:CAGRGSYIPTF",5,0,0,0.00212134068731438,0.0207358015463871,1,FALSE,NA
"PT3","TRB:CASSLGQGPYNEQFF;TRA:CAGAKGSNNARLMF;TRA:CVVSRRQGGADGLTF",1,0,0,0.000424268137462877,0.46062145788548,1,FALSE,NA
"PT3","TRB:CASSLGQIYEAFF;TRA:CAFMKRATGANSKLTF",1,0,0,0.000424268137462877,0.46062145788548,1,FALSE,NA
"PT3","TRB:CASSLGQNEQYF;TRB:CSARKEDRAGYTF;TRA:CATGGGYQKVTF",7,0,0,0.00296987696224014,0.00439955912877955,0.482532291543564,FALSE,NA
"PT3","TRB:CASSLGQPSGDTQYF;TRA:CGTESNDYKLSF",1,2,0.00072463768115942,0.000424268137462877,1,1,FALSE,"clonotype97"
"PT3","TRB:CASSLGRASTDTQYF",1,0,0,0.000424268137462877,0.46062145788548,1,FALSE,NA
"PT3","TRB:CASSLGREGYTF;TRA:CAVQPLTSGGYNKLIF;TRA:CGTEGGDYKLSF",2,0,0,0.000848536274925753,0.212172127464545,1,FALSE,NA
"PT3","TRB:CASSLGRGDTEAFF;TRA:CGTELNYGQNFVF",1,0,0,0.000424268137462877,0.46062145788548,1,FALSE,NA
"PT3","TRB:CASSLGRGFYGYTF;TRA:CALKGAAGNKLTF;TRA:CALYGNNRLAF",1,0,0,0.000424268137462877,0.46062145788548,1,FALSE,NA
"PT3","TRB:CASSLGRGNEQFF;TRA:CVVNVNDMRF",1,0,0,0.000424268137462877,0.46062145788548,1,FALSE,NA
"PT3","TRB:CASSLGRNEQFF;TRA:CAMSATGGFKTIF",3,0,0,0.00127280441238863,0.0977310346753825,1,FALSE,NA
"PT3","TRB:CASSLGRQTYEQYF;TRA:CATDVYSSYKLIF",1,0,0,0.000424268137462877,0.46062145788548,1,FALSE,NA
"PT3","TRB:CASSLGRTGGYQETQYF;TRA:CAYRSRDSGGGADGLTF",1,0,0,0.000424268137462877,0.46062145788548,1,FALSE,NA
"PT3","TRB:CASSLGTGNEQFF;TRA:CATRGQNFVF",1,0,0,0.000424268137462877,0.46062145788548,1,FALSE,NA
"PT3","TRB:CASSLGTGWMNTEAFF;TRA:CAASGGSYIPTF",1,0,0,0.000424268137462877,0.46062145788548,1,FALSE,NA
"PT3","TRB:CASSLGTIVINYGYTF;TRA:CTYKTSYDKVIF",1,0,0,0.000424268137462877,0.46062145788548,1,FALSE,NA
"PT3","TRB:CASSLGTKNEQFF;TRA:CATDAGHQFYF",1,0,0,0.000424268137462877,0.46062145788548,1,FALSE,NA
"PT3","TRB:CASSLGVQPQHF;TRA:CARNSGGSNYKLTF",1,0,0,0.000424268137462877,0.46062145788548,1,FALSE,NA
"PT3","TRB:CASSLGWTGNNQPQHF;TRA:CILRDPGNQFYF",3,0,0,0.00127280441238863,0.0977310346753825,1,FALSE,NA
"PT3","TRB:CASSLGYGANVLTF;TRA:CAVLTSGTYKYIF",1,0,0,0.000424268137462877,0.46062145788548,1,FALSE,NA
"PT3","TRB:CASSLHAGGPGETQYF;TRA:CAGPSYTGTASKLTF;TRA:CAVQGSGTYKYIF",2,0,0,0.000848536274925753,0.212172127464545,1,FALSE,NA
"PT3","TRB:CASSLHRANTEAFF;TRA:CAESKSASKIIF",1,0,0,0.000424268137462877,0.46062145788548,1,FALSE,NA
"PT3","TRB:CASSLIAAPQETQYF;TRA:CAVREGARLMF;TRA:CAYPSGGYNKLIF",1,0,0,0.000424268137462877,0.46062145788548,1,FALSE,NA
"PT3","TRB:CASSLIHRGDYGYTF;TRA:CATDSKRDDKIIF",1,0,0,0.000424268137462877,0.46062145788548,1,FALSE,NA
"PT3","TRB:CASSLILGFSDTEAFF;TRA:CAVTSTSGTYKYIF",1,0,0,0.000424268137462877,0.46062145788548,1,FALSE,NA
"PT3","TRB:CASSLIYTGELFF;TRA:CALSERRAGNMLTF",1,0,0,0.000424268137462877,0.46062145788548,1,FALSE,NA
"PT3","TRB:CASSLKGATEAFF;TRA:CATATNNAGNMLTF",2,0,0,0.000848536274925753,0.212172127464545,1,FALSE,NA
"PT3","TRB:CASSLKGKGRYTEAFF;TRA:CAVSRAYTGGYQKVTF",1,0,0,0.000424268137462877,0.46062145788548,1,FALSE,NA
"PT3","TRB:CASSLKGSTEAFF;TRA:CATARNNAGNMLTF",1,0,0,0.000424268137462877,0.46062145788548,1,FALSE,NA
"PT3","TRB:CASSLKLPGVTEAFF;TRA:CALSERSGGGADGLTF",1,0,0,0.000424268137462877,0.46062145788548,1,FALSE,NA
"PT3","TRB:CASSLKSRGGQSHEQYF;TRA:CAVNIDISNFGNEKLTF",1,0,0,0.000424268137462877,0.46062145788548,1,FALSE,NA
"PT3","TRB:CASSLLAGGPDTQYF;TRA:CAVFSGGYNKLIF",1,0,0,0.000424268137462877,0.46062145788548,1,FALSE,NA
"PT3","TRB:CASSLLAGYEQYF;TRA:CAMREAYTGANSKLTF",2,2,0.00072463768115942,0.000848536274925753,1,1,FALSE,"clonotype86"
"PT3","TRB:CASSLLASGSNQPQHF;TRA:CGADKGTSYDKVIF",1,0,0,0.000424268137462877,0.46062145788548,1,FALSE,NA
"PT3","TRB:CASSLLDVSGNTIYF;TRA:CATDPSGNEKLTF",1,0,0,0.000424268137462877,0.46062145788548,1,FALSE,NA
"PT3","TRB:CASSLLGGNTGELFF;TRA:CALSEAKEGFQKLVF",1,0,0,0.000424268137462877,0.46062145788548,1,FALSE,NA
"PT3","TRB:CASSLLGNTGELFF;TRA:CALRRSNYQLIW",1,0,0,0.000424268137462877,0.46062145788548,1,FALSE,NA
"PT3","TRB:CASSLLGRHEQFF;TRB:CASSQHRTGPYNEQFF;TRA:CAFLAQKLVF",5,0,0,0.00212134068731438,0.0207358015463871,1,FALSE,NA
"PT3","TRB:CASSLLLGSNYGYTF;TRA:CAGPSGGYQKVTF",1,0,0,0.000424268137462877,0.46062145788548,1,FALSE,NA
"PT3","TRB:CASSLLQNTEAFF;TRA:CALSEAVRGNAGNMLTF",1,0,0,0.000424268137462877,0.46062145788548,1,FALSE,NA
"PT3","TRB:CASSLLSQYNEKLFF;TRA:CALSEAGNAGNMLTF",1,0,0,0.000424268137462877,0.46062145788548,1,FALSE,NA
"PT3","TRB:CASSLLTTDRLYGYTF;TRB:CASSVGSVSEAFF;TRA:CARPFSGNTPLVF;TRA:CAYRSAYSGAGSYQLTF",1,0,0,0.000424268137462877,0.46062145788548,1,FALSE,NA
"PT3","TRB:CASSLLWESSYNEQFF;TRA:CAASAGNYGQNFVF",1,0,0,0.000424268137462877,0.46062145788548,1,FALSE,NA
"PT3","TRB:CASSLMASGISNEQFF;TRA:CAGKAETGGFKTIF",1,0,0,0.000424268137462877,0.46062145788548,1,FALSE,NA
"PT3","TRB:CASSLMGQTYNEQFF;TRA:CGARRGSTLGRLYF",1,0,0,0.000424268137462877,0.46062145788548,1,FALSE,NA
"PT3","TRB:CASSLMTQNTEAFF;TRA:CCAGTASKLTF",1,0,0,0.000424268137462877,0.46062145788548,1,FALSE,NA
"PT3","TRB:CASSLMTSGRFGEQYF;TRA:CAYRSSNTGNQFYF",1,0,0,0.000424268137462877,0.46062145788548,1,FALSE,NA
"PT3","TRB:CASSLNPTSYNEQFF;TRA:CAVNPTGNQFYF",1,0,0,0.000424268137462877,0.46062145788548,1,FALSE,NA
"PT3","TRB:CASSLNRDYGYTF;TRA:CAASNPLSGGSYIPTF",1,0,0,0.000424268137462877,0.46062145788548,1,FALSE,NA
"PT3","TRB:CASSLNRGNNSPLHF;TRA:CAVGADKLIF",1,0,0,0.000424268137462877,0.46062145788548,1,FALSE,NA
"PT3","TRB:CASSLNRGQGSYGYTF;TRA:CAMSVGMYSGGGADGLTF",1,0,0,0.000424268137462877,0.46062145788548,1,FALSE,NA
"PT3","TRB:CASSLNRLAGEDTDTQYF;TRA:CALRNFGNEKLTF",1,0,0,0.000424268137462877,0.46062145788548,1,FALSE,NA
"PT3","TRB:CASSLNTPGPYNEQFF;TRA:CAASPGSWGKLQF",1,0,0,0.000424268137462877,0.46062145788548,1,FALSE,NA
"PT3","TRB:CASSLNWGANNEQFF;TRA:CILRDGRNNAGNMLTF",2,0,0,0.000848536274925753,0.212172127464545,1,FALSE,NA
"PT3","TRB:CASSLPTGVLSYEQYF",2,0,0,0.000848536274925753,0.212172127464545,1,FALSE,NA
"PT3","TRB:CASSLQALNSPLHF;TRA:CAVCYSGGGADGLTF;TRA:CAYRSLPLYSGGGADGLTF",1,0,0,0.000424268137462877,0.46062145788548,1,FALSE,NA
"PT3","TRB:CASSLQLAASTDTQYF;TRA:CAGPRTGGGADGLTF",1,0,0,0.000424268137462877,0.46062145788548,1,FALSE,NA
"PT3","TRB:CASSLQQAGGTEAFF;TRA:CAVRSLTGNTGKLIF",1,0,0,0.000424268137462877,0.46062145788548,1,FALSE,NA
"PT3","TRB:CASSLQTLANYNEQFF;TRA:CALSDYLNYGGSQGNLIF;TRA:CLVGDTGSGNTGKLIF",4,0,0,0.00169707254985151,0.0450170116728311,1,FALSE,NA
"PT3","TRB:CASSLRAGGGSTYEQYF;TRA:CAMSFSDGQKLLF",1,0,0,0.000424268137462877,0.46062145788548,1,FALSE,NA
"PT3","TRB:CASSLRAWDRGLNEQFF;TRA:CALNSYSGAGSYQLTF",1,0,0,0.000424268137462877,0.46062145788548,1,FALSE,NA
"PT3","TRB:CASSLRDSNQPQHF;TRA:CAETGANSGGSNYKLTF",1,0,0,0.000424268137462877,0.46062145788548,1,FALSE,NA
"PT3","TRB:CASSLRETLFTEAFF;TRA:CAQPQASGGSYIPTF",1,0,0,0.000424268137462877,0.46062145788548,1,FALSE,NA
"PT3","TRB:CASSLRGDNSPLHF;TRA:CAENTIKTIF;TRA:CALTDAGNNRKLIW",3,0,0,0.00127280441238863,0.0977310346753825,1,FALSE,NA
"PT3","TRB:CASSLRGMNTEAFF;TRA:CAGVSRGNNRLAF",1,0,0,0.000424268137462877,0.46062145788548,1,FALSE,NA
"PT3","TRB:CASSLRGSSSYNEQFF;TRA:CVVSTDSWGKLQF",1,0,0,0.000424268137462877,0.46062145788548,1,FALSE,NA
"PT3","TRB:CASSLRPGEGYNEQFF",1,0,0,0.000424268137462877,0.46062145788548,1,FALSE,NA
"PT3","TRB:CASSLRPPGQGMNTEAFF",1,0,0,0.000424268137462877,0.46062145788548,1,FALSE,NA
"PT3","TRB:CASSLRRQENQPQHF;TRA:CAFISGSNYKLTF",1,1,0.00036231884057971,0.000424268137462877,1,1,FALSE,"clonotype1857"
"PT3","TRB:CASSLRSELNYGYTF;TRA:CILRPTGSGGSNYKLTF",2,0,0,0.000848536274925753,0.212172127464545,1,FALSE,NA
"PT3","TRB:CASSLRSGVYYNSPLHF;TRA:CAGQSSSNTGKLIF",1,0,0,0.000424268137462877,0.46062145788548,1,FALSE,NA
"PT3","TRB:CASSLRSGYQPQHF;TRA:CAVLMDSSYKLIF",1,0,0,0.000424268137462877,0.46062145788548,1,FALSE,NA
"PT3","TRB:CASSLSDRVGDNEQFF;TRA:CIVRGSARQLTF",1,0,0,0.000424268137462877,0.46062145788548,1,FALSE,NA
"PT3","TRB:CASSLSGALAGGRNEQFF;TRA:CVVSDQGKPRYGNKLVF",1,0,0,0.000424268137462877,0.46062145788548,1,FALSE,NA
"PT3","TRB:CASSLSGENSPLHF;TRB:CASSYSNPVYQPQHF;TRA:CAASGNTGGFKTIF;TRA:CAVMDSNYQLIW",1,0,0,0.000424268137462877,0.46062145788548,1,FALSE,NA
"PT3","TRB:CASSLSGGRVNEQYF;TRA:CAMREGKGFGNVLHC;TRA:CAVNAPNFGNEKLTF",1,0,0,0.000424268137462877,0.46062145788548,1,FALSE,NA
"PT3","TRB:CASSLSGPPYEQYF;TRA:CAESIPSGSARQLTF",1,0,0,0.000424268137462877,0.46062145788548,1,FALSE,NA
"PT3","TRB:CASSLSGTGDYGYTF",1,0,0,0.000424268137462877,0.46062145788548,1,FALSE,NA
"PT3","TRB:CASSLSLYEQYF;TRA:CAVSEGDYKLSF",1,0,0,0.000424268137462877,0.46062145788548,1,FALSE,NA
"PT3","TRB:CASSLSPGVAYEQYF;TRA:CAAHTGGFKTIF;TRA:CAAIFSGGYNKLIF",1,0,0,0.000424268137462877,0.46062145788548,1,FALSE,NA
"PT3","TRB:CASSLSQAIYNEQFF",1,0,0,0.000424268137462877,0.46062145788548,1,FALSE,NA
"PT3","TRB:CASSLSRATGTQYF;TRA:CAMSAGGTAGNKLTF",1,0,0,0.000424268137462877,0.46062145788548,1,FALSE,NA
"PT3","TRB:CASSLSSGFLSSGANVLTF;TRA:CAVNSGTYKYIF",1,0,0,0.000424268137462877,0.46062145788548,1,FALSE,NA
"PT3","TRB:CASSLSTSRVKNIQYF",1,0,0,0.000424268137462877,0.46062145788548,1,FALSE,NA
"PT3","TRB:CASSLSVDLHTEAFF;TRA:CIVRVKRGANSKLTF",1,0,0,0.000424268137462877,0.46062145788548,1,FALSE,NA
"PT3","TRB:CASSLSYNEQFF;TRA:CASRRGDKYIF",1,0,0,0.000424268137462877,0.46062145788548,1,FALSE,NA
"PT3","TRB:CASSLTDSGYEQYF",1,0,0,0.000424268137462877,0.46062145788548,1,FALSE,NA
"PT3","TRB:CASSLTEQYF;TRA:CAAIAGGTSYGKLTF;TRA:CAASTGGTSYGKLTF",1,0,0,0.000424268137462877,0.46062145788548,1,FALSE,NA
"PT3","TRB:CASSLTGEGSDEQFF;TRA:CAVGGYQKVTF",1,0,0,0.000424268137462877,0.46062145788548,1,FALSE,NA
"PT3","TRB:CASSLTGGPYNEQFF",1,0,0,0.000424268137462877,0.46062145788548,1,FALSE,NA
"PT3","TRB:CASSLTGLDEQYF;TRA:CARGRGSDGQKLLF",1,0,0,0.000424268137462877,0.46062145788548,1,FALSE,NA
"PT3","TRB:CASSLTGNEQYF;TRA:CALSEAVNTGRRALTF",1,0,0,0.000424268137462877,0.46062145788548,1,FALSE,NA
"PT3","TRB:CASSLTGPYGYTF;TRA:CAGTSGTYKYIF",1,0,0,0.000424268137462877,0.46062145788548,1,FALSE,NA
"PT3","TRB:CASSLTGVGTRDTQYF;TRA:CAAKERGNKLVF",1,0,0,0.000424268137462877,0.46062145788548,1,FALSE,NA
"PT3","TRB:CASSLTLAGFYNEQFF;TRB:CASSVDDRFNSPLHF;TRA:CAANNNDMRF;TRA:CAPRRSNYQLIW",1,0,0,0.000424268137462877,0.46062145788548,1,FALSE,NA
"PT3","TRB:CASSLTRADLGTEAFF",1,0,0,0.000424268137462877,0.46062145788548,1,FALSE,NA
"PT3","TRB:CASSLTRYEQFF;TRA:CAVSPQGAQKLVF",1,0,0,0.000424268137462877,0.46062145788548,1,FALSE,NA
"PT3","TRB:CASSLTSGRRYEQYF;TRA:CLVGDSNQGGKLIF",1,0,0,0.000424268137462877,0.46062145788548,1,FALSE,NA
"PT3","TRB:CASSLVGDRLPLGSGNTIYF;TRA:CALTPSKTSYDKVIF",2,0,0,0.000848536274925753,0.212172127464545,1,FALSE,NA
"PT3","TRB:CASSLVIPPPGAYEQYF;TRA:CLVGDNGNNRLAF",1,0,0,0.000424268137462877,0.46062145788548,1,FALSE,NA
"PT3","TRB:CASSLVIRGRSPLHF;TRA:CAYSPGGGGADGLTF",1,0,0,0.000424268137462877,0.46062145788548,1,FALSE,NA
"PT3","TRB:CASSLVLDTPYNEQFF;TRA:CAASGRDDKIIF",2,0,0,0.000848536274925753,0.212172127464545,1,FALSE,NA
"PT3","TRB:CASSLVPGTGGHEQYF;TRA:CALSERNTGNQFYF;TRA:CAVYYTGRRALTF",1,0,0,0.000424268137462877,0.46062145788548,1,FALSE,NA
"PT3","TRB:CASSLVPTGGNTIYF",1,0,0,0.000424268137462877,0.46062145788548,1,FALSE,NA
"PT3","TRB:CASSLVRDYNEQFF;TRA:CIVLTSDKLIF",2,0,0,0.000848536274925753,0.212172127464545,1,FALSE,NA
"PT3","TRB:CASSLVSDSPYNEQFF;TRA:CAASGGGSQGNLIF",2,0,0,0.000848536274925753,0.212172127464545,1,FALSE,NA
"PT3","TRB:CASSLVSGGAEQYF;TRA:CAVSEGNQGGKLIF",1,0,0,0.000424268137462877,0.46062145788548,1,FALSE,NA
"PT3","TRB:CASSLVSGSYEQYF;TRA:CAGRTLNSGNTPLVF",1,0,0,0.000424268137462877,0.46062145788548,1,FALSE,NA
"PT3","TRB:CASSLVWGLAGGQMDEQFF;TRA:CAVNVYNQGGKLIF",1,0,0,0.000424268137462877,0.46062145788548,1,FALSE,NA
"PT3","TRB:CASSLWAGGLETQYF;TRA:CAASEGRGGSEKLVF",1,0,0,0.000424268137462877,0.46062145788548,1,FALSE,NA
"PT3","TRB:CASSLWGERETQYF;TRA:CALRRNQGGKLIF",1,0,0,0.000424268137462877,0.46062145788548,1,FALSE,NA
"PT3","TRB:CASSLWGQGKQPQHF;TRA:CAFISTSGTYKYIF",1,0,0,0.000424268137462877,0.46062145788548,1,FALSE,NA
"PT3","TRB:CASSLWSRAEKLFF;TRA:CAVDIRQGGSEKLVF",1,0,0,0.000424268137462877,0.46062145788548,1,FALSE,NA
"PT3","TRB:CASSLYAPVGGTMNTEAFF",14,10,0.0036231884057971,0.00593975392448027,0.305922522533944,1,FALSE,"clonotype12"
"PT3","TRB:CASSLYAPVGGTMNTEAFF;TRA:CALDAYSGGGADGLTF",36,47,0.0170289855072464,0.0152736529486636,0.660600462528886,1,FALSE,"clonotype2"
"PT3","TRB:CASSLYAPVGGTMNTEAFF;TRB:CSARGSGRASSYEQYF;TRA:CAVRDRRKLQF",1,0,0,0.000424268137462877,0.46062145788548,1,FALSE,NA
"PT3","TRB:CASSLYGGEQFF;TRA:CAASRFGSGNTGKLIF",1,0,0,0.000424268137462877,0.46062145788548,1,FALSE,NA
"PT3","TRB:CASSLYGGGDIQYF;TRA:CAPKRRNTPLVF",1,0,0,0.000424268137462877,0.46062145788548,1,FALSE,NA
"PT3","TRB:CASSLYGPGQNNNEQFF;TRA:CAVSARTNAGKSTF",2,0,0,0.000848536274925753,0.212172127464545,1,FALSE,NA
"PT3","TRB:CASSLYGQPGGAFF;TRA:CAVHLDFNFGNEKLTF;TRA:CGADNQAGTALIF",1,0,0,0.000424268137462877,0.46062145788548,1,FALSE,NA
"PT3","TRB:CASSLYGSSGNTIYF;TRA:CIGGARNTPLVF",1,0,0,0.000424268137462877,0.46062145788548,1,FALSE,NA
"PT3","TRB:CASSLYPGRFYGYTF;TRA:CATERYTGTASKLTF",1,0,0,0.000424268137462877,0.46062145788548,1,FALSE,NA
"PT3","TRB:CASSLYPPWDNYGYTF;TRA:CIAITSGTYKYIF",1,0,0,0.000424268137462877,0.46062145788548,1,FALSE,NA
"PT3","TRB:CASSLYRDSDTEAFF;TRA:CADTGNDMRF",1,0,0,0.000424268137462877,0.46062145788548,1,FALSE,NA
"PT3","TRB:CASSLYRGRDEQYF;TRA:CAVNARDDKIIF",1,0,0,0.000424268137462877,0.46062145788548,1,FALSE,NA
"PT3","TRB:CASSLYTGYEQYF;TRA:CAENPRDNFNKFYF",1,0,0,0.000424268137462877,0.46062145788548,1,FALSE,NA
"PT3","TRB:CASSMGFSTQYF;TRA:CAGQTDSNYQLIW",1,0,0,0.000424268137462877,0.46062145788548,1,FALSE,NA
"PT3","TRB:CASSMGGSGANVLTF;TRA:CAASTPSDGNEKLTF",1,0,0,0.000424268137462877,0.46062145788548,1,FALSE,NA
"PT3","TRB:CASSMGQGALGEAFF;TRA:CATDARSQGNLIF",1,0,0,0.000424268137462877,0.46062145788548,1,FALSE,NA
"PT3","TRB:CASSMGRDRARQPQHF;TRA:CIVRFRGNDYKLSF",1,0,0,0.000424268137462877,0.46062145788548,1,FALSE,NA
"PT3","TRB:CASSMPGDEQFF;TRA:CAVDLYSGGGADGLTF",1,0,0,0.000424268137462877,0.46062145788548,1,FALSE,NA
"PT3","TRB:CASSMPGQAYEQYF;TRA:CAVFSDGQKLLF;TRA:CAVRVPVGRSGNTPLVF",3,0,0,0.00127280441238863,0.0977310346753825,1,FALSE,NA
"PT3","TRB:CASSMSGGSSYEQYF;TRA:CILRGFTSGTYKYIF",1,0,0,0.000424268137462877,0.46062145788548,1,FALSE,NA
"PT3","TRB:CASSNDEQFF;TRA:CATGSASKIIF",1,0,0,0.000424268137462877,0.46062145788548,1,FALSE,NA
"PT3","TRB:CASSNHLATGELFF",1,0,0,0.000424268137462877,0.46062145788548,1,FALSE,NA
"PT3","TRB:CASSNLGELAGGFF;TRA:CAESRRSTLGRLYF",1,0,0,0.000424268137462877,0.46062145788548,1,FALSE,NA
"PT3","TRB:CASSNQGAYYGYTF;TRA:CATVLNSGYALNF",1,0,0,0.000424268137462877,0.46062145788548,1,FALSE,NA
"PT3","TRB:CASSNRNTGELFF;TRA:CAVRDVSTGQKLLF",5,7,0.00253623188405797,0.00212134068731438,1,1,FALSE,"clonotype16"
"PT3","TRB:CASSPDRANEQYF;TRA:CIVRVAREGGSEKLVF",1,0,0,0.000424268137462877,0.46062145788548,1,FALSE,NA
"PT3","TRB:CASSPDRPNEKLFF",1,0,0,0.000424268137462877,0.46062145788548,1,FALSE,NA
"PT3","TRB:CASSPDRRLFEAFF;TRA:CILRDVWGSGNTGKLIF",1,0,0,0.000424268137462877,0.46062145788548,1,FALSE,NA
"PT3","TRB:CASSPDSGNTEAFF;TRA:CAYRRPGGSYIPTF",1,0,0,0.000424268137462877,0.46062145788548,1,FALSE,NA
"PT3","TRB:CASSPEGRVAAFF;TRA:CAASAQGNKLVF",1,0,0,0.000424268137462877,0.46062145788548,1,FALSE,NA
"PT3","TRB:CASSPESGAHYGYTF;TRA:CAASWAGGYQKVTF",1,0,0,0.000424268137462877,0.46062145788548,1,FALSE,NA
"PT3","TRB:CASSPEVGWGQPQHF;TRA:CAASERNNNARLMF",1,0,0,0.000424268137462877,0.46062145788548,1,FALSE,NA
"PT3","TRB:CASSPFGQSLNYGYTF;TRA:CAVGIIGFGNVLHC",1,1,0.00036231884057971,0.000424268137462877,1,1,FALSE,"clonotype1799"
"PT3","TRB:CASSPGDTHTEAFF;TRA:CAVRRTYNFNKFYF",1,0,0,0.000424268137462877,0.46062145788548,1,FALSE,NA
"PT3","TRB:CASSPGELDRETQYF;TRB:CAWRSGWNTEAFF;TRA:CALSDLAGGSYIPTF;TRA:CATAPLIQGAQKLVF",1,0,0,0.000424268137462877,0.46062145788548,1,FALSE,NA
"PT3","TRB:CASSPGGESYEQYF;TRA:CAENIDDYKLSF",1,0,0,0.000424268137462877,0.46062145788548,1,FALSE,NA
"PT3","TRB:CASSPGGGMFPNQPQHF;TRA:CAYGGWDDKIIF",1,0,0,0.000424268137462877,0.46062145788548,1,FALSE,NA
"PT3","TRB:CASSPGGPVETQYF;TRA:CALSVSNFNKFYF",1,0,0,0.000424268137462877,0.46062145788548,1,FALSE,NA
"PT3","TRB:CASSPGGTRQETQYF;TRA:CASYAPGDYKLSF",1,0,0,0.000424268137462877,0.46062145788548,1,FALSE,NA
"PT3","TRB:CASSPGGTTDTQYF;TRA:CAMSDTGRRALTF",1,0,0,0.000424268137462877,0.46062145788548,1,FALSE,NA
"PT3","TRB:CASSPGIGELFF;TRA:CAFYYGGATNKLIF",1,0,0,0.000424268137462877,0.46062145788548,1,FALSE,NA
"PT3","TRB:CASSPGLAGSFRYEQYF;TRA:CAYRSFQGGSEKLVF",1,0,0,0.000424268137462877,0.46062145788548,1,FALSE,NA
"PT3","TRB:CASSPGLAGVNEQFF;TRA:CAFYSQGGSEKLVF",1,1,0.00036231884057971,0.000424268137462877,1,1,FALSE,"clonotype1529"
"PT3","TRB:CASSPGPLRQPQHF;TRA:CVVSDYSGGYNKLIF",1,0,0,0.000424268137462877,0.46062145788548,1,FALSE,NA
"PT3","TRB:CASSPGPWHYEQYF;TRA:CAACMNYGGSQGNLIF",1,0,0,0.000424268137462877,0.46062145788548,1,FALSE,NA
"PT3","TRB:CASSPGQANEQFF;TRA:CAMSAWRGGADGLTF",1,0,0,0.000424268137462877,0.46062145788548,1,FALSE,NA
"PT3","TRB:CASSPGQGETEAFF;TRA:CAVLPSGGYNKLIF",1,0,0,0.000424268137462877,0.46062145788548,1,FALSE,NA
"PT3","TRB:CASSPGQQTTF;TRA:CAVATGGGNKLTF",1,0,0,0.000424268137462877,0.46062145788548,1,FALSE,NA
"PT3","TRB:CASSPGRGVHGYTF;TRA:CAAPPSGSARQLTF",1,0,0,0.000424268137462877,0.46062145788548,1,FALSE,NA
"PT3","TRB:CASSPGRSEQYF;TRA:CALSEARDNARLMF",1,0,0,0.000424268137462877,0.46062145788548,1,FALSE,NA
"PT3","TRB:CASSPGSRELFF;TRA:CAASARGDYKLSF",1,0,0,0.000424268137462877,0.46062145788548,1,FALSE,NA
"PT3","TRB:CASSPGTGGDQPQHF;TRA:CAEIAYYNTDKLIF",1,0,0,0.000424268137462877,0.46062145788548,1,FALSE,NA
"PT3","TRB:CASSPGTGILDGYTF;TRA:CAVNSGYSTLTF",1,0,0,0.000424268137462877,0.46062145788548,1,FALSE,NA
"PT3","TRB:CASSPGTGTRYEQYF;TRA:CAFGGGSQGNLIF",1,1,0.00036231884057971,0.000424268137462877,1,1,FALSE,"clonotype1856"
"PT3","TRB:CASSPGTNYGYTF;TRA:CALSEALGSARQLTF",1,0,0,0.000424268137462877,0.46062145788548,1,FALSE,NA
"PT3","TRB:CASSPGTSGGTFF;TRA:CALSGEGQNFVF;TRA:CILINAGGTSYGKLTF",1,0,0,0.000424268137462877,0.46062145788548,1,FALSE,NA
"PT3","TRB:CASSPGVGYTF;TRA:CAVNSRGNKLVF;TRA:CAVRKLTGANSKLTF",1,0,0,0.000424268137462877,0.46062145788548,1,FALSE,NA
"PT3","TRB:CASSPKSGGDQPQHF;TRA:CAFPGSNTGKLIF;TRA:CAVESLGGTASKLTF",1,0,0,0.000424268137462877,0.46062145788548,1,FALSE,NA
"PT3","TRB:CASSPKTSRSSYNEQFF;TRA:CALRALGGAQKLVF",1,0,0,0.000424268137462877,0.46062145788548,1,FALSE,NA
"PT3","TRB:CASSPLAGVPNEQFF;TRA:CIVRGNSGGSNYKLTF",1,0,0,0.000424268137462877,0.46062145788548,1,FALSE,NA
"PT3","TRB:CASSPLDPRAGTEAFF;TRB:CSARKGTSTDTQYF;TRA:CAVNRGWDGGFKTIF;TRA:CAVSEGGANNLFF",1,0,0,0.000424268137462877,0.46062145788548,1,FALSE,NA
"PT3","TRB:CASSPLFGQLYEQYF;TRA:CVVNLSGGYNKLIF",1,0,0,0.000424268137462877,0.46062145788548,1,FALSE,NA
"PT3","TRB:CASSPLGLGETQYF;TRA:CAASSTSGTYKYIF",1,0,0,0.000424268137462877,0.46062145788548,1,FALSE,NA
"PT3","TRB:CASSPLGQNTGELFF;TRA:CAVRLLTGNQFYF",1,0,0,0.000424268137462877,0.46062145788548,1,FALSE,NA
"PT3","TRB:CASSPLGRGTGELFF",1,0,0,0.000424268137462877,0.46062145788548,1,FALSE,NA
"PT3","TRB:CASSPLGSGFYNEQFF;TRB:CASSRPGGNTEAFF;TRA:CAASKWDYKLSF",1,0,0,0.000424268137462877,0.46062145788548,1,FALSE,NA
"PT3","TRB:CASSPLIGRRGKAFF;TRA:CAENSKAGTALIF",1,0,0,0.000424268137462877,0.46062145788548,1,FALSE,NA
"PT3","TRB:CASSPLLAGGHGELFF;TRA:CALRRGPYGGSQGNLIF",1,0,0,0.000424268137462877,0.46062145788548,1,FALSE,NA
"PT3","TRB:CASSPLQGVMTGANVLTF;TRA:CARTLYNFNKFYF",1,0,0,0.000424268137462877,0.46062145788548,1,FALSE,NA
"PT3","TRB:CASSPLQYNEQFF;TRA:CALWSGYALNF",1,0,0,0.000424268137462877,0.46062145788548,1,FALSE,NA
"PT3","TRB:CASSPLRDRANNEQFF;TRA:CLLGDEDFGNEKLTF",1,0,0,0.000424268137462877,0.46062145788548,1,FALSE,NA
"PT3","TRB:CASSPLRGLDGYTF;TRA:CAPSRYGNKLVF",1,0,0,0.000424268137462877,0.46062145788548,1,FALSE,NA
"PT3","TRB:CASSPNLQGGNSPLHF",1,0,0,0.000424268137462877,0.46062145788548,1,FALSE,NA
"PT3","TRB:CASSPPAGELFF;TRA:CCEDSSYKLIF",1,0,0,0.000424268137462877,0.46062145788548,1,FALSE,NA
"PT3","TRB:CASSPPGGKQETQYF;TRA:CAVGTSGSRLTF",1,0,0,0.000424268137462877,0.46062145788548,1,FALSE,NA
"PT3","TRB:CASSPPGIPYNSPLHF;TRA:CALSGLTGGGNKLTF",1,0,0,0.000424268137462877,0.46062145788548,1,FALSE,NA
"PT3","TRB:CASSPPGLAGGNEQYF;TRA:CATGPYSGGYQKVTF;TRA:CDQDMRF",1,0,0,0.000424268137462877,0.46062145788548,1,FALSE,NA
"PT3","TRB:CASSPPGQPGGTEAFF;TRA:CAETHTGRRALTF",1,0,0,0.000424268137462877,0.46062145788548,1,FALSE,NA
"PT3","TRB:CASSPPGSSYEQYF",1,0,0,0.000424268137462877,0.46062145788548,1,FALSE,NA
"PT3","TRB:CASSPPQGSTQYF;TRA:CAVQAGDSGYALNF",1,0,0,0.000424268137462877,0.46062145788548,1,FALSE,NA
"PT3","TRB:CASSPPRGDSGNTIYF;TRA:CIVRVRGTGGFKTIF",1,0,0,0.000424268137462877,0.46062145788548,1,FALSE,NA
"PT3","TRB:CASSPPRTSGDTQYF;TRA:CAASALYTGNQFYF",1,0,0,0.000424268137462877,0.46062145788548,1,FALSE,NA
"PT3","TRB:CASSPPTGNTEAFF;TRA:CIVRVGGTGGFKTIF",1,0,0,0.000424268137462877,0.46062145788548,1,FALSE,NA
"PT3","TRB:CASSPQGNTEAFF;TRA:CAVTPPLMGYSTLTF",1,0,0,0.000424268137462877,0.46062145788548,1,FALSE,NA
"PT3","TRB:CASSPQPLEGDTQYF",1,0,0,0.000424268137462877,0.46062145788548,1,FALSE,NA
"PT3","TRB:CASSPQRKGYEQYF;TRA:CAVSDRGSSYKLIF",1,0,0,0.000424268137462877,0.46062145788548,1,FALSE,NA
"PT3","TRB:CASSPRAFNQPQHF;TRA:CAVGYTGTASKLTF",1,0,0,0.000424268137462877,0.46062145788548,1,FALSE,NA
"PT3","TRB:CASSPRGGGGANYGYTF;TRB:CSARGRGIGQTSYEQYF;TRA:CATGFSDGQKLLF",1,0,0,0.000424268137462877,0.46062145788548,1,FALSE,NA
"PT3","TRB:CASSPRGPSNQPQHF;TRA:CILRGSNYQLIW",1,0,0,0.000424268137462877,0.46062145788548,1,FALSE,NA
"PT3","TRB:CASSPRGVLHYTF;TRA:CAFRPWGNEKLTF",1,0,0,0.000424268137462877,0.46062145788548,1,FALSE,NA
"PT3","TRB:CASSPRHSGRAGNIQYF;TRA:CAGADAGTEKDNRKLIW;TRA:CGTEGGDYKLSF",114,74,0.0268115942028985,0.0483665676707679,7.06611788709826e-05,0.0171605720115244,TRUE,"clonotype1"
"PT3","TRB:CASSPRPGRNYGYTF;TRA:CAASDGGTSYGKLTF",1,0,0,0.000424268137462877,0.46062145788548,1,FALSE,NA
"PT3","TRB:CASSPRQAERDQPQHF",1,0,0,0.000424268137462877,0.46062145788548,1,FALSE,NA
"PT3","TRB:CASSPRQGSFTGELFF;TRA:CAFMKLGGATNKLIF;TRA:CGTGNSGGGADGLTF",1,0,0,0.000424268137462877,0.46062145788548,1,FALSE,NA
"PT3","TRB:CASSPRRKANYGYTF;TRA:CADPVSNYKLTF;TRA:CAYGRGANSKLTF",1,0,0,0.000424268137462877,0.46062145788548,1,FALSE,NA
"PT3","TRB:CASSPRSGTGYEQYF;TRA:CAVRGGGYQKVTF",1,0,0,0.000424268137462877,0.46062145788548,1,FALSE,NA
"PT3","TRB:CASSPRTEAFF;TRA:CAVSDRLSEYGNKLVF",1,0,0,0.000424268137462877,0.46062145788548,1,FALSE,NA
"PT3","TRB:CASSPRTGANYGYTF;TRA:CAASTYSGTYKYIF",1,0,0,0.000424268137462877,0.46062145788548,1,FALSE,NA
"PT3","TRB:CASSPRTGGYEQYF;TRA:CAMREGRGAQKLVF",1,0,0,0.000424268137462877,0.46062145788548,1,FALSE,NA
"PT3","TRB:CASSPRTGVFTEAFF;TRA:CAMRYMEYGNKLVF",3,0,0,0.00127280441238863,0.0977310346753825,1,FALSE,NA
"PT3","TRB:CASSPSDLNTEAFF;TRA:CAVSGGGADGLTF",1,0,0,0.000424268137462877,0.46062145788548,1,FALSE,NA
"PT3","TRB:CASSPSGAGASNQPQHF;TRA:CAVGIGFGNVLHC;TRA:CVVSDLNQGGKLIF",1,0,0,0.000424268137462877,0.46062145788548,1,FALSE,NA
"PT3","TRB:CASSPSGHWGYTF",1,0,0,0.000424268137462877,0.46062145788548,1,FALSE,NA
"PT3","TRB:CASSPSGPPPYEQYF",1,0,0,0.000424268137462877,0.46062145788548,1,FALSE,NA
"PT3","TRB:CASSPSGTPQLFF;TRA:CAVIRNSGNTPLVF",1,0,0,0.000424268137462877,0.46062145788548,1,FALSE,NA
"PT3","TRB:CASSPSNYGYTF;TRA:CAVREDSNYQLIW",1,0,0,0.000424268137462877,0.46062145788548,1,FALSE,NA
"PT3","TRB:CASSPSRQSNTEAFF;TRA:CAGRANFGNEKLTF",1,0,0,0.000424268137462877,0.46062145788548,1,FALSE,NA
"PT3","TRB:CASSPSTGGTDTQYF;TRA:CAVPRGNDYKLSF",1,0,0,0.000424268137462877,0.46062145788548,1,FALSE,NA
"PT3","TRB:CASSPSVGTPQHF;TRA:CAGGSQGNLIF",55,0,0,0.0233347475604582,3.04739748906812e-19,5.1805757314158e-16,TRUE,NA
"PT3","TRB:CASSPTFSGRSRYNEQFF;TRA:CAMREGRAGYQKVTF",1,0,0,0.000424268137462877,0.46062145788548,1,FALSE,NA
"PT3","TRB:CASSPTGSYNEQFF;TRA:CAMRGLTGANNLFF",1,0,0,0.000424268137462877,0.46062145788548,1,FALSE,NA
"PT3","TRB:CASSPTNYGYTF;TRA:CATDSVGDGQKLLF",1,1,0.00036231884057971,0.000424268137462877,1,1,FALSE,"clonotype2260"
"PT3","TRB:CASSPTRQPSSYNEQFF",1,0,0,0.000424268137462877,0.46062145788548,1,FALSE,NA
"PT3","TRB:CASSPVRLYEQYF;TRA:CAATPDQLTF",1,0,0,0.000424268137462877,0.46062145788548,1,FALSE,NA
"PT3","TRB:CASSPYRDRVTDTQYF;TRA:CAVNRYSGGYQKVTF",1,0,0,0.000424268137462877,0.46062145788548,1,FALSE,NA
"PT3","TRB:CASSPYWGADTQYF;TRB:CASSVFRGYEQYF;TRA:CAENGADNQFYF",1,0,0,0.000424268137462877,0.46062145788548,1,FALSE,NA
"PT3","TRB:CASSQAAGTPVNQQFF",1,0,0,0.000424268137462877,0.46062145788548,1,FALSE,NA
"PT3","TRB:CASSQAGEGDETQYF;TRA:CAMSAGFQKLVF",1,1,0.00036231884057971,0.000424268137462877,1,1,FALSE,"clonotype1415"
"PT3","TRB:CASSQAQGSSGGELFF",1,0,0,0.000424268137462877,0.46062145788548,1,FALSE,NA
"PT3","TRB:CASSQAQVGEQYF;TRA:CAGYNQGGKLIF",1,0,0,0.000424268137462877,0.46062145788548,1,FALSE,NA
"PT3","TRB:CASSQDAGLGNTIYF;TRA:CAAGDSNYQLIW;TRA:CVVSVTGAAGNKLTF",1,0,0,0.000424268137462877,0.46062145788548,1,FALSE,NA
"PT3","TRB:CASSQDEGRQAFF;TRA:CAMREDSSYKLIF",1,0,0,0.000424268137462877,0.46062145788548,1,FALSE,NA
"PT3","TRB:CASSQDELAGGGEQFF;TRA:CAFLYSSASKIIF",1,0,0,0.000424268137462877,0.46062145788548,1,FALSE,NA
"PT3","TRB:CASSQDGGLVAGYTF;TRA:CAGALGIMRF",2,0,0,0.000848536274925753,0.212172127464545,1,FALSE,NA
"PT3","TRB:CASSQDHASSYYGYTF;TRA:CAVRDSNAGNMLTF",1,0,0,0.000424268137462877,0.46062145788548,1,FALSE,NA
"PT3","TRB:CASSQDHSGGASEQFF;TRA:CAESIRNYGQNFVF;TRA:CAVPVVMDTGRRALTF",1,0,0,0.000424268137462877,0.46062145788548,1,FALSE,NA
"PT3","TRB:CASSQDKSDTQYF;TRA:CAVRLRNQFYF",1,0,0,0.000424268137462877,0.46062145788548,1,FALSE,NA
"PT3","TRB:CASSQDLNYNSPLHF;TRA:CVVKGVGSSASKIIF",5,0,0,0.00212134068731438,0.0207358015463871,1,FALSE,NA
"PT3","TRB:CASSQDLQPYEQYF;TRA:CALPYFNQAGTALIF",1,0,0,0.000424268137462877,0.46062145788548,1,FALSE,NA
"PT3","TRB:CASSQDLRGGNYGYTF;TRA:CAGRNYGQNFVF",1,0,0,0.000424268137462877,0.46062145788548,1,FALSE,NA
"PT3","TRB:CASSQDNSLSGNTIYF;TRA:CALSETIPSGNTPLVF",1,0,0,0.000424268137462877,0.46062145788548,1,FALSE,NA
"PT3","TRB:CASSQDQGLNEKLFF;TRA:CAVYSARQLTF",2,0,0,0.000848536274925753,0.212172127464545,1,FALSE,NA
"PT3","TRB:CASSQDRAVGELFF;TRA:CALRLTSGTYKYIF",1,0,0,0.000424268137462877,0.46062145788548,1,FALSE,NA
"PT3","TRB:CASSQDRGIGEAFF;TRA:CAVSNFGNEKLTF",1,0,0,0.000424268137462877,0.46062145788548,1,FALSE,NA
"PT3","TRB:CASSQDRGIGEAFF;TRA:CIVSAINAGNMLTF",9,0,0,0.00381841323716589,0.000933463820259217,0.151132237565778,FALSE,NA
"PT3","TRB:CASSQDRGQGGTGELFF;TRA:CALTSPPHSGNTPLVF",1,2,0.00072463768115942,0.000424268137462877,1,1,FALSE,"clonotype127"
"PT3","TRB:CASSQDRGSIRNSPLHF;TRA:CGADGDYGQNFVF",1,0,0,0.000424268137462877,0.46062145788548,1,FALSE,NA
"PT3","TRB:CASSQDSSPDTQYF;TRA:CVVRERGRRALTF",1,0,0,0.000424268137462877,0.46062145788548,1,FALSE,NA
"PT3","TRB:CASSQDVTVTGELFF;TRA:CAASNGFQKLVF",1,0,0,0.000424268137462877,0.46062145788548,1,FALSE,NA
"PT3","TRB:CASSQDWRTGYGYTF;TRA:CAYRSWEGGTASKLTF",1,0,0,0.000424268137462877,0.46062145788548,1,FALSE,NA
"PT3","TRB:CASSQDYGQKLHEQYF",1,0,0,0.000424268137462877,0.46062145788548,1,FALSE,NA
"PT3","TRB:CASSQEAGFSGNTIYF;TRA:CILRLGSGSARQLTF",1,0,0,0.000424268137462877,0.46062145788548,1,FALSE,NA
"PT3","TRB:CASSQEGGFEAFF;TRA:CAVSDRNTGTASKLTF",1,0,0,0.000424268137462877,0.46062145788548,1,FALSE,NA
"PT3","TRB:CASSQEGGLRPLHF;TRA:CAVQERSNTGKLIF",1,0,0,0.000424268137462877,0.46062145788548,1,FALSE,NA
"PT3","TRB:CASSQEGGPRGETQYF;TRA:CATDVTGDMRF",1,0,0,0.000424268137462877,0.46062145788548,1,FALSE,NA
"PT3","TRB:CASSQEGIITEKLFF",1,0,0,0.000424268137462877,0.46062145788548,1,FALSE,NA
"PT3","TRB:CASSQEGRGQGVAFF;TRA:CVAYSGSARQLTF",1,0,0,0.000424268137462877,0.46062145788548,1,FALSE,NA
"PT3","TRB:CASSQEIGGYTF;TRA:CAVGAREYGNKLVF",1,0,0,0.000424268137462877,0.46062145788548,1,FALSE,NA
"PT3","TRB:CASSQELAHYEQYF;TRA:CAARPISGANNLFF",1,0,0,0.000424268137462877,0.46062145788548,1,FALSE,NA
"PT3","TRB:CASSQESGGPLFYEQYF;TRA:CAYRSLYKSSGAGSYQLTF",1,0,0,0.000424268137462877,0.46062145788548,1,FALSE,NA
"PT3","TRB:CASSQGDTLYEQYF;TRA:CAVAARFSGGYNKLIF",1,0,0,0.000424268137462877,0.46062145788548,1,FALSE,NA
"PT3","TRB:CASSQGKVSGNTIYF;TRA:CATDANAGKSTF",1,0,0,0.000424268137462877,0.46062145788548,1,FALSE,NA
"PT3","TRB:CASSQGLAGGKRGETQYF;TRA:CVVNTGGFKTIF",2,0,0,0.000848536274925753,0.212172127464545,1,FALSE,NA
"PT3","TRB:CASSQGLAVTYEQYF;TRA:CALSHPGNMLTF",1,0,0,0.000424268137462877,0.46062145788548,1,FALSE,NA
"PT3","TRB:CASSQGRGDNGYTF",1,0,0,0.000424268137462877,0.46062145788548,1,FALSE,NA
"PT3","TRB:CASSQGRGGLETQYF",1,0,0,0.000424268137462877,0.46062145788548,1,FALSE,NA
"PT3","TRB:CASSQGSGGYTF;TRA:CAVSVDSSASKIIF",1,0,0,0.000424268137462877,0.46062145788548,1,FALSE,NA
"PT3","TRB:CASSQGTGPLGYEQYF;TRA:CARRNAGGTSYGKLTF",1,0,0,0.000424268137462877,0.46062145788548,1,FALSE,NA
"PT3","TRB:CASSQGTSGRPRF",1,0,0,0.000424268137462877,0.46062145788548,1,FALSE,NA
"PT3","TRB:CASSQGTSGTHYEQYF;TRA:CAVRGDDKIIF",2,2,0.00072463768115942,0.000848536274925753,1,1,FALSE,"clonotype128"
"PT3","TRB:CASSQGYRGTDTQYF;TRA:CIVRVTDSGYALNF",1,0,0,0.000424268137462877,0.46062145788548,1,FALSE,NA
"PT3","TRB:CASSQISGSGAYNEQFF;TRA:CALSDYYIRYQLIW",1,0,0,0.000424268137462877,0.46062145788548,1,FALSE,NA
"PT3","TRB:CASSQPTGRKSSTDTQYF;TRA:CAVREAHDGQKLLF",1,0,0,0.000424268137462877,0.46062145788548,1,FALSE,NA
"PT3","TRB:CASSQQGAGNTIYF;TRA:CALKGGSQGNLIF",1,0,0,0.000424268137462877,0.46062145788548,1,FALSE,NA
"PT3","TRB:CASSQRQGGRSGNTIYF;TRA:CGTEGGDYKLSF",4,12,0.00434782608695652,0.00169707254985151,0.130819486481296,1,FALSE,"clonotype7"
"PT3","TRB:CASSQSGERGGNEQFF;TRA:CAVNKATGNQFYF",2,0,0,0.000848536274925753,0.212172127464545,1,FALSE,NA
"PT3","TRB:CASSQSSRGSYSPLHF;TRA:CAARLGIPGDSNYQLIW;TRA:CAASRSGATNKLIF",3,1,0.00036231884057971,0.00127280441238863,0.340512909899688,1,FALSE,"clonotype1810"
"PT3","TRB:CASSQTGNSPLHF;TRB:CSATSPYGTPEQYF;TRA:CAAPRGGYNKLIF",22,0,0,0.00933389902418328,3.92257848691217e-08,2.2227944759169e-05,TRUE,NA
"PT3","TRB:CASSQTGQSPLHF;TRA:CAAPSGGYNKLIF",17,0,0,0.0072125583368689,1.89169368646645e-06,0.000714639837109547,TRUE,NA
"PT3","TRB:CASSQVGGPSEQYF;TRA:CAASPPSNDYKLSF",1,0,0,0.000424268137462877,0.46062145788548,1,FALSE,NA
"PT3","TRB:CASSQVGIRETQYF;TRA:CAASAPSGSARQLTF",4,0,0,0.00169707254985151,0.0450170116728311,1,FALSE,NA
"PT3","TRB:CASSQVMREEETQYF;TRA:CAVRKTGGFKTIF",1,0,0,0.000424268137462877,0.46062145788548,1,FALSE,NA
"PT3","TRB:CASSQVTLAGGPLEQFF;TRA:CAVLILTGGGNKLTF",1,0,0,0.000424268137462877,0.46062145788548,1,FALSE,NA
"PT3","TRB:CASSQVVWGTNEKLFF;TRA:CAASVSGNTPLVF",1,0,0,0.000424268137462877,0.46062145788548,1,FALSE,NA
"PT3","TRB:CASSRAGTTTNYGYTF;TRA:CAVREDGANNLFF",1,1,0.00036231884057971,0.000424268137462877,1,1,FALSE,"clonotype2037"
"PT3","TRB:CASSRDVETTNEKLFF;TRA:CAATSSLHTGANSKLTF",1,0,0,0.000424268137462877,0.46062145788548,1,FALSE,NA
"PT3","TRB:CASSRGGSSSYEQYF;TRA:CAVHGGYSTLTF",1,0,0,0.000424268137462877,0.46062145788548,1,FALSE,NA
"PT3","TRB:CASSRGGTGELFF;TRA:CALRLDTGRRALTF",1,0,0,0.000424268137462877,0.46062145788548,1,FALSE,NA
"PT3","TRB:CASSRGLGQEKLFF;TRA:CAGKGEKLTF",1,0,0,0.000424268137462877,0.46062145788548,1,FALSE,NA
"PT3","TRB:CASSRGLNSYNEQFF;TRA:CAVGDMNSGYSTLTF",1,0,0,0.000424268137462877,0.46062145788548,1,FALSE,NA
"PT3","TRB:CASSRGNQPQHF;TRA:CAMREDTGGFKTIF",1,0,0,0.000424268137462877,0.46062145788548,1,FALSE,NA
"PT3","TRB:CASSRGTNQYGYTF;TRA:CAAPRMDSSYKLIF",1,0,0,0.000424268137462877,0.46062145788548,1,FALSE,NA
"PT3","TRB:CASSRIEAFF;TRA:CALSESYGSGNTGKLIF",1,0,0,0.000424268137462877,0.46062145788548,1,FALSE,NA
"PT3","TRB:CASSRKFPGELFF;TRA:CAVTDTSNTGKLIF",1,0,0,0.000424268137462877,0.46062145788548,1,FALSE,NA
"PT3","TRB:CASSRLAADTLLGETQYF",1,0,0,0.000424268137462877,0.46062145788548,1,FALSE,NA
"PT3","TRB:CASSRLAGVGADTQYF;TRA:CAGNPRNNNARLMF",1,0,0,0.000424268137462877,0.46062145788548,1,FALSE,NA
"PT3","TRB:CASSRLPRLGPSRDTQYF;TRA:CAVSDRSLRANDMRF",1,0,0,0.000424268137462877,0.46062145788548,1,FALSE,NA
"PT3","TRB:CASSRNGELNSPLHF;TRA:CAVDLDSSYKLIF;TRA:CAVRVRSGYSTLTF",2,0,0,0.000848536274925753,0.212172127464545,1,FALSE,NA
"PT3","TRB:CASSRPGQGPTNEKLFF;TRA:CAVHSYSGNTPLVF",1,0,0,0.000424268137462877,0.46062145788548,1,FALSE,NA
"PT3","TRB:CASSRPSGGNPYEQYF;TRA:CAVLGPGTASKLTF",1,0,0,0.000424268137462877,0.46062145788548,1,FALSE,NA
"PT3","TRB:CASSRQGISNEQFF;TRA:CAASYNARLMF;TRA:CAPQQRQGAQKLVF",1,0,0,0.000424268137462877,0.46062145788548,1,FALSE,NA
"PT3","TRB:CASSRQGISTDTQYF",1,0,0,0.000424268137462877,0.46062145788548,1,FALSE,NA
"PT3","TRB:CASSRQGPGPQHF;TRA:CAASSGGSNYKLTF",1,0,0,0.000424268137462877,0.46062145788548,1,FALSE,NA
"PT3","TRB:CASSRQGSYEQYF;TRA:CAVKDDKIIF",1,1,0.00036231884057971,0.000424268137462877,1,1,FALSE,"clonotype821"
"PT3","TRB:CASSRQLDTQYF;TRA:CAMSFLISSGSARQLTF",2,0,0,0.000848536274925753,0.212172127464545,1,FALSE,NA
"PT3","TRB:CASSRRDSTGELFF",1,0,0,0.000424268137462877,0.46062145788548,1,FALSE,NA
"PT3","TRB:CASSRRDSTGELFF;TRA:CAASSSTNAGKSTF;TRA:CAYCGGSQGNLIF;TRA:CIVSAINAGNMLTF",3,0,0,0.00127280441238863,0.0977310346753825,1,FALSE,NA
"PT3","TRB:CASSRRDSTGELFF;TRA:CATDSVGDGQKLLF",1,0,0,0.000424268137462877,0.46062145788548,1,FALSE,NA
"PT3","TRB:CASSRRGSSSYNEQFF;TRA:CAFLDRGSTLGRLYF",1,0,0,0.000424268137462877,0.46062145788548,1,FALSE,NA
"PT3","TRB:CASSRRTAASPLHF;TRA:CAASTAGGTSYGKLTF",1,0,0,0.000424268137462877,0.46062145788548,1,FALSE,NA
"PT3","TRB:CASSRTGDTEAFF;TRA:CATDERTNNARLMF",1,0,0,0.000424268137462877,0.46062145788548,1,FALSE,NA
"PT3","TRB:CASSRTGGSYEQYF;TRA:CAATTSGDAGKSTF",1,1,0.00036231884057971,0.000424268137462877,1,1,FALSE,"clonotype1378"
"PT3","TRB:CASSRTISSYNEQFF;TRA:CATDLGGSTLGRLYF",1,0,0,0.000424268137462877,0.46062145788548,1,FALSE,NA
"PT3","TRB:CASSRTRTGLGDTQYF;TRA:CILRDVFGNEKLTF",1,0,0,0.000424268137462877,0.46062145788548,1,FALSE,NA
"PT3","TRB:CASSRTSGGFNEQFF;TRA:CALKGPGGGSNYKLTF",1,0,0,0.000424268137462877,0.46062145788548,1,FALSE,NA
"PT3","TRB:CASSRTYYEAFF;TRA:CAGPYTGGFKTIF",2,0,0,0.000848536274925753,0.212172127464545,1,FALSE,NA
"PT3","TRB:CASSRVSRDRLNQPQHF;TRB:CATSPLPGTASTDTQYF;TRA:CAASRSGSARQLTF;TRA:CAYRSLNFGNEKLTF",2,0,0,0.000848536274925753,0.212172127464545,1,FALSE,NA
"PT3","TRB:CASSRYLSGGRSYEQYF;TRA:CASRSYNTDKLIF",1,0,0,0.000424268137462877,0.46062145788548,1,FALSE,NA
"PT3","TRB:CASSRYQETQYF;TRA:CAYRTPLDATNKLIF",1,0,0,0.000424268137462877,0.46062145788548,1,FALSE,NA
"PT3","TRB:CASSSAGTLTDTQYF;TRA:CAVSYSGGYQKVTF",1,0,0,0.000424268137462877,0.46062145788548,1,FALSE,NA
"PT3","TRB:CASSSDGDRGCEQYF;TRA:CAMREGLVCGATNKLIF",1,0,0,0.000424268137462877,0.46062145788548,1,FALSE,NA
"PT3","TRB:CASSSDRGQGYGYTF;TRA:CAGLWPGDDKIIF",1,0,0,0.000424268137462877,0.46062145788548,1,FALSE,NA
"PT3","TRB:CASSSDSAGGSYEQYF;TRA:CAVRDGDTGGFKTIF",1,0,0,0.000424268137462877,0.46062145788548,1,FALSE,NA
"PT3","TRB:CASSSERGGYTF;TRA:CALSDPYSSASKIIF",1,0,0,0.000424268137462877,0.46062145788548,1,FALSE,NA
"PT3","TRB:CASSSFRGRAGELFF",1,0,0,0.000424268137462877,0.46062145788548,1,FALSE,NA
"PT3","TRB:CASSSGAFSTDTQYF;TRA:CAVGWEYGNKLVF",1,0,0,0.000424268137462877,0.46062145788548,1,FALSE,NA
"PT3","TRB:CASSSGGVSYEQYF;TRA:CAVRDARLMF",1,0,0,0.000424268137462877,0.46062145788548,1,FALSE,NA
"PT3","TRB:CASSSGTASTYEQYF;TRA:CAYRTAYYNNDMRF",1,0,0,0.000424268137462877,0.46062145788548,1,FALSE,NA
"PT3","TRB:CASSSGTRSGGYTF;TRA:CATDHPLPPPGMNYGGSQGNLIF;TRA:CAVELYNTDKLIF",2,0,0,0.000848536274925753,0.212172127464545,1,FALSE,NA
"PT3","TRB:CASSSLGGGRSDTQYF;TRA:CAAYPNYGGVTNKLIF",1,0,0,0.000424268137462877,0.46062145788548,1,FALSE,NA
"PT3","TRB:CASSSLREGANQPQHF;TRA:CAEINLYSSASKIIF;TRA:CAVVNYGGSQGNLIF",1,0,0,0.000424268137462877,0.46062145788548,1,FALSE,NA
"PT3","TRB:CASSSLTGSTDTQYF;TRA:CAVKRYGGATNKLIF",2,0,0,0.000848536274925753,0.212172127464545,1,FALSE,NA
"PT3","TRB:CASSSLTGTEAFF;TRA:CVVTLFSGGYNKLIF",1,0,0,0.000424268137462877,0.46062145788548,1,FALSE,NA
"PT3","TRB:CASSSMGDRGVSNSPLHF;TRA:CAANDYKLSF",1,0,0,0.000424268137462877,0.46062145788548,1,FALSE,NA
"PT3","TRB:CASSSPGGEQFF;TRA:CAMRWRDDKIIF",1,0,0,0.000424268137462877,0.46062145788548,1,FALSE,NA
"PT3","TRB:CASSSPISPGANVLTF;TRA:CIVRVGTGANSKLTF",1,0,0,0.000424268137462877,0.46062145788548,1,FALSE,NA
"PT3","TRB:CASSSPPSTGASYEQYF;TRA:CAVRGFSNDYKLSF",1,0,0,0.000424268137462877,0.46062145788548,1,FALSE,NA
"PT3","TRB:CASSSPREQYF;TRA:CATLNRGSTLGRLYF",1,0,0,0.000424268137462877,0.46062145788548,1,FALSE,NA
"PT3","TRB:CASSSPSGGFTDTQYF",1,0,0,0.000424268137462877,0.46062145788548,1,FALSE,NA
"PT3","TRB:CASSSQGAVGYTF;TRA:CAVTYTGFQKLVF",1,0,0,0.000424268137462877,0.46062145788548,1,FALSE,NA
"PT3","TRB:CASSSQGISSGNTIYF;TRA:CAAPRGGATNKLIF",1,0,0,0.000424268137462877,0.46062145788548,1,FALSE,NA
"PT3","TRB:CASSSQNTGELFF;TRA:CAVDLSGSARQLTF",1,0,0,0.000424268137462877,0.46062145788548,1,FALSE,NA
"PT3","TRB:CASSSRDTSYEQYF;TRA:CALQGGRGYNKLIF;TRA:CAVCRSGGSYIPTF",1,0,0,0.000424268137462877,0.46062145788548,1,FALSE,NA
"PT3","TRB:CASSSRGGTQYF;TRA:CAVRDAGGYNKLIF",1,0,0,0.000424268137462877,0.46062145788548,1,FALSE,NA
"PT3","TRB:CASSSRLAPWEQYF",1,0,0,0.000424268137462877,0.46062145788548,1,FALSE,NA
"PT3","TRB:CASSSRPTGNTIYF;TRA:CAASVGGTYKYIF",1,0,0,0.000424268137462877,0.46062145788548,1,FALSE,NA
"PT3","TRB:CASSSRRSTDTQYF;TRA:CAVVITGANNLFF",1,0,0,0.000424268137462877,0.46062145788548,1,FALSE,NA
"PT3","TRB:CASSSSARSNSPLHF;TRA:CLVSLTGTASKLTF",6,0,0,0.00254560882477726,0.00955135513872081,0.877692093828399,FALSE,NA
"PT3","TRB:CASSSSEGGPSYGYTF;TRA:CAVRGDYGQNFVF",1,0,0,0.000424268137462877,0.46062145788548,1,FALSE,NA
"PT3","TRB:CASSSSGISYEQYF;TRA:CAAISTSGYALNF",1,0,0,0.000424268137462877,0.46062145788548,1,FALSE,NA
"PT3","TRB:CASSSSGQGNYGYTF;TRA:CAPNTGANSKLTF",1,0,0,0.000424268137462877,0.46062145788548,1,FALSE,NA
"PT3","TRB:CASSSSGRSSYEQYF;TRA:CVVAVFSGGYNKLIF",1,0,0,0.000424268137462877,0.46062145788548,1,FALSE,NA
"PT3","TRB:CASSSSLLPRQEILRQPQHF;TRA:CAMREGLRRANFGNEKLTF",1,0,0,0.000424268137462877,0.46062145788548,1,FALSE,NA
"PT3","TRB:CASSSSQGAPLGYTF;TRA:CATLSGNTGKLIF",1,0,0,0.000424268137462877,0.46062145788548,1,FALSE,NA
"PT3","TRB:CASSSSTAYGYTF;TRA:CAVSTGGSRLTF",2,0,0,0.000848536274925753,0.212172127464545,1,FALSE,NA
"PT3","TRB:CASSSSWGRGTDTQYF;TRA:CAVSNNAGNMLTF",1,0,0,0.000424268137462877,0.46062145788548,1,FALSE,NA
"PT3","TRB:CASSSTDTQYF;TRA:CGTEVENYGQNFVF",1,0,0,0.000424268137462877,0.46062145788548,1,FALSE,NA
"PT3","TRB:CASSSTDTQYF;TRA:CLVGEGRLTGGGNKLTF",1,0,0,0.000424268137462877,0.46062145788548,1,FALSE,NA
"PT3","TRB:CASSSTGETYEQYF;TRA:CAVSRADGQKLLF",1,0,0,0.000424268137462877,0.46062145788548,1,FALSE,NA
"PT3","TRB:CASSSTGLKGEKLFF;TRA:CVVRDYGGSQGNLIF",1,0,0,0.000424268137462877,0.46062145788548,1,FALSE,NA
"PT3","TRB:CASSSTGQGKHEQYF;TRA:CAAREWSSSASKIIF",1,0,0,0.000424268137462877,0.46062145788548,1,FALSE,NA
"PT3","TRB:CASSSTGSREQFF;TRA:CAESKRDAGNMLTF",1,0,0,0.000424268137462877,0.46062145788548,1,FALSE,NA
"PT3","TRB:CASSSTGTVHEQYF;TRA:CAFEVSGNTGKLIF",1,0,0,0.000424268137462877,0.46062145788548,1,FALSE,NA
"PT3","TRB:CASSSTGVSYNEQFF;TRA:CVVSDDYGQNFVF",1,0,0,0.000424268137462877,0.46062145788548,1,FALSE,NA
"PT3","TRB:CASSSTLATGGGREQYF;TRA:CAGPGSGGYQKVTF",1,0,0,0.000424268137462877,0.46062145788548,1,FALSE,NA
"PT3","TRB:CASSSTNYGYTF;TRA:CAGILNARLMF",1,0,0,0.000424268137462877,0.46062145788548,1,FALSE,NA
"PT3","TRB:CASSSTWSGGQPQHF;TRA:CILGGNNARLMF",1,0,0,0.000424268137462877,0.46062145788548,1,FALSE,NA
"PT3","TRB:CASSSVDRARGGNEQFF;TRB:CSALGQGDYGYTF;TRA:CALSERNSSASKIIF",1,0,0,0.000424268137462877,0.46062145788548,1,FALSE,NA
"PT3","TRB:CASSSVNEKLFF;TRA:CAVRPFNSNYQLIW",7,0,0,0.00296987696224014,0.00439955912877955,0.482532291543564,FALSE,NA
"PT3","TRB:CASSSYRGSGANVLTF;TRA:CAASRHSGGYQKVTF;TRA:CASHFNKFYF",1,0,0,0.000424268137462877,0.46062145788548,1,FALSE,NA
"PT3","TRB:CASSTALTPSTTGRREKLFF;TRA:CAVRDKDSNYQLIW;TRA:CAVRDRKAAGNKLTF",1,0,0,0.000424268137462877,0.46062145788548,1,FALSE,NA
"PT3","TRB:CASSTGFETQYF;TRA:CILGTYNTDKLIF",1,0,0,0.000424268137462877,0.46062145788548,1,FALSE,NA
"PT3","TRB:CASSTGTGGFAGELFF;TRA:CASRAGGYNKLIF",1,0,0,0.000424268137462877,0.46062145788548,1,FALSE,NA
"PT3","TRB:CASSTGYNEQFF",1,0,0,0.000424268137462877,0.46062145788548,1,FALSE,NA
"PT3","TRB:CASSTILAGETGELFF;TRA:CAVRDPYSSASKIIF",1,0,0,0.000424268137462877,0.46062145788548,1,FALSE,NA
"PT3","TRB:CASSTKQGTEQYF;TRA:CAVRRYGGSQGNLIF",1,0,0,0.000424268137462877,0.46062145788548,1,FALSE,NA
"PT3","TRB:CASSTRKGLVSNEQFF;TRA:CALSDYSGGYQKVTF",1,0,0,0.000424268137462877,0.46062145788548,1,FALSE,NA
"PT3","TRB:CASSTSAGWGTDTQYF",1,0,0,0.000424268137462877,0.46062145788548,1,FALSE,NA
"PT3","TRB:CASSVAGGRTSPLHF;TRA:CAVVVHYQLIW",1,0,0,0.000424268137462877,0.46062145788548,1,FALSE,NA
"PT3","TRB:CASSVAGTQETQYF;TRA:CAVSYYSGGYQKVTF",1,0,0,0.000424268137462877,0.46062145788548,1,FALSE,NA
"PT3","TRB:CASSVAPGGNQPQHF;TRA:CAASIDYKLSF",1,0,0,0.000424268137462877,0.46062145788548,1,FALSE,NA
"PT3","TRB:CASSVASGATGELFF;TRA:CAATLNQAGTALIF",1,0,0,0.000424268137462877,0.46062145788548,1,FALSE,NA
"PT3","TRB:CASSVDAGTTMNTEAFF",1,0,0,0.000424268137462877,0.46062145788548,1,FALSE,NA
"PT3","TRB:CASSVDGAPDSPLHF;TRA:CAVTHSGSARQLTF",1,0,0,0.000424268137462877,0.46062145788548,1,FALSE,NA
"PT3","TRB:CASSVDGRVISGYTF;TRA:CAIRTHNFNKFYF;TRA:CAVGGSSGNTPLVF",1,0,0,0.000424268137462877,0.46062145788548,1,FALSE,NA
"PT3","TRB:CASSVDRGFGNEQFF;TRA:CAVNKDDKIIF",1,1,0.00036231884057971,0.000424268137462877,1,1,FALSE,"clonotype1296"
"PT3","TRB:CASSVEGAPADTQYF;TRA:CAGRETSGSRLTF",1,0,0,0.000424268137462877,0.46062145788548,1,FALSE,NA
"PT3","TRB:CASSVEGSGGVDTQYF;TRA:CAEKGQAGTALIF",1,0,0,0.000424268137462877,0.46062145788548,1,FALSE,NA
"PT3","TRB:CASSVEGSSTDTQYF;TRA:CALSEASGGSYIPTF",1,0,0,0.000424268137462877,0.46062145788548,1,FALSE,NA
"PT3","TRB:CASSVEGTAAYEQYF;TRA:CVVSDGWGGKLIF",1,0,0,0.000424268137462877,0.46062145788548,1,FALSE,NA
"PT3","TRB:CASSVGARGTDTQYF;TRA:CATDGGGGKLIF;TRA:CGAGTALIF",1,0,0,0.000424268137462877,0.46062145788548,1,FALSE,NA
"PT3","TRB:CASSVGDRGQPQHF",1,0,0,0.000424268137462877,0.46062145788548,1,FALSE,NA
"PT3","TRB:CASSVGGGSGTEAFF;TRA:CIVRVFSGSARQLTF",1,0,0,0.000424268137462877,0.46062145788548,1,FALSE,NA
"PT3","TRB:CASSVGGSGGFGTQYF;TRA:CVVSAGLTGANNLFF",1,0,0,0.000424268137462877,0.46062145788548,1,FALSE,NA
"PT3","TRB:CASSVGLFF;TRA:CAVGGYSTLTF",1,0,0,0.000424268137462877,0.46062145788548,1,FALSE,NA
"PT3","TRB:CASSVGPFSNQPQHF;TRA:CARYSGGGADGLTF",1,0,0,0.000424268137462877,0.46062145788548,1,FALSE,NA
"PT3","TRB:CASSVGPGGTGANVLTF;TRA:CAESGVKNSWGKLQF",1,0,0,0.000424268137462877,0.46062145788548,1,FALSE,NA
"PT3","TRB:CASSVGPPISYEQYF;TRA:CAEKGSGTYKYIF",1,0,0,0.000424268137462877,0.46062145788548,1,FALSE,NA
"PT3","TRB:CASSVGQDTYEQYF",1,0,0,0.000424268137462877,0.46062145788548,1,FALSE,NA
"PT3","TRB:CASSVGQGWQETQYF;TRA:CALSRATGNQFYF",1,0,0,0.000424268137462877,0.46062145788548,1,FALSE,NA
"PT3","TRB:CASSVGREQYF;TRA:CALRDYKLSF;TRA:CALSGDRDDKIIF",1,0,0,0.000424268137462877,0.46062145788548,1,FALSE,NA
"PT3","TRB:CASSVGSGREETQYF;TRA:CALSDPLMDSSYKLIF",1,0,0,0.000424268137462877,0.46062145788548,1,FALSE,NA
"PT3","TRB:CASSVGTGANTEAFF;TRA:CGTVSNDMRF",1,0,0,0.000424268137462877,0.46062145788548,1,FALSE,NA
"PT3","TRB:CASSVGTSGGSLAKNIQYF;TRA:CAMTPGLMNRDDKIIF",1,0,0,0.000424268137462877,0.46062145788548,1,FALSE,NA
"PT3","TRB:CASSVGVGGAKNIQYF",1,0,0,0.000424268137462877,0.46062145788548,1,FALSE,NA
"PT3","TRB:CASSVKAGANVLTF;TRA:CAATDSNYQLIW",1,0,0,0.000424268137462877,0.46062145788548,1,FALSE,NA
"PT3","TRB:CASSVLGTSGTGELFF;TRA:CVVNRRGSTLGRLYF",1,0,0,0.000424268137462877,0.46062145788548,1,FALSE,NA
"PT3","TRB:CASSVPTPGGTAEAFF;TRA:CALDTGRRALTF",1,0,0,0.000424268137462877,0.46062145788548,1,FALSE,NA
"PT3","TRB:CASSVQGLDGYTF;TRA:CAVVYSGGGADGLTF",3,0,0,0.00127280441238863,0.0977310346753825,1,FALSE,NA
"PT3","TRB:CASSVQGLNTEAFF;TRA:CAASSTSGTYKYIF",1,0,0,0.000424268137462877,0.46062145788548,1,FALSE,NA
"PT3","TRB:CASSVQVDYGYTF;TRA:CALKENNARLMF",1,0,0,0.000424268137462877,0.46062145788548,1,FALSE,NA
"PT3","TRB:CASSVRATEAFF;TRA:CAVSGGGGATNKLIF",1,0,0,0.000424268137462877,0.46062145788548,1,FALSE,NA
"PT3","TRB:CASSVRRLAYREETQYF;TRB:CASTRVNTEAFF;TRA:CAYRSSLTQGGSEKLVF",1,0,0,0.000424268137462877,0.46062145788548,1,FALSE,NA
"PT3","TRB:CASSVTGGSGTEAFF;TRA:CAGHPFSGTGNQFYF;TRA:CIVRAFTGSARQLTF",1,0,0,0.000424268137462877,0.46062145788548,1,FALSE,NA
"PT3","TRB:CASSVTGLGGFSGNTIYF;TRA:CAMRDSGSFQKLVF",1,0,0,0.000424268137462877,0.46062145788548,1,FALSE,NA
"PT3","TRB:CASSVTGPGTDTQYF;TRA:CAVRDNPGGYNKLIF",1,0,0,0.000424268137462877,0.46062145788548,1,FALSE,NA
"PT3","TRB:CASSVTHPTRLSYNEQFF;TRA:CAVDYTGTASKLTF",1,0,0,0.000424268137462877,0.46062145788548,1,FALSE,NA
"PT3","TRB:CASSVVGGGIWNEQFF;TRA:CAGASSGGGADGLTF",1,0,0,0.000424268137462877,0.46062145788548,1,FALSE,NA
"PT3","TRB:CASSVVGTGDDEQFF;TRA:CAYGGGSSNTGKLIF",1,0,0,0.000424268137462877,0.46062145788548,1,FALSE,NA
"PT3","TRB:CASSVVTGGTGELFF;TRA:CAGGEVGSNYKLTF",1,0,0,0.000424268137462877,0.46062145788548,1,FALSE,NA
"PT3","TRB:CASSVWLGDLSSYNSPLHF",1,0,0,0.000424268137462877,0.46062145788548,1,FALSE,NA
"PT3","TRB:CASSWDRSDTEAFF;TRA:CIVRVGFGNEKLTF",1,0,0,0.000424268137462877,0.46062145788548,1,FALSE,NA
"PT3","TRB:CASSWEGEPYEQYF;TRA:CALDNQAGTALIF;TRA:CALSEGGSDGQKLLF",1,0,0,0.000424268137462877,0.46062145788548,1,FALSE,NA
"PT3","TRB:CASSWFRGDSPLHF;TRA:CALRTNAGGTSYGKLTF",1,0,0,0.000424268137462877,0.46062145788548,1,FALSE,NA
"PT3","TRB:CASSWGARRVSTDTQYF;TRA:CAVTEGDDKIIF",1,0,0,0.000424268137462877,0.46062145788548,1,FALSE,NA
"PT3","TRB:CASSWGASGNQPQHF;TRA:CAVRGVDAGNMLTF;TRA:CIVRFFSNDYKLSF",1,0,0,0.000424268137462877,0.46062145788548,1,FALSE,NA
"PT3","TRB:CASSWGSEQYF;TRA:CVVNRYTGNQFYF",1,0,0,0.000424268137462877,0.46062145788548,1,FALSE,NA
"PT3","TRB:CASSWRGPQETQYF",1,0,0,0.000424268137462877,0.46062145788548,1,FALSE,NA
"PT3","TRB:CASSWRGVVTDTQYF",1,0,0,0.000424268137462877,0.46062145788548,1,FALSE,NA
"PT3","TRB:CASSWSRDRNTEAFF;TRA:CAANRDFNFGNEKLTF;TRA:CAVKIAQGGSEKLVF",1,0,0,0.000424268137462877,0.46062145788548,1,FALSE,NA
"PT3","TRB:CASSWWGRVYGYTF;TRA:CAVRRIGKLVF",1,0,0,0.000424268137462877,0.46062145788548,1,FALSE,NA
"PT3","TRB:CASSYDRGTYEQYF;TRA:CAVSDNTDKLIF",1,0,0,0.000424268137462877,0.46062145788548,1,FALSE,NA
"PT3","TRB:CASSYDSNPSTDTQYF;TRA:CASVDKLIF;TRA:CAVRDWKSARLMF",1,0,0,0.000424268137462877,0.46062145788548,1,FALSE,NA
"PT3","TRB:CASSYEAREGYTF;TRA:CALSIDSNDYKLSF",2,4,0.00144927536231884,0.000848536274925753,0.693279016853404,1,FALSE,"clonotype31"
"PT3","TRB:CASSYEGRETEAFF;TRA:CAVLSREYGNKLVF;TRA:CAYIGGMSDKLIF",1,0,0,0.000424268137462877,0.46062145788548,1,FALSE,NA
"PT3","TRB:CASSYERGRGTEAFF;TRA:CAGPSGGYQKVTF",1,0,0,0.000424268137462877,0.46062145788548,1,FALSE,NA
"PT3","TRB:CASSYFQVVAYNEQFF;TRA:CIVRVRDDKIIF",1,0,0,0.000424268137462877,0.46062145788548,1,FALSE,NA
"PT3","TRB:CASSYGATDTQYF;TRA:CIVRADNAGNNRKLIW",1,0,0,0.000424268137462877,0.46062145788548,1,FALSE,NA
"PT3","TRB:CASSYGGDEQYF;TRA:CAEITSGGSYIPTF",1,0,0,0.000424268137462877,0.46062145788548,1,FALSE,NA
"PT3","TRB:CASSYGGNGYTF;TRA:CAGLFTGNQFYF",1,0,0,0.000424268137462877,0.46062145788548,1,FALSE,NA
"PT3","TRB:CASSYGGNGYTF;TRA:CALLMDSSYKLIF",1,0,0,0.000424268137462877,0.46062145788548,1,FALSE,NA
"PT3","TRB:CASSYGSGLNTEAFF;TRA:CAGGNYGGSQGNLIF",1,0,0,0.000424268137462877,0.46062145788548,1,FALSE,NA
"PT3","TRB:CASSYGVGQYF;TRA:CVVSEGSRGFKTIF",1,0,0,0.000424268137462877,0.46062145788548,1,FALSE,NA
"PT3","TRB:CASSYKRGGPGNEQFF;TRA:CAVKGGGNKLTF",1,0,0,0.000424268137462877,0.46062145788548,1,FALSE,NA
"PT3","TRB:CASSYLDRGGYTF;TRA:CAVSRKSSGSARQLTF",2,0,0,0.000848536274925753,0.212172127464545,1,FALSE,NA
"PT3","TRB:CASSYLPWAGQPQHF;TRA:CILSADYGGSQGNLIF",1,0,0,0.000424268137462877,0.46062145788548,1,FALSE,NA
"PT3","TRB:CASSYLTGVQETQYF;TRA:CAVRDIRWGKLQF",3,0,0,0.00127280441238863,0.0977310346753825,1,FALSE,NA
"PT3","TRB:CASSYPGLAATGELFF;TRA:CALRPETQGGSEKLVF",1,0,0,0.000424268137462877,0.46062145788548,1,FALSE,NA
"PT3","TRB:CASSYPQETQYF;TRA:CALSEAVEYGNKLVF",1,0,0,0.000424268137462877,0.46062145788548,1,FALSE,NA
"PT3","TRB:CASSYRDRGAQHF;TRA:CAVPFPNDYKLSF",1,0,0,0.000424268137462877,0.46062145788548,1,FALSE,NA
"PT3","TRB:CASSYRDSGPNTEAFF;TRA:CAVKGYSTLTF",1,0,0,0.000424268137462877,0.46062145788548,1,FALSE,NA
"PT3","TRB:CASSYREYYGYTF;TRA:CAGLLGSARQLTF",1,0,0,0.000424268137462877,0.46062145788548,1,FALSE,NA
"PT3","TRB:CASSYRGQRRFF;TRA:CAVRGTNFGNEKLTF",1,0,0,0.000424268137462877,0.46062145788548,1,FALSE,NA
"PT3","TRB:CASSYRTGFDEQFF;TRA:CALLMDSSYKLIF",7,0,0,0.00296987696224014,0.00439955912877955,0.482532291543564,FALSE,NA
"PT3","TRB:CASSYRTGSNSPLHF;TRA:CAADSNQAGTALIF",1,0,0,0.000424268137462877,0.46062145788548,1,FALSE,NA
"PT3","TRB:CASSYSGGMNTEAFF",1,0,0,0.000424268137462877,0.46062145788548,1,FALSE,NA
"PT3","TRB:CASSYSGGPSYEQYF;TRA:CAAISFGNEKLTF",1,0,0,0.000424268137462877,0.46062145788548,1,FALSE,NA
"PT3","TRB:CASSYSGGRGWSDTGELFF;TRA:CALYSGNTPLVF",1,0,0,0.000424268137462877,0.46062145788548,1,FALSE,NA
"PT3","TRB:CASSYSGGSYEQYF;TRA:CVLYSGGSNYKLTF",1,0,0,0.000424268137462877,0.46062145788548,1,FALSE,NA
"PT3","TRB:CASSYSGPRGEQYF;TRA:CAVDERNNNDMRF",1,0,0,0.000424268137462877,0.46062145788548,1,FALSE,NA
"PT3","TRB:CASSYSKGNEKLFF;TRA:CAEKIGFGNVLHC",1,0,0,0.000424268137462877,0.46062145788548,1,FALSE,NA
"PT3","TRB:CASSYSQGRYNSPLHF;TRA:CASDSNYQLIW",1,0,0,0.000424268137462877,0.46062145788548,1,FALSE,NA
"PT3","TRB:CASSYSRGREQYF;TRA:CAASISGNTPLVF",1,0,0,0.000424268137462877,0.46062145788548,1,FALSE,NA
"PT3","TRB:CASSYSSATGGAKNIQYF;TRA:CALTDNNARLMF",1,0,0,0.000424268137462877,0.46062145788548,1,FALSE,NA
"PT3","TRB:CASSYSSNQPQHF;TRA:CAWRAGSYQLTF",1,2,0.00072463768115942,0.000424268137462877,1,1,FALSE,"clonotype71"
"PT3","TRB:CASSYSSPGLAHEQFF;TRA:CAENAGNMLTF",1,0,0,0.000424268137462877,0.46062145788548,1,FALSE,NA
"PT3","TRB:CASSYSSWGQNTEAFF;TRA:CAGANAGGTSYGKLTF",1,0,0,0.000424268137462877,0.46062145788548,1,FALSE,NA
"PT3","TRB:CASSYSTGRGGYEQYF;TRB:CATSEMTGRGPGNTIYF;TRA:CAAGPSGYNKLIF",1,0,0,0.000424268137462877,0.46062145788548,1,FALSE,NA
"PT3","TRB:CASSYTENSYNEQFF;TRA:CALRVILTGGGNKLTF",3,3,0.00108695652173913,0.00127280441238863,1,1,FALSE,"clonotype44"
"PT3","TRB:CASSYVNTGSPLHF;TRA:CAASGAGTYKYIF",1,0,0,0.000424268137462877,0.46062145788548,1,FALSE,NA
"PT3","TRB:CASSYWSRGNYEQYF;TRA:CAVHSGNTPLVF;TRA:CIVSQTGANNLFF",1,0,0,0.000424268137462877,0.46062145788548,1,FALSE,NA
"PT3","TRB:CASTADEPSNNEQFF;TRA:CAVRDYQTGANNLFF",1,0,0,0.000424268137462877,0.46062145788548,1,FALSE,NA
"PT3","TRB:CASTASGGLTGELFF;TRA:CAVSANTGGFKTIF",1,0,0,0.000424268137462877,0.46062145788548,1,FALSE,NA
"PT3","TRB:CASTDGTYEQYF;TRA:CIVRLRISSGSARQLTF",1,0,0,0.000424268137462877,0.46062145788548,1,FALSE,NA
"PT3","TRB:CASTDKWTGRYEQYF",1,0,0,0.000424268137462877,0.46062145788548,1,FALSE,NA
"PT3","TRB:CASTDRGPLAKNIQYF;TRA:CAPKAGANNLFF",1,0,0,0.000424268137462877,0.46062145788548,1,FALSE,NA
"PT3","TRB:CASTGDEYEKLFF;TRA:CATDEDSNYQLIW",1,0,0,0.000424268137462877,0.46062145788548,1,FALSE,NA
"PT3","TRB:CASTGGAYGYTF",1,0,0,0.000424268137462877,0.46062145788548,1,FALSE,NA
"PT3","TRB:CASTGGAYGYTF;TRA:CAWSPSGSARQLTF",1,0,0,0.000424268137462877,0.46062145788548,1,FALSE,NA
"PT3","TRB:CASTGPGQGGGYTF;TRA:CAVRDGARLMF",1,0,0,0.000424268137462877,0.46062145788548,1,FALSE,NA
"PT3","TRB:CASTGTGEGYGYTF;TRA:CALSGLSGGYQKVTF",1,0,0,0.000424268137462877,0.46062145788548,1,FALSE,NA
"PT3","TRB:CASTIAAGVDPYF;TRA:CAENSGNTGGFKTIF",1,0,0,0.000424268137462877,0.46062145788548,1,FALSE,NA
"PT3","TRB:CASTKFQPGTGENTGELFF",1,0,0,0.000424268137462877,0.46062145788548,1,FALSE,NA
"PT3","TRB:CASTLSWDTEAFF;TRA:CAVRNNYGQNFVF",1,0,0,0.000424268137462877,0.46062145788548,1,FALSE,NA
"PT3","TRB:CASTNWAYNEQFF;TRA:CAASLWGKGGSEKLVF",1,0,0,0.000424268137462877,0.46062145788548,1,FALSE,NA
"PT3","TRB:CASTPGGGASEKLFF;TRA:CAHPSDGYNKLIF",1,0,0,0.000424268137462877,0.46062145788548,1,FALSE,NA
"PT3","TRB:CASTPGVWNYGYTF;TRA:CAMREGLVNNDMRF",1,0,0,0.000424268137462877,0.46062145788548,1,FALSE,NA
"PT3","TRB:CASTPSWDSYNEQFF;TRA:CAGDPGGGNKLTF;TRA:CALTRNGQKLLF",1,0,0,0.000424268137462877,0.46062145788548,1,FALSE,NA
"PT3","TRB:CASTQGTENQPQHF;TRA:CILRDGISSGSARQLTF",1,0,0,0.000424268137462877,0.46062145788548,1,FALSE,NA
"PT3","TRB:CASTRRRQGNAGELFF;TRA:CALSGNRDDKIIF",1,0,0,0.000424268137462877,0.46062145788548,1,FALSE,NA
"PT3","TRB:CASTSGGAKNIQYF;TRA:CAQQGNSGYSTLTF",1,0,0,0.000424268137462877,0.46062145788548,1,FALSE,NA
"PT3","TRB:CASTSGVRTDTQYF;TRA:CAVRDGPSSASKIIF",1,0,0,0.000424268137462877,0.46062145788548,1,FALSE,NA
"PT3","TRB:CASTSSGGATGELFF;TRA:CALRAYQAGTALIF",1,0,0,0.000424268137462877,0.46062145788548,1,FALSE,NA
"PT3","TRB:CASTVGGPYGYTF;TRA:CAGPTGGTSYGKLTF",1,0,0,0.000424268137462877,0.46062145788548,1,FALSE,NA
"PT3","TRB:CASVAGGKVTEAFF;TRA:CALSRSSASKIIF",1,0,0,0.000424268137462877,0.46062145788548,1,FALSE,NA
"PT3","TRB:CASVIQYF;TRB:CSALQEGQGRDTQYF;TRA:CAVRTGFQKLVF",1,0,0,0.000424268137462877,0.46062145788548,1,FALSE,NA
"PT3","TRB:CASYGYTF;TRA:CAATGYSSASKIIF",1,0,0,0.000424268137462877,0.46062145788548,1,FALSE,NA
"PT3","TRB:CASYNAGGEQYF;TRA:CAVRGRTGANNLFF",2,0,0,0.000848536274925753,0.212172127464545,1,FALSE,NA
"PT3","TRB:CATDCPVRAFF",1,0,0,0.000424268137462877,0.46062145788548,1,FALSE,NA
"PT3","TRB:CATGDGTTNEKLFF;TRA:CALPPPGRRALTF",1,0,0,0.000424268137462877,0.46062145788548,1,FALSE,NA
"PT3","TRB:CATGTGYEQYF;TRA:CAVSDGQKLLF",1,0,0,0.000424268137462877,0.46062145788548,1,FALSE,NA
"PT3","TRB:CATIPRWGQNYNEQFF;TRA:CVVNGKSGYSTLTF",1,0,0,0.000424268137462877,0.46062145788548,1,FALSE,NA
"PT3","TRB:CATKHRGTSNEQFF;TRA:CALSASTRGAQKLVF;TRA:CATDFWGGANSKLTF",1,0,0,0.000424268137462877,0.46062145788548,1,FALSE,NA
"PT3","TRB:CATLGEETQYF;TRA:CAVGGGATNKLIF",1,0,0,0.000424268137462877,0.46062145788548,1,FALSE,NA
"PT3","TRB:CATQDRYNEQFF",1,0,0,0.000424268137462877,0.46062145788548,1,FALSE,NA
"PT3","TRB:CATQLGIVGTQPQHF;TRA:CAVTPGGYQKVTF",1,0,0,0.000424268137462877,0.46062145788548,1,FALSE,NA
"PT3","TRB:CATQPWDTGELFF;TRA:CAGQGSATNAGKSTF",1,0,0,0.000424268137462877,0.46062145788548,1,FALSE,NA
"PT3","TRB:CATREGLAGGRELFF;TRA:CATAGLDSNYQLIW",2,0,0,0.000848536274925753,0.212172127464545,1,FALSE,NA
"PT3","TRB:CATRGTVTYEQYF;TRA:CATAGRLGNFNKFYF",1,0,0,0.000424268137462877,0.46062145788548,1,FALSE,NA
"PT3","TRB:CATRTGFQPQHF;TRA:CAASSSTNAGKSTF",3,0,0,0.00127280441238863,0.0977310346753825,1,FALSE,NA
"PT3","TRB:CATRTSGAGTGELFF;TRA:CAVEDPPPLVF",1,0,0,0.000424268137462877,0.46062145788548,1,FALSE,NA
"PT3","TRB:CATSDADIIGGYTF;TRA:CVNNQGGKLIF",1,3,0.00108695652173913,0.000424268137462877,0.629637581280335,1,FALSE,"clonotype41"
"PT3","TRB:CATSDFGGRGLFGELFF;TRA:CILRDAGETSGSRLTF",1,0,0,0.000424268137462877,0.46062145788548,1,FALSE,NA
"PT3","TRB:CATSDFGSSGADPQETQYF;TRA:CAVLTGGGNKLTF",1,0,0,0.000424268137462877,0.46062145788548,1,FALSE,NA
"PT3","TRB:CATSDFQGGSTDTQYF;TRA:CAVERAGGTSYGKLTF",1,0,0,0.000424268137462877,0.46062145788548,1,FALSE,NA
"PT3","TRB:CATSDLADTQYF;TRA:CALSLLGSARQLTF;TRA:CAPPDDNFNKFYF",1,0,0,0.000424268137462877,0.46062145788548,1,FALSE,NA
"PT3","TRB:CATSDLLSTDTQYF;TRA:CAYNYGQNFVF",1,0,0,0.000424268137462877,0.46062145788548,1,FALSE,NA
"PT3","TRB:CATSDLRDRDSKTQYF;TRA:CAASWGPYGSGNTGKLIF",3,0,0,0.00127280441238863,0.0977310346753825,1,FALSE,NA
"PT3","TRB:CATSDLWDTRTQYF;TRA:CAASSGGSNYKLTF;TRA:CIVRVGDFGNEKLTF",1,0,0,0.000424268137462877,0.46062145788548,1,FALSE,NA
"PT3","TRB:CATSDLWGNNEQFF;TRA:CSGAGSYQLTF",1,0,0,0.000424268137462877,0.46062145788548,1,FALSE,NA
"PT3","TRB:CATSDLYRGPRQDTQYF;TRA:CAVDAGNMLTF",1,0,0,0.000424268137462877,0.46062145788548,1,FALSE,NA
"PT3","TRB:CATSDPDRGLYEQYF;TRA:CAVERQGDDYKLSF",6,4,0.00144927536231884,0.00254560882477726,0.528657773023734,1,FALSE,"clonotype33"
"PT3","TRB:CATSDPGGTGRLTQYF;TRA:CAASALNNARLMF",1,0,0,0.000424268137462877,0.46062145788548,1,FALSE,NA
"PT3","TRB:CATSDPTEGGDGYTF;TRA:CAVRDITGGSYIPTF",1,0,0,0.000424268137462877,0.46062145788548,1,FALSE,NA
"PT3","TRB:CATSDQGLAPDTQYF;TRA:CAESFTPSGGYNKLIF;TRA:CAVRDRAAGNKLTF",1,0,0,0.000424268137462877,0.46062145788548,1,FALSE,NA
"PT3","TRB:CATSDSLSNGYTF;TRA:CAVRDVGNTGFQKLVF",1,0,0,0.000424268137462877,0.46062145788548,1,FALSE,NA
"PT3","TRB:CATSDSNSGTPQETQYF;TRA:CAAYPNTGNQFYF;TRA:CIVRVSMGLGANNLFF",1,0,0,0.000424268137462877,0.46062145788548,1,FALSE,NA
"PT3","TRB:CATSDWDHEQFF;TRA:CAGFTGGGNKLTF",1,0,0,0.000424268137462877,0.46062145788548,1,FALSE,NA
"PT3","TRB:CATSDWGRPGTQYF;TRA:CAENIDDYKLSF;TRA:CAVADRDDKIIF",18,0,0,0.00763682647433178,8.71354703732931e-07,0.000423229427527424,TRUE,NA
"PT3","TRB:CATSETGDEQYF;TRA:CAVGDSGYSTLTF",1,0,0,0.000424268137462877,0.46062145788548,1,FALSE,NA
"PT3","TRB:CATSGPTGDYGYTF;TRA:CAVSKSGGSARQLTF",1,0,0,0.000424268137462877,0.46062145788548,1,FALSE,NA
"PT3","TRB:CATSGRELQEQYF;TRA:CVVNKAGTYKYIF",1,0,0,0.000424268137462877,0.46062145788548,1,FALSE,NA
"PT3","TRB:CATSIRVLYEQYF;TRA:CAVSPKGEKLVF",1,0,0,0.000424268137462877,0.46062145788548,1,FALSE,NA
"PT3","TRB:CATSLRSGTDTQYF;TRA:CAVIAAGNKLTF",4,1,0.00036231884057971,0.00169707254985151,0.1877947474606,1,FALSE,"clonotype915"
"PT3","TRB:CATSPLPGTASTDTQYF;TRA:CAASRSGSARQLTF",1,0,0,0.000424268137462877,0.46062145788548,1,FALSE,NA
"PT3","TRB:CATSQYSNYGYTF;TRA:CAVNGDTGNQFYF",1,0,0,0.000424268137462877,0.46062145788548,1,FALSE,NA
"PT3","TRB:CATSRARSDETQYF;TRA:CAVSVSTGVFKTIF",1,0,0,0.000424268137462877,0.46062145788548,1,FALSE,NA
"PT3","TRB:CATSRDGGNEQYF;TRA:CAETPNTGNQFYF",1,0,0,0.000424268137462877,0.46062145788548,1,FALSE,NA
"PT3","TRB:CATSRDLGGGNIQYF;TRA:CVVTLYNNNDMRF",1,0,0,0.000424268137462877,0.46062145788548,1,FALSE,NA
"PT3","TRB:CATSRDRREFQFF;TRA:CATDGGYNQGGKLIF",1,0,0,0.000424268137462877,0.46062145788548,1,FALSE,NA
"PT3","TRB:CATSRERGNYEQYF;TRA:CAMIVAGKSTF",1,0,0,0.000424268137462877,0.46062145788548,1,FALSE,NA
"PT3","TRB:CATSRVPGTNTGELFF",1,0,0,0.000424268137462877,0.46062145788548,1,FALSE,NA
"PT3","TRB:CATSSGVHGYTF;TRA:CALSERAQKLVF",1,0,0,0.000424268137462877,0.46062145788548,1,FALSE,NA
"PT3","TRB:CATSSSGAGWEPQHF;TRA:CAVGTGRRALTF",1,0,0,0.000424268137462877,0.46062145788548,1,FALSE,NA
"PT3","TRB:CATSVQGVSYEQYF;TRA:CIVRVVRSSNTGKLIF",1,0,0,0.000424268137462877,0.46062145788548,1,FALSE,NA
"PT3","TRB:CAVHMPPYNEQFF;TRA:CAYRRDTDKLIF",1,0,0,0.000424268137462877,0.46062145788548,1,FALSE,NA
"PT3","TRB:CAVTGGKGYGYTF;TRA:CAASGNFGNEKLTF",1,0,0,0.000424268137462877,0.46062145788548,1,FALSE,NA
"PT3","TRB:CAWIQGVTEAFF;TRA:CAVSLRNTGFQKLVF",1,0,0,0.000424268137462877,0.46062145788548,1,FALSE,NA
"PT3","TRB:CAWKGEGLGDTEAFF;TRA:CAAPGYPAGNDYKLSF;TRA:CTDNAGNMLTF",30,28,0.0101449275362319,0.0127280441238863,0.430144323076273,1,FALSE,"clonotype3"
"PT3","TRB:CAWKGLGGYTF;TRA:CAGAGYALNF",1,0,0,0.000424268137462877,0.46062145788548,1,FALSE,NA
"PT3","TRB:CAWKGVGNTIYF;TRA:CAFMKHVASGGSNYKLTF",1,0,0,0.000424268137462877,0.46062145788548,1,FALSE,NA
"PT3","TRB:CAWNGAGGTDTQYF;TRA:CAVEEEDGQNFVF",1,0,0,0.000424268137462877,0.46062145788548,1,FALSE,NA
"PT3","TRB:CAWRETFAQYF;TRA:CASQGADSNYQLIW;TRA:CAVEFSGNTGKLIF",3,0,0,0.00127280441238863,0.0977310346753825,1,FALSE,NA
"PT3","TRB:CAWRGATYEQYF;TRA:CAFMMGNQGGKLIF;TRA:CATDGYGGATNKLIF",1,0,0,0.000424268137462877,0.46062145788548,1,FALSE,NA
"PT3","TRB:CAWRGLAGSSSYEQYF;TRA:CAAPGEERNKLSF;TRA:CAFHSGNTPLVF",1,0,0,0.000424268137462877,0.46062145788548,1,FALSE,NA
"PT3","TRB:CAWSAGSAGYGYTF;TRA:CAEILYNQGGKLIF",1,0,0,0.000424268137462877,0.46062145788548,1,FALSE,NA
"PT3","TRB:CAWSARTGRGFNTGELFF",1,0,0,0.000424268137462877,0.46062145788548,1,FALSE,NA
"PT3","TRB:CAWSASGAHYGYTF;TRA:CAVGAREYGNKLVF",1,0,0,0.000424268137462877,0.46062145788548,1,FALSE,NA
"PT3","TRB:CAWSDPTYSNQPQHF;TRA:CAENPMEYGNKLVF",2,0,0,0.000848536274925753,0.212172127464545,1,FALSE,NA
"PT3","TRB:CAWSGVRVGGYTF",1,0,0,0.000424268137462877,0.46062145788548,1,FALSE,NA
"PT3","TRB:CAWSIPGPGSGANVLTF;TRA:CAVNAKGRRALTF",1,0,0,0.000424268137462877,0.46062145788548,1,FALSE,NA
"PT3","TRB:CAWSLGLAGQGADTQYF;TRA:CAFIPQGGSQGNLIF",1,1,0.00036231884057971,0.000424268137462877,1,1,FALSE,"clonotype1534"
"PT3","TRB:CAWSMLTGLSYNSPLHF;TRA:CAASSAGGTSYGKLTF",1,0,0,0.000424268137462877,0.46062145788548,1,FALSE,NA
"PT3","TRB:CAWSNTYEQYF",1,0,0,0.000424268137462877,0.46062145788548,1,FALSE,NA
"PT3","TRB:CAWSPGGPGELFF",1,0,0,0.000424268137462877,0.46062145788548,1,FALSE,NA
"PT3","TRB:CAWSPRTEAFF;TRA:CALTRTPLYGGATNKLIF",1,0,0,0.000424268137462877,0.46062145788548,1,FALSE,NA
"PT3","TRB:CAWSRQNSYEQYF;TRA:CAASPDNYGQNFVF",1,0,0,0.000424268137462877,0.46062145788548,1,FALSE,NA
"PT3","TRB:CAWSRRGNEKLFF;TRA:CGTETTGGFKTIF",1,0,0,0.000424268137462877,0.46062145788548,1,FALSE,NA
"PT3","TRB:CAWSTQTGGSEGTEAFF;TRA:CAVASWGKLQF",1,0,0,0.000424268137462877,0.46062145788548,1,FALSE,NA
"PT3","TRB:CAWSVGIGAGETQYF;TRA:CAHDATSGTYKYIF;TRA:CAVVRETGANSKLTF",1,0,0,0.000424268137462877,0.46062145788548,1,FALSE,NA
"PT3","TRB:CAWSVGRREKLFF",1,0,0,0.000424268137462877,0.46062145788548,1,FALSE,NA
"PT3","TRB:CAWSVLGLTPSGRAQFF;TRA:CILLNFGNEKLTF",1,0,0,0.000424268137462877,0.46062145788548,1,FALSE,NA
"PT3","TRB:CAWTKGVGRGGYEQYF;TRA:CALSELYTGGFKTIF",1,0,0,0.000424268137462877,0.46062145788548,1,FALSE,NA
"PT3","TRB:CSAALDFNEQFF;TRA:CAVPRSNDYKLSF;TRA:CIVRAEGGNKLVF",1,0,0,0.000424268137462877,0.46062145788548,1,FALSE,NA
"PT3","TRB:CSAEVRSEETQYF;TRA:CAGSQTGANNLFF",1,0,0,0.000424268137462877,0.46062145788548,1,FALSE,NA
"PT3","TRB:CSAFGADSSYEQYF;TRA:CVVSDEYTGNQFYF",10,0,0,0.00424268137462877,0.00042997346577115,0.0769426201906268,FALSE,NA
"PT3","TRB:CSAGPIAGDQETQYF;TRA:CAVSAFSDGQKLLF",1,0,0,0.000424268137462877,0.46062145788548,1,FALSE,NA
"PT3","TRB:CSAGPYNEQFF;TRA:CAGIIQGAQKLVF",1,0,0,0.000424268137462877,0.46062145788548,1,FALSE,NA
"PT3","TRB:CSAGRVDYGYTF;TRA:CAHGSSNTGKLIF",1,0,0,0.000424268137462877,0.46062145788548,1,FALSE,NA
"PT3","TRB:CSAIGVAGGHQPQHF;TRA:CAGQLAGGDMRF",1,0,0,0.000424268137462877,0.46062145788548,1,FALSE,NA
"PT3","TRB:CSAIILAGGYEQYF;TRA:CALSDPSNDYKLSF",1,0,0,0.000424268137462877,0.46062145788548,1,FALSE,NA
"PT3","TRB:CSAISGGGRRPYSNQPQHF;TRA:CAMSGGIQGAQKLVF",1,0,0,0.000424268137462877,0.46062145788548,1,FALSE,NA
"PT3","TRB:CSAKAYSTEAFF;TRA:CAVSDSGGTSYGKLTF",1,0,0,0.000424268137462877,0.46062145788548,1,FALSE,NA
"PT3","TRB:CSAKGDGHYGYTF;TRA:CAVRTDKLIF",1,0,0,0.000424268137462877,0.46062145788548,1,FALSE,NA
"PT3","TRB:CSAKGGPGANVLTF;TRA:CVVNRQGEGGADGLTF",1,0,0,0.000424268137462877,0.46062145788548,1,FALSE,NA
"PT3","TRB:CSAKKGGDYGYTF;TRA:CAPGKLTF;TRA:CAVRADKLIF",3,0,0,0.00127280441238863,0.0977310346753825,1,FALSE,NA
"PT3","TRB:CSAKPGGSYGYTF;TRA:CAVRDDKIIF",11,0,0,0.00466694951209164,0.00019805500465558,0.0374103897682762,TRUE,NA
"PT3","TRB:CSAKPPSNYGYTF;TRA:CAVRDDKIIF",3,0,0,0.00127280441238863,0.0977310346753825,1,FALSE,NA
"PT3","TRB:CSALAGGLYNEQFF;TRA:CATTLSEEYGNKLVF;TRA:CAVKNNTGKLIF",1,0,0,0.000424268137462877,0.46062145788548,1,FALSE,NA
"PT3","TRB:CSALDRGNYNEQFF;TRA:CAVYNQGGKLIF",1,0,0,0.000424268137462877,0.46062145788548,1,FALSE,NA
"PT3","TRB:CSALGQGEEGYTF;TRA:CAVRNARLMF",1,0,0,0.000424268137462877,0.46062145788548,1,FALSE,NA
"PT3","TRB:CSALIRVGEQYF;TRA:CALSEWSQGNLIF",1,0,0,0.000424268137462877,0.46062145788548,1,FALSE,NA
"PT3","TRB:CSANDRGGNTIYF;TRA:CAMREGGTGRRALTF;TRA:CAVPVYSSASKIIF",1,0,0,0.000424268137462877,0.46062145788548,1,FALSE,NA
"PT3","TRB:CSANPGQGAISRTYNEQFF;TRA:CAVALYDAGNNRKLIW",1,0,0,0.000424268137462877,0.46062145788548,1,FALSE,NA
"PT3","TRB:CSAPDSGANVLTF",1,1,0.00036231884057971,0.000424268137462877,1,1,FALSE,"clonotype209"
"PT3","TRB:CSAPRWAKDTQYF;TRA:CAASAYNAGNNRKLIW",1,0,0,0.000424268137462877,0.46062145788548,1,FALSE,NA
"PT3","TRB:CSAPTGPSGRDGDTQYF;TRA:CALRRKTSYDKVIF;TRA:CALSGGSNYKLTF",1,0,0,0.000424268137462877,0.46062145788548,1,FALSE,NA
"PT3","TRB:CSAPTGPSGRDGDTQYF;TRA:CVVNTGGFKTIF",1,0,0,0.000424268137462877,0.46062145788548,1,FALSE,NA
"PT3","TRB:CSAQARGGAIDTQYF;TRA:CALSGTNAGKSTF",1,0,0,0.000424268137462877,0.46062145788548,1,FALSE,NA
"PT3","TRB:CSAQEDRASYEQYF",1,0,0,0.000424268137462877,0.46062145788548,1,FALSE,NA
"PT3","TRB:CSAQTLAGAPYEQYF;TRA:CAASPYNFNKFYF",1,2,0.00072463768115942,0.000424268137462877,1,1,FALSE,"clonotype74"
"PT3","TRB:CSARADPNYGYTF;TRA:CAVRDTRLMF",1,0,0,0.000424268137462877,0.46062145788548,1,FALSE,NA
"PT3","TRB:CSARADSNYGYTF;TRA:CAVRGEARLMF",1,0,0,0.000424268137462877,0.46062145788548,1,FALSE,NA
"PT3","TRB:CSARADTYYGYTF;TRA:CAVRDDKIIF",2,0,0,0.000848536274925753,0.212172127464545,1,FALSE,NA
"PT3","TRB:CSARAGSEAGYTF;TRA:CVGRDDKIIF",1,0,0,0.000424268137462877,0.46062145788548,1,FALSE,NA
"PT3","TRB:CSARAGVNYGYTF;TRA:CAVRDDKIIF",1,0,0,0.000424268137462877,0.46062145788548,1,FALSE,NA
"PT3","TRB:CSARASGGERTQQFF;TRA:CAVSGFDYKLSF",1,0,0,0.000424268137462877,0.46062145788548,1,FALSE,NA
"PT3","TRB:CSARASGMNTYEQYF;TRA:CAVGAGSNYQLIW",1,0,0,0.000424268137462877,0.46062145788548,1,FALSE,NA
"PT3","TRB:CSARATGETGYTF;TRA:CAVRDDKIIF",1,0,0,0.000424268137462877,0.46062145788548,1,FALSE,NA
"PT3","TRB:CSARDASGNTIYF;TRA:CIVRPHYNQGGKLIF",1,0,0,0.000424268137462877,0.46062145788548,1,FALSE,NA
"PT3","TRB:CSARDDSGNQPQHF;TRA:CALTNFGNEKLTF",1,0,0,0.000424268137462877,0.46062145788548,1,FALSE,NA
"PT3","TRB:CSARDGGEAGYTF;TRA:CAVEPFTGGGNKLTF;TRA:CAVRDARLMF",1,0,0,0.000424268137462877,0.46062145788548,1,FALSE,NA
"PT3","TRB:CSARDGRDYGYTF;TRA:CAVRGDKLIF",1,0,0,0.000424268137462877,0.46062145788548,1,FALSE,NA
"PT3","TRB:CSARDGRTQNEQYF;TRA:CIVRARPGYNQGGKLIF",1,0,0,0.000424268137462877,0.46062145788548,1,FALSE,NA
"PT3","TRB:CSARDKQGVIYGYTF;TRA:CAVEARYGNKLVF",1,0,0,0.000424268137462877,0.46062145788548,1,FALSE,NA
"PT3","TRB:CSARDLASGPYEQYF;TRA:CALNVRGSQGNLIF",44,0,0,0.0186677980483666,1.53866219859861e-15,1.74381715841176e-12,TRUE,NA
"PT3","TRB:CSARDLEDLKQYF;TRA:CAVGDDYKLSF",13,3,0.00108695652173913,0.0055154857870174,0.00520206049756949,0.535969869446554,FALSE,"clonotype37"
"PT3","TRB:CSARDLEGTDTQYF;TRA:CALRGQGNTPLVF",1,0,0,0.000424268137462877,0.46062145788548,1,FALSE,NA
"PT3","TRB:CSARDLTRNQPQHF;TRA:CAVIVLTGGGNKLTF;TRA:CVVNKDARLMF",2,0,0,0.000848536274925753,0.212172127464545,1,FALSE,NA
"PT3","TRB:CSARDPAGATNYGYTF;TRA:CAGVGSDMRF;TRA:CALLPYSGAGSYQLTF",1,0,0,0.000424268137462877,0.46062145788548,1,FALSE,NA
"PT3","TRB:CSARDPFSGANVLTF;TRA:CVVNSGGYQKVTF",1,0,0,0.000424268137462877,0.46062145788548,1,FALSE,NA
"PT3","TRB:CSARDPGGGAQIDTQYF;TRA:CIVRVVSYDKIIF",1,1,0.00036231884057971,0.000424268137462877,1,1,FALSE,"clonotype1189"
"PT3","TRB:CSARDPGTAADTIYF;TRA:CALVPFSGGYNKLIF",1,0,0,0.000424268137462877,0.46062145788548,1,FALSE,NA
"PT3","TRB:CSARDPQALSGNTIYF;TRA:CAASGNAGKSTF",1,0,0,0.000424268137462877,0.46062145788548,1,FALSE,NA
"PT3","TRB:CSARDPQDYGYTF;TRA:CAVRSSELSF",1,0,0,0.000424268137462877,0.46062145788548,1,FALSE,NA
"PT3","TRB:CSARDRELDTQYF;TRA:CAVIWMDSSYKLIF",1,0,0,0.000424268137462877,0.46062145788548,1,FALSE,NA
"PT3","TRB:CSARDRKGQGNQPQHF;TRA:CALIAPTGSGGSNYKLTF",1,0,0,0.000424268137462877,0.46062145788548,1,FALSE,NA
"PT3","TRB:CSARDRYQSPLHF;TRA:CTGGNTDKLIF",1,0,0,0.000424268137462877,0.46062145788548,1,FALSE,NA
"PT3","TRB:CSARDSADYGYTF;TRA:CAVRTDKLIF",3,0,0,0.00127280441238863,0.0977310346753825,1,FALSE,NA
"PT3","TRB:CSARDSEREVGTQYF;TRA:CAVTDSNYQLIW",1,2,0.00072463768115942,0.000424268137462877,1,1,FALSE,"clonotype67"
"PT3","TRB:CSARDSGGTDTQYF",1,0,0,0.000424268137462877,0.46062145788548,1,FALSE,NA
"PT3","TRB:CSARDSRDYGYTF;TRA:CAVRDARLMF",1,0,0,0.000424268137462877,0.46062145788548,1,FALSE,NA
"PT3","TRB:CSARDSWGVAKNIQYF;TRA:CVVSAPNTGNQFYF",1,0,0,0.000424268137462877,0.46062145788548,1,FALSE,NA
"PT3","TRB:CSARDVRKENIQYF;TRA:CAVVALLKGQNFVF",1,0,0,0.000424268137462877,0.46062145788548,1,FALSE,NA
"PT3","TRB:CSARDYGRTEVTDTQYF;TRA:CIVRGRFTSGTYKYIF",1,0,0,0.000424268137462877,0.46062145788548,1,FALSE,NA
"PT3","TRB:CSAREASAADTQYF;TRA:CIVIPNTGNQFYF",1,1,0.00036231884057971,0.000424268137462877,1,1,FALSE,"clonotype304"
"PT3","TRB:CSAREDGWTYEQYF;TRA:CLVGEAFGNEKLTF",1,0,0,0.000424268137462877,0.46062145788548,1,FALSE,NA
"PT3","TRB:CSAREPTQNIQYF;TRA:CAESRNNNDMRF",1,0,0,0.000424268137462877,0.46062145788548,1,FALSE,NA
"PT3","TRB:CSARFLAGVGDTQYF;TRA:CVVSAIEGSQGNLIF",1,0,0,0.000424268137462877,0.46062145788548,1,FALSE,NA
"PT3","TRB:CSARGDVDYGYTF;TRA:CAVRDARLTF",1,0,0,0.000424268137462877,0.46062145788548,1,FALSE,NA
"PT3","TRB:CSARGEGQISSYEQYF;TRA:CAVRVRRALTF;TRA:CAVRWDSGAGSYQLTF",33,0,0,0.0140008485362749,7.76886300487264e-12,5.2828268433134e-09,TRUE,NA
"PT3","TRB:CSARGGGGTSYEQYF;TRA:CAVRERRKLSF",1,0,0,0.000424268137462877,0.46062145788548,1,FALSE,NA
"PT3","TRB:CSARGGGSLSYEQYF",1,0,0,0.000424268137462877,0.46062145788548,1,FALSE,NA
"PT3","TRB:CSARGGGSLSYEQYF;TRB:CSARPDRSPGYYF;TRA:CAVRERRQLSF",4,0,0,0.00169707254985151,0.0450170116728311,1,FALSE,NA
"PT3","TRB:CSARGLEFLEQYF;TRA:CAVGNDYKLSF",8,0,0,0.00339414509970301,0.00202653133995181,0.287091939826506,FALSE,NA
"PT3","TRB:CSARGLRLVKETQYF;TRA:CAVLNNAGNMLTF",1,0,0,0.000424268137462877,0.46062145788548,1,FALSE,NA
"PT3","TRB:CSARGQGAEAFF;TRA:CAMNQGGSARQLTF;TRA:CAVRVRRALTF",1,0,0,0.000424268137462877,0.46062145788548,1,FALSE,NA
"PT3","TRB:CSARGQGDYGYTF",1,0,0,0.000424268137462877,0.46062145788548,1,FALSE,NA
"PT3","TRB:CSARGQGGYTEAFF;TRA:CALSGNNAGNMLTF",1,0,0,0.000424268137462877,0.46062145788548,1,FALSE,NA
"PT3","TRB:CSARGRGIGQTSYEQYF;TRA:CAVRERRKLIF",3,0,0,0.00127280441238863,0.0977310346753825,1,FALSE,NA
"PT3","TRB:CSARGRGQRGNQPQHF;TRA:CAVQAYNTDKLIF",1,0,0,0.000424268137462877,0.46062145788548,1,FALSE,NA
"PT3","TRB:CSARGRWDSPLHF;TRA:CAQGANDMRF",1,0,0,0.000424268137462877,0.46062145788548,1,FALSE,NA
"PT3","TRB:CSARGVVNEQFF;TRA:CAVQLSNTGKLIF",1,0,0,0.000424268137462877,0.46062145788548,1,FALSE,NA
"PT3","TRB:CSARHLAGGEAQYF;TRA:CAANHYSSASKIIF;TRA:CAVNRYNQGGKLIF",1,0,0,0.000424268137462877,0.46062145788548,1,FALSE,NA
"PT3","TRB:CSARHQRDYGYTF;TRA:CAVRDDKIIF",7,0,0,0.00296987696224014,0.00439955912877955,0.482532291543564,FALSE,NA
"PT3","TRB:CSARKEDRAGYTF;TRA:CAVRGNARLMF",1,0,0,0.000424268137462877,0.46062145788548,1,FALSE,NA
"PT3","TRB:CSARKRLAGISHEQYF;TRA:CAVNANAGNNRKLIW",1,0,0,0.000424268137462877,0.46062145788548,1,FALSE,NA
"PT3","TRB:CSARKTGGTKNIQYF;TRA:CAVRDRLKRF",1,0,0,0.000424268137462877,0.46062145788548,1,FALSE,NA
"PT3","TRB:CSARLTGSNYGYTF;TRA:CAVTQGSNFNKFYF",1,0,0,0.000424268137462877,0.46062145788548,1,FALSE,NA
"PT3","TRB:CSARMSSLEQYF;TRA:CAASYNARLMF",1,0,0,0.000424268137462877,0.46062145788548,1,FALSE,NA
"PT3","TRB:CSARPDRSPGYYF",1,0,0,0.000424268137462877,0.46062145788548,1,FALSE,NA
"PT3","TRB:CSARPLAGAADTQYF;TRA:CVVNSPHNNARLMF",1,0,0,0.000424268137462877,0.46062145788548,1,FALSE,NA
"PT3","TRB:CSARPPTKGYTEAFF",1,0,0,0.000424268137462877,0.46062145788548,1,FALSE,NA
"PT3","TRB:CSARPPTKGYTEAFF;TRA:CAVGGHNFNKFYF;TRA:CAYRGGSQGNLIF",1,0,0,0.000424268137462877,0.46062145788548,1,FALSE,NA
"PT3","TRB:CSARPSLPGYSYEQYF;TRA:CAVNEDSNYQLIW",1,0,0,0.000424268137462877,0.46062145788548,1,FALSE,NA
"PT3","TRB:CSARRGGSGNTIYF;TRA:CALLYFNKFYF",1,0,0,0.000424268137462877,0.46062145788548,1,FALSE,NA
"PT3","TRB:CSARRMVGGQSLVDTQYF;TRA:CAVRAPLSDGQKLLF",1,0,0,0.000424268137462877,0.46062145788548,1,FALSE,NA
"PT3","TRB:CSARRPGTFTALHF;TRA:CAGRYSGGGADGLTF",1,0,0,0.000424268137462877,0.46062145788548,1,FALSE,NA
"PT3","TRB:CSARRRGGNEQFF;TRA:CAVRDPRGGNKLVF",1,0,0,0.000424268137462877,0.46062145788548,1,FALSE,NA
"PT3","TRB:CSARSGFGYGYTF",1,0,0,0.000424268137462877,0.46062145788548,1,FALSE,NA
"PT3","TRB:CSARSSLWTNTGELFF;TRA:CAVVSGGGADGLTF",1,0,0,0.000424268137462877,0.46062145788548,1,FALSE,NA
"PT3","TRB:CSARTSPTRGNEQFF",1,0,0,0.000424268137462877,0.46062145788548,1,FALSE,NA
"PT3","TRB:CSARVLILAGGIYEQYF;TRA:CAVIRSRRALTF",1,0,0,0.000424268137462877,0.46062145788548,1,FALSE,NA
"PT3","TRB:CSARVNAQTDTQYF;TRA:CAATLSGGYQKVTF;TRA:CAGGGDSSASKIIF",1,1,0.00036231884057971,0.000424268137462877,1,1,FALSE,"clonotype370"
"PT3","TRB:CSARVPGGTGSLNEKLFF;TRA:CAMREGSNTDKLIF",1,0,0,0.000424268137462877,0.46062145788548,1,FALSE,NA
"PT3","TRB:CSARVQSPLFYGYTF;TRA:CAFMKVAQGGSEKLVF",1,0,0,0.000424268137462877,0.46062145788548,1,FALSE,NA
"PT3","TRB:CSARVRGGYEQYF;TRA:CIDGRSNAGGTSYGKLTF",1,0,0,0.000424268137462877,0.46062145788548,1,FALSE,NA
"PT3","TRB:CSARVTGGGEKLFF;TRA:CIADTSGTYKYIF",1,0,0,0.000424268137462877,0.46062145788548,1,FALSE,NA
"PT3","TRB:CSASAMAGVANNEQFF;TRA:CVVNRGSWGKLQF",7,0,0,0.00296987696224014,0.00439955912877955,0.482532291543564,FALSE,NA
"PT3","TRB:CSASGQIMNTEAFF;TRA:CALSDGSNYQLIW",1,0,0,0.000424268137462877,0.46062145788548,1,FALSE,NA
"PT3","TRB:CSASHGQTNQPQHF;TRA:CAVSEGPGGTSYGKLTF",1,0,0,0.000424268137462877,0.46062145788548,1,FALSE,NA
"PT3","TRB:CSASIKVAFF;TRA:CAVEDGQKLLF",1,0,0,0.000424268137462877,0.46062145788548,1,FALSE,NA
"PT3","TRB:CSASPSGGTASTDTQYF;TRA:CVVNLHNDYKLSF",1,0,0,0.000424268137462877,0.46062145788548,1,FALSE,NA
"PT3","TRB:CSASRASNQPQHF;TRA:CAPSSGGYQKVTF;TRA:CIPYNFNKFYF",1,0,0,0.000424268137462877,0.46062145788548,1,FALSE,NA
"PT3","TRB:CSASSRNTGELFF",1,0,0,0.000424268137462877,0.46062145788548,1,FALSE,NA
"PT3","TRB:CSASSSGRRTGELFF;TRA:CAALNSGYSTLTF;TRA:CATDEGGFGNVLHC",1,0,0,0.000424268137462877,0.46062145788548,1,FALSE,NA
"PT3","TRB:CSASWDRGGPDTQYF;TRA:CALSGGAAGNKLTF",1,0,0,0.000424268137462877,0.46062145788548,1,FALSE,NA
"PT3","TRB:CSATDNHYGYTF;TRA:CALSVNTGNQFYF",1,0,0,0.000424268137462877,0.46062145788548,1,FALSE,NA
"PT3","TRB:CSATGTHYNEQFF;TRA:CAVNGGQAGTALIF",1,0,0,0.000424268137462877,0.46062145788548,1,FALSE,NA
"PT3","TRB:CSATSSGQGGTDTQYF;TRA:CVVNRGSYIPTF",1,0,0,0.000424268137462877,0.46062145788548,1,FALSE,NA
"PT3","TRB:CSAVNSGANVLTF",4,1,0.00036231884057971,0.00169707254985151,0.1877947474606,1,FALSE,"clonotype207"
"PT3","TRB:CSAVRQGLGAGELFF;TRA:CAYRSYNAGNMLTF",1,0,0,0.000424268137462877,0.46062145788548,1,FALSE,NA
"PT3","TRB:CSAYRGLAEETQYF;TRA:CIVLSGNTPLVF",2,0,0,0.000848536274925753,0.212172127464545,1,FALSE,NA
"PT3","TRB:CSGGGEAYNEQFF;TRA:CAALDSNYQLIW",1,0,0,0.000424268137462877,0.46062145788548,1,FALSE,NA
"PT3","TRB:CSGGRGRNEQFF;TRA:CAASHNAGNMLTF",1,0,0,0.000424268137462877,0.46062145788548,1,FALSE,NA
"PT3","TRB:CSGQGNTGELFF",1,0,0,0.000424268137462877,0.46062145788548,1,FALSE,NA
"PT3","TRB:CSGTTGDHEKLFF;TRA:CAVMDTGRRALTF",1,0,0,0.000424268137462877,0.46062145788548,1,FALSE,NA
"PT3","TRB:CSVAGGMDTGELFF;TRA:CAVRGNQFYF",1,0,0,0.000424268137462877,0.46062145788548,1,FALSE,NA
"PT3","TRB:CSVAGTGVSTTNEKLFF;TRA:CAILLHC;TRA:CALVANNAGNMLTF",1,0,0,0.000424268137462877,0.46062145788548,1,FALSE,NA
"PT3","TRB:CSVAQGSEAFF;TRA:CGTDSTGAGSYQLTF",1,0,0,0.000424268137462877,0.46062145788548,1,FALSE,NA
"PT3","TRB:CSVATGGAFF;TRA:CAYCGGSQGNLIF",1,0,0,0.000424268137462877,0.46062145788548,1,FALSE,NA
"PT3","TRB:CSVDSGTAFVNEQFF;TRA:CAASITNTGNQFYF",1,0,0,0.000424268137462877,0.46062145788548,1,FALSE,NA
"PT3","TRB:CSVDWTRNEQFF;TRA:CAVVTGGFKTIF",1,0,0,0.000424268137462877,0.46062145788548,1,FALSE,NA
"PT3","TRB:CSVEGGGPRTEAFF;TRA:CAVDQGNMLTF",1,0,0,0.000424268137462877,0.46062145788548,1,FALSE,NA
"PT3","TRB:CSVEKGSKNIQYF;TRA:CISGYSTLTF",1,0,0,0.000424268137462877,0.46062145788548,1,FALSE,NA
"PT3","TRB:CSVESLRAAAGQFF;TRA:CAVNDDKIIF",1,0,0,0.000424268137462877,0.46062145788548,1,FALSE,NA
"PT3","TRB:CSVEVLGAFF;TRA:CALSQSGGGADGLTF",2,0,0,0.000848536274925753,0.212172127464545,1,FALSE,NA
"PT3","TRB:CSVGEPQETQYF;TRA:CALRPNSGYSTLTF",1,0,0,0.000424268137462877,0.46062145788548,1,FALSE,NA
"PT3","TRB:CSVGHLKGEQYF;TRA:CATVTWYNNNDMRF;TRA:CAVVAGANNLFF",1,0,0,0.000424268137462877,0.46062145788548,1,FALSE,NA
"PT3","TRB:CSVGTDYGYTF;TRA:CAFGSAGTASKLTF",1,0,0,0.000424268137462877,0.46062145788548,1,FALSE,NA
"PT3","TRB:CSVPGQGTDTQYF;TRA:CAVSYPNAGNMLTF",1,0,0,0.000424268137462877,0.46062145788548,1,FALSE,NA
"PT3","TRB:CSVVFGFAYGYTF;TRA:CIVQTGNQFYF",2,0,0,0.000848536274925753,0.212172127464545,1,FALSE,NA
"PT3","TRB:CSVVGLAGVNEQFF;TRA:CALRPSYDKVIF",1,0,0,0.000424268137462877,0.46062145788548,1,FALSE,NA
"PT3","TRB:CSVVRGSYNEQFF;TRA:CAVPQAGTALIF",1,0,0,0.000424268137462877,0.46062145788548,1,FALSE,NA
"PT3","TRB:CSVVRQGTDTQYF;TRA:CVVSGWNAGNMLTF",1,0,0,0.000424268137462877,0.46062145788548,1,FALSE,NA
"PT3","TRA:CAAIDMDSNYQLIW",0,1,0.00036231884057971,0,1,1,FALSE,"clonotype715"
"PT3","TRA:CAALEETNFGNEKLTF",0,1,0.00036231884057971,0,1,1,FALSE,"clonotype2262"
"PT3","TRA:CAALPTLSGGYQKVTF",0,1,0.00036231884057971,0,1,1,FALSE,"clonotype1940"
"PT3","TRA:CAAPRGTSYGKLTF",0,1,0.00036231884057971,0,1,1,FALSE,"clonotype288"
"PT3","TRA:CAARGSNYKLTF",0,1,0.00036231884057971,0,1,1,FALSE,"clonotype2255"
"PT3","TRA:CAASNSGAGSYQLTF",0,1,0.00036231884057971,0,1,1,FALSE,"clonotype1113"
"PT3","TRA:CAASRTNTGTASKLTF",0,1,0.00036231884057971,0,1,1,FALSE,"clonotype2266"
"PT3","TRA:CAASTNSNSGYALNF",0,1,0.00036231884057971,0,1,1,FALSE,"clonotype1114"
"PT3","TRA:CAATFPWGSGSARQLTF",0,1,0.00036231884057971,0,1,1,FALSE,"clonotype1941"
"PT3","TRA:CAAVGGYNKLIF",0,1,0.00036231884057971,0,1,1,FALSE,"clonotype285"
"PT3","TRA:CAENNQMDSSYKLIF",0,1,0.00036231884057971,0,1,1,FALSE,"clonotype1613"
"PT3","TRA:CALREQGGSEKLVF",0,1,0.00036231884057971,0,1,1,FALSE,"clonotype714"
"PT3","TRA:CALSIDSNDYKLSF",0,1,0.00036231884057971,0,1,1,FALSE,"clonotype1947"
"PT3","TRA:CALSLDNYGQNFVF",0,1,0.00036231884057971,0,1,1,FALSE,"clonotype713"
"PT3","TRA:CAQGAGTASKLTF",0,1,0.00036231884057971,0,1,1,FALSE,"clonotype202"
"PT3","TRA:CATAGGGTASKLTF",0,1,0.00036231884057971,0,1,1,FALSE,"clonotype728"
"PT3","TRA:CAVIGGSGNTPLVF",0,1,0.00036231884057971,0,1,1,FALSE,"clonotype164"
"PT3","TRA:CAVKSRGGGYQKVTF",0,1,0.00036231884057971,0,1,1,FALSE,"clonotype1610"
"PT3","TRA:CAVLSGANSKLTF",0,1,0.00036231884057971,0,1,1,FALSE,"clonotype442"
"PT3","TRA:CAVNDYKLSF",0,1,0.00036231884057971,0,1,1,FALSE,"clonotype163"
"PT3","TRA:CAVNLYGGSQGNLIF",0,1,0.00036231884057971,0,1,1,FALSE,"clonotype1599"
"PT3","TRA:CAVNTGNQFYF",0,1,0.00036231884057971,0,1,1,FALSE,"clonotype212"
"PT3","TRA:CAVRDSNYQLIW",0,1,0.00036231884057971,0,1,1,FALSE,"clonotype140"
"PT3","TRA:CAVRKGSGTSYGKLTF",0,1,0.00036231884057971,0,1,1,FALSE,"clonotype1945"
"PT3","TRA:CAVTDNFNKFYF",0,1,0.00036231884057971,0,1,1,FALSE,"clonotype431"
"PT3","TRA:CAVVRDYGGATNKLIF",0,1,0.00036231884057971,0,1,1,FALSE,"clonotype1946"
"PT3","TRA:CAVVYNQGGKLIF",0,1,0.00036231884057971,0,1,1,FALSE,"clonotype722"
"PT3","TRA:CIVRVRGQKLLF",0,1,0.00036231884057971,0,1,1,FALSE,"clonotype139"
"PT3","TRA:CIVRYSGGGADGLTF",0,1,0.00036231884057971,0,1,1,FALSE,"clonotype201"
"PT3","TRA:CLVGDKWDNYGQNFVF",0,1,0.00036231884057971,0,1,1,FALSE,"clonotype287"
"PT3","TRB:CAAGGPHNSPLHF;TRA:CVVWAAFTDSWGKLQF",0,1,0.00036231884057971,0,1,1,FALSE,"clonotype1022"
"PT3","TRB:CAARDGRTDTQYF;TRA:CAGNNNARLMF",0,1,0.00036231884057971,0,1,1,FALSE,"clonotype466"
"PT3","TRB:CACFETVGTQYF;TRA:CAVREGGGKLIF",0,1,0.00036231884057971,0,1,1,FALSE,"clonotype165"
"PT3","TRB:CACGQGTSGEQYF;TRA:CALDRNNNARLMF",0,1,0.00036231884057971,0,1,1,FALSE,"clonotype1110"
"PT3","TRB:CACRTGTGVGDQPQHF;TRA:CAGTKRGSQGNLIF",0,1,0.00036231884057971,0,1,1,FALSE,"clonotype973"
"PT3","TRB:CAFGRTEAFF;TRA:CAVKGGSSASKIIF",0,1,0.00036231884057971,0,1,1,FALSE,"clonotype142"
"PT3","TRB:CAFNGGAEQFF",0,1,0.00036231884057971,0,1,1,FALSE,"clonotype211"
"PT3","TRB:CAGKFEGTEQFF;TRA:CAESPNTGGFKTIF",0,2,0.00072463768115942,0,0.50310133915813,1,FALSE,"clonotype50"
"PT3","TRB:CAGSSEGGYQGNQPQHF;TRA:CAGRGGTSYGKLTF",0,1,0.00036231884057971,0,1,1,FALSE,"clonotype2000"
"PT3","TRB:CAGVSQPQHF;TRB:CASSQGSSGLYNEQFF;TRA:CAVSGYYNKLIF",0,1,0.00036231884057971,0,1,1,FALSE,"clonotype184"
"PT3","TRB:CAIAGQYTGELFF;TRA:CAGKANFGNEKLTF",0,1,0.00036231884057971,0,1,1,FALSE,"clonotype517"
"PT3","TRB:CAIGYGGTGGIGELFF;TRA:CAAQGELIF;TRA:CAVGTETGWGKLQF",0,1,0.00036231884057971,0,1,1,FALSE,"clonotype1665"
"PT3","TRB:CAIKGSGGDTEAFF;TRA:CALERAGNNRKLIW",0,1,0.00036231884057971,0,1,1,FALSE,"clonotype1111"
"PT3","TRB:CAIKSRDTANEKLFF;TRA:CILRDRSNFGNEKLTF",0,1,0.00036231884057971,0,1,1,FALSE,"clonotype1270"
"PT3","TRB:CAIKTSGRLDEQFF;TRA:CAVDDNARLMF",0,1,0.00036231884057971,0,1,1,FALSE,"clonotype818"
"PT3","TRB:CAIMEGSDGYTF;TRA:CAVRRGSGSARQLTF",0,1,0.00036231884057971,0,1,1,FALSE,"clonotype394"
"PT3","TRB:CAIMEGTSGSGGTDTQYF;TRA:CIVRPNRDDKIIF",0,1,0.00036231884057971,0,1,1,FALSE,"clonotype2142"
"PT3","TRB:CAINFAPDNEQFF;TRA:CAERMDSSYKLIF",0,1,0.00036231884057971,0,1,1,FALSE,"clonotype592"
"PT3","TRB:CAINGRRNYGYTF;TRA:CAFMKHGATGAGSYQLTF;TRA:CRLTGANSKLTF",0,1,0.00036231884057971,0,1,1,FALSE,"clonotype554"
"PT3","TRB:CAINPGGSSYNEQFF;TRA:CALSIQGAQKLVF",0,1,0.00036231884057971,0,1,1,FALSE,"clonotype1331"
"PT3","TRB:CAIPRGGGTARNTEAFF;TRA:CAGKSNTGNQFYF",0,1,0.00036231884057971,0,1,1,FALSE,"clonotype2045"
"PT3","TRB:CAIRAQGGGERGTEAFF;TRA:CAVRPPAAGNKLTF",0,1,0.00036231884057971,0,1,1,FALSE,"clonotype2065"
"PT3","TRB:CAIRATANTEAFF;TRA:CKNSGGSNYKLTF",0,1,0.00036231884057971,0,1,1,FALSE,"clonotype555"
"PT3","TRB:CAIRDFPGLAGGSDTQYF",0,1,0.00036231884057971,0,1,1,FALSE,"clonotype2131"
"PT3","TRB:CAIRDSLGQPQHF;TRA:CAASARVGGSQGNLIF",0,1,0.00036231884057971,0,1,1,FALSE,"clonotype706"
"PT3","TRB:CAIREALADTQYF;TRA:CAQGGSEKLVF",0,1,0.00036231884057971,0,1,1,FALSE,"clonotype465"
"PT3","TRB:CAISAETYEQYF;TRA:CVVNGGSYIPTF",0,1,0.00036231884057971,0,1,1,FALSE,"clonotype340"
"PT3","TRB:CAISAGTGTSEQYF",0,1,0.00036231884057971,0,1,1,FALSE,"clonotype734"
"PT3","TRB:CAISAIESNQPQHF;TRB:CASSLGGVGSYEQYF;TRA:CAVRSGTYKYIF",0,1,0.00036231884057971,0,1,1,FALSE,"clonotype893"
"PT3","TRB:CAISDIRAYEQYF;TRA:CAHTTLTGGSYIPTF",0,1,0.00036231884057971,0,1,1,FALSE,"clonotype634"
"PT3","TRB:CAISDSGSPGANVLTF;TRA:CALSDGSGTYKYIF",0,1,0.00036231884057971,0,1,1,FALSE,"clonotype1787"
"PT3","TRB:CAISDSPVSYNEQFF;TRA:CAGRGVGMRF;TRA:CAVGVRMAGGGADGLTF",0,1,0.00036231884057971,0,1,1,FALSE,"clonotype1236"
"PT3","TRB:CAISEFGLAGTYNEQFF;TRA:CAVAPNDYKLSF",0,1,0.00036231884057971,0,1,1,FALSE,"clonotype2001"
"PT3","TRB:CAISEGMDGYTF;TRB:CASSLRDRDTGELFF;TRA:CAMSGGGGTASKLTF;TRA:CIVRRYNNAGNMLTF",0,1,0.00036231884057971,0,1,1,FALSE,"clonotype329"
"PT3","TRB:CAISEGRGHTDTQYF;TRA:CALIIGGYSTLTF",0,1,0.00036231884057971,0,1,1,FALSE,"clonotype1333"
"PT3","TRB:CAISERTSRSYNEQFF;TRA:CAVSDNAGNNRKLIW;TRA:CVADGTGFQKLVF",0,1,0.00036231884057971,0,1,1,FALSE,"clonotype1684"
"PT3","TRB:CAISESAAGTADTQYF;TRA:CALSEPQGAQKLVF",0,1,0.00036231884057971,0,1,1,FALSE,"clonotype1879"
"PT3","TRB:CAISESASTEAFF;TRA:CAESDQGGKLIF",0,1,0.00036231884057971,0,1,1,FALSE,"clonotype556"
"PT3","TRB:CAISESGDTQYF;TRA:CAARGPGGSYIPTF",0,1,0.00036231884057971,0,1,1,FALSE,"clonotype374"
"PT3","TRB:CAISESGGRTETQYF;TRA:CAASILISNDMRF",0,1,0.00036231884057971,0,1,1,FALSE,"clonotype1332"
"PT3","TRB:CAISESIGNQPQHF;TRA:CAMSETGRRALTF",0,1,0.00036231884057971,0,1,1,FALSE,"clonotype988"
"PT3","TRB:CAISESKRGLSINTGELFF;TRA:CIAGHANQGGKLIF",0,1,0.00036231884057971,0,1,1,FALSE,"clonotype2218"
"PT3","TRB:CAISESRASFKYF",0,1,0.00036231884057971,0,1,1,FALSE,"clonotype443"
"PT3","TRB:CAISESRVEQYF;TRA:CAGQSNFGNEKLTF",0,1,0.00036231884057971,0,1,1,FALSE,"clonotype341"
"PT3","TRB:CAISESSKSEQFF;TRA:CAVSKTGSEKLVF",0,1,0.00036231884057971,0,1,1,FALSE,"clonotype593"
"PT3","TRB:CAISESTRGTRYGYTF;TRA:CAGPLNNNDMRF",0,1,0.00036231884057971,0,1,1,FALSE,"clonotype1664"
"PT3","TRB:CAISESTSGGNEQYF",0,1,0.00036231884057971,0,1,1,FALSE,"clonotype1141"
"PT3","TRB:CAISETGGPSGNTIYF;TRB:CAISNRLNRGTVTDTQYF;TRA:CAASANYKLTF",0,1,0.00036231884057971,0,1,1,FALSE,"clonotype1894"
"PT3","TRB:CAISEVRAEYGYTF;TRA:CAASINNDMRF",0,1,0.00036231884057971,0,1,1,FALSE,"clonotype1083"
"PT3","TRB:CAISEVRDRGKGAHFF;TRA:CAARKMNYGGSQGNLIF",0,1,0.00036231884057971,0,1,1,FALSE,"clonotype1933"
"PT3","TRB:CAISGAGSSGGLDTQYF;TRA:CALSDQYQAGTALIF",0,1,0.00036231884057971,0,1,1,FALSE,"clonotype2066"
"PT3","TRB:CAISGGGLNTEAFF;TRA:CAVSPYTGGGNKLTF",0,1,0.00036231884057971,0,1,1,FALSE,"clonotype1026"
"PT3","TRB:CAISGGTETQYF;TRA:CALSDAGNNRKLIW",0,1,0.00036231884057971,0,1,1,FALSE,"clonotype375"
"PT3","TRB:CAISGGTPEGQPQHF;TRA:CALGPGANNLFF",0,1,0.00036231884057971,0,1,1,FALSE,"clonotype1592"
"PT3","TRB:CAISGPNWELFF",0,1,0.00036231884057971,0,1,1,FALSE,"clonotype297"
"PT3","TRB:CAISGRGGEGTGELFF;TRA:CAGVRTGGYQKVTF",0,1,0.00036231884057971,0,1,1,FALSE,"clonotype1712"
"PT3","TRB:CAISGTATNQPQHF;TRA:CAENGSSNTGKLIF",0,1,0.00036231884057971,0,1,1,FALSE,"clonotype989"
"PT3","TRB:CAISPESGRDEQYF;TRA:CAEPSNTGKLIF;TRA:CIVRAADNYGQNFVF",0,1,0.00036231884057971,0,1,1,FALSE,"clonotype795"
"PT3","TRB:CAISRDSYEQYF;TRA:CASGSNYKLTF",0,1,0.00036231884057971,0,1,1,FALSE,"clonotype373"
"PT3","TRB:CAISRGGAGELFF",0,1,0.00036231884057971,0,1,1,FALSE,"clonotype444"
"PT3","TRB:CAISRGSGEAFF;TRA:CVVTRTSYDKVIF",0,1,0.00036231884057971,0,1,1,FALSE,"clonotype356"
"PT3","TRB:CAISRQGASSGANVLTF;TRA:CALISNTGNQFYF;TRA:CATDVSTDKLIF",0,1,0.00036231884057971,0,1,1,FALSE,"clonotype2002"
"PT3","TRB:CAISTGFAEAFF;TRA:CAVRKNFGNEKLTF",0,1,0.00036231884057971,0,1,1,FALSE,"clonotype393"
"PT3","TRB:CAISTREMRVISYNEQFF;TRA:CAYRSASGGSNYKLTF",0,1,0.00036231884057971,0,1,1,FALSE,"clonotype2206"
"PT3","TRB:CAISVQTSGASYNEQFF;TRA:CALFYGGSEKLVF",0,1,0.00036231884057971,0,1,1,FALSE,"clonotype2019"
"PT3","TRB:CAITREGQNTEAFF;TRA:CALKVGTGFQKLVF",0,1,0.00036231884057971,0,1,1,FALSE,"clonotype937"
"PT3","TRB:CAITTRAGETGELFF;TRA:CILRVANFGNEKLTF",0,2,0.00072463768115942,0,0.50310133915813,1,FALSE,"clonotype88"
"PT3","TRB:CAMGTTYNEQFF;TRA:CAGLRNNNARLMF",0,1,0.00036231884057971,0,1,1,FALSE,"clonotype492"
"PT3","TRB:CAQSPSLFSGRAEEQFF;TRA:CAFMKQTSGSRLTF",0,1,0.00036231884057971,0,1,1,FALSE,"clonotype1511"
"PT3","TRB:CARDRFQPQHF;TRB:CASSREREKALNTGELFF;TRA:CLVGDYRTDKLIF",0,1,0.00036231884057971,0,1,1,FALSE,"clonotype215"
"PT3","TRB:CARTGSSYEQYF;TRA:CAFMGVSSGSARQLTF",0,1,0.00036231884057971,0,1,1,FALSE,"clonotype195"
"PT3","TRB:CASAERQNNEQFF;TRA:CALRYSSASKIIF",0,1,0.00036231884057971,0,1,1,FALSE,"clonotype560"
"PT3","TRB:CASAGGRGGLSTDTQYF",0,1,0.00036231884057971,0,1,1,FALSE,"clonotype2132"
"PT3","TRB:CASAPGQGASGELFF;TRA:CAVTSSGGYQKVTF",0,1,0.00036231884057971,0,1,1,FALSE,"clonotype1824"
"PT3","TRB:CASAWRKQKLFF;TRA:CATDAGNTPLVF",0,1,0.00036231884057971,0,1,1,FALSE,"clonotype521"
"PT3","TRB:CASAYWDRVSPLHF",0,1,0.00036231884057971,0,1,1,FALSE,"clonotype737"
"PT3","TRB:CASCRPSYEQYF;TRA:CALSRGGYQKVTF",0,2,0.00072463768115942,0,0.50310133915813,1,FALSE,"clonotype59"
"PT3","TRB:CASCYGGSTDTQYF;TRA:CAVSADTDKLIF",0,1,0.00036231884057971,0,1,1,FALSE,"clonotype883"
"PT3","TRB:CASDLEAVNQPQHF;TRA:CAATDNTDKLIF",0,1,0.00036231884057971,0,1,1,FALSE,"clonotype1268"
"PT3","TRB:CASDSAGQPSTDTQYF",0,1,0.00036231884057971,0,1,1,FALSE,"clonotype1951"
"PT3","TRB:CASDTGADLYEQYF",0,1,0.00036231884057971,0,1,1,FALSE,"clonotype740"
"PT3","TRB:CASEEGGGNQPQHF;TRA:CAGASFGNVLHC;TRA:CVVNAGTASKLTF",0,1,0.00036231884057971,0,1,1,FALSE,"clonotype794"
"PT3","TRB:CASEGSRHYNSPLHF;TRA:CAMNRGRSSGGSNYKLTF",0,1,0.00036231884057971,0,1,1,FALSE,"clonotype1556"
"PT3","TRB:CASEIGGVTEAFF;TRA:CAASVSRGGSEKLVF",0,1,0.00036231884057971,0,1,1,FALSE,"clonotype1096"
"PT3","TRB:CASELGDTRTGELFF;TRA:CALSPVTGGFKTIF",0,1,0.00036231884057971,0,1,1,FALSE,"clonotype1783"
"PT3","TRB:CASERTSGTYNEQFF;TRA:CAMSARNQGGKLIF",0,1,0.00036231884057971,0,1,1,FALSE,"clonotype1487"
"PT3","TRB:CASETGTGGQPQHF;TRA:CALVASSNTGKLIF",0,1,0.00036231884057971,0,1,1,FALSE,"clonotype1595"
"PT3","TRB:CASFRGARSGANVLTF;TRA:CATDFNDYKLSF",0,1,0.00036231884057971,0,1,1,FALSE,"clonotype1999"
"PT3","TRB:CASGAEDEQYF;TRA:CAGYYNTNAGKSTF",0,1,0.00036231884057971,0,1,1,FALSE,"clonotype229"
"PT3","TRB:CASGARSPGPRRTQYF;TRA:CAASRTYNAGGTSYGKLTF;TRA:CAVSDGEGTSYDKVIF",0,1,0.00036231884057971,0,1,1,FALSE,"clonotype2092"
"PT3","TRB:CASGDRGGNSPLHF;TRA:CAVSNNAGNMLTF",0,1,0.00036231884057971,0,1,1,FALSE,"clonotype905"
"PT3","TRB:CASGFWTGPTGELFF;TRA:CALSEEGFNKFYF",0,1,0.00036231884057971,0,1,1,FALSE,"clonotype1853"
"PT3","TRB:CASGGAREETQYF;TRA:CAGRNSWGKLQF",0,1,0.00036231884057971,0,1,1,FALSE,"clonotype469"
"PT3","TRB:CASGGIIGGELFF;TRA:CIVRGGTSGTYKYIF",0,1,0.00036231884057971,0,1,1,FALSE,"clonotype819"
"PT3","TRB:CASGGLAKNEQFF;TRA:CAASIRDTGRRALTF",0,1,0.00036231884057971,0,1,1,FALSE,"clonotype980"
"PT3","TRB:CASGGNTIYF;TRA:CAELSGNTPLVF",0,2,0.00072463768115942,0,0.50310133915813,1,FALSE,"clonotype52"
"PT3","TRB:CASGGPTDMNTEAFF;TRA:CALSERDNTDKLIF",0,1,0.00036231884057971,0,1,1,FALSE,"clonotype1523"
"PT3","TRB:CASGGTSGRAIIRETQYF;TRA:CAGPWGATNKLIF;TRA:CALSEVKEYGNKLVF",0,1,0.00036231884057971,0,1,1,FALSE,"clonotype2148"
"PT3","TRB:CASGITGGGPGYTF;TRA:CALSGTSYGKLTF",0,1,0.00036231884057971,0,1,1,FALSE,"clonotype799"
"PT3","TRB:CASGKTAMNTEAFF;TRA:CAVDPPAGQKLLF",0,1,0.00036231884057971,0,1,1,FALSE,"clonotype824"
"PT3","TRB:CASGLGDLNEQYF;TRA:CAQAQKLVF;TRA:CAVTSSYGGSQGNLIF",0,1,0.00036231884057971,0,1,1,FALSE,"clonotype748"
"PT3","TRB:CASGLGITGFSEKLFF;TRA:CAVQARADYGQNFVF",0,1,0.00036231884057971,0,1,1,FALSE,"clonotype2062"
"PT3","TRB:CASGLGPPGGGYGYTF;TRA:CALKHPGNTPLVF",0,1,0.00036231884057971,0,1,1,FALSE,"clonotype2085"
"PT3","TRB:CASGLGQAYNQPQHF",0,1,0.00036231884057971,0,1,1,FALSE,"clonotype1614"
"PT3","TRB:CASGLGQVVDTQYF;TRA:CAARRRSNYQLIW",0,1,0.00036231884057971,0,1,1,FALSE,"clonotype1559"
"PT3","TRB:CASGLGTGPVVSGYTF;TRA:CAMREGGAAGNKLTF",0,1,0.00036231884057971,0,1,1,FALSE,"clonotype2107"
"PT3","TRB:CASGLLTTGGYGNTIYF;TRA:CAESIGDYKLSF",0,1,0.00036231884057971,0,1,1,FALSE,"clonotype2164"
"PT3","TRB:CASGLPSDSWTVTGELFF;TRA:CVVHSFSGGYNKLIF",0,1,0.00036231884057971,0,1,1,FALSE,"clonotype2236"
"PT3","TRB:CASGLPTPGAEAFF;TRA:CAVRDHQKLLF",0,1,0.00036231884057971,0,1,1,FALSE,"clonotype1175"
"PT3","TRB:CASGLRGRFQGDEVKNIQYF;TRA:CVVNFASGGSYIPTF",0,1,0.00036231884057971,0,1,1,FALSE,"clonotype2247"
"PT3","TRB:CASGLVIANTGELFF;TRA:CAMSTQGGSEKLVF",0,1,0.00036231884057971,0,1,1,FALSE,"clonotype1852"
"PT3","TRB:CASGLVPLLQKETQYF;TRA:CAGAISGGSNYKLTF",0,1,0.00036231884057971,0,1,1,FALSE,"clonotype2018"
"PT3","TRB:CASGLVWQANTEAFF;TRA:CALSGITGGGNKLTF",0,1,0.00036231884057971,0,1,1,FALSE,"clonotype1893"
"PT3","TRB:CASGPGPLGEQYF;TRA:CAETAWFGNEKLTF",0,1,0.00036231884057971,0,1,1,FALSE,"clonotype650"
"PT3","TRB:CASGPRLARYNEQFF;TRA:CAASDSWGKLQF",0,1,0.00036231884057971,0,1,1,FALSE,"clonotype1749"
"PT3","TRB:CASGQTGGGYGYTF;TRB:CASNHGNTGELFF;TRA:CALSANKDGQKLLF;TRA:CATATGNQFYF",0,1,0.00036231884057971,0,1,1,FALSE,"clonotype481"
"PT3","TRB:CASGRDTDTQYF;TRA:CAASIGFGNVLHC",0,1,0.00036231884057971,0,1,1,FALSE,"clonotype358"
"PT3","TRB:CASGRLGEQYF;TRA:CAVNRSGNTGKLIF",0,1,0.00036231884057971,0,1,1,FALSE,"clonotype251"
"PT3","TRB:CASGRVATDTQYF;TRA:CALINNSGGGADGLTF",0,1,0.00036231884057971,0,1,1,FALSE,"clonotype1038"
"PT3","TRB:CASGSGNQPQHF;TRB:CASSYEAGGFQETQYF;TRA:CAVVGKSGGGADGLTF;TRA:CIVRVNTGRRALTF",0,1,0.00036231884057971,0,1,1,FALSE,"clonotype315"
"PT3","TRB:CASGTGKTYEQYF;TRA:CALSGPQGGSEKLVF",0,1,0.00036231884057971,0,1,1,FALSE,"clonotype613"
"PT3","TRB:CASGTLSNQPQHF;TRB:CASSLGWGADQPQHF;TRA:CAFMKPWEETSGSRLTF;TRA:CGADGTQKLVF",0,6,0.00217391304347826,0,0.0341755472392289,1,FALSE,"clonotype20"
"PT3","TRB:CASGVLGVRQPQHF;TRA:CATDALTGGGNKLTF",0,2,0.00072463768115942,0,0.50310133915813,1,FALSE,"clonotype83"
"PT3","TRB:CASHGAHEQYF;TRA:CAERWGSSASKIIF",0,1,0.00036231884057971,0,1,1,FALSE,"clonotype250"
"PT3","TRB:CASHNSLPGNTEAFF;TRA:CAVSNNFGNEKLTF",0,1,0.00036231884057971,0,1,1,FALSE,"clonotype1439"
"PT3","TRB:CASIEGDTGELFF;TRA:CAVRDYGGATNKLIF",0,1,0.00036231884057971,0,1,1,FALSE,"clonotype992"
"PT3","TRB:CASIGETQYF;TRB:CASRPLAGGPGETQYF;TRA:CAYNFNKFYF",0,1,0.00036231884057971,0,1,1,FALSE,"clonotype185"
"PT3","TRB:CASIGKVSNTEAFF;TRA:CAVTQNSGGSNYKLTF",0,1,0.00036231884057971,0,1,1,FALSE,"clonotype1042"
"PT3","TRB:CASIGLAGVSKEFF;TRB:CASSYGGPSVLRPQHF;TRA:CIVRVVDSNYQLIW",0,1,0.00036231884057971,0,1,1,FALSE,"clonotype1209"
"PT3","TRB:CASIGPESSYNEQFF;TRB:CASSSGYQETQYF;TRA:CALANAGNMLTF",0,2,0.00072463768115942,0,0.50310133915813,1,FALSE,"clonotype118"
"PT3","TRB:CASIPDRAMNTEAFF;TRA:CAVRFPFSDGQKLLF",0,1,0.00036231884057971,0,1,1,FALSE,"clonotype1471"
"PT3","TRB:CASIPRTSGGPDTQYF;TRA:CAVKGSTLGRLYF",0,1,0.00036231884057971,0,1,1,FALSE,"clonotype1798"
"PT3","TRB:CASIPSGTEYNEQFF;TRA:CVVQTDSWGKLQF",0,1,0.00036231884057971,0,1,1,FALSE,"clonotype1349"
"PT3","TRB:CASIQGEGEAFF;TRB:CASSDSTGFYGYTF;TRA:CAEMGGGYNKLIF;TRA:CAMTEPHNKFYF",0,1,0.00036231884057971,0,1,1,FALSE,"clonotype364"
"PT3","TRB:CASIRDSNQPQHF;TRB:CAWSTGNYNEQFF;TRA:CAASRWIGFGNVLHC;TRA:CATDQNTGNQFYF",0,1,0.00036231884057971,0,1,1,FALSE,"clonotype233"
"PT3","TRB:CASIRGSSGNTIYF;TRA:CAASVDSNYQLIW;TRA:CAVNRDYGQNFVF",0,1,0.00036231884057971,0,1,1,FALSE,"clonotype877"
"PT3","TRB:CASIRTSGYYNEQFF;TRA:CALNNNDMRF;TRA:CALRSGGSNYKLTF",0,1,0.00036231884057971,0,1,1,FALSE,"clonotype1310"
"PT3","TRB:CASKALGNTEAFF;TRA:CATARTNAGKSTF",0,1,0.00036231884057971,0,1,1,FALSE,"clonotype558"
"PT3","TRB:CASKDSNQPQHF;TRA:CADYRNNNARLMF;TRA:CAVALSGGYQKVTF",0,1,0.00036231884057971,0,1,1,FALSE,"clonotype345"
"PT3","TRB:CASKGGRQETQYF;TRA:CLVAEPYNTDKLIF",0,1,0.00036231884057971,0,1,1,FALSE,"clonotype792"
"PT3","TRB:CASKGLADNEQFF;TRA:CAMRPNSGGSNYKLTF",0,1,0.00036231884057971,0,1,1,FALSE,"clonotype2240"
"PT3","TRB:CASKGLPRSFYGYTF;TRA:CAYRSAMNYGGSQGNLIF",0,1,0.00036231884057971,0,1,1,FALSE,"clonotype1567"
"PT3","TRB:CASKGPEQFF;TRA:CAYRNYGGSQGNLIF",0,1,0.00036231884057971,0,1,1,FALSE,"clonotype277"
"PT3","TRB:CASKGTTSSYEQYF;TRA:CAASPDRGSTLGRLYF",0,1,0.00036231884057971,0,1,1,FALSE,"clonotype1583"
"PT3","TRB:CASKKRDISSPLHF;TRA:CAENFDNNAGNMLTF",0,1,0.00036231884057971,0,1,1,FALSE,"clonotype1480"
"PT3","TRB:CASKLAGGMYNEQFF;TRA:CAARATGNQFYF",0,1,0.00036231884057971,0,1,1,FALSE,"clonotype1568"
"PT3","TRB:CASKLFAEAFF;TRA:CAALYTGTASKLTF",0,1,0.00036231884057971,0,1,1,FALSE,"clonotype243"
"PT3","TRB:CASKPGTPSSGNTIYF;TRA:CAASAVGNQFYF",0,1,0.00036231884057971,0,1,1,FALSE,"clonotype2114"
"PT3","TRB:CASKQGAPNYGYTF;TRA:CATAANQAGTALIF",0,1,0.00036231884057971,0,1,1,FALSE,"clonotype952"
"PT3","TRB:CASKRAGGEEKLFF;TRA:CALSPGAGSYQLTF",0,1,0.00036231884057971,0,1,1,FALSE,"clonotype951"
"PT3","TRB:CASKRRASTDTQYF",0,1,0.00036231884057971,0,1,1,FALSE,"clonotype1131"
"PT3","TRB:CASKSLDTDTQYF;TRA:CAASSGAGRRALTF",0,1,0.00036231884057971,0,1,1,FALSE,"clonotype595"
"PT3","TRB:CASKTASRGYTF;TRB:CASSSRLAGSSGANVLTF;TRA:CAALDYGGSQGNLIF",0,1,0.00036231884057971,0,1,1,FALSE,"clonotype629"
"PT3","TRB:CASKTATNEKLFF;TRA:CALRIFNEEYGNKLVF;TRA:CATDALLSNQGGKLIF",0,1,0.00036231884057971,0,1,1,FALSE,"clonotype668"
"PT3","TRB:CASKVTNQPQHF;TRA:CAGLTSGTYKYIF",0,1,0.00036231884057971,0,1,1,FALSE,"clonotype322"
"PT3","TRB:CASLAAGGGNQPQHF;TRA:CVVTGPGGSYIPTF",0,1,0.00036231884057971,0,1,1,FALSE,"clonotype1385"
"PT3","TRB:CASLARGTDTQYF",0,1,0.00036231884057971,0,1,1,FALSE,"clonotype449"
"PT3","TRB:CASLEGIAGANVLTF;TRA:CALSAHYGGSQGNLIF",0,1,0.00036231884057971,0,1,1,FALSE,"clonotype1486"
"PT3","TRB:CASLGGLPTDTQYF;TRA:CAMRGTGGFKTIF",0,1,0.00036231884057971,0,1,1,FALSE,"clonotype1435"
"PT3","TRB:CASLNGATGLTTDTQYF;TRA:CAVRDMRYSGTYKYIF",0,1,0.00036231884057971,0,1,1,FALSE,"clonotype2094"
"PT3","TRB:CASLNRGPDGELFF;TRA:CIVRVDGGYNKLIF",0,1,0.00036231884057971,0,1,1,FALSE,"clonotype797"
"PT3","TRB:CASLRGARGNTIYF;TRA:CAVSDPGDSSYKLIF;TRA:CAVTSRLDSNYQLIW",0,1,0.00036231884057971,0,1,1,FALSE,"clonotype1483"
"PT3","TRB:CASMGGSTDTQYF;TRA:CVVNIWYSSASKIIF",0,1,0.00036231884057971,0,1,1,FALSE,"clonotype640"
"PT3","TRB:CASMGPVLYNEQFF;TRA:CAVGVGYGQNFVF",0,1,0.00036231884057971,0,1,1,FALSE,"clonotype879"
"PT3","TRB:CASMGSGIRVEQFF;TRA:CAFMKHKKVVGSQGNLIF",0,1,0.00036231884057971,0,1,1,FALSE,"clonotype1093"
"PT3","TRB:CASMGTELSGTEAFF;TRA:CAVRDGRGQKLLF",0,1,0.00036231884057971,0,1,1,FALSE,"clonotype1411"
"PT3","TRB:CASMHLSSYEQYF;TRA:CILLNSGGSNYKLTF",0,1,0.00036231884057971,0,1,1,FALSE,"clonotype483"
"PT3","TRB:CASNERPGSPLHF;TRA:CVATYNNNDMRF",0,1,0.00036231884057971,0,1,1,FALSE,"clonotype851"
"PT3","TRB:CASNGKDRTPYEQYF;TRA:CAASMAGSARQLTF;TRA:CVVNNRAGGFKTIF",0,1,0.00036231884057971,0,1,1,FALSE,"clonotype1382"
"PT3","TRB:CASNHRQGAAYEQYF;TRA:CALSIDSNDYKLSF;TRA:CAVGEVSGGGADGLTF",0,1,0.00036231884057971,0,1,1,FALSE,"clonotype1794"
"PT3","TRB:CASNKGGLAVYEQYF;TRA:CLVGDFGASGGSYIPTF",0,1,0.00036231884057971,0,1,1,FALSE,"clonotype1323"
"PT3","TRB:CASNLAGGSYNEQFF;TRA:CAASAGSYGNNRLAF;TRA:CIVRATSNDYKLSF",0,1,0.00036231884057971,0,1,1,FALSE,"clonotype1210"
"PT3","TRB:CASNMGGGTQYF;TRA:CVVNAYTGGFKTIF",0,1,0.00036231884057971,0,1,1,FALSE,"clonotype587"
"PT3","TRB:CASNPNPGQGTPNYGYTF;TRA:CIVRVGGLTGGGNKLTF",0,1,0.00036231884057971,0,1,1,FALSE,"clonotype2225"
"PT3","TRB:CASNPSSGWGEETQYF;TRA:CAMRVLSSGSARQLTF",0,1,0.00036231884057971,0,1,1,FALSE,"clonotype2116"
"PT3","TRB:CASNRGAGGQYADTQYF;TRA:CAYRSEYGNKLVF",0,1,0.00036231884057971,0,1,1,FALSE,"clonotype2088"
"PT3","TRB:CASNRGGNTEAFF;TRB:CASSLAGFEAFF;TRA:CAATIHSGGYQKVTF;TRA:CAYRSQYTGNQFYF",0,1,0.00036231884057971,0,1,1,FALSE,"clonotype392"
"PT3","TRB:CASNRGGNTEAFF;TRB:CASSLGFGELFF;TRA:CAYRSQYTGNQFYF",0,3,0.00108695652173913,0,0.254652008737195,1,FALSE,"clonotype39"
"PT3","TRB:CASNRGIDGELFF;TRA:CAVSQYGGSQGNLIF",0,1,0.00036231884057971,0,1,1,FALSE,"clonotype1019"
"PT3","TRB:CASNSGTGFGNTIYF",0,1,0.00036231884057971,0,1,1,FALSE,"clonotype1123"
"PT3","TRB:CASNTGTGRRALHF;TRA:CIVRVVYYNQGGKLIF",0,1,0.00036231884057971,0,1,1,FALSE,"clonotype833"
"PT3","TRB:CASNVDGGWEQYF;TRA:CAVRDEYSGAGSYQLTF",0,1,0.00036231884057971,0,1,1,FALSE,"clonotype530"
"PT3","TRB:CASNVRTADTQYF;TRA:CVVSDQAGTALIF",0,1,0.00036231884057971,0,1,1,FALSE,"clonotype932"
"PT3","TRB:CASPPHRGSSSYQPQHF;TRB:CASSTSRTGAGNTIYF;TRA:CALSEYGAQGGSEKLVF",0,1,0.00036231884057971,0,1,1,FALSE,"clonotype1914"
"PT3","TRB:CASPSSGSTDTQYF;TRB:CASSPARAGGRAGELFF;TRA:CAASRLRNQAGTALIF",0,1,0.00036231884057971,0,1,1,FALSE,"clonotype1478"
"PT3","TRB:CASQGTSNYEQYF",0,4,0.00144927536231884,0,0.129656817889482,1,FALSE,"clonotype30"
"PT3","TRB:CASQRGGLETQYF;TRA:CAASVGNTDKLIF",0,1,0.00036231884057971,0,1,1,FALSE,"clonotype890"
"PT3","TRB:CASQTSGGTNEKLFF;TRA:CAVRERTGGSYIPTF",0,1,0.00036231884057971,0,1,1,FALSE,"clonotype657"
"PT3","TRB:CASRADSFSYNEQFF",0,1,0.00036231884057971,0,1,1,FALSE,"clonotype1136"
"PT3","TRB:CASRAGLAGKNIQYF;TRB:CASSLSGVEEKLFF;TRA:CAGIMKTSYDKVIF;TRA:CVVSDRAYQLIW",0,1,0.00036231884057971,0,1,1,FALSE,"clonotype1261"
"PT3","TRB:CASRAGTSGGMRETQYF;TRB:CAWGPDRQESPLHF;TRA:CALSEWNTNAGKSTF",0,1,0.00036231884057971,0,1,1,FALSE,"clonotype384"
"PT3","TRB:CASRAPRGPYEQYF;TRA:CAASIGRAGGTSYGKLTF",0,1,0.00036231884057971,0,1,1,FALSE,"clonotype1108"
"PT3","TRB:CASRATGPYNEQFF;TRA:CILRDLNNNARLMF",0,1,0.00036231884057971,0,1,1,FALSE,"clonotype783"
"PT3","TRB:CASRDRALYEQYF;TRA:CAVNTRGNTPLVF",0,1,0.00036231884057971,0,1,1,FALSE,"clonotype931"
"PT3","TRB:CASRDWRLNTGELFF;TRA:CAVSDRIAGGGNKLTF",0,1,0.00036231884057971,0,1,1,FALSE,"clonotype1883"
"PT3","TRB:CASREGGAEKLFF;TRA:CAVRANSFTSGTYKYIF",0,1,0.00036231884057971,0,1,1,FALSE,"clonotype672"
"PT3","TRB:CASREGQDSYNEQFF;TRA:CATRLSGGYNKLIF",0,1,0.00036231884057971,0,1,1,FALSE,"clonotype1401"
"PT3","TRB:CASRELAGRNYTGELFF;TRB:CASSLAQLMNTEAFF;TRA:CIVNSGYSTLTF",0,1,0.00036231884057971,0,1,1,FALSE,"clonotype1645"
"PT3","TRB:CASREQGLGGYTF;TRA:CGADDNNAGNMLTF",0,1,0.00036231884057971,0,1,1,FALSE,"clonotype602"
"PT3","TRB:CASRESGSRGFYEQYF;TRA:CAFMKRVGNNNARLMF",0,1,0.00036231884057971,0,1,1,FALSE,"clonotype2117"
"PT3","TRB:CASREVNSPLHF;TRA:CAARDGGGSEKLVF;TRA:CAYVTNTPLVF",0,1,0.00036231884057971,0,1,1,FALSE,"clonotype362"
"PT3","TRB:CASRGAGTEAFF;TRA:CVVSHNAGNMLTF",0,1,0.00036231884057971,0,1,1,FALSE,"clonotype557"
"PT3","TRB:CASRGFGGEAEAFF;TRA:CVVNPTGGGNKLTF",0,1,0.00036231884057971,0,1,1,FALSE,"clonotype925"
"PT3","TRB:CASRGGAAGYEQYF;TRA:CAASKGSNYQLIW",0,2,0.00072463768115942,0,0.50310133915813,1,FALSE,"clonotype75"
"PT3","TRB:CASRGGFGVQETQYF",0,1,0.00036231884057971,0,1,1,FALSE,"clonotype1616"
"PT3","TRB:CASRGKPGRGGTEAFF;TRA:CAMSLGTPNDYKLSF",0,2,0.00072463768115942,0,0.50310133915813,1,FALSE,"clonotype122"
"PT3","TRB:CASRGLAGGELFF;TRA:CAVGGGADGLTF",0,1,0.00036231884057971,0,1,1,FALSE,"clonotype853"
"PT3","TRB:CASRGMNQPQHF;TRA:CAVRTSGYSTLTF",0,1,0.00036231884057971,0,1,1,FALSE,"clonotype468"
"PT3","TRB:CASRGPLEAAQYF;TRA:CAVEGYSSASKIIF",0,1,0.00036231884057971,0,1,1,FALSE,"clonotype959"
"PT3","TRB:CASRGPSGELFF;TRA:CAASFSGSARQLTF",0,1,0.00036231884057971,0,1,1,FALSE,"clonotype699"
"PT3","TRB:CASRGQGGDTGELFF;TRA:CALSLYQLIW;TRA:CILLYSGGSNYKLTF",0,2,0.00072463768115942,0,0.50310133915813,1,FALSE,"clonotype89"
"PT3","TRB:CASRGQGLADEQFF;TRA:CAGNNNNDMRF;TRA:CIEGSSGGGADGLTF",0,1,0.00036231884057971,0,1,1,FALSE,"clonotype765"
"PT3","TRB:CASRGRTETYEQYF;TRA:CLVRNNTDKLIF",0,1,0.00036231884057971,0,1,1,FALSE,"clonotype758"
"PT3","TRB:CASRGSYEQYF;TRA:CAASDNDYKLSF",0,1,0.00036231884057971,0,1,1,FALSE,"clonotype339"
"PT3","TRB:CASRGVRTGAGYEQFF;TRA:CAAIGGSQGNLIF",0,3,0.00108695652173913,0,0.254652008737195,1,FALSE,"clonotype47"
"PT3","TRB:CASRHIAGAYNEQFF;TRB:CASSPGLNTEAFF;TRA:CILRSKGGADGLTF",0,1,0.00036231884057971,0,1,1,FALSE,"clonotype790"
"PT3","TRB:CASRIAGDTGELFF;TRB:CASSEDVRERADTQYF;TRA:CAASPGGVSGSARQLTF",0,1,0.00036231884057971,0,1,1,FALSE,"clonotype1522"
"PT3","TRB:CASRIMDRINYGYTF;TRA:CAASANGNKLVF;TRA:CAVNAAYGQNFVF",0,1,0.00036231884057971,0,1,1,FALSE,"clonotype1368"
"PT3","TRB:CASRIRDRGWNEQYF;TRA:CAPLNFNKFYF",0,1,0.00036231884057971,0,1,1,FALSE,"clonotype1399"
"PT3","TRB:CASRKGQGGTEAFF;TRA:CAVNSLNTGRRALTF",0,1,0.00036231884057971,0,1,1,FALSE,"clonotype1495"
"PT3","TRB:CASRKGRTVHEQYF;TRA:CAASFNFGNEKLTF",0,1,0.00036231884057971,0,1,1,FALSE,"clonotype1571"
"PT3","TRB:CASRKGYNEQFF;TRB:CASSLATGGGYTF;TRA:CAGVYGQNFVF;TRA:CATDPPHGAGSYQLTF",0,1,0.00036231884057971,0,1,1,FALSE,"clonotype303"
"PT3","TRB:CASRKRSGNTIYF;TRA:CAASIKGGATNKLIF",0,1,0.00036231884057971,0,1,1,FALSE,"clonotype1103"
"PT3","TRB:CASRLAGAKETQYF;TRB:CASSIPRLYEQYF;TRA:CALNTGGFKTIF",0,1,0.00036231884057971,0,1,1,FALSE,"clonotype901"
"PT3","TRB:CASRLDPGTEAFF",0,1,0.00036231884057971,0,1,1,FALSE,"clonotype729"
"PT3","TRB:CASRLGLRFVETQYF",0,1,0.00036231884057971,0,1,1,FALSE,"clonotype1601"
"PT3","TRB:CASRLLDSTDTQYF;TRB:CASSQRIGSNQPQHF;TRA:CAGAPRFGGSRLTF;TRA:CAGTPYRGSTLGRLYF",0,1,0.00036231884057971,0,1,1,FALSE,"clonotype1266"
"PT3","TRB:CASRLQREMYNEQFF;TRA:CAMREVRVAGTALIF",0,1,0.00036231884057971,0,1,1,FALSE,"clonotype1891"
"PT3","TRB:CASRLQRSSYNEQFF;TRA:CALSEADGQKLLF",0,1,0.00036231884057971,0,1,1,FALSE,"clonotype1474"
"PT3","TRB:CASRLTGVDYYGYTF;TRA:CVVAEGAGSYQLTF",0,1,0.00036231884057971,0,1,1,FALSE,"clonotype1468"
"PT3","TRB:CASRMDAATDTQYF;TRA:CAMSQYTDKLIF",0,1,0.00036231884057971,0,1,1,FALSE,"clonotype1376"
"PT3","TRB:CASRMGRGRGDTQYF",0,1,0.00036231884057971,0,1,1,FALSE,"clonotype1121"
"PT3","TRB:CASRNGVVNQPQHF;TRA:CAASTGGAGSYQLTF;TRA:CILRDVQGGSEKLVF",0,1,0.00036231884057971,0,1,1,FALSE,"clonotype804"
"PT3","TRB:CASRNNRGLGTGELFF;TRB:CASSSVGANVLTF;TRA:CVVSVPSNTGKLIF",0,1,0.00036231884057971,0,1,1,FALSE,"clonotype648"
"PT3","TRB:CASRNREWTGELFF;TRA:CAVSDQGYSTLTF",0,1,0.00036231884057971,0,1,1,FALSE,"clonotype944"
"PT3","TRB:CASRPDRATYEQYF;TRA:CAPGGFSGGYNKLIF",0,1,0.00036231884057971,0,1,1,FALSE,"clonotype1056"
"PT3","TRB:CASRPDSAGQTQYF;TRA:CAASRPGNQFYF",0,1,0.00036231884057971,0,1,1,FALSE,"clonotype856"
"PT3","TRB:CASRPERAKSTEAFF;TRA:CAARPSGNTPLVF;TRA:CAASSSGGSYIPTF",0,1,0.00036231884057971,0,1,1,FALSE,"clonotype1412"
"PT3","TRB:CASRPGGTYYGYTF;TRA:CLVGERTGGFKTIF",0,1,0.00036231884057971,0,1,1,FALSE,"clonotype796"
"PT3","TRB:CASRPGHSNQPQHF;TRA:CAVGPRGGSYIPTF",0,1,0.00036231884057971,0,1,1,FALSE,"clonotype983"
"PT3","TRB:CASRPGRRVYEQYF;TRA:CALSLEGYSTLTF",0,1,0.00036231884057971,0,1,1,FALSE,"clonotype1014"
"PT3","TRB:CASRPLAGNNEQYF;TRA:CAVNREGYQKVTF",0,1,0.00036231884057971,0,1,1,FALSE,"clonotype917"
"PT3","TRB:CASRPLGTDTQYF;TRA:CAGTYTGTASKLTF;TRA:CLPPDNARLMF",0,1,0.00036231884057971,0,1,1,FALSE,"clonotype455"
"PT3","TRB:CASRPLGTKNTGELFF;TRA:CALSLYSSASKIIF",0,1,0.00036231884057971,0,1,1,FALSE,"clonotype1877"
"PT3","TRB:CASRPLGWEETQYF;TRB:CASSLAGANVLTF;TRA:CAGGIQGAQKLVF;TRA:CAMSAKSGGSNYKLTF",0,1,0.00036231884057971,0,1,1,FALSE,"clonotype494"
"PT3","TRB:CASRPLTSGRADEQFF;TRA:CAVSGGSYIPTF",0,1,0.00036231884057971,0,1,1,FALSE,"clonotype1737"
"PT3","TRB:CASRPPGAGMSKNIQYF;TRA:CALSDTPGANNLFF",0,1,0.00036231884057971,0,1,1,FALSE,"clonotype2101"
"PT3","TRB:CASRPQGNNQPQHF;TRB:CASSLSGTGRYAEAFF;TRA:CAVEDRDDYKLSF",0,1,0.00036231884057971,0,1,1,FALSE,"clonotype872"
"PT3","TRB:CASRPRGRGRADTQYF;TRA:CAVSVQAGTALIF",0,1,0.00036231884057971,0,1,1,FALSE,"clonotype1784"
"PT3","TRB:CASRPRQGATGYTF;TRA:CALSTLGFGNEKLTF",0,1,0.00036231884057971,0,1,1,FALSE,"clonotype859"
"PT3","TRB:CASRPTDGNQPQHF;TRA:CIVRVGHGDYKLSF",0,1,0.00036231884057971,0,1,1,FALSE,"clonotype786"
"PT3","TRB:CASRPTGTGPYRQYF;TRA:CAVHLSGYSTLTF",0,1,0.00036231884057971,0,1,1,FALSE,"clonotype1400"
"PT3","TRB:CASRPTPSNEQFF;TRA:CAVAGGTSYGKLTF;TRA:CETSGSRLTF",0,1,0.00036231884057971,0,1,1,FALSE,"clonotype753"
"PT3","TRB:CASRPVGWVVDTQYF;TRA:CAVLSGANNLFF",0,1,0.00036231884057971,0,1,1,FALSE,"clonotype1287"
"PT3","TRB:CASRQDRLKGEQFF;TRA:CAVGSGGGADGLTF",0,1,0.00036231884057971,0,1,1,FALSE,"clonotype1458"
"PT3","TRB:CASRQGIGDNQPQHF;TRA:CALQGGVTGGGNKLTF",0,1,0.00036231884057971,0,1,1,FALSE,"clonotype1493"
"PT3","TRB:CASRQGLVTGELFF;TRA:CAVSTGTASKLTF",0,1,0.00036231884057971,0,1,1,FALSE,"clonotype958"
"PT3","TRB:CASRQGMADTQYF;TRA:CAVRDDNQGGKLIF",0,1,0.00036231884057971,0,1,1,FALSE,"clonotype471"
"PT3","TRB:CASRRDRGETQYF;TRB:CATCESSYNEQFF;TRA:CGTSPGSGGSNYKLTF",0,1,0.00036231884057971,0,1,1,FALSE,"clonotype653"
"PT3","TRB:CASRREGRTDTQYF;TRA:CAASRGGSYIPTF",0,1,0.00036231884057971,0,1,1,FALSE,"clonotype882"
"PT3","TRB:CASRRENTGELFF;TRA:CAASALGYGNKLVF",0,1,0.00036231884057971,0,1,1,FALSE,"clonotype696"
"PT3","TRB:CASRRETGELFF;TRA:CAARPGGGNKLTF",0,2,0.00072463768115942,0,0.50310133915813,1,FALSE,"clonotype58"
"PT3","TRB:CASRRGVEEKLFF;TRA:CALSGSTYNNNDMRF",0,1,0.00036231884057971,0,1,1,FALSE,"clonotype682"
"PT3","TRB:CASRRKGQGYEQYF;TRB:CASSLTGSMYEQYF;TRA:CAVSEINTDKLIF;TRA:CVVRYNYGGSQGNLIF",0,1,0.00036231884057971,0,1,1,FALSE,"clonotype920"
"PT3","TRB:CASRRPGESTDTQYF;TRA:CVVDSWGKLQF",0,1,0.00036231884057971,0,1,1,FALSE,"clonotype1227"
"PT3","TRB:CASRRQPSSYEQYF;TRA:CAVLMNYGGATNKLIF",0,1,0.00036231884057971,0,1,1,FALSE,"clonotype1392"
"PT3","TRB:CASRRSALTYEQYF;TRA:CALGQAGTALIF",0,1,0.00036231884057971,0,1,1,FALSE,"clonotype1591"
"PT3","TRB:CASRRSDSPYNEQFF;TRA:CAASAYNTDKLIF",0,1,0.00036231884057971,0,1,1,FALSE,"clonotype1906"
"PT3","TRB:CASRRTASMLSGDTQYF;TRA:CAGDEGYSTLTF",0,1,0.00036231884057971,0,1,1,FALSE,"clonotype1973"
"PT3","TRB:CASRRTGSSYEQYF;TRA:CVITGNQFYF",0,1,0.00036231884057971,0,1,1,FALSE,"clonotype787"
"PT3","TRB:CASRRTTYGYTF;TRA:CIVIPLKTSYDKVIF",0,1,0.00036231884057971,0,1,1,FALSE,"clonotype321"
"PT3","TRB:CASRRTVTDTQYF;TRA:CALSEAGTSYDKVIF;TRA:CILRDGPLSGNNARLMF",0,1,0.00036231884057971,0,1,1,FALSE,"clonotype535"
"PT3","TRB:CASRRVSGNTIYF;TRA:CAARSNSGYSTLTF",0,1,0.00036231884057971,0,1,1,FALSE,"clonotype570"
"PT3","TRB:CASRSDRDLSYEQYF;TRB:CASSLLERGEQFF;TRA:CAVFTGGGNKLTF",0,1,0.00036231884057971,0,1,1,FALSE,"clonotype563"
"PT3","TRB:CASRSDYHEQFF",0,1,0.00036231884057971,0,1,1,FALSE,"clonotype296"
"PT3","TRB:CASRSGTYEQYF;TRA:CATDWGMDSSYKLIF;TRA:CVVSGIPSGNTPLVF",0,1,0.00036231884057971,0,1,1,FALSE,"clonotype637"
"PT3","TRB:CASRSSGTGLTYEQYF;TRA:CAFYNFNKFYF",0,1,0.00036231884057971,0,1,1,FALSE,"clonotype2036"
"PT3","TRB:CASRTGTYGYTF;TRA:CAAERLYNQGGKLIF",0,1,0.00036231884057971,0,1,1,FALSE,"clonotype425"
"PT3","TRB:CASRTSGGAVDTQYF;TRA:CAVKGTNAGKSTF",0,1,0.00036231884057971,0,1,1,FALSE,"clonotype1365"
"PT3","TRB:CASRVQGAFTEAFF;TRA:CAASGDNNNDMRF",0,1,0.00036231884057971,0,1,1,FALSE,"clonotype1079"
"PT3","TRB:CASRVRQTSGNTIYF;TRA:CVVSSGNTPLVF",0,1,0.00036231884057971,0,1,1,FALSE,"clonotype1329"
"PT3","TRB:CASRWDLPGAGELFF;TRA:CAARRVTGNQFYF",0,1,0.00036231884057971,0,1,1,FALSE,"clonotype1907"
"PT3","TRB:CASRWDSRNTEAFF;TRB:CASSQTSYTGELFF;TRA:CAATSPQGAQKLVF;TRA:CAENGYARLMF",0,1,0.00036231884057971,0,1,1,FALSE,"clonotype857"
"PT3","TRB:CASRWGKSSYEQYF;TRA:CAVSAAYSGAGSYQLTF",0,1,0.00036231884057971,0,1,1,FALSE,"clonotype1067"
"PT3","TRB:CASRWTSGEVYEQYF;TRA:CAVPHLGSTLGRLYF;TRA:CAVRERGRGYGSARQLTF",0,1,0.00036231884057971,0,1,1,FALSE,"clonotype1369"
"PT3","TRB:CASRYRGRYYGYTF",0,1,0.00036231884057971,0,1,1,FALSE,"clonotype716"
"PT3","TRB:CASRYSGSYGYTF;TRA:CATDAIKGAAGNKLTF",0,1,0.00036231884057971,0,1,1,FALSE,"clonotype654"
"PT3","TRB:CASSAAETQYF;TRA:CIVRVAGVGTSGSRLTF",0,1,0.00036231884057971,0,1,1,FALSE,"clonotype354"
"PT3","TRB:CASSAAGTSEAFF;TRA:CATDAPGGSYIPTF",0,1,0.00036231884057971,0,1,1,FALSE,"clonotype571"
"PT3","TRB:CASSADTGTGTYEQYF;TRA:CAMRERDSSASKIIF",0,1,0.00036231884057971,0,1,1,FALSE,"clonotype1899"
"PT3","TRB:CASSAGALESYEQYF;TRA:CALSLPRDDKIIF",0,1,0.00036231884057971,0,1,1,FALSE,"clonotype1360"
"PT3","TRB:CASSAGAQNTGELFF;TRA:CAVRPAYHKLVF",0,1,0.00036231884057971,0,1,1,FALSE,"clonotype1260"
"PT3","TRB:CASSAGDWDYGYTF;TRA:CAASSSGNTPLVF",0,1,0.00036231884057971,0,1,1,FALSE,"clonotype1097"
"PT3","TRB:CASSAGGKQYF;TRA:CGGETSGSRLTF",0,1,0.00036231884057971,0,1,1,FALSE,"clonotype317"
"PT3","TRB:CASSAGLLGTDTQYF;TRA:CAASELNDYKLSF",0,2,0.00072463768115942,0,0.50310133915813,1,FALSE,"clonotype124"
"PT3","TRB:CASSAGQGNTEAFF;TRA:CAAFGRTEYGNKLVF;TRA:CALSTPYNNNDMRF",0,1,0.00036231884057971,0,1,1,FALSE,"clonotype1398"
"PT3","TRB:CASSAGRTNAFYNEQFF;TRA:CAGPESGGYQKVTF;TRA:CVVSDRRGGSQGNLIF",0,2,0.00072463768115942,0,0.50310133915813,1,FALSE,"clonotype134"
"PT3","TRB:CASSAGRVAQYF;TRA:CVVSDRGDTNAGKSTF",0,1,0.00036231884057971,0,1,1,FALSE,"clonotype403"
"PT3","TRB:CASSAGSRNGYTF;TRA:CAARENSGNTPLVF",0,1,0.00036231884057971,0,1,1,FALSE,"clonotype697"
"PT3","TRB:CASSAGTPTTDTQYF;TRA:CAASGASGGSYIPTF",0,2,0.00072463768115942,0,0.50310133915813,1,FALSE,"clonotype111"
"PT3","TRB:CASSAGTSGYNEQFF;TRA:CGTEDTGRRALTF",0,1,0.00036231884057971,0,1,1,FALSE,"clonotype1744"
"PT3","TRB:CASSAHLDKADSYEQYF;TRA:CAVRRWNTGKLIF",0,1,0.00036231884057971,0,1,1,FALSE,"clonotype2175"
"PT3","TRB:CASSAIGTGGEQYF;TRA:CAVTNSGYSTLTF;TRA:CLVGDRDDKIIF",0,1,0.00036231884057971,0,1,1,FALSE,"clonotype762"
"PT3","TRB:CASSAKLRVEYGYTF;TRA:CAETPDKLIF",0,1,0.00036231884057971,0,1,1,FALSE,"clonotype1679"
"PT3","TRB:CASSALAGVRYYEQYF;TRA:CAVQAQDTGRRALTF",0,1,0.00036231884057971,0,1,1,FALSE,"clonotype1815"
"PT3","TRB:CASSALGRSYEQYF;TRA:CAVRTSGSRLTF",0,1,0.00036231884057971,0,1,1,FALSE,"clonotype1201"
"PT3","TRB:CASSALSGGAVTDTQYF;TRA:CAEDVSGGYQKVTF",0,1,0.00036231884057971,0,1,1,FALSE,"clonotype2185"
"PT3","TRB:CASSALTSGPSGANVLTF;TRA:CAFMTPFNDYKLSF",0,1,0.00036231884057971,0,1,1,FALSE,"clonotype2203"
"PT3","TRB:CASSANMYNEQFF;TRA:CAEADRFGGSTLGRLYF",0,1,0.00036231884057971,0,1,1,FALSE,"clonotype683"
"PT3","TRB:CASSANRMRKTQYF;TRA:CAYRSKKLVF",0,1,0.00036231884057971,0,1,1,FALSE,"clonotype878"
"PT3","TRB:CASSAQGAPNTGELFF;TRA:CAGAGHFGNEKLTF",0,1,0.00036231884057971,0,1,1,FALSE,"clonotype1700"
"PT3","TRB:CASSAQGRTGELFF;TRA:CALASGGYQKVTF",0,1,0.00036231884057971,0,1,1,FALSE,"clonotype782"
"PT3","TRB:CASSARDRVGEQYF",0,1,0.00036231884057971,0,1,1,FALSE,"clonotype736"
"PT3","TRB:CASSARGTGGDEQFF;TRA:CVVSRWSGGQNFVF",0,1,0.00036231884057971,0,1,1,FALSE,"clonotype1501"
"PT3","TRB:CASSARQGQETQYF;TRA:CVVNTGGFKTIF",0,1,0.00036231884057971,0,1,1,FALSE,"clonotype868"
"PT3","TRB:CASSARTGGKDTQYF;TRA:CALTGGATNKLIF",0,1,0.00036231884057971,0,1,1,FALSE,"clonotype1308"
"PT3","TRB:CASSASADYGYTF;TRA:CAGHPDYKLSF",0,1,0.00036231884057971,0,1,1,FALSE,"clonotype460"
"PT3","TRB:CASSASQGAYYGYTF;TRA:CAGTNSGNTPLVF",0,2,0.00072463768115942,0,0.50310133915813,1,FALSE,"clonotype92"
"PT3","TRB:CASSATAFAGGPGELFF;TRA:CAASLSGTYKYIF",0,1,0.00036231884057971,0,1,1,FALSE,"clonotype2123"
"PT3","TRB:CASSATEEEKLFF;TRA:CILRQRFSDGQKLLF",0,1,0.00036231884057971,0,1,1,FALSE,"clonotype497"
"PT3","TRB:CASSATGAGLQYF;TRA:CAVSWNTDKLIF",0,1,0.00036231884057971,0,1,1,FALSE,"clonotype527"
"PT3","TRB:CASSATGNFNEKLFF;TRA:CAASGFYGGATNKLIF;TRA:CAVGGFGNVLHC",0,1,0.00036231884057971,0,1,1,FALSE,"clonotype1291"
"PT3","TRB:CASSATLQASYEQYF;TRA:CAVEDRGYQKVTF",0,1,0.00036231884057971,0,1,1,FALSE,"clonotype1306"
"PT3","TRB:CASSATNNEQFF;TRA:CAVWLQGAQKLVF",0,1,0.00036231884057971,0,1,1,FALSE,"clonotype357"
"PT3","TRB:CASSAVLAVQETQYF",0,1,0.00036231884057971,0,1,1,FALSE,"clonotype1156"
"PT3","TRB:CASSDARGGANEQFF;TRB:CATSDFRGTQTTNEKLFF;TRA:CALSGPGGNTDKLIF",0,1,0.00036231884057971,0,1,1,FALSE,"clonotype1842"
"PT3","TRB:CASSDARNTGELFF;TRA:CAGQRGTGANNLFF",0,1,0.00036231884057971,0,1,1,FALSE,"clonotype841"
"PT3","TRB:CASSDASGNTIYF;TRA:CVVRLNTGGFKTIF",0,1,0.00036231884057971,0,1,1,FALSE,"clonotype1021"
"PT3","TRB:CASSDDRGSENTIYF;TRA:CVVSAQYSSASKIIF",0,1,0.00036231884057971,0,1,1,FALSE,"clonotype1475"
"PT3","TRB:CASSDGDGRSNIQYF;TRA:CAASRGGNYQLIW",0,1,0.00036231884057971,0,1,1,FALSE,"clonotype1300"
"PT3","TRB:CASSDGHSNQPQHF",0,1,0.00036231884057971,0,1,1,FALSE,"clonotype1134"
"PT3","TRB:CASSDGQLSTDTQYF;TRA:CAAPSNYGGSQGNLIF;TRA:CAASETNDYKLSF",0,5,0.00181159420289855,0,0.0663886968283798,1,FALSE,"clonotype26"
"PT3","TRB:CASSDGQLSTDTQYF;TRB:CASSPRDRAGELFF;TRA:CAAPSNYGGSQGNLIF;TRA:CALSTSRGSTLGRLYF",0,1,0.00036231884057971,0,1,1,FALSE,"clonotype1036"
"PT3","TRB:CASSDGTANTEAFF;TRA:CAVSDGRTGNKLVF",0,1,0.00036231884057971,0,1,1,FALSE,"clonotype998"
"PT3","TRB:CASSDLPHPPVHEQFF;TRA:CAVTGANSKLTF",0,1,0.00036231884057971,0,1,1,FALSE,"clonotype1657"
"PT3","TRB:CASSDNDGLATDTQYF;TRA:CVVSDRGSTLGRLYF",0,1,0.00036231884057971,0,1,1,FALSE,"clonotype1869"
"PT3","TRB:CASSDQRGAVYNEQFF",0,1,0.00036231884057971,0,1,1,FALSE,"clonotype1607"
"PT3","TRB:CASSDQVQGSNQPQHF;TRB:CASSQEAFTGTTEAFF;TRA:CVVSPNNAGNMLTF",0,1,0.00036231884057971,0,1,1,FALSE,"clonotype1774"
"PT3","TRB:CASSDRGDEQYF;TRA:CVVSDRGSTLGRLYF",0,1,0.00036231884057971,0,1,1,FALSE,"clonotype402"
"PT3","TRB:CASSDRGLAGGYTDTQYF;TRA:CAVEDASGTYKYIF",0,1,0.00036231884057971,0,1,1,FALSE,"clonotype2235"
"PT3","TRB:CASSDRTSGVAKNIQYF;TRA:CAVRLALSGGYNKLIF",0,1,0.00036231884057971,0,1,1,FALSE,"clonotype2087"
"PT3","TRB:CASSDRWTTDTQYF;TRA:CAAFSYGGATNKLIF",0,1,0.00036231884057971,0,1,1,FALSE,"clonotype970"
"PT3","TRB:CASSDSAGPNTEAFF;TRA:CAVPAGANNLFF;TRA:CVVSASSASKIIF",0,1,0.00036231884057971,0,1,1,FALSE,"clonotype1255"
"PT3","TRB:CASSDTGRENQPQHF;TRA:CAMSPPQNARLMF",0,1,0.00036231884057971,0,1,1,FALSE,"clonotype1463"
"PT3","TRB:CASSDTYRGNTEAFF",0,1,0.00036231884057971,0,1,1,FALSE,"clonotype1155"
"PT3","TRB:CASSEAFFTASYEQYF;TRB:CASSVRHPYSNQPQHF;TRA:CALQGAQKLVF",0,1,0.00036231884057971,0,1,1,FALSE,"clonotype1677"
"PT3","TRB:CASSEAFSKPHRYF;TRA:CVVTDHGSSNTGKLIF",0,1,0.00036231884057971,0,1,1,FALSE,"clonotype1482"
"PT3","TRB:CASSEAGDREYEQYF;TRA:CALSDPDNYGQNFVF;TRA:CAVTPPGEAAGNKLTF",0,1,0.00036231884057971,0,1,1,FALSE,"clonotype1509"
"PT3","TRB:CASSEAGLAGKGIF;TRA:CAMRASGTYKYIF",0,2,0.00072463768115942,0,0.50310133915813,1,FALSE,"clonotype85"
"PT3","TRB:CASSEAIHTVTNTGELFF;TRA:CAAGKVDSNYQLIW",0,1,0.00036231884057971,0,1,1,FALSE,"clonotype2238"
"PT3","TRB:CASSEAIQGMKAFF;TRA:CATSTDSWGKLQF",0,1,0.00036231884057971,0,1,1,FALSE,"clonotype1320"
"PT3","TRB:CASSEALAGGHEQFF;TRA:CVVNMEADYKLSF",0,1,0.00036231884057971,0,1,1,FALSE,"clonotype1746"
"PT3","TRB:CASSEALAGGWNSPLHF;TRA:CAVRDSWSSASKIIF",0,1,0.00036231884057971,0,1,1,FALSE,"clonotype2084"
"PT3","TRB:CASSEALVAGVQETQYF;TRA:CATDGRSQGAQKLVF",0,1,0.00036231884057971,0,1,1,FALSE,"clonotype2057"
"PT3","TRB:CASSEARFANTGELFF;TRA:CAAPGYPAGNDYKLSF;TRA:CTDNAGNMLTF",0,1,0.00036231884057971,0,1,1,FALSE,"clonotype1984"
"PT3","TRB:CASSEARGTGSAETQYF;TRB:CASSYSVNTEAFF;TRA:CAVSLTTSGTYKYIF",0,1,0.00036231884057971,0,1,1,FALSE,"clonotype485"
"PT3","TRB:CASSEASGQGDYEQYF;TRA:CAALGGGFQKLVF",0,2,0.00072463768115942,0,0.50310133915813,1,FALSE,"clonotype114"
"PT3","TRB:CASSEASLAKNIQYF",0,1,0.00036231884057971,0,1,1,FALSE,"clonotype1124"
"PT3","TRB:CASSEATGTNEKLFF;TRA:CAVVDSNYQLIW",0,1,0.00036231884057971,0,1,1,FALSE,"clonotype1182"
"PT3","TRB:CASSEAWGGGEKLFF;TRA:CVVISYSSASKIIF",0,1,0.00036231884057971,0,1,1,FALSE,"clonotype1851"
"PT3","TRB:CASSEAWGPGDTGELFF;TRA:CAVSGNSGYSTLTF",0,1,0.00036231884057971,0,1,1,FALSE,"clonotype2184"
"PT3","TRB:CASSEDGNSPLHF;TRA:CAASKAGSYQLTF",0,1,0.00036231884057971,0,1,1,FALSE,"clonotype532"
"PT3","TRB:CASSEDGRNTGELFF",0,2,0.00072463768115942,0,0.50310133915813,1,FALSE,"clonotype1115"
"PT3","TRB:CASSEDGRNTGELFF",0,2,0.00072463768115942,0,0.50310133915813,1,FALSE,"clonotype1116"
"PT3","TRB:CASSEDRGLGDTQYF;TRA:CAVEDRSNYQLIW",0,1,0.00036231884057971,0,1,1,FALSE,"clonotype1761"
"PT3","TRB:CASSEDRGLGEQYF;TRA:CIVRVDHTDKLIF",0,1,0.00036231884057971,0,1,1,FALSE,"clonotype779"
"PT3","TRB:CASSEDVGTDTQYF;TRA:CAVRWYGQKLLF",0,1,0.00036231884057971,0,1,1,FALSE,"clonotype1321"
"PT3","TRB:CASSEEEQGQHNEQFF;TRA:CALSGPTDSWGKLQF",0,1,0.00036231884057971,0,1,1,FALSE,"clonotype2061"
"PT3","TRB:CASSEEGRGGFSPLHF;TRA:CAASYNQGGKLIF",0,1,0.00036231884057971,0,1,1,FALSE,"clonotype1917"
"PT3","TRB:CASSEETSGANVLTF;TRA:CVVSDRGSTLGRLYF",0,1,0.00036231884057971,0,1,1,FALSE,"clonotype1506"
"PT3","TRB:CASSEGGFSGNTIYF;TRA:CAVRPWMDSSYKLIF",0,1,0.00036231884057971,0,1,1,FALSE,"clonotype1477"
"PT3","TRB:CASSEGGYFYEQYF;TRA:CAMREGRLTDKLIF",0,1,0.00036231884057971,0,1,1,FALSE,"clonotype1049"
"PT3","TRB:CASSEGHNTGELFF;TRA:CAMSAGNAGNMLTF",0,3,0.00108695652173913,0,0.254652008737195,1,FALSE,"clonotype43"
"PT3","TRB:CASSEGLAGGHEQFF;TRA:CVVNEESSYKLIF",0,1,0.00036231884057971,0,1,1,FALSE,"clonotype1747"
"PT3","TRB:CASSEGLAGGLNTGELFF;TRA:CALSEAWETSGSRLTF",0,1,0.00036231884057971,0,1,1,FALSE,"clonotype2205"
"PT3","TRB:CASSEGPRDTQYF",0,1,0.00036231884057971,0,1,1,FALSE,"clonotype432"
"PT3","TRB:CASSEGRTAETQYF;TRA:CAVRDLNNARLMF",0,1,0.00036231884057971,0,1,1,FALSE,"clonotype1381"
"PT3","TRB:CASSEGSGRAEAFF;TRA:CAVKGGADGLTF",0,1,0.00036231884057971,0,1,1,FALSE,"clonotype840"
"PT3","TRB:CASSEGTGGMGQPQHF;TRB:CASSYEAREGYTF;TRA:CAASILTGGGNKLTF;TRA:CALSIDSNDYKLSF",0,1,0.00036231884057971,0,1,1,FALSE,"clonotype612"
"PT3","TRB:CASSEGTSSTDTQYF;TRA:CALSGVSGGSYIPTF",0,1,0.00036231884057971,0,1,1,FALSE,"clonotype1892"
"PT3","TRB:CASSEGTVSTDTQYF;TRA:CAASDWNDYKLSF",0,6,0.00217391304347826,0,0.0341755472392289,1,FALSE,"clonotype23"
"PT3","TRB:CASSEHASGELFF;TRA:CAVRENSGAGSYQLTF",0,1,0.00036231884057971,0,1,1,FALSE,"clonotype524"
"PT3","TRB:CASSEHGELYF;TRA:CAGQLSGSGGSNYKLTF",0,1,0.00036231884057971,0,1,1,FALSE,"clonotype391"
"PT3","TRB:CASSEIKLGTRTEAFF;TRA:CIVRVTPSGNTPLVF",0,1,0.00036231884057971,0,1,1,FALSE,"clonotype1983"
"PT3","TRB:CASSEKAFGGSNQPQHF;TRA:CAVGAAGKKSSGDKLTF;TRA:CAVNSGGFKTIF",0,1,0.00036231884057971,0,1,1,FALSE,"clonotype2012"
"PT3","TRB:CASSEKRGSYNEQFF;TRA:CAVKDRDDKIIF",0,1,0.00036231884057971,0,1,1,FALSE,"clonotype1662"
"PT3","TRB:CASSEKRWGEQYF;TRA:CAGQSPRGSQGNLIF",0,1,0.00036231884057971,0,1,1,FALSE,"clonotype531"
"PT3","TRB:CASSELAGAPGANVLTF",0,1,0.00036231884057971,0,1,1,FALSE,"clonotype1943"
"PT3","TRB:CASSELDVNTEAFF;TRA:CAGSGNTPLVF",0,1,0.00036231884057971,0,1,1,FALSE,"clonotype751"
"PT3","TRB:CASSELFGGNNEQFF;TRA:CAMTDRGSTLGRLYF;TRA:CATDASNFNKFYF",0,1,0.00036231884057971,0,1,1,FALSE,"clonotype1299"
"PT3","TRB:CASSELGQGSYEQYF;TRA:CAENSGNTPLVF",0,2,0.00072463768115942,0,0.50310133915813,1,FALSE,"clonotype99"
"PT3","TRB:CASSENRVNTEAFF;TRA:CAASDRATNKLIF",0,1,0.00036231884057971,0,1,1,FALSE,"clonotype1078"
"PT3","TRB:CASSENTGTEAFF;TRB:CASSTDRPYTDTQYF;TRA:CATDRNNNNDMRF;TRA:CVVNFGNEKLTF",0,1,0.00036231884057971,0,1,1,FALSE,"clonotype507"
"PT3","TRB:CASSERGFMNTEAFF;TRA:CAVMSDSWGKLQF",0,1,0.00036231884057971,0,1,1,FALSE,"clonotype1748"
"PT3","TRB:CASSERGGQYNEQFF;TRA:CALSDRQAGRRALTF;TRA:CAVTTDSWGKLQF",0,1,0.00036231884057971,0,1,1,FALSE,"clonotype1359"
"PT3","TRB:CASSERGSTDTQYF;TRA:CAVRGGGSYIPTF",0,1,0.00036231884057971,0,1,1,FALSE,"clonotype766"
"PT3","TRB:CASSERQGASYEQYF;TRA:CGTSPSPSLSYNTDKLIF",0,1,0.00036231884057971,0,1,1,FALSE,"clonotype1539"
"PT3","TRB:CASSERSSDGYTF;TRA:CAMSVRRLGAGSYQLTF",0,1,0.00036231884057971,0,1,1,FALSE,"clonotype685"
"PT3","TRB:CASSERYRSYEQYF;TRA:CAVRDINSNYQLIW",0,1,0.00036231884057971,0,1,1,FALSE,"clonotype971"
"PT3","TRB:CASSESGGATGELFF;TRA:CAVRDSNYQLIW",0,1,0.00036231884057971,0,1,1,FALSE,"clonotype1179"
"PT3","TRB:CASSESPASDTQYF;TRA:CAFVSGGGADGLTF",0,1,0.00036231884057971,0,1,1,FALSE,"clonotype1053"
"PT3","TRB:CASSESSEADTQYF;TRB:CASSVTTVGVYEQYF;TRA:CAVRDGDYKLSF",0,1,0.00036231884057971,0,1,1,FALSE,"clonotype755"
"PT3","TRB:CASSESSEADTQYF;TRB:CASSVTTVGVYEQYF;TRA:CAVRDGDYKLSF;TRA:CAVRDLKGNNARLMF",0,1,0.00036231884057971,0,1,1,FALSE,"clonotype757"
"PT3","TRB:CASSESSPHEQYF;TRA:CALSWVLNQAGTALIF",0,1,0.00036231884057971,0,1,1,FALSE,"clonotype687"
"PT3","TRB:CASSESWVGSFQSSYEQYF;TRA:CVVSPSGGYNKLIF",0,1,0.00036231884057971,0,1,1,FALSE,"clonotype2237"
"PT3","TRB:CASSETGAPYEQYF",0,1,0.00036231884057971,0,1,1,FALSE,"clonotype742"
"PT3","TRB:CASSETGIGGETQYF;TRA:CAASKGDNFNKFYF;TRA:CAVGRNSGNTPLVF",0,2,0.00072463768115942,0,0.50310133915813,1,FALSE,"clonotype116"
"PT3","TRB:CASSETGVAYGYTF",0,1,0.00036231884057971,0,1,1,FALSE,"clonotype721"
"PT3","TRB:CASSETQGGYGYTF;TRA:CAASRDSWGKLQF",0,1,0.00036231884057971,0,1,1,FALSE,"clonotype875"
"PT3","TRB:CASSEVGWDDYGYTF;TRA:CADSGGGADGLTF",0,1,0.00036231884057971,0,1,1,FALSE,"clonotype1309"
"PT3","TRB:CASSEVQTGSAFF;TRA:CAVQAYGGSQGNLIF",0,1,0.00036231884057971,0,1,1,FALSE,"clonotype614"
"PT3","TRB:CASSEVYEQYF;TRA:CAASMRNYGQNFVF",0,1,0.00036231884057971,0,1,1,FALSE,"clonotype427"
"PT3","TRB:CASSEWGQGPYEQYF",0,1,0.00036231884057971,0,1,1,FALSE,"clonotype1125"
"PT3","TRB:CASSEWGYTF;TRA:CAVNPRNTDKLIF",0,1,0.00036231884057971,0,1,1,FALSE,"clonotype186"
"PT3","TRB:CASSEYDRVLFSGNTIYF;TRA:CAVRAYGGSQGNLIF",0,1,0.00036231884057971,0,1,1,FALSE,"clonotype2189"
"PT3","TRB:CASSFDRGKSPLHF",0,1,0.00036231884057971,0,1,1,FALSE,"clonotype1146"
"PT3","TRB:CASSFDRGRGYTF",0,1,0.00036231884057971,0,1,1,FALSE,"clonotype448"
"PT3","TRB:CASSFEDRGAEQFF;TRA:CAVAHRMTTDSWGKLQF",0,1,0.00036231884057971,0,1,1,FALSE,"clonotype1538"
"PT3","TRB:CASSFFNRQGRETQYF;TRA:CAMREGPTYKYIF",0,1,0.00036231884057971,0,1,1,FALSE,"clonotype1845"
"PT3","TRB:CASSFGENEETQYF;TRA:CAFMSPLGTSGSRLTF;TRA:CAMKGGSASKIIF",0,1,0.00036231884057971,0,1,1,FALSE,"clonotype1466"
"PT3","TRB:CASSFGETQYF;TRA:CATGIYSGNTPLVF",0,1,0.00036231884057971,0,1,1,FALSE,"clonotype376"
"PT3","TRB:CASSFGETQYF;TRA:CVVSEPSGNTGKLIF",0,1,0.00036231884057971,0,1,1,FALSE,"clonotype265"
"PT3","TRB:CASSFGGRNGELFF;TRA:CAVNGVGFGNVLHC",0,1,0.00036231884057971,0,1,1,FALSE,"clonotype999"
"PT3","TRB:CASSFGPIATNTEAFF",0,1,0.00036231884057971,0,1,1,FALSE,"clonotype1609"
"PT3","TRB:CASSFGQEQTSQYF;TRA:CAVSRGSQGNLIF",0,1,0.00036231884057971,0,1,1,FALSE,"clonotype950"
"PT3","TRB:CASSFGQGAYEQYF;TRA:CILRRWDKIIF",0,1,0.00036231884057971,0,1,1,FALSE,"clonotype754"
"PT3","TRB:CASSFGQGGRLKDTQYF;TRA:CAESLNNDYKLSF",0,1,0.00036231884057971,0,1,1,FALSE,"clonotype2052"
"PT3","TRB:CASSFGQTNYGYTF;TRA:CHYGQNFVF",0,1,0.00036231884057971,0,1,1,FALSE,"clonotype749"
"PT3","TRB:CASSFGQVGTDTQYF;TRA:CAGNSDNDYKLSF",0,1,0.00036231884057971,0,1,1,FALSE,"clonotype1685"
"PT3","TRB:CASSFGRQETQYF;TRB:CASSLLGGGEKLFF;TRA:CAVKETSGSRLTF;TRA:CLPYNTDKLIF",0,1,0.00036231884057971,0,1,1,FALSE,"clonotype456"
"PT3","TRB:CASSFGRVTEAFF;TRA:CAASSAGNMLTF",0,2,0.00072463768115942,0,0.50310133915813,1,FALSE,"clonotype80"
"PT3","TRB:CASSFGSAGGSGNTIYF;TRA:CAVDSGGSNYKLTF",0,1,0.00036231884057971,0,1,1,FALSE,"clonotype2006"
"PT3","TRB:CASSFGTGHYDYGYTF;TRA:CILRVLAYSGAGSYQLTF",0,1,0.00036231884057971,0,1,1,FALSE,"clonotype2032"
"PT3","TRB:CASSFGTTSSYEQYF;TRA:CALSYSGYSTLTF;TRA:CAVIIYSSASKIIF",0,1,0.00036231884057971,0,1,1,FALSE,"clonotype1346"
"PT3","TRB:CASSFHRALYGYTF;TRA:CAVEGGSGNTGKLIF",0,1,0.00036231884057971,0,1,1,FALSE,"clonotype1029"
"PT3","TRB:CASSFIRGQRSTEAFF;TRA:CATRGTDKLIF",0,1,0.00036231884057971,0,1,1,FALSE,"clonotype1683"
"PT3","TRB:CASSFKGLGENNEQFF;TRA:CAVGGGFKTIF",0,1,0.00036231884057971,0,1,1,FALSE,"clonotype1998"
"PT3","TRB:CASSFKRGAGANVLTF;TRA:CILRDFGTYKYIF",0,1,0.00036231884057971,0,1,1,FALSE,"clonotype1969"
"PT3","TRB:CASSFKVTGAEAFF;TRA:CAASAGNFNKFYF",0,1,0.00036231884057971,0,1,1,FALSE,"clonotype1085"
"PT3","TRB:CASSFLAGYTYEQYF;TRA:CAFMKTSGTYKYIF",0,1,0.00036231884057971,0,1,1,FALSE,"clonotype1518"
"PT3","TRB:CASSFLGKNTEAFF;TRA:CALGSGGYNKLIF",0,1,0.00036231884057971,0,1,1,FALSE,"clonotype1202"
"PT3","TRB:CASSFLGRRGETGELFF;TRA:CALSPNNNDMRF",0,1,0.00036231884057971,0,1,1,FALSE,"clonotype2074"
"PT3","TRB:CASSFLGRVSTEAFF;TRA:CILRLATGSARQLTF",0,1,0.00036231884057971,0,1,1,FALSE,"clonotype1234"
"PT3","TRB:CASSFLGSGQPQHF;TRA:CAVASGAGSYQLTF",0,2,0.00072463768115942,0,0.50310133915813,1,FALSE,"clonotype102"
"PT3","TRB:CASSFLGSTGELFF;TRA:CILTTDSWGKLQF",0,1,0.00036231884057971,0,1,1,FALSE,"clonotype768"
"PT3","TRB:CASSFLGTTQETQYF",0,1,0.00036231884057971,0,1,1,FALSE,"clonotype1619"
"PT3","TRB:CASSFLQGALGYGYTF;TRB:CSVLPREETQYF;TRA:CAGARSGSNYQLIW;TRA:CVVNDARLMF",0,1,0.00036231884057971,0,1,1,FALSE,"clonotype167"
"PT3","TRB:CASSFLSGGAYNEQFF;TRA:CALLNQAGTALIF",0,1,0.00036231884057971,0,1,1,FALSE,"clonotype1671"
"PT3","TRB:CASSFLSGTEAFF",0,1,0.00036231884057971,0,1,1,FALSE,"clonotype451"
"PT3","TRB:CASSFLTPGANVLTF;TRA:CAGNFGNEKLTF",0,1,0.00036231884057971,0,1,1,FALSE,"clonotype1207"
"PT3","TRB:CASSFNIGRQETQYF;TRA:CAVGAVYGGSQGNLIF",0,1,0.00036231884057971,0,1,1,FALSE,"clonotype1874"
"PT3","TRB:CASSFNPQRRGGTDTQYF;TRA:CAWDPGFSGGYNKLIF",0,1,0.00036231884057971,0,1,1,FALSE,"clonotype2200"
"PT3","TRB:CASSFNQNTEAFF;TRA:CILRSGFNYGQNFVF",0,1,0.00036231884057971,0,1,1,FALSE,"clonotype500"
"PT3","TRB:CASSFNSGGETDTQYF;TRA:CAVSEGYGQNFVF",0,1,0.00036231884057971,0,1,1,FALSE,"clonotype2035"
"PT3","TRB:CASSFPDRGRGQYF;TRA:CATDAGHARLMF",0,1,0.00036231884057971,0,1,1,FALSE,"clonotype1272"
"PT3","TRB:CASSFPDSNYGYTF;TRA:CAAIRDTGGFKTIF",0,1,0.00036231884057971,0,1,1,FALSE,"clonotype957"
"PT3","TRB:CASSFPGAGTEAFF;TRA:CAAEGTGRGATNKLIF",0,1,0.00036231884057971,0,1,1,FALSE,"clonotype1106"
"PT3","TRB:CASSFPGGTGELFF",0,1,0.00036231884057971,0,1,1,FALSE,"clonotype1147"
"PT3","TRB:CASSFPGQLTKNIQYF;TRB:CASSPKGRGPANTGELFF;TRA:CALRVASGTYKYIF",0,2,0.00072463768115942,0,0.50310133915813,1,FALSE,"clonotype130"
"PT3","TRB:CASSFPGTGYEQYF;TRA:CAGFGNEKLTF",0,1,0.00036231884057971,0,1,1,FALSE,"clonotype774"
"PT3","TRB:CASSFPSQLTDTQYF;TRA:CALTPGGGNKLTF;TRA:CAVSYNKLIF",0,1,0.00036231884057971,0,1,1,FALSE,"clonotype1233"
"PT3","TRB:CASSFPTRKGSGNTIYF;TRA:CATFTSGTYKYIF;TRA:CILKYNFNKFYF",0,1,0.00036231884057971,0,1,1,FALSE,"clonotype1965"
"PT3","TRB:CASSFQGGTEAFF;TRA:CAMSEAAGNKLTF",0,1,0.00036231884057971,0,1,1,FALSE,"clonotype639"
"PT3","TRB:CASSFQGMSEPQHF;TRA:CAVGTGGSYIPTF",0,1,0.00036231884057971,0,1,1,FALSE,"clonotype904"
"PT3","TRB:CASSFQGNTEAFF;TRA:CAGPMVTGANNLFF",0,1,0.00036231884057971,0,1,1,FALSE,"clonotype520"
"PT3","TRB:CASSFQLGATGELFF;TRA:CIVSYQAGTALIF",0,1,0.00036231884057971,0,1,1,FALSE,"clonotype1647"
"PT3","TRB:CASSFQQGTGEQYF;TRA:CAADLGGSQGNLIF",0,1,0.00036231884057971,0,1,1,FALSE,"clonotype956"
"PT3","TRB:CASSFRDRGTYGYTF;TRA:CAVGARDSGAGSYQLTF",0,1,0.00036231884057971,0,1,1,FALSE,"clonotype1897"
"PT3","TRB:CASSFRDTTRNSPLHF;TRA:CALGRVDTGRRALTF",0,1,0.00036231884057971,0,1,1,FALSE,"clonotype2127"
"PT3","TRB:CASSFRGNTEAFF;TRB:CATSREAGRMLAGELFF;TRA:CVVSAAGGTSYGKLTF",0,1,0.00036231884057971,0,1,1,FALSE,"clonotype663"
"PT3","TRB:CASSFRGSNEQFF;TRA:CLVGETGFQKLVF",0,2,0.00072463768115942,0,0.50310133915813,1,FALSE,"clonotype68"
"PT3","TRB:CASSFRGSNQPQHF;TRA:CASDTGTASKLTF",0,1,0.00036231884057971,0,1,1,FALSE,"clonotype1025"
"PT3","TRB:CASSFRLADYNEQFF",0,1,0.00036231884057971,0,1,1,FALSE,"clonotype1611"
"PT3","TRB:CASSFRLAGGQETQYF;TRA:CAVRRSATNAGKSTF",0,1,0.00036231884057971,0,1,1,FALSE,"clonotype1817"
"PT3","TRB:CASSFRPSSGNTIYF;TRA:CAASASGTYKYIF",0,1,0.00036231884057971,0,1,1,FALSE,"clonotype1909"
"PT3","TRB:CASSFRQGNTIYF;TRA:CALSEAWGNEKLTF",0,1,0.00036231884057971,0,1,1,FALSE,"clonotype1060"
"PT3","TRB:CASSFRTGGTTDTQYF;TRA:CAMISTSGTYKYIF",0,5,0.00181159420289855,0,0.0663886968283798,1,FALSE,"clonotype25"
"PT3","TRB:CASSFSGGEGNNVLTF;TRA:CAMREPLTYNQGGKLIF",0,1,0.00036231884057971,0,1,1,FALSE,"clonotype1904"
"PT3","TRB:CASSFSGYSSYNEQFF;TRA:CATDAGSGGSNYKLTF",0,1,0.00036231884057971,0,1,1,FALSE,"clonotype1867"
"PT3","TRB:CASSFSPHNSPLHF;TRA:CAAPITQGGSEKLVF",0,2,0.00072463768115942,0,0.50310133915813,1,FALSE,"clonotype110"
"PT3","TRB:CASSFSSGTEAFF;TRA:CLVGVSVSGNTGKLIF",0,1,0.00036231884057971,0,1,1,FALSE,"clonotype852"
"PT3","TRB:CASSFSTVYNEQFF;TRA:CVVSSNDYKLSF",0,1,0.00036231884057971,0,1,1,FALSE,"clonotype947"
"PT3","TRB:CASSFTEGANEKLFF;TRA:CAMREGQTGANNLFF",0,1,0.00036231884057971,0,1,1,FALSE,"clonotype1544"
"PT3","TRB:CASSFTGELFF;TRA:CAGGLNDMRF",0,1,0.00036231884057971,0,1,1,FALSE,"clonotype214"
"PT3","TRB:CASSFTGTGTSEQYF;TRA:CAASARFFRSNYKLTF",0,1,0.00036231884057971,0,1,1,FALSE,"clonotype1931"
"PT3","TRB:CASSFTPSGAYEQYF;TRA:CAAVEQTGANNLFF",0,1,0.00036231884057971,0,1,1,FALSE,"clonotype1930"
"PT3","TRB:CASSFTRPGTGFYEQYF;TRA:CCQGGSEKLVF",0,1,0.00036231884057971,0,1,1,FALSE,"clonotype2110"
"PT3","TRB:CASSFTTGERGYTF;TRA:CAVRAPYSSASKIIF",0,1,0.00036231884057971,0,1,1,FALSE,"clonotype1488"
"PT3","TRB:CASSFVDRPGRDSYEQYF;TRA:CAHTSGFQKLVF",0,1,0.00036231884057971,0,1,1,FALSE,"clonotype2138"
"PT3","TRB:CASSFVGGELFF;TRA:CAVHNNNDMRF",0,1,0.00036231884057971,0,1,1,FALSE,"clonotype318"
"PT3","TRB:CASSFVGQGTGEQFF;TRA:CALNGGSQGNLIF",0,1,0.00036231884057971,0,1,1,FALSE,"clonotype1594"
"PT3","TRB:CASSFVPRDRPNYGYTF;TRA:CAASIMIQGAQKLVF",0,1,0.00036231884057971,0,1,1,FALSE,"clonotype2124"
"PT3","TRB:CASSFWGGGDGYTF;TRA:CAFMKLTGNTPLVF",0,1,0.00036231884057971,0,1,1,FALSE,"clonotype1048"
"PT3","TRB:CASSFWRTNTEAFF;TRA:CAVTGANNLFF",0,1,0.00036231884057971,0,1,1,FALSE,"clonotype752"
"PT3","TRB:CASSFWTGSTEAFF;TRA:CAYRGVGSGSRLTF",0,1,0.00036231884057971,0,1,1,FALSE,"clonotype1058"
"PT3","TRB:CASSFYGGGNQPQHF;TRA:CIVRGNSGGGADGLTF",0,1,0.00036231884057971,0,1,1,FALSE,"clonotype1269"
"PT3","TRB:CASSFYGTGSYEQYF;TRA:CAGPSYNTDKLIF",0,1,0.00036231884057971,0,1,1,FALSE,"clonotype1742"
"PT3","TRB:CASSFYNSGTRETQYF;TRA:CAVDSNYQLIW",0,1,0.00036231884057971,0,1,1,FALSE,"clonotype1637"
"PT3","TRB:CASSFYPRDRGDGYTF;TRA:CAASGLNDMRF",0,1,0.00036231884057971,0,1,1,FALSE,"clonotype1981"
"PT3","TRB:CASSGAGHEQYF;TRA:CAASRRTGGFKTIF",0,1,0.00036231884057971,0,1,1,FALSE,"clonotype365"
"PT3","TRB:CASSGAVWGANVLTF;TRB:CSARDRGEPNYGYTF;TRA:CAADRGSTLGRLYF",0,1,0.00036231884057971,0,1,1,FALSE,"clonotype704"
"PT3","TRB:CASSGDAAGLNYEQYF;TRA:CAVGARAAGNKLTF",0,1,0.00036231884057971,0,1,1,FALSE,"clonotype1834"
"PT3","TRB:CASSGEVESPLHF;TRA:CAVKGVQGQKLVF",0,1,0.00036231884057971,0,1,1,FALSE,"clonotype594"
"PT3","TRB:CASSGGDKETQYF;TRA:CALSEADTGGFKTIF",0,1,0.00036231884057971,0,1,1,FALSE,"clonotype1066"
"PT3","TRB:CASSGGGQGVWETQYF;TRA:CAVRRMNRDDKIIF",0,1,0.00036231884057971,0,1,1,FALSE,"clonotype2067"
"PT3","TRB:CASSGGGRLSNEQYF;TRA:CAASVSDYKLSF",0,1,0.00036231884057971,0,1,1,FALSE,"clonotype1545"
"PT3","TRB:CASSGGLGETQYF;TRA:CAVIRVGGYNKLIF",0,1,0.00036231884057971,0,1,1,FALSE,"clonotype935"
"PT3","TRB:CASSGGTGYNGYTF;TRA:CAVDSGNTPLVF",0,1,0.00036231884057971,0,1,1,FALSE,"clonotype861"
"PT3","TRB:CASSGGVEVGYTF;TRA:CAGRKNYGGSQGNLIF",0,1,0.00036231884057971,0,1,1,FALSE,"clonotype573"
"PT3","TRB:CASSGGWTSGRQETQYF;TRA:CAPHPGNQFYF",0,1,0.00036231884057971,0,1,1,FALSE,"clonotype2044"
"PT3","TRB:CASSGLAGLPDTQYF;TRB:CASSQGDITLHF;TRA:CASLTFPQGGSEKLVF;TRA:CAVQSSSGTYKYIF",0,1,0.00036231884057971,0,1,1,FALSE,"clonotype380"
"PT3","TRB:CASSGLAGNHEQFF;TRA:CAASRSTLTF;TRA:CAASSGGGADGLTF",0,1,0.00036231884057971,0,1,1,FALSE,"clonotype921"
"PT3","TRB:CASSGLAGVYNEQFF;TRA:CATLLNTDKLIF",0,1,0.00036231884057971,0,1,1,FALSE,"clonotype1709"
"PT3","TRB:CASSGLRGVWANVLTF;TRA:CAGVPGSGTYKYIF",0,1,0.00036231884057971,0,1,1,FALSE,"clonotype1703"
"PT3","TRB:CASSGPRLGNEQFF;TRA:CAVRGNSGNTPLVF",0,2,0.00072463768115942,0,0.50310133915813,1,FALSE,"clonotype76"
"PT3","TRB:CASSGPTGIPYEQYF;TRA:CATADMDSSYKLIF",0,1,0.00036231884057971,0,1,1,FALSE,"clonotype1371"
"PT3","TRB:CASSGQGAPGANVLTF;TRA:CAVKSKSGDKLVF",0,1,0.00036231884057971,0,1,1,FALSE,"clonotype2016"
"PT3","TRB:CASSGQGAYGYTF;TRA:CALTLMGRGSARQLTF",0,1,0.00036231884057971,0,1,1,FALSE,"clonotype651"
"PT3","TRB:CASSGQPLSGANVLTF;TRA:CAASMKAGGSYIPTF",0,1,0.00036231884057971,0,1,1,FALSE,"clonotype1812"
"PT3","TRB:CASSGRLQTYEQYF;TRA:CALSGGSQGNLIF",0,1,0.00036231884057971,0,1,1,FALSE,"clonotype1322"
"PT3","TRB:CASSGRPRGTFNEKLFF;TRA:CAVRAQGNTPLVF",0,1,0.00036231884057971,0,1,1,FALSE,"clonotype2163"
"PT3","TRB:CASSGSRGRSPYEQYF;TRA:CVGGNSGGYQKVTF",0,1,0.00036231884057971,0,1,1,FALSE,"clonotype1800"
"PT3","TRB:CASSGSYEQYF",0,1,0.00036231884057971,0,1,1,FALSE,"clonotype199"
"PT3","TRB:CASSGTAGYQPQHF;TRA:CAASRSGGYQKVTF",0,1,0.00036231884057971,0,1,1,FALSE,"clonotype1569"
"PT3","TRB:CASSGTGGGHEQFF;TRA:CALSERRDDKIIF;TRA:CPMTDVLHC",0,1,0.00036231884057971,0,1,1,FALSE,"clonotype780"
"PT3","TRB:CASSGTSGSTDTQYF;TRA:CAVMDSSYKLIF",0,1,0.00036231884057971,0,1,1,FALSE,"clonotype1180"
"PT3","TRB:CASSGTSGYNEQFF;TRA:CAENIFNSNSGYALNF",0,1,0.00036231884057971,0,1,1,FALSE,"clonotype1057"
"PT3","TRB:CASSGVYTGELFF;TRA:CGTAPFTGTASKLTF",0,1,0.00036231884057971,0,1,1,FALSE,"clonotype979"
"PT3","TRB:CASSGYRGHQPQHF;TRB:CASSLYGALDTEAFF;TRA:CAGSDAGNMLTF;TRA:CIVPATGGFKTIF",0,1,0.00036231884057971,0,1,1,FALSE,"clonotype771"
"PT3","TRB:CASSGYSLGNNEQFF;TRA:CAARAGAGSYQLTF",0,1,0.00036231884057971,0,1,1,FALSE,"clonotype1431"
"PT3","TRB:CASSHAGLGNEQFF;TRA:CAASSGATNKLIF",0,1,0.00036231884057971,0,1,1,FALSE,"clonotype1098"
"PT3","TRB:CASSHFKNEQFF;TRA:CARSNTGNQFYF",0,1,0.00036231884057971,0,1,1,FALSE,"clonotype396"
"PT3","TRB:CASSHGPGGGGYTF;TRA:CAVGGGATNKLIF",0,1,0.00036231884057971,0,1,1,FALSE,"clonotype874"
"PT3","TRB:CASSHGQGGTQYF;TRA:CILRDVTAGGTSYGKLTF",0,1,0.00036231884057971,0,1,1,FALSE,"clonotype575"
"PT3","TRB:CASSHHPRLDGTGELFF;TRA:CAGPMNSGYSTLTF",0,1,0.00036231884057971,0,1,1,FALSE,"clonotype2007"
"PT3","TRB:CASSHITSGFYNEQFF;TRA:CAASALAGGGSQGNLIF;TRA:CALSDQGAGSYQLTF",0,1,0.00036231884057971,0,1,1,FALSE,"clonotype1839"
"PT3","TRB:CASSHLGTFNEQFF",0,1,0.00036231884057971,0,1,1,FALSE,"clonotype1171"
"PT3","TRB:CASSHLSTDTQYF;TRA:CALSEAYGGATNKLIF",0,1,0.00036231884057971,0,1,1,FALSE,"clonotype689"
"PT3","TRB:CASSHPGQGGDTEAFF;TRA:CAMRSNDYKLSF",0,1,0.00036231884057971,0,1,1,FALSE,"clonotype1807"
"PT3","TRB:CASSHPPPNEQFF;TRA:CAVRGANSKLTF",0,1,0.00036231884057971,0,1,1,FALSE,"clonotype550"
"PT3","TRB:CASSHPQGSYGYTF;TRA:CALSYETSGSRLTF",0,1,0.00036231884057971,0,1,1,FALSE,"clonotype964"
"PT3","TRB:CASSHRGDNSPLHF;TRA:CAGQRAGTASKLTF",0,1,0.00036231884057971,0,1,1,FALSE,"clonotype839"
"PT3","TRB:CASSHRINTGELFF;TRB:CASSPPGTSGYEQYF;TRA:CAARGGGADGLTF;TRA:CAPAGYSTLTF",0,1,0.00036231884057971,0,1,1,FALSE,"clonotype1088"
"PT3","TRB:CASSHRNEKLFF;TRA:CAGLNAGKSTF",0,1,0.00036231884057971,0,1,1,FALSE,"clonotype344"
"PT3","TRB:CASSHRTGGGGYTF;TRA:CVVSDSYYVGATNKLIF",0,1,0.00036231884057971,0,1,1,FALSE,"clonotype1540"
"PT3","TRB:CASSHSGETTDTQYF;TRA:CAPASGGSYIPTF",0,1,0.00036231884057971,0,1,1,FALSE,"clonotype1251"
"PT3","TRB:CASSHVIRGQGFNGYTF;TRA:CAVRDTRTGRRALTF",0,1,0.00036231884057971,0,1,1,FALSE,"clonotype2152"
"PT3","TRB:CASSHVTGTGNYGYTF;TRA:CAMRGSWKTSYDKVIF",0,1,0.00036231884057971,0,1,1,FALSE,"clonotype2112"
"PT3","TRB:CASSIAGGITDTQYF;TRA:CAASKAGGTSYGKLTF",0,1,0.00036231884057971,0,1,1,FALSE,"clonotype1473"
"PT3","TRB:CASSIAGRPPGLNEAFF;TRA:CAVALGSNDYKLSF",0,1,0.00036231884057971,0,1,1,FALSE,"clonotype2053"
"PT3","TRB:CASSIALAGGHGELFF;TRA:CAPRSNDYKLSF",0,1,0.00036231884057971,0,1,1,FALSE,"clonotype1934"
"PT3","TRB:CASSIASSLRTNQPQHF;TRA:CAGRPGTASKLTF",0,1,0.00036231884057971,0,1,1,FALSE,"clonotype1978"
"PT3","TRB:CASSIDPPNSGGAVGELFF",0,1,0.00036231884057971,0,1,1,FALSE,"clonotype2212"
"PT3","TRB:CASSIDRAYGYTF;TRA:CAVSIAEGSGGGADGLTF",0,1,0.00036231884057971,0,1,1,FALSE,"clonotype1034"
"PT3","TRB:CASSIDSGGSNNSPLHF;TRA:CVVNKGYSTLTF",0,1,0.00036231884057971,0,1,1,FALSE,"clonotype1996"
"PT3","TRB:CASSIDSGMAGELFF;TRA:CALSSGGSYIPTF",0,1,0.00036231884057971,0,1,1,FALSE,"clonotype1302"
"PT3","TRB:CASSIDSKLYNEQFF;TRA:CAETYNFNKFYF",0,2,0.00072463768115942,0,0.50310133915813,1,FALSE,"clonotype115"
"PT3","TRB:CASSIEATNEKLFF;TRA:CLVGASRLTGTASKLTF",0,1,0.00036231884057971,0,1,1,FALSE,"clonotype873"
"PT3","TRB:CASSIFLAGVDEQYF;TRA:CALRDFGNEKLTF",0,1,0.00036231884057971,0,1,1,FALSE,"clonotype1305"
"PT3","TRB:CASSIGDPNEKLFF;TRA:CAVDRSGGYQKVTF",0,1,0.00036231884057971,0,1,1,FALSE,"clonotype967"
"PT3","TRB:CASSIGDRKNEKLFF;TRA:CAVSDSSGSARQLTF",0,1,0.00036231884057971,0,1,1,FALSE,"clonotype1469"
"PT3","TRB:CASSIGGGTGANVLTF;TRA:CAGPNNNARLMF",0,1,0.00036231884057971,0,1,1,FALSE,"clonotype1658"
"PT3","TRB:CASSIGLPDTQYF;TRA:CAVRDGGKLIF",0,1,0.00036231884057971,0,1,1,FALSE,"clonotype502"
"PT3","TRB:CASSIGSGVSGELFF;TRA:CAGPKGSQGNLIF",0,1,0.00036231884057971,0,1,1,FALSE,"clonotype1222"
"PT3","TRB:CASSIGVGGQPQHF;TRA:CIVRVEGSGNTGKLIF",0,1,0.00036231884057971,0,1,1,FALSE,"clonotype834"
"PT3","TRB:CASSIGWGPNTEAFF",0,1,0.00036231884057971,0,1,1,FALSE,"clonotype1119"
"PT3","TRB:CASSIIGGELSQPQHF;TRA:CAVNYGGSQGNLIF",0,1,0.00036231884057971,0,1,1,FALSE,"clonotype1775"
"PT3","TRB:CASSIITTGPNQPQHF;TRA:CATGGGSNYKLTF",0,1,0.00036231884057971,0,1,1,FALSE,"clonotype1733"
"PT3","TRB:CASSIKTGMNTEAFF;TRA:CALNSGGSNYKLTF;TRA:CILRLHPHTGNQFYF",0,1,0.00036231884057971,0,1,1,FALSE,"clonotype1223"
"PT3","TRB:CASSILGASGSLEQYF;TRA:CIVRVVRGRSGSARQLTF",0,1,0.00036231884057971,0,1,1,FALSE,"clonotype1777"
"PT3","TRB:CASSILGFSKTDTQYF;TRA:CALNKYNNNDMRF",0,1,0.00036231884057971,0,1,1,FALSE,"clonotype1776"
"PT3","TRB:CASSILGLAGGRPDTQYF;TRA:CAVGAGNKLVF",0,1,0.00036231884057971,0,1,1,FALSE,"clonotype2153"
"PT3","TRB:CASSILRSPYEAFF;TRA:CALSGTSVGTASKLTF",0,1,0.00036231884057971,0,1,1,FALSE,"clonotype1009"
"PT3","TRB:CASSIMASGYQETQYF;TRA:CAARQIQGAQKLVF;TRA:CAVNMDSNYQLIW",0,1,0.00036231884057971,0,1,1,FALSE,"clonotype1702"
"PT3","TRB:CASSINRGISYGYTF;TRA:CALGQGTYKYIF",0,1,0.00036231884057971,0,1,1,FALSE,"clonotype1426"
"PT3","TRB:CASSINTGGAYEQYF;TRA:CALDRAGGSYIPTF",0,1,0.00036231884057971,0,1,1,FALSE,"clonotype1596"
"PT3","TRB:CASSINVLGPQHF;TRA:CATGETSGSRLTF",0,1,0.00036231884057971,0,1,1,FALSE,"clonotype526"
"PT3","TRB:CASSIPAGANTEAFF",0,1,0.00036231884057971,0,1,1,FALSE,"clonotype1118"
"PT3","TRB:CASSIPAGGYNEQFF;TRA:CAVITGSGGYQKVTF",0,1,0.00036231884057971,0,1,1,FALSE,"clonotype1472"
"PT3","TRB:CASSIPGDTYEQYF",0,1,0.00036231884057971,0,1,1,FALSE,"clonotype717"
"PT3","TRB:CASSIQGAGYPYEQYF;TRA:CLVASVSGGSYIPTF",0,1,0.00036231884057971,0,1,1,FALSE,"clonotype1989"
"PT3","TRB:CASSIQGANSNQPQHF;TRB:CSVLKGAGSNTGELFF;TRA:CVVSAGFSGGYNKLIF",0,1,0.00036231884057971,0,1,1,FALSE,"clonotype1063"
"PT3","TRB:CASSIRASYEQYF;TRA:CAVRAAGNQFYF",0,1,0.00036231884057971,0,1,1,FALSE,"clonotype503"
"PT3","TRB:CASSIREFGELFF;TRA:CIVRVEGYSGAGSYQLTF",0,7,0.00253623188405797,0,0.0176813199646995,1,FALSE,"clonotype15"
"PT3","TRB:CASSIRGGEEKLFF;TRB:CASSRTSGGGQTYEQYF;TRA:CAVSDQTAGNKLTF",0,1,0.00036231884057971,0,1,1,FALSE,"clonotype985"
"PT3","TRB:CASSIRGLNSPLHF;TRA:CAVEPLLGGSQGNLIF",0,1,0.00036231884057971,0,1,1,FALSE,"clonotype1041"
"PT3","TRB:CASSIRGQNTEAFF;TRA:CAVRGTGGGNKLTF",0,1,0.00036231884057971,0,1,1,FALSE,"clonotype784"
"PT3","TRB:CASSIRHFGGYNTGELFF",0,1,0.00036231884057971,0,1,1,FALSE,"clonotype2128"
"PT3","TRB:CASSIRTSFDLAGELFF;TRA:CVVSEAGTALIF",0,1,0.00036231884057971,0,1,1,FALSE,"clonotype2029"
"PT3","TRB:CASSIRTSGGLGETQYF;TRA:CAVDKDDKIIF",0,1,0.00036231884057971,0,1,1,FALSE,"clonotype1977"
"PT3","TRB:CASSIRTSGSYNEQFF;TRA:CAASTYNQGGKLIF",0,1,0.00036231884057971,0,1,1,FALSE,"clonotype1928"
"PT3","TRB:CASSISQNYGYTF;TRA:CAVGMDSNYQLIW",0,1,0.00036231884057971,0,1,1,FALSE,"clonotype479"
"PT3","TRB:CASSISRTSGGEQFF;TRA:CAVRDPTWDMRF",0,1,0.00036231884057971,0,1,1,FALSE,"clonotype1303"
"PT3","TRB:CASSISSGRIDTQYF;TRA:CALSQNTGNQFYF",0,1,0.00036231884057971,0,1,1,FALSE,"clonotype1304"
"PT3","TRB:CASSISSPGETQYF",0,1,0.00036231884057971,0,1,1,FALSE,"clonotype718"
"PT3","TRB:CASSITAGGNQPQHF;TRB:CASSLSQGGEQYF;TRA:CAAPGAGNNDMRF;TRA:CAMRELYSGNTPLVF",0,1,0.00036231884057971,0,1,1,FALSE,"clonotype565"
"PT3","TRB:CASSITAGRTNEQFF;TRA:CAGAPSNDYKLSF",0,2,0.00072463768115942,0,0.50310133915813,1,FALSE,"clonotype93"
"PT3","TRB:CASSITAYYGYTF;TRA:CAVREDSNYQLIW",0,1,0.00036231884057971,0,1,1,FALSE,"clonotype551"
"PT3","TRB:CASSITGPGSGTGELFF;TRA:CAVVIGFQKLVF",0,1,0.00036231884057971,0,1,1,FALSE,"clonotype2154"
"PT3","TRB:CASSITQINRGYESEAFF;TRA:CILRDEAGNQFYF;TRA:CVVSDITGGGNKLTF",0,1,0.00036231884057971,0,1,1,FALSE,"clonotype2140"
"PT3","TRB:CASSIVGRTSGTDTQYF;TRA:CALEPVLRDLGRLYF",0,1,0.00036231884057971,0,1,1,FALSE,"clonotype2102"
"PT3","TRB:CASSIVNQNTGELFF;TRA:CAVSGAYKLSF",0,1,0.00036231884057971,0,1,1,FALSE,"clonotype1259"
"PT3","TRB:CASSKEVQGPGYTF;TRA:CAVSVAGGYQKVTF",0,1,0.00036231884057971,0,1,1,FALSE,"clonotype997"
"PT3","TRB:CASSKGGANEKLFF;TRA:CAGAQAAGNKLTF",0,1,0.00036231884057971,0,1,1,FALSE,"clonotype827"
"PT3","TRB:CASSKGQGASPGYTF;TRB:CASSVRLEGDTQYF;TRA:CAASPFNSGNTPLVF",0,1,0.00036231884057971,0,1,1,FALSE,"clonotype1587"
"PT3","TRB:CASSKGRENEQFF;TRA:CAARDGQKLLF",0,1,0.00036231884057971,0,1,1,FALSE,"clonotype1089"
"PT3","TRB:CASSKGTGARTNEKLFF;TRA:CAWNSGGYQKVTF",0,1,0.00036231884057971,0,1,1,FALSE,"clonotype2023"
"PT3","TRB:CASSKHANTEAFF;TRA:CAVQGQGAQKLVF",0,1,0.00036231884057971,0,1,1,FALSE,"clonotype891"
"PT3","TRB:CASSKIPGTYNEQFF;TRA:CAGQLREQGAQKLVF",0,1,0.00036231884057971,0,1,1,FALSE,"clonotype1301"
"PT3","TRB:CASSKKITGELFF;TRA:CAMRADQTGANNLFF",0,1,0.00036231884057971,0,1,1,FALSE,"clonotype1074"
"PT3","TRB:CASSKNTGLPKETQYF;TRA:CALSEAKNSGYALNF",0,1,0.00036231884057971,0,1,1,FALSE,"clonotype2106"
"PT3","TRB:CASSKRGLAGGYEQFF;TRA:CAASANYGGSQGNLIF",0,1,0.00036231884057971,0,1,1,FALSE,"clonotype1927"
"PT3","TRB:CASSKRQAWENTEAFF;TRA:CALDSSYKLIF",0,1,0.00036231884057971,0,1,1,FALSE,"clonotype1675"
"PT3","TRB:CASSKSRQGRDYGYTF;TRA:CAMSVTGGSYIPTF",0,1,0.00036231884057971,0,1,1,FALSE,"clonotype1846"
"PT3","TRB:CASSKYSQNTGELFF;TRA:CAASDDYKLSF;TRA:CAGQLTGSARQLTF",0,1,0.00036231884057971,0,1,1,FALSE,"clonotype1257"
"PT3","TRB:CASSKYSYEQYF;TRA:CAVQDANGSSNTGKLIF",0,1,0.00036231884057971,0,1,1,FALSE,"clonotype404"
"PT3","TRB:CASSLAAHASYEQYF;TRA:CATDLNARLMF",0,1,0.00036231884057971,0,1,1,FALSE,"clonotype1691"
"PT3","TRB:CASSLAALAGPGNEQFF;TRA:CALNNDMRF",0,1,0.00036231884057971,0,1,1,FALSE,"clonotype2155"
"PT3","TRB:CASSLAASTGELFF;TRA:CAEGYNTDKLIF;TRA:CAVSEEGTYKYIF",0,1,0.00036231884057971,0,1,1,FALSE,"clonotype1334"
"PT3","TRB:CASSLAAVSGANVLTF;TRA:CAMAAAGNKLTF",0,1,0.00036231884057971,0,1,1,FALSE,"clonotype1727"
"PT3","TRB:CASSLADSYEQYF;TRA:CAYRNTGNQFYF",0,1,0.00036231884057971,0,1,1,FALSE,"clonotype645"
"PT3","TRB:CASSLAEDRGTGELFF;TRA:CAVSTNTDKLIF;TRA:CVGLNNARLMF",0,1,0.00036231884057971,0,1,1,FALSE,"clonotype1646"
"PT3","TRB:CASSLAEVPRNEQFF",0,1,0.00036231884057971,0,1,1,FALSE,"clonotype1152"
"PT3","TRB:CASSLAGAWLYSNQPQHF;TRB:CSARVGQGNTEAFF;TRA:CLVAIPSGGSYIPTF",0,1,0.00036231884057971,0,1,1,FALSE,"clonotype325"
"PT3","TRB:CASSLAGDYGYTF;TRA:CVVSEGNQGGKLIF",0,1,0.00036231884057971,0,1,1,FALSE,"clonotype643"
"PT3","TRB:CASSLAGGFTEAFF;TRA:CAGPHRGSTLGRLYF",0,1,0.00036231884057971,0,1,1,FALSE,"clonotype1339"
"PT3","TRB:CASSLAGGQATGELFF",0,1,0.00036231884057971,0,1,1,FALSE,"clonotype1948"
"PT3","TRB:CASSLAGGYEQYF;TRA:CAGSRLGGYNKLIF",0,1,0.00036231884057971,0,1,1,FALSE,"clonotype516"
"PT3","TRB:CASSLAGLAGGQETQYF;TRA:CASLLNNRLAF",0,1,0.00036231884057971,0,1,1,FALSE,"clonotype2136"
"PT3","TRB:CASSLAGQGHEQYF;TRA:CAVEADYGQNFVF",0,1,0.00036231884057971,0,1,1,FALSE,"clonotype924"
"PT3","TRB:CASSLAGQTEAFF;TRA:CVVSPQRNAGNMLTF",0,1,0.00036231884057971,0,1,1,FALSE,"clonotype1044"
"PT3","TRB:CASSLAGSRPAEAFF",0,1,0.00036231884057971,0,1,1,FALSE,"clonotype1158"
"PT3","TRB:CASSLAGTLQETQYF;TRA:CAENWRGDAGGTSYGKLTF",0,1,0.00036231884057971,0,1,1,FALSE,"clonotype1564"
"PT3","TRB:CASSLAGTSGHEQYF;TRA:CAASKGFQKLVF;TRA:CALRGKDGNNRLAF",0,1,0.00036231884057971,0,1,1,FALSE,"clonotype1279"
"PT3","TRB:CASSLAGTSTDTQYF;TRA:CAASEMGQGGKLIF",0,1,0.00036231884057971,0,1,1,FALSE,"clonotype1573"
"PT3","TRB:CASSLAKGWGRTGELFF;TRA:CAAADRGSTLGRLYF",0,1,0.00036231884057971,0,1,1,FALSE,"clonotype2195"
"PT3","TRB:CASSLALRGGIDEQFF;TRA:CAAHGLTGNQFYF",0,1,0.00036231884057971,0,1,1,FALSE,"clonotype1765"
"PT3","TRB:CASSLALWKTEAFF",0,1,0.00036231884057971,0,1,1,FALSE,"clonotype1161"
"PT3","TRB:CASSLANRGDTGELFF;TRA:CILRDFYNQGGKLIF",0,1,0.00036231884057971,0,1,1,FALSE,"clonotype1990"
"PT3","TRB:CASSLAPAGVGEQYF;TRA:CIVRSATDSWGKLQF",0,1,0.00036231884057971,0,1,1,FALSE,"clonotype1692"
"PT3","TRB:CASSLAPGFSDSGANVLTF;TRA:CAARVTGGFKTIF",0,1,0.00036231884057971,0,1,1,FALSE,"clonotype2250"
"PT3","TRB:CASSLAPRAGAYEQYF;TRA:CALSGLYNQGGKLIF",0,1,0.00036231884057971,0,1,1,FALSE,"clonotype2103"
"PT3","TRB:CASSLAPSDTEAFF;TRA:CVVRLYNFNKFYF",0,1,0.00036231884057971,0,1,1,FALSE,"clonotype1396"
"PT3","TRB:CASSLAQANTGELFF",0,1,0.00036231884057971,0,1,1,FALSE,"clonotype1127"
"PT3","TRB:CASSLAQEQYF;TRA:CAASASGNTGKLIF",0,1,0.00036231884057971,0,1,1,FALSE,"clonotype280"
"PT3","TRB:CASSLAQGPYNEQFF",0,1,0.00036231884057971,0,1,1,FALSE,"clonotype1624"
"PT3","TRB:CASSLAQLNTEAFF;TRA:CALTPSGNTPLVF",0,1,0.00036231884057971,0,1,1,FALSE,"clonotype1335"
"PT3","TRB:CASSLARDTEAFF;TRA:CALPASGGSYIPTF",0,1,0.00036231884057971,0,1,1,FALSE,"clonotype1112"
"PT3","TRB:CASSLARGGAAFYGYTF;TRB:CSAQDTEAFF;TRA:CAYISTGANSKLTF;TRA:CIVRERDDKIIF",0,1,0.00036231884057971,0,1,1,FALSE,"clonotype141"
"PT3","TRB:CASSLARGGVNEQFF;TRA:CAANTGGFKTIF",0,1,0.00036231884057971,0,1,1,FALSE,"clonotype1803"
"PT3","TRB:CASSLARGQGDTEAFF;TRA:CGTEKGGSYIPTF",0,1,0.00036231884057971,0,1,1,FALSE,"clonotype2020"
"PT3","TRB:CASSLARQGYTEAFF;TRA:CAPNFGNEKLTF",0,1,0.00036231884057971,0,1,1,FALSE,"clonotype1718"
"PT3","TRB:CASSLARTGLNTEAFF;TRA:CAVRRGVLTGGGNKLTF;TRA:CVVRTPTSGTYKYIF",0,1,0.00036231884057971,0,1,1,FALSE,"clonotype2091"
"PT3","TRB:CASSLASNVAGPSSGANVLTF;TRA:CAAATYTDKLIF",0,1,0.00036231884057971,0,1,1,FALSE,"clonotype2261"
"PT3","TRB:CASSLAWGANYGYTF;TRA:CLVGDGLSGAGSYQLTF;TRA:CVAFYLTGGGNKLTF",0,1,0.00036231884057971,0,1,1,FALSE,"clonotype1328"
"PT3","TRB:CASSLAWGSGPGELFF;TRA:CAAQIGFGNVLHC;TRA:CAEAGGTSYGKLTF",0,1,0.00036231884057971,0,1,1,FALSE,"clonotype2259"
"PT3","TRB:CASSLAWTEGFSYEQYF;TRA:CAASGGLISGGYNKLIF;TRA:CAEIYPGYSSASKIIF",0,1,0.00036231884057971,0,1,1,FALSE,"clonotype2100"
"PT3","TRB:CASSLDAQTGELFF;TRA:CAERYGGSQGNLIF",0,1,0.00036231884057971,0,1,1,FALSE,"clonotype1443"
"PT3","TRB:CASSLDFGTSDTGELFF;TRB:CSVGQAGTEAFF;TRA:CALNSNDYKLSF;TRA:CATAHSGGYNKLIF",0,1,0.00036231884057971,0,1,1,FALSE,"clonotype175"
"PT3","TRB:CASSLDFIAYNEQFF;TRA:CALSEGSGRNQFYF",0,2,0.00072463768115942,0,0.50310133915813,1,FALSE,"clonotype108"
"PT3","TRB:CASSLDGATGELFF;TRA:CAASKAGTYKYIF",0,1,0.00036231884057971,0,1,1,FALSE,"clonotype908"
"PT3","TRB:CASSLDGLDTNYGYTF;TRA:CALTGGYSSASKIIF",0,1,0.00036231884057971,0,1,1,FALSE,"clonotype2060"
"PT3","TRB:CASSLDGNQPQHF",0,1,0.00036231884057971,0,1,1,FALSE,"clonotype720"
"PT3","TRB:CASSLDGTHTDTQYF",0,1,0.00036231884057971,0,1,1,FALSE,"clonotype1620"
"PT3","TRB:CASSLDLGRANTEAFF;TRA:CALSALRGTGNQFYF",0,1,0.00036231884057971,0,1,1,FALSE,"clonotype1836"
"PT3","TRB:CASSLDNNYGYTF;TRA:CAVPQDTGRRALTF",0,1,0.00036231884057971,0,1,1,FALSE,"clonotype591"
"PT3","TRB:CASSLDPANRGPGETQYF;TRA:CVVSEIGNEKLTF",0,1,0.00036231884057971,0,1,1,FALSE,"clonotype2231"
"PT3","TRB:CASSLDPGRKTEAFF;TRA:CAGRGNNNDMRF",0,1,0.00036231884057971,0,1,1,FALSE,"clonotype1214"
"PT3","TRB:CASSLDPIRELFF;TRA:CAAIGNQGGKLIF",0,1,0.00036231884057971,0,1,1,FALSE,"clonotype702"
"PT3","TRB:CASSLDRAGDTQYF;TRA:CLVVLGDNAGNMLTF",0,1,0.00036231884057971,0,1,1,FALSE,"clonotype829"
"PT3","TRB:CASSLDRANEQFF;TRA:CAASMQSGSARQLTF",0,1,0.00036231884057971,0,1,1,FALSE,"clonotype1104"
"PT3","TRB:CASSLDRENGYTF;TRA:CAFMKYNTDKLIF",0,1,0.00036231884057971,0,1,1,FALSE,"clonotype1028"
"PT3","TRB:CASSLDRGHSYEQYF;TRA:CAVSADTDKLIF",0,1,0.00036231884057971,0,1,1,FALSE,"clonotype1762"
"PT3","TRB:CASSLDRGLATTGELFF;TRA:CAPLNQAGTALIF;TRA:CATVFLRTGNQFYF",0,1,0.00036231884057971,0,1,1,FALSE,"clonotype2043"
"PT3","TRB:CASSLDRGRTDTQYF;TRA:CLVGSPLFYNQGGKLIF",0,1,0.00036231884057971,0,1,1,FALSE,"clonotype1753"
"PT3","TRB:CASSLDRGTDTQYF;TRA:CAPSEGSGTYKYIF",0,1,0.00036231884057971,0,1,1,FALSE,"clonotype1394"
"PT3","TRB:CASSLDRGTEAFF;TRA:CAASIIGGKLIF",0,1,0.00036231884057971,0,1,1,FALSE,"clonotype1092"
"PT3","TRB:CASSLDRQRGTQYF;TRA:CAMREGPWGNKLVF",0,1,0.00036231884057971,0,1,1,FALSE,"clonotype1521"
"PT3","TRB:CASSLDRRYEQYF;TRA:CAVNNQAGTALIF",0,1,0.00036231884057971,0,1,1,FALSE,"clonotype533"
"PT3","TRB:CASSLDTSGNTIYF;TRA:CAVTRVQGAQKLVF",0,1,0.00036231884057971,0,1,1,FALSE,"clonotype969"
"PT3","TRB:CASSLDTSTNEKLFF;TRA:CIVRTPYGGATNKLIF",0,1,0.00036231884057971,0,1,1,FALSE,"clonotype1282"
"PT3","TRB:CASSLEAEIITDTQYF;TRA:CALSDRASSYKLIF",0,1,0.00036231884057971,0,1,1,FALSE,"clonotype1801"
"PT3","TRB:CASSLEAGPDTQYF;TRA:CAVYSAGNMLTF",0,1,0.00036231884057971,0,1,1,FALSE,"clonotype864"
"PT3","TRB:CASSLEARTSGRAYNEQFF",0,1,0.00036231884057971,0,1,1,FALSE,"clonotype2242"
"PT3","TRB:CASSLEASFLSSGNTIYF;TRA:CATDLRAGGTSYGKLTF",0,1,0.00036231884057971,0,1,1,FALSE,"clonotype2201"
"PT3","TRB:CASSLEGAGNQPQHF;TRA:CARGAAGNKLTF;TRA:CAVWGDYKLSF",0,2,0.00072463768115942,0,0.50310133915813,1,FALSE,"clonotype112"
"PT3","TRB:CASSLEGGNQPQHF;TRA:CAVRDPPWRTGRRALTF",0,1,0.00036231884057971,0,1,1,FALSE,"clonotype1068"
"PT3","TRB:CASSLEGGRETQYF;TRA:CVVTDSWGKLQF",0,1,0.00036231884057971,0,1,1,FALSE,"clonotype906"
"PT3","TRB:CASSLEGGTIYGYTF;TRA:CAFRNNDMRF",0,1,0.00036231884057971,0,1,1,FALSE,"clonotype1759"
"PT3","TRB:CASSLEGIRGYTF;TRA:CALSEVGAQKLVF",0,1,0.00036231884057971,0,1,1,FALSE,"clonotype662"
"PT3","TRB:CASSLEGLAGASYNEQFF;TRA:CALKGGGSNYKLTF",0,1,0.00036231884057971,0,1,1,FALSE,"clonotype2179"
"PT3","TRB:CASSLEGPTGDTQYF;TRA:CAVNIDNARLMF",0,1,0.00036231884057971,0,1,1,FALSE,"clonotype1754"
"PT3","TRB:CASSLEGRYNEQFF;TRA:CAASRSNDYKLSF;TRA:CAMSPFLYNQGGKLIF",0,1,0.00036231884057971,0,1,1,FALSE,"clonotype1537"
"PT3","TRB:CASSLEGSGNTIYF;TRA:CAVNRADGNKLVF",0,1,0.00036231884057971,0,1,1,FALSE,"clonotype955"
"PT3","TRB:CASSLEGTATNEKLFF;TRA:CAVRALLGYSTLTF",0,1,0.00036231884057971,0,1,1,FALSE,"clonotype2034"
"PT3","TRB:CASSLEGTRNQPQHF;TRA:CAVNAGSSASKIIF;TRA:CAVRDRSGGSYIPTF",0,1,0.00036231884057971,0,1,1,FALSE,"clonotype1448"
"PT3","TRB:CASSLEGWNGYTF;TRA:CAVTNSGYALNF",0,1,0.00036231884057971,0,1,1,FALSE,"clonotype518"
"PT3","TRB:CASSLEGYRAGELFF;TRB:CASSYSTAINEQFF;TRA:CAVGGTMDGGATNKLIF;TRA:CLGWGNAGNMLTF",0,1,0.00036231884057971,0,1,1,FALSE,"clonotype770"
"PT3","TRB:CASSLELANTGELFF;TRA:CAAIHRDDKIIF",0,1,0.00036231884057971,0,1,1,FALSE,"clonotype1280"
"PT3","TRB:CASSLEMNTEAFF;TRA:CALNSNQAGTALIF",0,1,0.00036231884057971,0,1,1,FALSE,"clonotype939"
"PT3","TRB:CASSLEPAGGTETQYF;TRA:CAVRAAAGNKLTF",0,1,0.00036231884057971,0,1,1,FALSE,"clonotype1970"
"PT3","TRB:CASSLEQGNTEAFF;TRA:CILRGPWLRGATNKLIF",0,2,0.00072463768115942,0,0.50310133915813,1,FALSE,"clonotype79"
"PT3","TRB:CASSLERAGPSSYNEQFF;TRA:CGTVNQAGTALIF",0,1,0.00036231884057971,0,1,1,FALSE,"clonotype2227"
"PT3","TRB:CASSLERDNEQFF;TRA:CALRPGDGQKLLF;TRA:CAVRGNTDKLIF",0,1,0.00036231884057971,0,1,1,FALSE,"clonotype896"
"PT3","TRB:CASSLERETQYF",0,1,0.00036231884057971,0,1,1,FALSE,"clonotype446"
"PT3","TRB:CASSLERNEKLFF;TRA:CAETRTGGGADGLTF",0,1,0.00036231884057971,0,1,1,FALSE,"clonotype655"
"PT3","TRB:CASSLETGDSGELFF;TRA:CVVSDANAGKSTF",0,1,0.00036231884057971,0,1,1,FALSE,"clonotype1837"
"PT3","TRB:CASSLETKPNTGELFF;TRB:CASSSQGALYEQYF;TRA:CAASISNNNDMRF;TRA:CIVRPHSGAGSYQLTF",0,1,0.00036231884057971,0,1,1,FALSE,"clonotype862"
"PT3","TRB:CASSLEVAGGPGNEQFF;TRA:CALSTANFGNEKLTF",0,1,0.00036231884057971,0,1,1,FALSE,"clonotype2263"
"PT3","TRB:CASSLEVGGVGKLFF;TRA:CAVLYSTLTF",0,1,0.00036231884057971,0,1,1,FALSE,"clonotype1666"
"PT3","TRB:CASSLEVNTEAFF;TRA:CAAQLGAQKLVF;TRA:CIVTALNKFYF",0,1,0.00036231884057971,0,1,1,FALSE,"clonotype457"
"PT3","TRB:CASSLEVRRGETQYF;TRB:CASSRSGTGYTDTQYF;TRA:CALSEAFWGSSNTGKLIF;TRA:CAVNNNARLMF",0,1,0.00036231884057971,0,1,1,FALSE,"clonotype1281"
"PT3","TRB:CASSLFLGSSYNSPLHF;TRA:CAGDRAGNSGYALNF;TRA:CIVSGGDQTGANNLFF",0,1,0.00036231884057971,0,1,1,FALSE,"clonotype2005"
"PT3","TRB:CASSLFPKEAYNSPLHF;TRA:CIVRVVGSGGSNYKLTF",0,1,0.00036231884057971,0,1,1,FALSE,"clonotype2167"
"PT3","TRB:CASSLFQGRVTGELFF;TRA:CVVSDDNAGNMLTF",0,1,0.00036231884057971,0,1,1,FALSE,"clonotype1863"
"PT3","TRB:CASSLFRLSGESDQPQHF;TRA:CALSEENRDDKIIF",0,1,0.00036231884057971,0,1,1,FALSE,"clonotype2239"
"PT3","TRB:CASSLFSEAFF;TRA:CAFSNFGNEKLTF",0,2,0.00072463768115942,0,0.50310133915813,1,FALSE,"clonotype61"
"PT3","TRB:CASSLFSRGLTEAFF;TRA:CAYQARNRDDKIIF",0,1,0.00036231884057971,0,1,1,FALSE,"clonotype1517"
"PT3","TRB:CASSLGAGTPTDTQYF;TRA:CAYRSRTSGSRLTF",0,1,0.00036231884057971,0,1,1,FALSE,"clonotype1885"
"PT3","TRB:CASSLGAGTYNEQFF;TRA:CGTASTDSWGKLQF",0,1,0.00036231884057971,0,1,1,FALSE,"clonotype1409"
"PT3","TRB:CASSLGANNSPLHF;TRA:CADLGGGADGLTF",0,1,0.00036231884057971,0,1,1,FALSE,"clonotype1395"
"PT3","TRB:CASSLGAQGAPQHF;TRA:CVVNDGYNKLIF",0,1,0.00036231884057971,0,1,1,FALSE,"clonotype1285"
"PT3","TRB:CASSLGARTEAFF;TRA:CAVEGVNSGYSTLTF",0,1,0.00036231884057971,0,1,1,FALSE,"clonotype977"
"PT3","TRB:CASSLGASGGPQGEQFF;TRA:CVQGTSYGKLTF",0,1,0.00036231884057971,0,1,1,FALSE,"clonotype2050"
"PT3","TRB:CASSLGATGFSDTQYF;TRA:CAVSWGNNARLMF",0,1,0.00036231884057971,0,1,1,FALSE,"clonotype1802"
"PT3","TRB:CASSLGDFYTDTQYF;TRA:CAVFGGATNKLIF",0,1,0.00036231884057971,0,1,1,FALSE,"clonotype1689"
"PT3","TRB:CASSLGDRYNEQFF;TRB:CASSSGQSNEKLFF;TRA:CATLTSGSRLTF",0,2,0.00072463768115942,0,0.50310133915813,1,FALSE,"clonotype95"
"PT3","TRB:CASSLGDTQYF;TRA:CALSGLWNRQAGTALIF",0,1,0.00036231884057971,0,1,1,FALSE,"clonotype421"
"PT3","TRB:CASSLGEDGNQPQHF;TRB:CASSLGFRDKVIVHEQYF;TRA:CIVRVHSGGGADGLTF",0,1,0.00036231884057971,0,1,1,FALSE,"clonotype1713"
"PT3","TRB:CASSLGEGRPLHF;TRA:CAASWGQAGTALIF",0,1,0.00036231884057971,0,1,1,FALSE,"clonotype942"
"PT3","TRB:CASSLGEPSSGNTIYF;TRA:CAGSGGYNKLIF",0,1,0.00036231884057971,0,1,1,FALSE,"clonotype1766"
"PT3","TRB:CASSLGESSYEQYF;TRA:CAVRQGSGNTPLVF",0,1,0.00036231884057971,0,1,1,FALSE,"clonotype1393"
"PT3","TRB:CASSLGETQYF;TRA:CIVRALANQAGTALIF",0,1,0.00036231884057971,0,1,1,FALSE,"clonotype230"
"PT3","TRB:CASSLGGAIYGYTF;TRA:CALEGNTGNQFYF",0,1,0.00036231884057971,0,1,1,FALSE,"clonotype1109"
"PT3","TRB:CASSLGGAPETQYF;TRA:CAFLGADSWGKLQF",0,1,0.00036231884057971,0,1,1,FALSE,"clonotype1532"
"PT3","TRB:CASSLGGARASTDTQYF;TRA:CAVRDRQDSSYKLIF",0,1,0.00036231884057971,0,1,1,FALSE,"clonotype1986"
"PT3","TRB:CASSLGGDRYNEQFF;TRA:CALRPSGGYNKLIF",0,1,0.00036231884057971,0,1,1,FALSE,"clonotype1688"
"PT3","TRB:CASSLGGDTGELFF;TRA:CVVTPNAGGTSYGKLTF",0,1,0.00036231884057971,0,1,1,FALSE,"clonotype1513"
"PT3","TRB:CASSLGGGGSEKLFF;TRA:CIVRDNYGQNFVF",0,1,0.00036231884057971,0,1,1,FALSE,"clonotype1651"
"PT3","TRB:CASSLGGGQGTHGYTF;TRA:CLVGGLFSGGYNKLIF",0,1,0.00036231884057971,0,1,1,FALSE,"clonotype1721"
"PT3","TRB:CASSLGGGQPQHF;TRB:CAWSVASLRSYNEQFF;TRA:CAALGAGSYQLTF;TRA:CAGSAGSNARLMF",0,1,0.00036231884057971,0,1,1,FALSE,"clonotype807"
"PT3","TRB:CASSLGGGSRYGYTF;TRA:CAAGEGTGNQFYF",0,1,0.00036231884057971,0,1,1,FALSE,"clonotype1910"
"PT3","TRB:CASSLGGGVGTQYF;TRA:CAVGLSNQAGTALIF",0,1,0.00036231884057971,0,1,1,FALSE,"clonotype1492"
"PT3","TRB:CASSLGGLAGAPTDTQYF;TRB:CASSLRTTGYEQYF;TRA:CARSYYNQGGKLIF",0,1,0.00036231884057971,0,1,1,FALSE,"clonotype963"
"PT3","TRB:CASSLGGLRPLHF;TRA:CAVEGLLGGGADGLTF;TRA:CGADSNSGYALNF",0,1,0.00036231884057971,0,1,1,FALSE,"clonotype900"
"PT3","TRB:CASSLGGLRRNYGYTF;TRA:CAASATNDYKLSF",0,1,0.00036231884057971,0,1,1,FALSE,"clonotype1913"
"PT3","TRB:CASSLGGNSGNTIYF;TRB:CASSVRGQGAGRNQPQHF;TRA:CAVRVYNDYKLSF;TRA:CVVSASGGYNKLIF",0,1,0.00036231884057971,0,1,1,FALSE,"clonotype1405"
"PT3","TRB:CASSLGGPVSNTEAFF;TRA:CAAPKGFQKLVF;TRA:CAASHGGSGNTGKLIF",0,1,0.00036231884057971,0,1,1,FALSE,"clonotype1862"
"PT3","TRB:CASSLGGQGAVDTQYF;TRA:CAASEVGGAQKLVF;TRA:CAGAFQGGSEKLVF",0,2,0.00072463768115942,0,0.50310133915813,1,FALSE,"clonotype132"
"PT3","TRB:CASSLGGQGDEKLFF;TRA:CALDGSNYGGSQGNLIF",0,1,0.00036231884057971,0,1,1,FALSE,"clonotype1939"
"PT3","TRB:CASSLGGQGSSPLHF;TRA:CAVSDSSGYQTGANNLFF",0,1,0.00036231884057971,0,1,1,FALSE,"clonotype1902"
"PT3","TRB:CASSLGGRVNEQFF;TRA:CALFHGSGNTGKLIF",0,1,0.00036231884057971,0,1,1,FALSE,"clonotype986"
"PT3","TRB:CASSLGGTSDEQFF;TRA:CAVENYGGSQGNLIF",0,1,0.00036231884057971,0,1,1,FALSE,"clonotype1489"
"PT3","TRB:CASSLGGYSGNTIYF;TRA:CAVTATGGGNKLTF",0,1,0.00036231884057971,0,1,1,FALSE,"clonotype2267"
"PT3","TRB:CASSLGHTYGYTF;TRA:CAVRPGDRGSTLGRLYF",0,1,0.00036231884057971,0,1,1,FALSE,"clonotype1045"
"PT3","TRB:CASSLGIGRVYEQYF;TRA:CAVIYTGNQFYF",0,1,0.00036231884057971,0,1,1,FALSE,"clonotype1669"
"PT3","TRB:CASSLGLAGPDTQYF;TRA:CAASDVSTGGFKTIF",0,1,0.00036231884057971,0,1,1,FALSE,"clonotype1456"
"PT3","TRB:CASSLGLAGVKWFF",0,1,0.00036231884057971,0,1,1,FALSE,"clonotype1145"
"PT3","TRB:CASSLGLASTDTQYF;TRA:CAQYGNKLVF",0,1,0.00036231884057971,0,1,1,FALSE,"clonotype1668"
"PT3","TRB:CASSLGLGGGAIAYEQFF;TRA:CVVRPMDSNYQLIW",0,1,0.00036231884057971,0,1,1,FALSE,"clonotype2232"
"PT3","TRB:CASSLGLKQGPRHEQYF;TRA:CAYRSMGGATNKLIF",0,1,0.00036231884057971,0,1,1,FALSE,"clonotype2274"
"PT3","TRB:CASSLGLQLAGPHNEQFF;TRA:CAVSEPSWGAQKLVF",0,1,0.00036231884057971,0,1,1,FALSE,"clonotype2196"
"PT3","TRB:CASSLGLTRRPYEQYF;TRA:CAFMKPWGAGGTSYGKLTF;TRA:CAVKGRDDYKLSF",0,1,0.00036231884057971,0,1,1,FALSE,"clonotype2272"
"PT3","TRB:CASSLGPAEAFF;TRA:CAGATGANNLFF",0,1,0.00036231884057971,0,1,1,FALSE,"clonotype343"
"PT3","TRB:CASSLGPDLQGARGYTF;TRA:CAGGAAGNNRKLIW;TRA:CAGVRGSARQLTF",0,2,0.00072463768115942,0,0.50310133915813,1,FALSE,"clonotype131"
"PT3","TRB:CASSLGPLAGGSYEQYF;TRA:CVVGVFLSGGSYIPTF",0,1,0.00036231884057971,0,1,1,FALSE,"clonotype2111"
"PT3","TRB:CASSLGPSGGPADEQYF;TRB:CASSQERGQGADTQYF;TRA:CALGSSGGSYIPTF;TRA:CATSGANSKLTF",0,1,0.00036231884057971,0,1,1,FALSE,"clonotype1730"
"PT3","TRB:CASSLGQDLGNTEAFF;TRA:CAELNSGGYQKVTF",0,1,0.00036231884057971,0,1,1,FALSE,"clonotype2071"
"PT3","TRB:CASSLGQGASGNEKLFF;TRA:CAASDDRGSTLGRLYF",0,1,0.00036231884057971,0,1,1,FALSE,"clonotype2125"
"PT3","TRB:CASSLGQGDTQYF;TRA:CAVMLFSGGYNKLIF",0,1,0.00036231884057971,0,1,1,FALSE,"clonotype669"
"PT3","TRB:CASSLGQGGYNEQFF;TRA:CAASDPWAGNTPLVF",0,1,0.00036231884057971,0,1,1,FALSE,"clonotype1922"
"PT3","TRB:CASSLGQGYQETQYF",0,1,0.00036231884057971,0,1,1,FALSE,"clonotype1149"
"PT3","TRB:CASSLGQRAGALYEQYF;TRA:CAAKTGANNLFF;TRA:CPPRSGGSYIPTF",0,1,0.00036231884057971,0,1,1,FALSE,"clonotype2026"
"PT3","TRB:CASSLGQRPTDTQYF;TRA:CAMPQGAQKLVF",0,1,0.00036231884057971,0,1,1,FALSE,"clonotype1404"
"PT3","TRB:CASSLGQSLDKNIQYF;TRA:CAVMRFGNVLHC",0,1,0.00036231884057971,0,1,1,FALSE,"clonotype1750"
"PT3","TRB:CASSLGQSYEQYF;TRA:CAYRSYNQGGKLIF",0,1,0.00036231884057971,0,1,1,FALSE,"clonotype1052"
"PT3","TRB:CASSLGRASGNTIYF;TRA:CGTDTSGTYKYIF",0,1,0.00036231884057971,0,1,1,FALSE,"clonotype1758"
"PT3","TRB:CASSLGRETQYF;TRA:CAVNAGNNRKLIW",0,1,0.00036231884057971,0,1,1,FALSE,"clonotype430"
"PT3","TRB:CASSLGRGIFNEQFF;TRA:CAVQARGNQFYF",0,1,0.00036231884057971,0,1,1,FALSE,"clonotype1715"
"PT3","TRB:CASSLGRGIFNEQFF;TRB:CATSLRSGTDTQYF;TRA:CAVIAAGNKLTF",0,6,0.00217391304347826,0,0.0341755472392289,1,FALSE,"clonotype18"
"PT3","TRB:CASSLGRGNTEAFF;TRA:CAAPTGGGNKLTF",0,1,0.00036231884057971,0,1,1,FALSE,"clonotype1388"
"PT3","TRB:CASSLGRGSSYEQYF",0,1,0.00036231884057971,0,1,1,FALSE,"clonotype1630"
"PT3","TRB:CASSLGRPYEQYF;TRA:CAVQGIMYSGGGADGLTF",0,1,0.00036231884057971,0,1,1,FALSE,"clonotype681"
"PT3","TRB:CASSLGRQDRVAWEQYF;TRA:CVVTLPNTGFQKLVF",0,1,0.00036231884057971,0,1,1,FALSE,"clonotype2194"
"PT3","TRB:CASSLGRRAEETQYF;TRA:CAVSGTGNQFYF",0,1,0.00036231884057971,0,1,1,FALSE,"clonotype1773"
"PT3","TRB:CASSLGRRARGTEAFF;TRA:CAVKDNYGQNFVF",0,1,0.00036231884057971,0,1,1,FALSE,"clonotype2022"
"PT3","TRB:CASSLGRSNTEAFF;TRA:CAVIIFNNAGNMLTF",0,1,0.00036231884057971,0,1,1,FALSE,"clonotype1491"
"PT3","TRB:CASSLGRSSSYNEQFF;TRA:CVVNRGTGRRALTF",0,1,0.00036231884057971,0,1,1,FALSE,"clonotype2046"
"PT3","TRB:CASSLGRTGEQFF;TRA:CAVLDDYKLSF",0,1,0.00036231884057971,0,1,1,FALSE,"clonotype820"
"PT3","TRB:CASSLGSGAYEQYF;TRA:CAMSSGGFKTIF",0,1,0.00036231884057971,0,1,1,FALSE,"clonotype1397"
"PT3","TRB:CASSLGSRGETQYF;TRA:CAATSFGNEKLTF",0,1,0.00036231884057971,0,1,1,FALSE,"clonotype1362"
"PT3","TRB:CASSLGSTDTQYF;TRA:CAASAGNNNDMRF;TRA:CAVTTDSWGKLQF",0,1,0.00036231884057971,0,1,1,FALSE,"clonotype564"
"PT3","TRB:CASSLGSTQPQHF;TRA:CAVSERSGGSNYKLTF",0,1,0.00036231884057971,0,1,1,FALSE,"clonotype1043"
"PT3","TRB:CASSLGTANTEAFF;TRA:CAVGGNTPLVF",0,1,0.00036231884057971,0,1,1,FALSE,"clonotype1240"
"PT3","TRB:CASSLGTEAFF;TRB:CASSPRGQGVDRETQYF;TRA:CAALRYGAGSYQLTF",0,1,0.00036231884057971,0,1,1,FALSE,"clonotype284"
"PT3","TRB:CASSLGTGVTDTQYF;TRA:CAVGTYKYIF",0,1,0.00036231884057971,0,1,1,FALSE,"clonotype1643"
"PT3","TRB:CASSLGTTSTDTQYF;TRA:CAATEGGQNFVF",0,1,0.00036231884057971,0,1,1,FALSE,"clonotype1717"
"PT3","TRB:CASSLGVGEQYF;TRA:CGTEGRQTGANNLFF",0,1,0.00036231884057971,0,1,1,FALSE,"clonotype628"
"PT3","TRB:CASSLGVGRLGSPLHF;TRA:CAVMGSNYQLIW",0,1,0.00036231884057971,0,1,1,FALSE,"clonotype2003"
"PT3","TRB:CASSLGVGTDTQYF;TRA:CAATPYNTDKLIF",0,1,0.00036231884057971,0,1,1,FALSE,"clonotype1340"
"PT3","TRB:CASSLGWAETQYF;TRA:CAVGARSGGSYIPTF",0,1,0.00036231884057971,0,1,1,FALSE,"clonotype664"
"PT3","TRB:CASSLGWGRTGELFF;TRA:CAGETNAGNMLTF",0,1,0.00036231884057971,0,1,1,FALSE,"clonotype1788"
"PT3","TRB:CASSLGWGTEAFF;TRA:CAVTILTGANSKLTF",0,1,0.00036231884057971,0,1,1,FALSE,"clonotype1039"
"PT3","TRB:CASSLGWMETQYF;TRA:CAARAGNNRKLIW",0,1,0.00036231884057971,0,1,1,FALSE,"clonotype553"
"PT3","TRB:CASSLGWTASGNTIYF;TRA:CAGATNDMRF",0,1,0.00036231884057971,0,1,1,FALSE,"clonotype1640"
"PT3","TRB:CASSLHGSYNEQFF",0,1,0.00036231884057971,0,1,1,FALSE,"clonotype1167"
"PT3","TRB:CASSLILLRSGELFF;TRA:CALSGVTQGGSEKLVF",0,1,0.00036231884057971,0,1,1,FALSE,"clonotype1348"
"PT3","TRB:CASSLIRLNAYGYTF;TRB:CSARDRQGPGYTF;TRA:CAFIYSGTYKYIF",0,1,0.00036231884057971,0,1,1,FALSE,"clonotype267"
"PT3","TRB:CASSLIYSHEQFF;TRA:CALIGSGNTGFQKLVF",0,1,0.00036231884057971,0,1,1,FALSE,"clonotype1075"
"PT3","TRB:CASSLKGEETQYF",0,1,0.00036231884057971,0,1,1,FALSE,"clonotype2215"
"PT3","TRB:CASSLKGNTEAFF;TRA:CAENMGQKLLF",0,1,0.00036231884057971,0,1,1,FALSE,"clonotype850"
"PT3","TRB:CASSLKGPGGIQYF;TRA:CAASMKKTSGSRLTF",0,1,0.00036231884057971,0,1,1,FALSE,"clonotype1588"
"PT3","TRB:CASSLKGSGPYEQYF;TRA:CAGEDMRF",0,1,0.00036231884057971,0,1,1,FALSE,"clonotype1174"
"PT3","TRB:CASSLKGVNTEAFF;TRA:CALVGTRSGNTGKLIF",0,1,0.00036231884057971,0,1,1,FALSE,"clonotype1598"
"PT3","TRB:CASSLKLDILAKNIQYF;TRA:CAVNLLSNFGNEKLTF",0,1,0.00036231884057971,0,1,1,FALSE,"clonotype2097"
"PT3","TRB:CASSLKPGTSGRGDEQYF;TRA:CAVRGTDKLIF",0,1,0.00036231884057971,0,1,1,FALSE,"clonotype2216"
"PT3","TRB:CASSLKRGLLTTEAFF;TRA:CALILPFTQGGSEKLVF",0,1,0.00036231884057971,0,1,1,FALSE,"clonotype1912"
"PT3","TRB:CASSLKSGTGGYEQYF;TRA:CAVRGGKLIF;TRA:CVVSAQSGGYNKLIF",0,1,0.00036231884057971,0,1,1,FALSE,"clonotype1636"
"PT3","TRB:CASSLLAGASTDTQYF;TRA:CLVGAWYNQGGKLIF",0,1,0.00036231884057971,0,1,1,FALSE,"clonotype1696"
"PT3","TRB:CASSLLAGDTDTQYF;TRA:CALAPGGSQGNLIF",0,1,0.00036231884057971,0,1,1,FALSE,"clonotype1531"
"PT3","TRB:CASSLLAGEGLGQFF",0,2,0.00072463768115942,0,0.50310133915813,1,FALSE,"clonotype1138"
"PT3","TRB:CASSLLAGEGLGQFF",0,2,0.00072463768115942,0,0.50310133915813,1,FALSE,"clonotype1139"
"PT3","TRB:CASSLLAGGGEQFF;TRA:CAVLHNTNAGKSTF;TRA:CAVNTGGFKTIF",0,1,0.00036231884057971,0,1,1,FALSE,"clonotype848"
"PT3","TRB:CASSLLAGSSYEQYF;TRA:CAARVSGTDKLIF;TRA:CAVRDMDSNYQLIW",0,1,0.00036231884057971,0,1,1,FALSE,"clonotype1343"
"PT3","TRB:CASSLLAGVQDTQYF;TRA:CAVSQYGNKLVF",0,1,0.00036231884057971,0,1,1,FALSE,"clonotype1344"
"PT3","TRB:CASSLLATSYEQYF;TRA:CAAGARNNAGNMLTF",0,1,0.00036231884057971,0,1,1,FALSE,"clonotype1100"
"PT3","TRB:CASSLLGGLYEQYF;TRA:CATDATSAGTASKLTF",0,1,0.00036231884057971,0,1,1,FALSE,"clonotype1032"
"PT3","TRB:CASSLLGGSYEQYF;TRA:CVVSAYGGSQGNLIF",0,1,0.00036231884057971,0,1,1,FALSE,"clonotype1047"
"PT3","TRB:CASSLLGQGRYEQYF;TRA:CAVGKGNQFYF",0,1,0.00036231884057971,0,1,1,FALSE,"clonotype1707"
"PT3","TRB:CASSLLGQGRYEQYF;TRB:CASSTTALAPEKLFF;TRA:CLVGGQRGYNKLIF",0,1,0.00036231884057971,0,1,1,FALSE,"clonotype1194"
"PT3","TRB:CASSLLGRNTEAFF;TRA:CAVFSNQAGTALIF",0,1,0.00036231884057971,0,1,1,FALSE,"clonotype1444"
"PT3","TRB:CASSLLGTSSTDTQYF;TRA:CATVKNNNAGNMLTF",0,1,0.00036231884057971,0,1,1,FALSE,"clonotype2068"
"PT3","TRB:CASSLLGVDGANVLTF;TRA:CAVSLSMTTDSWGKLQF;TRA:CLVGDIRYSGGSNYKLTF",0,1,0.00036231884057971,0,1,1,FALSE,"clonotype1786"
"PT3","TRB:CASSLLNRAAEAFF;TRA:CAVSDNQGGKLIF",0,1,0.00036231884057971,0,1,1,FALSE,"clonotype949"
"PT3","TRB:CASSLLQGLTDTQYF;TRA:CASSYNNAGNMLTF",0,1,0.00036231884057971,0,1,1,FALSE,"clonotype1880"
"PT3","TRB:CASSLLRGGTTDTQYF",0,1,0.00036231884057971,0,1,1,FALSE,"clonotype1626"
"PT3","TRB:CASSLLSGLLNTGELFF;TRA:CAATGSARQLTF",0,1,0.00036231884057971,0,1,1,FALSE,"clonotype2207"
"PT3","TRB:CASSLLTGPGELFF;TRA:CAVGSSNYQLIW",0,1,0.00036231884057971,0,1,1,FALSE,"clonotype863"
"PT3","TRB:CASSLMGDRGYEQYF;TRA:CAVNEDTGGFKTIF",0,1,0.00036231884057971,0,1,1,FALSE,"clonotype1429"
"PT3","TRB:CASSLMGDTGELFF;TRA:CALSEYGNKLVF",0,1,0.00036231884057971,0,1,1,FALSE,"clonotype1192"
"PT3","TRB:CASSLMQGGDTQYF",0,1,0.00036231884057971,0,1,1,FALSE,"clonotype1143"
"PT3","TRB:CASSLNEIAGVQNTGELFF;TRA:CVVALRGSASKIIF",0,1,0.00036231884057971,0,1,1,FALSE,"clonotype2251"
"PT3","TRB:CASSLNGALHF;TRA:CALSEYQGAQKLVF;TRA:CGGDKIIF",0,1,0.00036231884057971,0,1,1,FALSE,"clonotype2257"
"PT3","TRB:CASSLNGVRQPQHF;TRA:CAYRSSLLEKLTF",0,1,0.00036231884057971,0,1,1,FALSE,"clonotype1024"
"PT3","TRB:CASSLNPSGDTDTQYF;TRA:CALGNYGQNFVF",0,1,0.00036231884057971,0,1,1,FALSE,"clonotype1936"
"PT3","TRB:CASSLNQGWQPQHF;TRA:CAYRKSGNNDMRF",0,1,0.00036231884057971,0,1,1,FALSE,"clonotype1479"
"PT3","TRB:CASSLNRDYGYTF;TRA:CALIPIKAAGNKLTF;TRA:CATDGGSGGYQKVTF",0,1,0.00036231884057971,0,1,1,FALSE,"clonotype642"
"PT3","TRB:CASSLNSGETQYF;TRA:CAVRDIIGTGRRALTF;TRA:CAVRDRKNTDKLIF",0,1,0.00036231884057971,0,1,1,FALSE,"clonotype801"
"PT3","TRB:CASSLNTFGGNEQYF;TRA:CAVEADSSYKLIF",0,1,0.00036231884057971,0,1,1,FALSE,"clonotype1327"
"PT3","TRB:CASSLPGLATDTQYF;TRA:CVVSEALRSNTGKLIF",0,1,0.00036231884057971,0,1,1,FALSE,"clonotype1881"
"PT3","TRB:CASSLPGQGPNQPQHF;TRA:CALEGAGSYQLTF",0,1,0.00036231884057971,0,1,1,FALSE,"clonotype1785"
"PT3","TRB:CASSLPRTGGNNEQFF",0,1,0.00036231884057971,0,1,1,FALSE,"clonotype1608"
"PT3","TRB:CASSLPRTSGRAEQYF;TRA:CAVAETSYDKVIF;TRA:CGAEGYNQGGKLIF",0,1,0.00036231884057971,0,1,1,FALSE,"clonotype2040"
"PT3","TRB:CASSLPRVGGGRAGNEQYF;TRA:CAMRWTGGFKTIF",0,1,0.00036231884057971,0,1,1,FALSE,"clonotype2249"
"PT3","TRB:CASSLQAGVHNEQFF;TRA:CAVTNFGNEKLTF;TRA:CILVDSWGKLQF",0,1,0.00036231884057971,0,1,1,FALSE,"clonotype1644"
"PT3","TRB:CASSLQGLSSPLHF;TRA:CAGEPTNDYKLSF;TRA:CAGQLSLHQFYF",0,1,0.00036231884057971,0,1,1,FALSE,"clonotype785"
"PT3","TRB:CASSLQGTGETQYF;TRA:CALRPAGNQFYF;TRA:CAYQRNQFYF",0,1,0.00036231884057971,0,1,1,FALSE,"clonotype858"
"PT3","TRB:CASSLQGYTEAFF;TRA:CAASEGAQKLVF;TRA:CAYRSGQGAQKLVF",0,1,0.00036231884057971,0,1,1,FALSE,"clonotype676"
"PT3","TRB:CASSLQLAASTDTQYF",0,1,0.00036231884057971,0,1,1,FALSE,"clonotype1600"
"PT3","TRB:CASSLQNYNSPLHF;TRA:CAVFDTGRRALTF",0,1,0.00036231884057971,0,1,1,FALSE,"clonotype1351"
"PT3","TRB:CASSLQPGQGTHMDSPLHF;TRA:CRYRRNNNARLMF",0,1,0.00036231884057971,0,1,1,FALSE,"clonotype2222"
"PT3","TRB:CASSLQPNTEAFF;TRA:CAMREPNRDDKIIF",0,1,0.00036231884057971,0,1,1,FALSE,"clonotype1059"
"PT3","TRB:CASSLRAGGGSTYEQYF;TRA:CAGKSRDNYGQNFVF;TRA:CAMSFSDGQKLLF",0,1,0.00036231884057971,0,1,1,FALSE,"clonotype2025"
"PT3","TRB:CASSLRAGGPTGANVLTF",0,1,0.00036231884057971,0,1,1,FALSE,"clonotype2133"
"PT3","TRB:CASSLRAGRNTEAFF;TRA:CAVPSGNTPLVF",0,1,0.00036231884057971,0,1,1,FALSE,"clonotype1704"
"PT3","TRB:CASSLRAQGHQETQYF;TRA:CAASTNQGGKLIF",0,1,0.00036231884057971,0,1,1,FALSE,"clonotype1923"
"PT3","TRB:CASSLRASMGPEQYF;TRA:CALWISSGSARQLTF",0,1,0.00036231884057971,0,1,1,FALSE,"clonotype1858"
"PT3","TRB:CASSLRDRGRLGYGYTF;TRA:CGGTGAGSYQLTF",0,1,0.00036231884057971,0,1,1,FALSE,"clonotype1985"
"PT3","TRB:CASSLRDSRLTEQFF;TRA:CALSESKGGANNLFF",0,1,0.00036231884057971,0,1,1,FALSE,"clonotype1890"
"PT3","TRB:CASSLRDSSYSGNTIYF;TRB:CAWILKRSRYNEQFF;TRA:CAVRESGYSSASKIIF",0,1,0.00036231884057971,0,1,1,FALSE,"clonotype674"
"PT3","TRB:CASSLRGAANEKLFF;TRA:CALSPQGSGNTPLVF",0,1,0.00036231884057971,0,1,1,FALSE,"clonotype1822"
"PT3","TRB:CASSLRGAKNIQYF;TRA:CAGLGSSNTGKLIF",0,1,0.00036231884057971,0,1,1,FALSE,"clonotype1277"
"PT3","TRB:CASSLRGAPYEQYF;TRA:CAMRGAPRSSASKIIF",0,1,0.00036231884057971,0,1,1,FALSE,"clonotype1076"
"PT3","TRB:CASSLRGDNSPLHF;TRA:CAENTIKTIF",0,1,0.00036231884057971,0,1,1,FALSE,"clonotype1242"
"PT3","TRB:CASSLRGGGGTGELFF;TRA:CAASMVGSFNKFYF",0,2,0.00072463768115942,0,0.50310133915813,1,FALSE,"clonotype125"
"PT3","TRB:CASSLRGGNQPQHF;TRA:CAVIGDGGRQGNLIF",0,1,0.00036231884057971,0,1,1,FALSE,"clonotype1033"
"PT3","TRB:CASSLRGLTPGNTIYF;TRA:CILHGGATNKLIF",0,1,0.00036231884057971,0,1,1,FALSE,"clonotype1653"
"PT3","TRB:CASSLRGPHEQYF;TRA:CAARHLGAQKLVF",0,1,0.00036231884057971,0,1,1,FALSE,"clonotype693"
"PT3","TRB:CASSLRGRNEQYF;TRA:CAASRRGSTLGRLYF",0,1,0.00036231884057971,0,1,1,FALSE,"clonotype709"
"PT3","TRB:CASSLRGTGFMNTEAFF;TRA:CAAKGADTGRRALTF",0,1,0.00036231884057971,0,1,1,FALSE,"clonotype2211"
"PT3","TRB:CASSLRGTTNEKLFF",0,1,0.00036231884057971,0,1,1,FALSE,"clonotype1623"
"PT3","TRB:CASSLRGVASPLHF;TRA:CAVYGQNFVF",0,1,0.00036231884057971,0,1,1,FALSE,"clonotype823"
"PT3","TRB:CASSLRLAGSSYNEQFF;TRA:CILRDGGNQGGKLIF",0,1,0.00036231884057971,0,1,1,FALSE,"clonotype1991"
"PT3","TRB:CASSLRPGGTQPQHF;TRA:CAVHENRDDKIIF",0,1,0.00036231884057971,0,1,1,FALSE,"clonotype1791"
"PT3","TRB:CASSLRPGQDLSLHF;TRA:CAVNTNQAGTALIF",0,1,0.00036231884057971,0,1,1,FALSE,"clonotype1465"
"PT3","TRB:CASSLRPKKDTEAFF;TRA:CAASGSHGSSNTGKLIF",0,1,0.00036231884057971,0,1,1,FALSE,"clonotype1589"
"PT3","TRB:CASSLRPRGPGNTIYF",0,1,0.00036231884057971,0,1,1,FALSE,"clonotype1949"
"PT3","TRB:CASSLRQASNQPQHF",0,1,0.00036231884057971,0,1,1,FALSE,"clonotype1622"
"PT3","TRB:CASSLRQLSDTQYF;TRA:CAATAAGSNYKLTF",0,1,0.00036231884057971,0,1,1,FALSE,"clonotype946"
"PT3","TRB:CASSLRQSRSGNTIYF;TRA:CAATLKTGANNLFF",0,1,0.00036231884057971,0,1,1,FALSE,"clonotype2119"
"PT3","TRB:CASSLRQTLHYGYTF",0,1,0.00036231884057971,0,1,1,FALSE,"clonotype1140"
"PT3","TRB:CASSLRRGGNSPLHF;TRA:CAVPTYNQGGKLIF",0,1,0.00036231884057971,0,1,1,FALSE,"clonotype1212"
"PT3","TRB:CASSLRRPATETQYF",0,1,0.00036231884057971,0,1,1,FALSE,"clonotype1618"
"PT3","TRB:CASSLRSVTEAFF;TRA:CAFMKGNDMRF",0,1,0.00036231884057971,0,1,1,FALSE,"clonotype601"
"PT3","TRB:CASSLRTFKDREAFF;TRA:CAFMKSWGYGGSQGNLIF;TRA:CAYRSPNSGGSNYKLTF",0,1,0.00036231884057971,0,1,1,FALSE,"clonotype2268"
"PT3","TRB:CASSLRTGDGYGYTF;TRA:CLVGRGAAGNKLTF",0,1,0.00036231884057971,0,1,1,FALSE,"clonotype1195"
"PT3","TRB:CASSLRTGVNTEAFF;TRA:CAASEYGGSQGNLIF",0,1,0.00036231884057971,0,1,1,FALSE,"clonotype1579"
"PT3","TRB:CASSLRTLVNTGELFF;TRA:CAGAGTGGFKTIF",0,1,0.00036231884057971,0,1,1,FALSE,"clonotype1987"
"PT3","TRB:CASSLRTSGGGGTQYF;TRA:CAESKTKAAGNKLTF",0,2,0.00072463768115942,0,0.50310133915813,1,FALSE,"clonotype121"
"PT3","TRB:CASSLRVVGQGNEQFF;TRA:CAVQRRAGSYQLTF;TRA:CAVRALRYSGGGADGLTF",0,1,0.00036231884057971,0,1,1,FALSE,"clonotype1796"
"PT3","TRB:CASSLRVVRGQPNTEAFF;TRA:CAVESRPNDYKLSF",0,1,0.00036231884057971,0,1,1,FALSE,"clonotype2158"
"PT3","TRB:CASSLSAGGTDTQYF;TRA:CALNSNSGYALNF",0,1,0.00036231884057971,0,1,1,FALSE,"clonotype1860"
"PT3","TRB:CASSLSAQSRSYGYTF;TRA:CAVYLTGGSYIPTF",0,1,0.00036231884057971,0,1,1,FALSE,"clonotype1833"
"PT3","TRB:CASSLSEKETQYF;TRA:CAVRFLGGGADGLTF",0,1,0.00036231884057971,0,1,1,FALSE,"clonotype666"
"PT3","TRB:CASSLSGGAQETQYF;TRA:CASPNTGFQKLVF",0,1,0.00036231884057971,0,1,1,FALSE,"clonotype1593"
"PT3","TRB:CASSLSGGNTEAFF;TRA:CAVRGSSGGSNYKLTF",0,1,0.00036231884057971,0,1,1,FALSE,"clonotype1519"
"PT3","TRB:CASSLSGGNTIYF;TRA:CAGHETGGGADGLTF",0,1,0.00036231884057971,0,1,1,FALSE,"clonotype568"
"PT3","TRB:CASSLSGGSLDNEQFF;TRA:CIVRVASNQGGKLIF",0,1,0.00036231884057971,0,1,1,FALSE,"clonotype1988"
"PT3","TRB:CASSLSGSGETQYF;TRA:CAVRNTGNQFYF",0,1,0.00036231884057971,0,1,1,FALSE,"clonotype907"
"PT3","TRB:CASSLSGSSGNTIYF;TRA:CAGALTGNQFYF;TRA:CILRAPFPNNARLMF",0,1,0.00036231884057971,0,1,1,FALSE,"clonotype1672"
"PT3","TRB:CASSLSGSTDTQYF;TRA:CAASAGTGANNLFF",0,1,0.00036231884057971,0,1,1,FALSE,"clonotype1090"
"PT3","TRB:CASSLSHRAQETQYF;TRA:CAAAYSGAGSYQLTF;TRA:CATDGGAGSYQLTF",0,1,0.00036231884057971,0,1,1,FALSE,"clonotype1402"
"PT3","TRB:CASSLSHTGVNTGELFF;TRA:CALSYISSGSARQLTF;TRA:CAVTPNYGGSQGNLIF",0,1,0.00036231884057971,0,1,1,FALSE,"clonotype2156"
"PT3","TRB:CASSLSLNTEAFF;TRA:CAVRNNARLMF",0,1,0.00036231884057971,0,1,1,FALSE,"clonotype776"
"PT3","TRB:CASSLSLNTEAFF;TRB:CASSVDGPGDYEQYF;TRA:CVVNGGFQKLVF",0,1,0.00036231884057971,0,1,1,FALSE,"clonotype854"
"PT3","TRB:CASSLSLQGGRELFF;TRA:CAPDAYQKVTF",0,1,0.00036231884057971,0,1,1,FALSE,"clonotype1244"
"PT3","TRB:CASSLSLSGTTYNEQFF;TRA:CAMKGGGTASKLTF",0,1,0.00036231884057971,0,1,1,FALSE,"clonotype2193"
"PT3","TRB:CASSLSPGGVNQPQHF;TRA:CAERGLNTGFQKLVF",0,1,0.00036231884057971,0,1,1,FALSE,"clonotype2086"
"PT3","TRB:CASSLSPGNEQFF",0,1,0.00036231884057971,0,1,1,FALSE,"clonotype735"
"PT3","TRB:CASSLSPWDRVRGANVLTF;TRA:CAALGEDGGSQGNLIF;TRA:CAVEHSNYQLIW",0,3,0.00108695652173913,0,0.254652008737195,1,FALSE,"clonotype49"
"PT3","TRB:CASSLSRASYEQYF;TRA:CAGQPRFGNEKLTF",0,1,0.00036231884057971,0,1,1,FALSE,"clonotype1274"
"PT3","TRB:CASSLSRGQDIQYF;TRA:CALVYTGGFKTIF",0,1,0.00036231884057971,0,1,1,FALSE,"clonotype743"
"PT3","TRB:CASSLSRSIGYNEQFF",0,1,0.00036231884057971,0,1,1,FALSE,"clonotype1952"
"PT3","TRB:CASSLSSGFWREREDTQYF;TRA:CAVDIVIGNTPLVF",0,1,0.00036231884057971,0,1,1,FALSE,"clonotype2224"
"PT3","TRB:CASSLSSGGLTDTQYF;TRB:CASSSGPGGPETQYF;TRA:CAVPTGGGNKLTF",0,1,0.00036231884057971,0,1,1,FALSE,"clonotype1760"
"PT3","TRB:CASSLSTGSKYNEQFF;TRB:CASSWVTAMGSNQPQHF;TRA:CAVEGGANNLFF",0,1,0.00036231884057971,0,1,1,FALSE,"clonotype1728"
"PT3","TRB:CASSLSTGYGYTF;TRA:CAGTTSGTYKYIF",0,1,0.00036231884057971,0,1,1,FALSE,"clonotype498"
"PT3","TRB:CASSLSTSGRFRDTQYF;TRA:CAVGESGNDYKLSF",0,1,0.00036231884057971,0,1,1,FALSE,"clonotype2064"
"PT3","TRB:CASSLTAGGTGELFF",0,1,0.00036231884057971,0,1,1,FALSE,"clonotype1157"
"PT3","TRB:CASSLTDRRIQPQHF;TRA:CATLYNNNDMRF",0,1,0.00036231884057971,0,1,1,FALSE,"clonotype1262"
"PT3","TRB:CASSLTETQYF;TRA:CVVEGQAGTALIF",0,1,0.00036231884057971,0,1,1,FALSE,"clonotype262"
"PT3","TRB:CASSLTGAHTDTQYF",0,1,0.00036231884057971,0,1,1,FALSE,"clonotype1625"
"PT3","TRB:CASSLTGANEQFF;TRA:CAESLSGNTGKLIF",0,1,0.00036231884057971,0,1,1,FALSE,"clonotype1005"
"PT3","TRB:CASSLTGGNTEAFF",0,1,0.00036231884057971,0,1,1,FALSE,"clonotype1130"
"PT3","TRB:CASSLTGGRGTEAFF;TRA:CAMSVGTALIF",0,1,0.00036231884057971,0,1,1,FALSE,"clonotype1789"
"PT3","TRB:CASSLTGGSFEQYF;TRA:CAASIYGNKLVF;TRA:CARNNTDKLIF",0,1,0.00036231884057971,0,1,1,FALSE,"clonotype763"
"PT3","TRB:CASSLTGGYFRQFF",0,1,0.00036231884057971,0,1,1,FALSE,"clonotype733"
"PT3","TRB:CASSLTGKANYGYTF;TRA:CAYRSPNTGNQFYF",0,1,0.00036231884057971,0,1,1,FALSE,"clonotype1526"
"PT3","TRB:CASSLTGLGGYTF;TRA:CAARGARLMF",0,1,0.00036231884057971,0,1,1,FALSE,"clonotype1050"
"PT3","TRB:CASSLTGLRTDTQYF;TRA:CATDVGNDMRF",0,1,0.00036231884057971,0,1,1,FALSE,"clonotype1686"
"PT3","TRB:CASSLTGNTEAFF;TRA:CAERPNNARLMF",0,1,0.00036231884057971,0,1,1,FALSE,"clonotype898"
"PT3","TRB:CASSLTGVWETQYF;TRA:CAPNYGGSQGNLIF",0,2,0.00072463768115942,0,0.50310133915813,1,FALSE,"clonotype107"
"PT3","TRB:CASSLTLSDTQYF;TRA:CAVIPAGGTSYGKLTF",0,1,0.00036231884057971,0,1,1,FALSE,"clonotype1051"
"PT3","TRB:CASSLTPGGYTGELFF;TRA:CALGRGSTLGRLYF",0,1,0.00036231884057971,0,1,1,FALSE,"clonotype1993"
"PT3","TRB:CASSLTSGQETQYF;TRA:CAVQATGRRALTF",0,1,0.00036231884057971,0,1,1,FALSE,"clonotype903"
"PT3","TRB:CASSLTSGRTNEQFF;TRA:CAGSSSNDYKLSF;TRA:CIVRVAISSENAGNMLTF",0,1,0.00036231884057971,0,1,1,FALSE,"clonotype1253"
"PT3","TRB:CASSLTSGSLETQYF;TRA:CAVKEGGSEKLVF",0,1,0.00036231884057971,0,1,1,FALSE,"clonotype1793"
"PT3","TRB:CASSLTSQSSYEQYF;TRA:CAVEDRGYQKVTF",0,1,0.00036231884057971,0,1,1,FALSE,"clonotype1345"
"PT3","TRB:CASSLTSRSSEAFF;TRA:CVVNPNDMRF",0,1,0.00036231884057971,0,1,1,FALSE,"clonotype1208"
"PT3","TRB:CASSLTTAEGNSPLHF;TRA:CAVSVLYNFNKFYF",0,1,0.00036231884057971,0,1,1,FALSE,"clonotype2072"
"PT3","TRB:CASSLTTSSEQFF;TRA:CLVGVPVNDKIIF;TRA:CVVSPRNNARLMF",0,1,0.00036231884057971,0,1,1,FALSE,"clonotype775"
"PT3","TRB:CASSLTVGQDTQYF;TRA:CAVGPSGTYKYIF",0,1,0.00036231884057971,0,1,1,FALSE,"clonotype1389"
"PT3","TRB:CASSLTVQGATNYGYTF;TRA:CAVSEASSYKLIF",0,1,0.00036231884057971,0,1,1,FALSE,"clonotype2041"
"PT3","TRB:CASSLTVRNQPQHF;TRA:CAVRDYRRDDKIIF",0,1,0.00036231884057971,0,1,1,FALSE,"clonotype995"
"PT3","TRB:CASSLVAEETQYF;TRA:CVVNMRRGNTPLVF",0,1,0.00036231884057971,0,1,1,FALSE,"clonotype597"
"PT3","TRB:CASSLVAGNTEAFF;TRA:CLVGIYNQAGTALIF",0,1,0.00036231884057971,0,1,1,FALSE,"clonotype825"
"PT3","TRB:CASSLVAQNIQYF;TRA:CALSGALGGFGNVLHC",0,1,0.00036231884057971,0,1,1,FALSE,"clonotype688"
"PT3","TRB:CASSLVARANEQFF;TRA:CAVAYGQNFVF",0,1,0.00036231884057971,0,1,1,FALSE,"clonotype1243"
"PT3","TRB:CASSLVENYYNEQFF;TRA:CAYASRDDKIIF",0,1,0.00036231884057971,0,1,1,FALSE,"clonotype1449"
"PT3","TRB:CASSLVGETEAFF;TRA:CAVRDDDYKLSF",0,1,0.00036231884057971,0,1,1,FALSE,"clonotype561"
"PT3","TRB:CASSLVGGTDTQYF;TRA:CAVRGFQKLVF",0,1,0.00036231884057971,0,1,1,FALSE,"clonotype1144"
"PT3","TRB:CASSLVGLSGYTF;TRA:CAFMPLLTGANSKLTF",0,1,0.00036231884057971,0,1,1,FALSE,"clonotype690"
"PT3","TRB:CASSLVPGHEETQYF;TRA:CVVSGGGSYIPTF",0,1,0.00036231884057971,0,1,1,FALSE,"clonotype1828"
"PT3","TRB:CASSLVPGPDTQYF;TRA:CILRPSNDYKLSF",0,1,0.00036231884057971,0,1,1,FALSE,"clonotype778"
"PT3","TRB:CASSLVPGQATEAFF;TRB:CASSSEGRLAGTETQYF;TRA:CAMSASGNTGKLIF;TRA:CVVSATSNYQLIW",0,1,0.00036231884057971,0,1,1,FALSE,"clonotype1831"
"PT3","TRB:CASSLVPGRPAYEQYF;TRA:CAFTTDNYGQNFVF",0,1,0.00036231884057971,0,1,1,FALSE,"clonotype2095"
"PT3","TRB:CASSLVPGTGANVLTF",0,1,0.00036231884057971,0,1,1,FALSE,"clonotype1955"
"PT3","TRB:CASSLVPTGAKDEKLFF;TRB:CSAIATGGGQPQHF;TRA:CAVRDMSVGGYNKLIF",0,1,0.00036231884057971,0,1,1,FALSE,"clonotype409"
"PT3","TRB:CASSLVQGGGEQYF;TRA:CAAKTGGKLIF",0,1,0.00036231884057971,0,1,1,FALSE,"clonotype1558"
"PT3","TRB:CASSLVRSSGGASDETQYF;TRA:CAVEDQNTDKLIF",0,1,0.00036231884057971,0,1,1,FALSE,"clonotype2245"
"PT3","TRB:CASSLVRVGGELFF;TRA:CAATSGGYQKVTF",0,1,0.00036231884057971,0,1,1,FALSE,"clonotype1560"
"PT3","TRB:CASSLVSGTGAGQPQHF;TRA:CAFAITGTASKLTF",0,1,0.00036231884057971,0,1,1,FALSE,"clonotype2157"
"PT3","TRB:CASSLVTGSNQPQHF;TRA:CAGPLEGGNKLTF",0,1,0.00036231884057971,0,1,1,FALSE,"clonotype1694"
"PT3","TRB:CASSLVTGTGELFF;TRA:CAGVGTGANNLFF;TRA:CAVKGYDMRF",0,1,0.00036231884057971,0,1,1,FALSE,"clonotype1203"
"PT3","TRB:CASSLVTSGGAGAGELFF;TRA:CASFTGNQFYF",0,1,0.00036231884057971,0,1,1,FALSE,"clonotype2151"
"PT3","TRB:CASSLVWGETQYF;TRA:CAAFFGGYQKVTF",0,1,0.00036231884057971,0,1,1,FALSE,"clonotype940"
"PT3","TRB:CASSLVWGTDGEQYF;TRA:CAVSATGGGNKLTF",0,1,0.00036231884057971,0,1,1,FALSE,"clonotype1457"
"PT3","TRB:CASSLVWQGSDEQYF",0,1,0.00036231884057971,0,1,1,FALSE,"clonotype1153"
"PT3","TRB:CASSLVYDLNTEAFF;TRA:CAASASASKIIF;TRA:CAVRAPGSARQLTF",0,1,0.00036231884057971,0,1,1,FALSE,"clonotype1451"
"PT3","TRB:CASSLWGGSPLHF;TRA:CAGNNAGGTSYGKLTF",0,1,0.00036231884057971,0,1,1,FALSE,"clonotype598"
"PT3","TRB:CASSLWGTGRGEETQYF;TRA:CVVKGGYQKVTF",0,1,0.00036231884057971,0,1,1,FALSE,"clonotype2177"
"PT3","TRB:CASSLWRLAGEDEQFF",0,1,0.00036231884057971,0,1,1,FALSE,"clonotype1628"
"PT3","TRB:CASSLYAPVGGTMNTEAFF;TRB:CSAPPGLAANEQFF;TRA:CVVNTWARLMF",0,2,0.00072463768115942,0,0.50310133915813,1,FALSE,"clonotype57"
"PT3","TRB:CASSLYGRRGPPEQYF;TRA:CAVSGYNQGGKLIF",0,1,0.00036231884057971,0,1,1,FALSE,"clonotype2073"
"PT3","TRB:CASSLYLAGYEQYF",0,1,0.00036231884057971,0,1,1,FALSE,"clonotype738"
"PT3","TRB:CASSLYPGHMNTEAFF;TRA:CIVRVGGTSGGSYIPTF",0,1,0.00036231884057971,0,1,1,FALSE,"clonotype2021"
"PT3","TRB:CASSLYQGITEAFF;TRA:CAASAGNYGQNFVF;TRA:CATNAGGTSYGKLTF",0,1,0.00036231884057971,0,1,1,FALSE,"clonotype1054"
"PT3","TRB:CASSMGLTYNEQFF;TRA:CAVRRVGETSGSRLTF",0,1,0.00036231884057971,0,1,1,FALSE,"clonotype1030"
"PT3","TRB:CASSMGQGAPRAEAFF;TRA:CAVGASNQAGTALIF",0,1,0.00036231884057971,0,1,1,FALSE,"clonotype1849"
"PT3","TRB:CASSMMGTAPAYEQYF;TRA:CAVNARETGGFKTIF",0,2,0.00072463768115942,0,0.50310133915813,1,FALSE,"clonotype120"
"PT3","TRB:CASSMRGVGETQYF;TRA:CATRGSARQLTF",0,1,0.00036231884057971,0,1,1,FALSE,"clonotype835"
"PT3","TRB:CASSMRVGTYEQYF;TRA:CAVRDINSSASKIIF",0,1,0.00036231884057971,0,1,1,FALSE,"clonotype1008"
"PT3","TRB:CASSMVGTSYEQYF;TRA:CAPSITGTASKLTF;TRA:CAVRDNNARLMF",0,1,0.00036231884057971,0,1,1,FALSE,"clonotype756"
"PT3","TRB:CASSNGAFTGELFF;TRA:CAVRRGNQFYF",0,1,0.00036231884057971,0,1,1,FALSE,"clonotype806"
"PT3","TRB:CASSNLERTNEQFF;TRA:CAVDNYGQNFVF",0,1,0.00036231884057971,0,1,1,FALSE,"clonotype2244"
"PT3","TRB:CASSNLLGTSGRFSYEQYF;TRA:CIVRVASGGSNYKLTF",0,2,0.00072463768115942,0,0.50310133915813,1,FALSE,"clonotype136"
"PT3","TRB:CASSNLQGREQYF;TRA:CAVLYGGATNKLIF",0,1,0.00036231884057971,0,1,1,FALSE,"clonotype578"
"PT3","TRB:CASSNLSGTGYGQPQHF;TRA:CAQALSGTYKYIF",0,1,0.00036231884057971,0,1,1,FALSE,"clonotype1979"
"PT3","TRB:CASSNPSGGADTQYF;TRA:CALRLGSGNTGKLIF",0,1,0.00036231884057971,0,1,1,FALSE,"clonotype1289"
"PT3","TRB:CASSNREETQYF;TRA:CAVMSTGGFKTIF",0,1,0.00036231884057971,0,1,1,FALSE,"clonotype306"
"PT3","TRB:CASSNRVLETQYF;TRA:CALRGSYNTDKLIF;TRA:CVVITGNQFYF",0,1,0.00036231884057971,0,1,1,FALSE,"clonotype484"
"PT3","TRB:CASSNTDTQYF;TRA:CALSDHGAGNNRKLIW",0,1,0.00036231884057971,0,1,1,FALSE,"clonotype264"
"PT3","TRB:CASSNTLGKGYTF;TRB:CATEKSIGLAGGSTDTQYF;TRA:CAVLQTGANNLFF;TRA:CAVNGNFNKFYF",0,1,0.00036231884057971,0,1,1,FALSE,"clonotype528"
"PT3","TRB:CASSPAARYGYTF;TRA:CAVGATAAGNKLTF",0,1,0.00036231884057971,0,1,1,FALSE,"clonotype638"
"PT3","TRB:CASSPAGKAGNTIYF;TRA:CAGQAEVQGAQKLVF",0,1,0.00036231884057971,0,1,1,FALSE,"clonotype1325"
"PT3","TRB:CASSPAGREDLAKNIQYF;TRA:CATGRTYNQGGKLIF",0,1,0.00036231884057971,0,1,1,FALSE,"clonotype2181"
"PT3","TRB:CASSPAGSVNEQFF;TRA:CAVPSGGSNYKLTF",0,1,0.00036231884057971,0,1,1,FALSE,"clonotype1441"
"PT3","TRB:CASSPAGVLSTDTQYF;TRA:CAMREGSPGSFQKLVF",0,1,0.00036231884057971,0,1,1,FALSE,"clonotype1903"
"PT3","TRB:CASSPARLAGVVTDTQYF;TRA:CAAPTSGNTGKLIF",0,1,0.00036231884057971,0,1,1,FALSE,"clonotype2229"
"PT3","TRB:CASSPASGLDIQYF;TRA:CVVSARTGGFKTIF",0,1,0.00036231884057971,0,1,1,FALSE,"clonotype1023"
"PT3","TRB:CASSPDLFSRSGNTIYF;TRA:CAYHGGSEKLVF",0,1,0.00036231884057971,0,1,1,FALSE,"clonotype2063"
"PT3","TRB:CASSPDPKTYEQYF;TRA:CAVENPGGGGATNKLIF;TRA:CAVRDRDFGNEKLTF",0,1,0.00036231884057971,0,1,1,FALSE,"clonotype1496"
"PT3","TRB:CASSPDPNTEAFF;TRA:CAVGGGNAGKSTF",0,1,0.00036231884057971,0,1,1,FALSE,"clonotype895"
"PT3","TRB:CASSPDRAQPQHF;TRA:CIVRPLSGQGGKLIF",0,1,0.00036231884057971,0,1,1,FALSE,"clonotype814"
"PT3","TRB:CASSPDRQGYEQYF;TRA:CAESKSNTGKLIF",0,1,0.00036231884057971,0,1,1,FALSE,"clonotype945"
"PT3","TRB:CASSPDRRGEQYF;TRA:CAVRDRGGATNKLIF",0,1,0.00036231884057971,0,1,1,FALSE,"clonotype1027"
"PT3","TRB:CASSPDRRSQYF;TRA:CAVEYGGSQGNLIF",0,1,0.00036231884057971,0,1,1,FALSE,"clonotype363"
"PT3","TRB:CASSPDRYDEAFF;TRA:CVVSLFGNEKLTF",0,1,0.00036231884057971,0,1,1,FALSE,"clonotype562"
"PT3","TRB:CASSPDSNTEAFF;TRA:CLVGDMTYQAGTALIF",0,1,0.00036231884057971,0,1,1,FALSE,"clonotype505"
"PT3","TRB:CASSPEDLNTEAFF;TRA:CAGSNYLWGGATNKLIF",0,1,0.00036231884057971,0,1,1,FALSE,"clonotype1004"
"PT3","TRB:CASSPEEGTGGLAKNIQYF;TRA:CATSDYKLSF",0,1,0.00036231884057971,0,1,1,FALSE,"clonotype2219"
"PT3","TRB:CASSPEGGDTEAFF;TRA:CAASGGSARQLTF",0,1,0.00036231884057971,0,1,1,FALSE,"clonotype1317"
"PT3","TRB:CASSPEGNSPLHF;TRA:CIGNPRGGTSYGKLTF",0,1,0.00036231884057971,0,1,1,FALSE,"clonotype849"
"PT3","TRB:CASSPEGRADTQYF;TRB:CASSQDPARGGLASYNEQFF;TRA:CAFMDSGSRLTF",0,1,0.00036231884057971,0,1,1,FALSE,"clonotype1440"
"PT3","TRB:CASSPEGRVAAFF;TRA:CAASAQGNKLVF;TRA:CIPHTGGFKTIF",0,1,0.00036231884057971,0,1,1,FALSE,"clonotype761"
"PT3","TRB:CASSPEQGASGEKLFF",0,1,0.00036231884057971,0,1,1,FALSE,"clonotype1602"
"PT3","TRB:CASSPETGGFEQYF;TRB:CATGTMNTGELFF;TRA:CASATPGSSGTYKYIF",0,1,0.00036231884057971,0,1,1,FALSE,"clonotype661"
"PT3","TRB:CASSPETGGTNTGELFF;TRA:CALSELRSGGSNYKLTF",0,1,0.00036231884057971,0,1,1,FALSE,"clonotype2118"
"PT3","TRB:CASSPETGPNTGELFF;TRA:CATQLVF",0,1,0.00036231884057971,0,1,1,FALSE,"clonotype1962"
"PT3","TRB:CASSPETSGIYNEQFF;TRA:CAVWHYQLIW",0,1,0.00036231884057971,0,1,1,FALSE,"clonotype1698"
"PT3","TRB:CASSPEYTGELFF;TRA:CAVGGVSTSGTYKYIF",0,1,0.00036231884057971,0,1,1,FALSE,"clonotype608"
"PT3","TRB:CASSPFGEQETQYF;TRA:CAGPGGGSYIPTF",0,1,0.00036231884057971,0,1,1,FALSE,"clonotype826"
"PT3","TRB:CASSPFGPASSYNEQFF;TRA:CVVRASGYSTLTF",0,1,0.00036231884057971,0,1,1,FALSE,"clonotype2054"
"PT3","TRB:CASSPFQGSPLGGVF;TRA:CAVGSPRGGRDDKIIF",0,1,0.00036231884057971,0,1,1,FALSE,"clonotype1508"
"PT3","TRB:CASSPFRTLNSPLHF;TRA:CAAENTGNQFYF",0,1,0.00036231884057971,0,1,1,FALSE,"clonotype1741"
"PT3","TRB:CASSPFSSGKANEQFF;TRA:CAVGIQGAQKLVF",0,1,0.00036231884057971,0,1,1,FALSE,"clonotype2017"
"PT3","TRB:CASSPFSYTQYF;TRB:CSARGLLSEARSGKTQYF;TRA:CAARGISNFGNEKLTF;TRA:CILTIQGAQKLVF",0,1,0.00036231884057971,0,1,1,FALSE,"clonotype467"
"PT3","TRB:CASSPFYQETQYF;TRA:CAVGLTDTGRRALTF",0,1,0.00036231884057971,0,1,1,FALSE,"clonotype991"
"PT3","TRB:CASSPGAGFTYEQYF;TRA:CAARITGNQFYF",0,1,0.00036231884057971,0,1,1,FALSE,"clonotype1551"
"PT3","TRB:CASSPGAGGQNEQYF;TRA:CAVDTGGFKTIF",0,1,0.00036231884057971,0,1,1,FALSE,"clonotype1740"
"PT3","TRB:CASSPGANGGEKLFF;TRA:CAVSDTGFQKLVF",0,1,0.00036231884057971,0,1,1,FALSE,"clonotype1779"
"PT3","TRB:CASSPGARANEKLFF;TRA:CAVTAGGLTGGGNKLTF",0,1,0.00036231884057971,0,1,1,FALSE,"clonotype1533"
"PT3","TRB:CASSPGDNNNEQFF;TRA:CAVSTGFQKLVF",0,1,0.00036231884057971,0,1,1,FALSE,"clonotype1314"
"PT3","TRB:CASSPGDRANEKLFF;TRA:CAVRDRQAGTALIF",0,1,0.00036231884057971,0,1,1,FALSE,"clonotype1424"
"PT3","TRB:CASSPGGAGGETQYF;TRA:CAVNIRDDKIIF",0,1,0.00036231884057971,0,1,1,FALSE,"clonotype1755"
"PT3","TRB:CASSPGGNEQFF",0,1,0.00036231884057971,0,1,1,FALSE,"clonotype445"
"PT3","TRB:CASSPGGNQETQYF;TRA:CAVGARGTYKYIF",0,1,0.00036231884057971,0,1,1,FALSE,"clonotype1391"
"PT3","TRB:CASSPGGRGTDTQYF;TRA:CALSEGGLTGGGNKLTF",0,1,0.00036231884057971,0,1,1,FALSE,"clonotype1562"
"PT3","TRB:CASSPGINYGYTF;TRA:CAETAGANNLFF",0,1,0.00036231884057971,0,1,1,FALSE,"clonotype559"
"PT3","TRB:CASSPGKGTGELFF;TRA:CAISNFGNEKLTF",0,1,0.00036231884057971,0,1,1,FALSE,"clonotype1200"
"PT3","TRB:CASSPGLAATPGETQYF;TRA:CAFGSSNTGKLIF",0,1,0.00036231884057971,0,1,1,FALSE,"clonotype2075"
"PT3","TRB:CASSPGLAGATILTDTQYF;TRA:CGVYNFNKFYF",0,1,0.00036231884057971,0,1,1,FALSE,"clonotype2246"
"PT3","TRB:CASSPGLAGGTDTQYF;TRA:CALPTSGGSYIPTF",0,1,0.00036231884057971,0,1,1,FALSE,"clonotype1938"
"PT3","TRB:CASSPGLAGTYEQYF;TRA:CLLTVWDDYKLSF",0,1,0.00036231884057971,0,1,1,FALSE,"clonotype1173"
"PT3","TRB:CASSPGLAPIQYF;TRA:CAANSGGSNYKLTF",0,1,0.00036231884057971,0,1,1,FALSE,"clonotype930"
"PT3","TRB:CASSPGLAVAPYEQYF;TRA:CAAYRRSNYKLTF",0,1,0.00036231884057971,0,1,1,FALSE,"clonotype2015"
"PT3","TRB:CASSPGMLGPDTQYF;TRA:CAVRNNQGGKLIF",0,1,0.00036231884057971,0,1,1,FALSE,"clonotype1649"
"PT3","TRB:CASSPGPFTGELFF;TRA:CAGTVLIGFGNVLHC",0,1,0.00036231884057971,0,1,1,FALSE,"clonotype1337"
"PT3","TRB:CASSPGPMPQHF;TRA:CALLTGGGNKLTF",0,1,0.00036231884057971,0,1,1,FALSE,"clonotype711"
"PT3","TRB:CASSPGPRGAEAFF;TRB:CASSTGQGVQPQHF;TRA:CIVRVVDTGRRALTF",0,1,0.00036231884057971,0,1,1,FALSE,"clonotype802"
"PT3","TRB:CASSPGQDNEKLFF;TRA:CAEKTTGNQFYF",0,1,0.00036231884057971,0,1,1,FALSE,"clonotype1338"
"PT3","TRB:CASSPGQGGYGYTF;TRA:CIPSNAGGTSYGKLTF",0,1,0.00036231884057971,0,1,1,FALSE,"clonotype860"
"PT3","TRB:CASSPGQGIEKLFF;TRA:CAVQDGNTDKLIF",0,1,0.00036231884057971,0,1,1,FALSE,"clonotype902"
"PT3","TRB:CASSPGQGMAGYTF",0,1,0.00036231884057971,0,1,1,FALSE,"clonotype1129"
"PT3","TRB:CASSPGQGVAGELFF;TRA:CAVSENNARLMF",0,1,0.00036231884057971,0,1,1,FALSE,"clonotype1757"
"PT3","TRB:CASSPGQGYEQYF",0,1,0.00036231884057971,0,1,1,FALSE,"clonotype453"
"PT3","TRB:CASSPGQPNQPQHF;TRA:CAANAGGTSYGKLTF",0,1,0.00036231884057971,0,1,1,FALSE,"clonotype1586"
"PT3","TRB:CASSPGQSSGNTIYF;TRA:CALSVRKLNTGGGNKLTF",0,1,0.00036231884057971,0,1,1,FALSE,"clonotype1572"
"PT3","TRB:CASSPGQTETQYF;TRA:CAMSQGSNYQLIW",0,1,0.00036231884057971,0,1,1,FALSE,"clonotype611"
"PT3","TRB:CASSPGRDFLRYTF;TRA:CAGHPFSGTGNQFYF",0,1,0.00036231884057971,0,1,1,FALSE,"clonotype1315"
"PT3","TRB:CASSPGRELNTEAFF;TRA:CALSYYYGGATNKLIF",0,1,0.00036231884057971,0,1,1,FALSE,"clonotype1546"
"PT3","TRB:CASSPGRGLKKTQYF;TRA:CAGQLTGYALNF;TRA:CLLTGANSKLTF",0,1,0.00036231884057971,0,1,1,FALSE,"clonotype1172"
"PT3","TRB:CASSPGRGRVTDTQYF;TRA:CAFMKHVPQGGSEKLVF",0,1,0.00036231884057971,0,1,1,FALSE,"clonotype1908"
"PT3","TRB:CASSPGRREQYF;TRA:CALSEAVNNARLMF",0,1,0.00036231884057971,0,1,1,FALSE,"clonotype413"
"PT3","TRB:CASSPGTGDGRTEAFF;TRA:CALSSSGTYKYIF",0,1,0.00036231884057971,0,1,1,FALSE,"clonotype2014"
"PT3","TRB:CASSPGTRGIADTQYF;TRA:CAVGRNTGFQKLVF",0,1,0.00036231884057971,0,1,1,FALSE,"clonotype2069"
"PT3","TRB:CASSPGTSRYEQYF",0,1,0.00036231884057971,0,1,1,FALSE,"clonotype1142"
"PT3","TRB:CASSPGVNTEAFF;TRA:CAMSFTNSGNTPLVF",0,1,0.00036231884057971,0,1,1,FALSE,"clonotype1062"
"PT3","TRB:CASSPGWSGNTIYF",0,1,0.00036231884057971,0,1,1,FALSE,"clonotype1133"
"PT3","TRB:CASSPHTGSYNEQFF;TRA:CALSEAKGFGNVLHC",0,2,0.00072463768115942,0,0.50310133915813,1,FALSE,"clonotype123"
"PT3","TRB:CASSPIGTSSYEQYF;TRA:CAVDRLTSYDKVIF",0,1,0.00036231884057971,0,1,1,FALSE,"clonotype1290"
"PT3","TRB:CASSPIKGNQPQHF;TRA:CAEILNNARLMF",0,1,0.00036231884057971,0,1,1,FALSE,"clonotype1319"
"PT3","TRB:CASSPITGYSPAFF;TRA:CAGQEAQGGSEKLVF",0,1,0.00036231884057971,0,1,1,FALSE,"clonotype1318"
"PT3","TRB:CASSPIVLFFSGANVLTF;TRA:CIVRVAGFGNEKLTF",0,1,0.00036231884057971,0,1,1,FALSE,"clonotype2220"
"PT3","TRB:CASSPKSGQGGEQFF;TRA:CLVGFVGDDKIIF",0,1,0.00036231884057971,0,1,1,FALSE,"clonotype1650"
"PT3","TRB:CASSPLGGDGEQYF;TRA:CAATSSNTGKLIF",0,1,0.00036231884057971,0,1,1,FALSE,"clonotype1576"
"PT3","TRB:CASSPLGGGRDETQYF;TRA:CAANRGSTLGRLYF;TRA:CVVSAFTNAGGTSYGKLTF",0,1,0.00036231884057971,0,1,1,FALSE,"clonotype2120"
"PT3","TRB:CASSPLGQGAQNTEAFF",0,2,0.00072463768115942,0,0.50310133915813,1,FALSE,"clonotype2129"
"PT3","TRB:CASSPLGQGAQNTEAFF",0,2,0.00072463768115942,0,0.50310133915813,1,FALSE,"clonotype2130"
"PT3","TRB:CASSPLGTSGSTDTQYF;TRA:CAGVQTGANNLFF",0,1,0.00036231884057971,0,1,1,FALSE,"clonotype2149"
"PT3","TRB:CASSPLLNTEAFF;TRA:CIVRARFYNQGGKLIF",0,1,0.00036231884057971,0,1,1,FALSE,"clonotype515"
"PT3","TRB:CASSPLPGSGYEQYF;TRA:CASKNAGGTSYGKLTF",0,1,0.00036231884057971,0,1,1,FALSE,"clonotype1882"
"PT3","TRB:CASSPLQSENQPQHF;TRA:CAFKGGSGGSNYKLTF",0,1,0.00036231884057971,0,1,1,FALSE,"clonotype1900"
"PT3","TRB:CASSPLTSGSTDTQYF;TRA:CAVTSTRTGKLIF",0,1,0.00036231884057971,0,1,1,FALSE,"clonotype1980"
"PT3","TRB:CASSPLVGGGTDTQYF;TRA:CAASSRDAGSARQLTF",0,1,0.00036231884057971,0,1,1,FALSE,"clonotype1866"
"PT3","TRB:CASSPNGGEVDTQYF;TRA:CLVQGTYKYIF",0,1,0.00036231884057971,0,1,1,FALSE,"clonotype1176"
"PT3","TRB:CASSPNGQGGGYTF;TRA:CAASAGGGGNKLTF;TRA:CAVQAEGSSASKIIF",0,1,0.00036231884057971,0,1,1,FALSE,"clonotype948"
"PT3","TRB:CASSPNRGLGVDTQYF;TRA:CAAQTGANNLFF",0,1,0.00036231884057971,0,1,1,FALSE,"clonotype1720"
"PT3","TRB:CASSPNRVQAFF;TRA:CVVSVSGSARQLTF",0,1,0.00036231884057971,0,1,1,FALSE,"clonotype636"
"PT3","TRB:CASSPNTYTDTQYF;TRA:CAASRGGRSGGFKTIF",0,1,0.00036231884057971,0,1,1,FALSE,"clonotype1013"
"PT3","TRB:CASSPPARPGGSYEQYF",0,1,0.00036231884057971,0,1,1,FALSE,"clonotype1956"
"PT3","TRB:CASSPPASGIYEQYF;TRA:CAESTQAGTALIF",0,1,0.00036231884057971,0,1,1,FALSE,"clonotype1780"
"PT3","TRB:CASSPPEGGNTIYF;TRA:CAGQPYDFGNEKLTF",0,1,0.00036231884057971,0,1,1,FALSE,"clonotype1313"
"PT3","TRB:CASSPPGQGNTEAFF;TRA:CAVSDSNYQLIW",0,1,0.00036231884057971,0,1,1,FALSE,"clonotype1743"
"PT3","TRB:CASSPPGQGVETQYF;TRA:CAVMGSGGSYIPTF;TRA:CAVRMDSSYKLIF",0,2,0.00072463768115942,0,0.50310133915813,1,FALSE,"clonotype101"
"PT3","TRB:CASSPPGVSYNEQFF;TRA:CAARSSSGGSYIPTF",0,1,0.00036231884057971,0,1,1,FALSE,"clonotype1577"
"PT3","TRB:CASSPPIGGQNNEQFF;TRA:CAVNGRGNNRLAF",0,1,0.00036231884057971,0,1,1,FALSE,"clonotype2031"
"PT3","TRB:CASSPPRGGATGELFF;TRA:CAEVHNDYKLSF",0,1,0.00036231884057971,0,1,1,FALSE,"clonotype1771"
"PT3","TRB:CASSPPRRSDYEQYF;TRA:CAVSPNFGNEKLTF",0,1,0.00036231884057971,0,1,1,FALSE,"clonotype1438"
"PT3","TRB:CASSPPSPGYTF;TRA:CAVSDRGGAQKLVF",0,1,0.00036231884057971,0,1,1,FALSE,"clonotype627"
"PT3","TRB:CASSPPVDQETQYF;TRA:CAVLNTGGFKTIF",0,1,0.00036231884057971,0,1,1,FALSE,"clonotype1190"
"PT3","TRB:CASSPQAGRADTEAFF;TRA:CVVSNTGFQKLVF",0,1,0.00036231884057971,0,1,1,FALSE,"clonotype2058"
"PT3","TRB:CASSPQARANAGELFF;TRA:CAVNPYLNDYKLSF;TRA:CAVRDKNNAGNMLTF",0,1,0.00036231884057971,0,1,1,FALSE,"clonotype1841"
"PT3","TRB:CASSPQGESGNTIYF;TRA:CAVDSWGKLQF",0,1,0.00036231884057971,0,1,1,FALSE,"clonotype1687"
"PT3","TRB:CASSPQGGDEQFF;TRA:CVVSVSTDSWGKLQF",0,1,0.00036231884057971,0,1,1,FALSE,"clonotype990"
"PT3","TRB:CASSPQGLGTEAFF;TRA:CAYRSARGGTSYGKLTF",0,1,0.00036231884057971,0,1,1,FALSE,"clonotype1557"
"PT3","TRB:CASSPQGMSGNTIYF;TRA:CAYRTPYQGAQKLVF",0,1,0.00036231884057971,0,1,1,FALSE,"clonotype1895"
"PT3","TRB:CASSPQGRGVTEAFF;TRA:CLVGALLMDSSYKLIF",0,1,0.00036231884057971,0,1,1,FALSE,"clonotype1286"
"PT3","TRB:CASSPQGVGREKLFF;TRA:CAVRPSIYNQGGKLIF",0,1,0.00036231884057971,0,1,1,FALSE,"clonotype1525"
"PT3","TRB:CASSPQISPGQGMINEQFF;TRA:CAVGARGGATNKLIF",0,1,0.00036231884057971,0,1,1,FALSE,"clonotype2253"
"PT3","TRB:CASSPQPHEQYF;TRA:CAASLPAARQLTF",0,1,0.00036231884057971,0,1,1,FALSE,"clonotype549"
"PT3","TRB:CASSPQRRGGTDTQYF;TRA:CAVADRGSTLGRLYF;TRA:CAVREWGNNRLAF",0,1,0.00036231884057971,0,1,1,FALSE,"clonotype1971"
"PT3","TRB:CASSPRARGSTDTQYF;TRA:CAVSRDSGYSTLTF",0,1,0.00036231884057971,0,1,1,FALSE,"clonotype2070"
"PT3","TRB:CASSPRDRAGNEKLFF;TRA:CGTVNQGGKLIF",0,1,0.00036231884057971,0,1,1,FALSE,"clonotype1723"
"PT3","TRB:CASSPRDSMNTEAFF;TRA:CAVSVPFSGGYNKLIF",0,1,0.00036231884057971,0,1,1,FALSE,"clonotype1507"
"PT3","TRB:CASSPRDTYFEGGYTF;TRA:CALLDDSSYKLIF",0,1,0.00036231884057971,0,1,1,FALSE,"clonotype1734"
"PT3","TRB:CASSPRGAGSSYNEQFF;TRA:CALKVSNDYKLSF",0,1,0.00036231884057971,0,1,1,FALSE,"clonotype2009"
"PT3","TRB:CASSPRGDEQYF;TRA:CAVRAALRNFNKFYF",0,1,0.00036231884057971,0,1,1,FALSE,"clonotype401"
"PT3","TRB:CASSPRGDNTGELFF;TRA:CAVKRMTQKLVF",0,1,0.00036231884057971,0,1,1,FALSE,"clonotype1756"
"PT3","TRB:CASSPRGGGGANYGYTF;TRA:CATGFSDGQKLLF",0,4,0.00144927536231884,0,0.129656817889482,1,FALSE,"clonotype34"
"PT3","TRB:CASSPRGSSSYNEQFF;TRA:CVVSTDSWGKLQF",0,1,0.00036231884057971,0,1,1,FALSE,"clonotype1772"
"PT3","TRB:CASSPRGTGDHEKLFF;TRB:CSARGGTFVDYGYTF;TRA:CADMTGNEKLTF;TRA:CAVRSGGSYIPTF",0,1,0.00036231884057971,0,1,1,FALSE,"clonotype476"
"PT3","TRB:CASSPRGVSYEQYF;TRA:CIVRVPLKTSYDKVIF",0,1,0.00036231884057971,0,1,1,FALSE,"clonotype837"
"PT3","TRB:CASSPRGVTGELFF;TRA:CAAILRSDGQKLLF;TRA:CAVSAYSGGYQKVTF",0,1,0.00036231884057971,0,1,1,FALSE,"clonotype1481"
"PT3","TRB:CASSPRHSGRAGNIQYF",0,2,0.00072463768115942,0,0.50310133915813,1,FALSE,"clonotype1958"
"PT3","TRB:CASSPRHSGRAGNIQYF",0,2,0.00072463768115942,0,0.50310133915813,1,FALSE,"clonotype1959"
"PT3","TRB:CASSPRHSGRAGNIQYF;TRB:CSVEPSWGGYNEQFF;TRA:CAMRERNNNARLMF;TRA:CAVRENSGYSTLTF",0,4,0.00144927536231884,0,0.129656817889482,1,FALSE,"clonotype32"
"PT3","TRB:CASSPRHYEQYF;TRA:CAYRSARTNAGKSTF",0,1,0.00036231884057971,0,1,1,FALSE,"clonotype680"
"PT3","TRB:CASSPRKLNTEAFF",0,1,0.00036231884057971,0,1,1,FALSE,"clonotype744"
"PT3","TRB:CASSPRLAGVSTDTQYF;TRA:CAGLHSGGSNYKLTF",0,1,0.00036231884057971,0,1,1,FALSE,"clonotype2024"
"PT3","TRB:CASSPRMDPGNEQFF;TRA:CAASANFGNEKLTF",0,1,0.00036231884057971,0,1,1,FALSE,"clonotype1918"
"PT3","TRB:CASSPRPTILSGNTIYF;TRB:CASSSRGANTEAFF;TRA:CAARGGYNKLIF",0,1,0.00036231884057971,0,1,1,FALSE,"clonotype1265"
"PT3","TRB:CASSPRQGAGAKNIQYF;TRA:CAASSFTTSGTYKYIF;TRA:CAENSDYGGATNKLIF",0,1,0.00036231884057971,0,1,1,FALSE,"clonotype2192"
"PT3","TRB:CASSPRQGDSMNTEAFF;TRA:CALSEARGNTGFQKLVF",0,1,0.00036231884057971,0,1,1,FALSE,"clonotype2208"
"PT3","TRB:CASSPRQGFDEQYF;TRA:CAATVTGTASKLTF",0,1,0.00036231884057971,0,1,1,FALSE,"clonotype1570"
"PT3","TRB:CASSPRQGGGSYNEQFF;TRA:CAMILLSGYSTLTF",0,1,0.00036231884057971,0,1,1,FALSE,"clonotype2098"
"PT3","TRB:CASSPRQGLNEKLFF;TRA:CAYRKETSGSRLTF",0,1,0.00036231884057971,0,1,1,FALSE,"clonotype1884"
"PT3","TRB:CASSPRTGAGNTIYF;TRA:CAGDNTGTASKLTF",0,1,0.00036231884057971,0,1,1,FALSE,"clonotype1708"
"PT3","TRB:CASSPRTGGTGELFF;TRA:CAISGRSQGNLIF",0,1,0.00036231884057971,0,1,1,FALSE,"clonotype1430"
"PT3","TRB:CASSPRTGKETQYF;TRA:CAVVGSYIPTF",0,1,0.00036231884057971,0,1,1,FALSE,"clonotype1254"
"PT3","TRB:CASSPRTSGPISYNEQFF;TRA:CALAGGADTGRRALTF",0,1,0.00036231884057971,0,1,1,FALSE,"clonotype2241"
"PT3","TRB:CASSPRTSSSYNSPLHF;TRA:CAATVNQAGTALIF",0,1,0.00036231884057971,0,1,1,FALSE,"clonotype2210"
"PT3","TRB:CASSPSDLTDTQYF;TRA:CAGSLGGYQKVTF",0,1,0.00036231884057971,0,1,1,FALSE,"clonotype1375"
"PT3","TRB:CASSPSERTTYEQYF;TRA:CVVIDNYGQNFVF",0,1,0.00036231884057971,0,1,1,FALSE,"clonotype1452"
"PT3","TRB:CASSPSGGPEAFF;TRA:CAMSSMDSSYKLIF",0,1,0.00036231884057971,0,1,1,FALSE,"clonotype671"
"PT3","TRB:CASSPSGGVTGELFF;TRA:CAVSDSNDYKLSF",0,1,0.00036231884057971,0,1,1,FALSE,"clonotype1792"
"PT3","TRB:CASSPSGSTDTQYF;TRA:CAMTRSGTYKYIF",0,1,0.00036231884057971,0,1,1,FALSE,"clonotype1433"
"PT3","TRB:CASSPSGSYNEQFF;TRA:CAVRLNTGGFKTIF",0,1,0.00036231884057971,0,1,1,FALSE,"clonotype993"
"PT3","TRB:CASSPSGTNEKLFF;TRA:CAASSLYNQGGKLIF;TRA:CAVNTDKLIF",0,1,0.00036231884057971,0,1,1,FALSE,"clonotype793"
"PT3","TRB:CASSPSGTPVTEAFF;TRA:CAVRDRSSGTYKYIF",0,1,0.00036231884057971,0,1,1,FALSE,"clonotype1855"
"PT3","TRB:CASSPSGTSGGFYNEQFF;TRA:CAVRNQAGTALIF",0,1,0.00036231884057971,0,1,1,FALSE,"clonotype2169"
"PT3","TRB:CASSPSPLGTEAFF;TRA:CAVNEGSSASKIIF",0,1,0.00036231884057971,0,1,1,FALSE,"clonotype1442"
"PT3","TRB:CASSPSPPGNTIYF",0,1,0.00036231884057971,0,1,1,FALSE,"clonotype1159"
"PT3","TRB:CASSPSPVGGEQYF;TRA:CAEAGNYGGSQGNLIF",0,1,0.00036231884057971,0,1,1,FALSE,"clonotype1046"
"PT3","TRB:CASSPSRDYGYTF;TRA:CAARASFGNEKLTF",0,1,0.00036231884057971,0,1,1,FALSE,"clonotype1102"
"PT3","TRB:CASSPSRQGVSPLHF;TRA:CIVKIRGEAGNQFYF",0,1,0.00036231884057971,0,1,1,FALSE,"clonotype1678"
"PT3","TRB:CASSPSSYNEQFF;TRB:CASTTHRSQPQHF;TRA:CAVSFSGSARQLTF",0,1,0.00036231884057971,0,1,1,FALSE,"clonotype633"
"PT3","TRB:CASSPTGATSQPQHF;TRA:CAYRAGGGADGLTF",0,1,0.00036231884057971,0,1,1,FALSE,"clonotype1872"
"PT3","TRB:CASSPTGGRTYEQYF;TRA:CAESMDSNYQLIW",0,1,0.00036231884057971,0,1,1,FALSE,"clonotype1781"
"PT3","TRB:CASSPTGGTEAFF;TRA:CAASPSNYQLIW",0,1,0.00036231884057971,0,1,1,FALSE,"clonotype846"
"PT3","TRB:CASSPTGGYEQYF",0,1,0.00036231884057971,0,1,1,FALSE,"clonotype447"
"PT3","TRB:CASSPTGHVSPLHF;TRA:CATVSFLSNSGNTPLVF",0,1,0.00036231884057971,0,1,1,FALSE,"clonotype1520"
"PT3","TRB:CASSPTGIGNQPQHF;TRA:CAENNAGGTSYGKLTF",0,1,0.00036231884057971,0,1,1,FALSE,"clonotype1873"
"PT3","TRB:CASSPTGLSGANVLTF;TRA:CAGAPNFGNEKLTF",0,3,0.00108695652173913,0,0.254652008737195,1,FALSE,"clonotype46"
"PT3","TRB:CASSPTGLYEQYF;TRA:CAVEARNQGGKLIF",0,1,0.00036231884057971,0,1,1,FALSE,"clonotype646"
"PT3","TRB:CASSPTGSPLHF;TRA:CALYNFNKFYF",0,1,0.00036231884057971,0,1,1,FALSE,"clonotype679"
"PT3","TRB:CASSPTPDGSSYNSPLHF;TRA:CAMKTSYDKVIF",0,1,0.00036231884057971,0,1,1,FALSE,"clonotype2230"
"PT3","TRB:CASSPTPGAWDTEAFF;TRA:CAEKRTGGGNKLTF",0,1,0.00036231884057971,0,1,1,FALSE,"clonotype1835"
"PT3","TRB:CASSPTPGGRTQYF;TRA:CAVQAGRDDKIIF",0,1,0.00036231884057971,0,1,1,FALSE,"clonotype1336"
"PT3","TRB:CASSPTPPRSYEQYF;TRA:CAVRDNYGQNFVF",0,1,0.00036231884057971,0,1,1,FALSE,"clonotype1342"
"PT3","TRB:CASSPTRGTEAFF;TRA:CAVHGDSWGKLQF",0,1,0.00036231884057971,0,1,1,FALSE,"clonotype897"
"PT3","TRB:CASSPTRRFGEKLFF;TRA:CAVKSADKLIF",0,1,0.00036231884057971,0,1,1,FALSE,"clonotype1219"
"PT3","TRB:CASSPTSGGGNIQYF;TRA:CADLSGTYKYIF",0,1,0.00036231884057971,0,1,1,FALSE,"clonotype1661"
"PT3","TRB:CASSPTTGVLDEQFF;TRA:CAVSRMDSSYKLIF",0,1,0.00036231884057971,0,1,1,FALSE,"clonotype1820"
"PT3","TRB:CASSPTVAGLNNEQFF;TRA:CVVKPGNTPLVF",0,1,0.00036231884057971,0,1,1,FALSE,"clonotype1997"
"PT3","TRB:CASSPTVGMDTQYF;TRA:CVVSDSNNDMRF",0,1,0.00036231884057971,0,1,1,FALSE,"clonotype1316"
"PT3","TRB:CASSPVSSNQPQHF;TRA:CAVTCSSGGSYIPTF",0,1,0.00036231884057971,0,1,1,FALSE,"clonotype1011"
"PT3","TRB:CASSPVTGALNTEAFF;TRA:CAMRDPDYKLSF",0,2,0.00072463768115942,0,0.50310133915813,1,FALSE,"clonotype119"
"PT3","TRB:CASSPVWEDTGELFF;TRA:CAVVPKYTGGFKTIF",0,1,0.00036231884057971,0,1,1,FALSE,"clonotype1462"
"PT3","TRB:CASSPWDLRDYARDEQFF;TRA:CAVRSTDKLIF",0,1,0.00036231884057971,0,1,1,FALSE,"clonotype2147"
"PT3","TRB:CASSPWGAGTDTQYF;TRA:CAVTPYNQGGKLIF",0,1,0.00036231884057971,0,1,1,FALSE,"clonotype1821"
"PT3","TRB:CASSPWGEGKNTEAFF;TRA:CIVRRNTGNQFYF",0,1,0.00036231884057971,0,1,1,FALSE,"clonotype1968"
"PT3","TRB:CASSPWGGAKTEAFF;TRA:CIVRGGIQGAQKLVF",0,1,0.00036231884057971,0,1,1,FALSE,"clonotype1690"
"PT3","TRB:CASSPWHSYEQYF;TRA:CAVRKDSNYQLIW",0,1,0.00036231884057971,0,1,1,FALSE,"clonotype899"
"PT3","TRB:CASSPWPIGGEKLFF;TRA:CAVNSGGSNYKLTF",0,1,0.00036231884057971,0,1,1,FALSE,"clonotype1446"
"PT3","TRB:CASSPWPRQGPTEAFF;TRA:CVVNRYGQNFVF",0,1,0.00036231884057971,0,1,1,FALSE,"clonotype1724"
"PT3","TRB:CASSPWQGSYEQYF;TRB:CATSDSPAGGQPQHF;TRA:CAASVGGGGSNYKLTF",0,1,0.00036231884057971,0,1,1,FALSE,"clonotype1581"
"PT3","TRB:CASSPWTGSYEQYF;TRA:CAASIGSGNTPLVF",0,1,0.00036231884057971,0,1,1,FALSE,"clonotype1580"
"PT3","TRB:CASSPWTGTGPSPTNEKLFF",0,1,0.00036231884057971,0,1,1,FALSE,"clonotype2256"
"PT3","TRB:CASSPWTSQREKLFF;TRA:CALSEDTGRRALTF",0,22,0.00797101449275362,0,2.31349168527621e-06,0.000715079248176284,TRUE,"clonotype5"
"PT3","TRB:CASSPWTTGAANEKLFF;TRA:CILRGNAGGTSYGKLTF",0,1,0.00036231884057971,0,1,1,FALSE,"clonotype2166"
"PT3","TRB:CASSPYGTANYEQYF;TRA:CILLTERGSGYALNF",0,1,0.00036231884057971,0,1,1,FALSE,"clonotype1693"
"PT3","TRB:CASSPYITDTQYF;TRA:CIRRKETSGSRLTF",0,1,0.00036231884057971,0,1,1,FALSE,"clonotype791"
"PT3","TRB:CASSPYRGSSINEQYF;TRA:CAASKYTGNQFYF",0,1,0.00036231884057971,0,1,1,FALSE,"clonotype2121"
"PT3","TRB:CASSPYRGSTNEKLFF;TRA:CAASKSNTGKLIF",0,1,0.00036231884057971,0,1,1,FALSE,"clonotype1764"
"PT3","TRB:CASSPYRTGTSGGEQFF;TRA:CALSVRNQGGKLIF",0,1,0.00036231884057971,0,1,1,FALSE,"clonotype2099"
"PT3","TRB:CASSQAGGARGYTF;TRA:CATDKAGTALIF;TRA:CVVTQRGLSMIYNQGGKLIF",0,1,0.00036231884057971,0,1,1,FALSE,"clonotype867"
"PT3","TRB:CASSQAGGLYEQYF;TRA:CAVSEGNAGNMLTF",0,1,0.00036231884057971,0,1,1,FALSE,"clonotype1002"
"PT3","TRB:CASSQAGGRSSYEQYF;TRA:CAASAASFTGGGNKLTF;TRA:CAETLYNFNKFYF",0,1,0.00036231884057971,0,1,1,FALSE,"clonotype2028"
"PT3","TRB:CASSQAGGTGNTIYF;TRA:CAGSTSGTYKYIF;TRA:CIVRESGGIGFGNVLHC",0,1,0.00036231884057971,0,1,1,FALSE,"clonotype1248"
"PT3","TRB:CASSQAGLARTYEQYF;TRA:CAASEGYGNKLVF",0,1,0.00036231884057971,0,1,1,FALSE,"clonotype1915"
"PT3","TRB:CASSQARAGQGELREKLFF",0,1,0.00036231884057971,0,1,1,FALSE,"clonotype2213"
"PT3","TRB:CASSQARAPSSYNEQFF;TRA:CAENRDSGYALNF",0,1,0.00036231884057971,0,1,1,FALSE,"clonotype2047"
"PT3","TRB:CASSQARGGEQYF;TRA:CALSDRSGNTPLVF;TRA:CATDARSSARQLTF",0,1,0.00036231884057971,0,1,1,FALSE,"clonotype603"
"PT3","TRB:CASSQARGVYEQYF;TRA:CALGPWNTDKLIF",0,1,0.00036231884057971,0,1,1,FALSE,"clonotype960"
"PT3","TRB:CASSQARTGGYEQYF;TRA:CAASIRGAQKLVF",0,1,0.00036231884057971,0,1,1,FALSE,"clonotype1357"
"PT3","TRB:CASSQASGLNYNEQFF",0,1,0.00036231884057971,0,1,1,FALSE,"clonotype2258"
"PT3","TRB:CASSQASGQNTQYF;TRA:CAATRDDSWGKLQF",0,1,0.00036231884057971,0,1,1,FALSE,"clonotype1575"
"PT3","TRB:CASSQASGRIYNEQFF;TRA:CAMSLSYNQGGKLIF",0,1,0.00036231884057971,0,1,1,FALSE,"clonotype1887"
"PT3","TRB:CASSQASGTFQETQYF;TRA:CAMRQRTGGFKTIF",0,1,0.00036231884057971,0,1,1,FALSE,"clonotype1864"
"PT3","TRB:CASSQATSGVDTQYF;TRA:CIVRSPNYGGSQGNLIF",0,1,0.00036231884057971,0,1,1,FALSE,"clonotype1353"
"PT3","TRB:CASSQAVNMDTQYF;TRA:CAVGGFQKLVF",0,1,0.00036231884057971,0,1,1,FALSE,"clonotype831"
"PT3","TRB:CASSQAWTGEYGYTF;TRA:CAVNIRDNYGQNFVF",0,1,0.00036231884057971,0,1,1,FALSE,"clonotype1499"
"PT3","TRB:CASSQDFEAAYEQYF;TRA:CAETSSNTGRRALTF",0,1,0.00036231884057971,0,1,1,FALSE,"clonotype1500"
"PT3","TRB:CASSQDFLQSYEQYF;TRA:CALLSGNTGKLIF",0,2,0.00072463768115942,0,0.50310133915813,1,FALSE,"clonotype105"
"PT3","TRB:CASSQDGASGGGNTQYF;TRA:CALSDRAGYSTLTF",0,1,0.00036231884057971,0,1,1,FALSE,"clonotype2049"
"PT3","TRB:CASSQDGDREETQYF;TRA:CATDLSGGYNKLIF",0,1,0.00036231884057971,0,1,1,FALSE,"clonotype1416"
"PT3","TRB:CASSQDGGGGRSIQYF;TRA:CAVRADYKLSF",0,1,0.00036231884057971,0,1,1,FALSE,"clonotype1638"
"PT3","TRB:CASSQDGPSTNEKLFF;TRA:CIQGSGAGSYQLTF",0,1,0.00036231884057971,0,1,1,FALSE,"clonotype1674"
"PT3","TRB:CASSQDLGEFHGYTF;TRA:CAGEDSNYQLIW",0,2,0.00072463768115942,0,0.50310133915813,1,FALSE,"clonotype91"
"PT3","TRB:CASSQDLGFDNEQFF;TRA:CALGSGGSYIPTF",0,1,0.00036231884057971,0,1,1,FALSE,"clonotype1937"
"PT3","TRB:CASSQDLGVGNTEAFF;TRA:CAGAVIHGGSQGNLIF",0,1,0.00036231884057971,0,1,1,FALSE,"clonotype1809"
"PT3","TRB:CASSQDLLGEQYF;TRA:CILRDVWSGGGADGLTF",0,1,0.00036231884057971,0,1,1,FALSE,"clonotype916"
"PT3","TRB:CASSQDLPGRTGAYEQYF;TRA:CAVVSYSSASKIIF",0,1,0.00036231884057971,0,1,1,FALSE,"clonotype2188"
"PT3","TRB:CASSQDLQETQYF;TRA:CAVASGGSYIPTF",0,1,0.00036231884057971,0,1,1,FALSE,"clonotype813"
"PT3","TRB:CASSQDLSGNEQFF",0,1,0.00036231884057971,0,1,1,FALSE,"clonotype1170"
"PT3","TRB:CASSQDLWTSGGSSSYEQYF;TRA:CAESLGGATNKLIF;TRA:CAVRDTEGNQAGTALIF",0,1,0.00036231884057971,0,1,1,FALSE,"clonotype2252"
"PT3","TRB:CASSQDNVYLGGYTF;TRA:CAVRDADNYGQNFVF",0,1,0.00036231884057971,0,1,1,FALSE,"clonotype1250"
"PT3","TRB:CASSQDPAGGPIEQYF;TRA:CALAGGQGAQKLVF",0,1,0.00036231884057971,0,1,1,FALSE,"clonotype1808"
"PT3","TRB:CASSQDPGISYNEQFF;TRA:CAASMGNTDKLIF",0,1,0.00036231884057971,0,1,1,FALSE,"clonotype1926"
"PT3","TRB:CASSQDPGSGANVLTF;TRA:CAMRERKDSSYKLIF",0,1,0.00036231884057971,0,1,1,FALSE,"clonotype1898"
"PT3","TRB:CASSQDPNQPQHF;TRA:CAGRFMDSNYQLIW",0,1,0.00036231884057971,0,1,1,FALSE,"clonotype604"
"PT3","TRB:CASSQDPTRTQETQYF;TRA:CAVERRSTGTASKLTF",0,1,0.00036231884057971,0,1,1,FALSE,"clonotype1806"
"PT3","TRB:CASSQDQGWSDTQYF;TRA:CAMSATQGGSEKLVF",0,1,0.00036231884057971,0,1,1,FALSE,"clonotype1528"
"PT3","TRB:CASSQDRAGGYNEQFF;TRA:CALSRRGQNFVF;TRA:CAPRRSSTLGRLYF",0,1,0.00036231884057971,0,1,1,FALSE,"clonotype2008"
"PT3","TRB:CASSQDREQPQHF;TRA:CAAVLYNQGGKLIF",0,1,0.00036231884057971,0,1,1,FALSE,"clonotype605"
"PT3","TRB:CASSQDRGNTGELFF;TRA:CAVKGMDSSYKLIF",0,2,0.00072463768115942,0,0.50310133915813,1,FALSE,"clonotype90"
"PT3","TRB:CASSQDRGQGRGSPLHF;TRA:CGADKNYGQNFVF",0,1,0.00036231884057971,0,1,1,FALSE,"clonotype2027"
"PT3","TRB:CASSQDRNSPLHF;TRA:CAGVGGATNKLIF",0,1,0.00036231884057971,0,1,1,FALSE,"clonotype499"
"PT3","TRB:CASSQDRNTEAFF",0,1,0.00036231884057971,0,1,1,FALSE,"clonotype452"
"PT3","TRB:CASSQDRPGAGVPETQYF;TRA:CLVGARRAGGSYIPTF",0,1,0.00036231884057971,0,1,1,FALSE,"clonotype2160"
"PT3","TRB:CASSQDRTVEHGYTF;TRA:CAVSGFQKLVF",0,2,0.00072463768115942,0,0.50310133915813,1,FALSE,"clonotype98"
"PT3","TRB:CASSQDRVNEQFF;TRA:CAVRIPDYKLSF",0,1,0.00036231884057971,0,1,1,FALSE,"clonotype523"
"PT3","TRB:CASSQDTGANVLTF;TRA:CAVRDIPGDTGRRALTF",0,1,0.00036231884057971,0,1,1,FALSE,"clonotype1070"
"PT3","TRB:CASSQDTRSSHEQYF;TRA:CALKFGAGNNRKLIW",0,1,0.00036231884057971,0,1,1,FALSE,"clonotype1542"
"PT3","TRB:CASSQDVTGVQPQHF;TRA:CAMRVKQAGTALIF;TRA:CAVVGVRNNRLAF",0,1,0.00036231884057971,0,1,1,FALSE,"clonotype1414"
"PT3","TRB:CASSQDWAGRDTQYF;TRA:CAKTSGSRLTF",0,1,0.00036231884057971,0,1,1,FALSE,"clonotype1247"
"PT3","TRB:CASSQDWDSNQPQHF;TRA:CAVSGGGADGLTF",0,1,0.00036231884057971,0,1,1,FALSE,"clonotype1356"
"PT3","TRB:CASSQDWDTEAFF;TRA:CVALNQAGTALIF",0,1,0.00036231884057971,0,1,1,FALSE,"clonotype566"
"PT3","TRB:CASSQEAGGSYNEQFF",0,1,0.00036231884057971,0,1,1,FALSE,"clonotype1632"
"PT3","TRB:CASSQEAGLGLTDTQYF;TRA:CVVRLFSDGQKLLF",0,1,0.00036231884057971,0,1,1,FALSE,"clonotype2190"
"PT3","TRB:CASSQEEGGNSPLHF;TRA:CAVKSSASKIIF",0,1,0.00036231884057971,0,1,1,FALSE,"clonotype1288"
"PT3","TRB:CASSQEEGYNEQFF;TRA:CAGPKAAGNKLTF;TRA:CALSYTGGFKTIF",0,2,0.00072463768115942,0,0.50310133915813,1,FALSE,"clonotype78"
"PT3","TRB:CASSQEGATGEETQYF;TRA:CAEKYTSYGKLTF",0,1,0.00036231884057971,0,1,1,FALSE,"clonotype1805"
"PT3","TRB:CASSQEGFFSGNTIYF;TRA:CAAMGSGGGGNKLTF",0,1,0.00036231884057971,0,1,1,FALSE,"clonotype1838"
"PT3","TRB:CASSQEGGAGGGYEQYF;TRA:CAVRGRQGAQKLVF",0,1,0.00036231884057971,0,1,1,FALSE,"clonotype2078"
"PT3","TRB:CASSQEGGRASYEQYF;TRA:CAVAASSNYQLIW",0,1,0.00036231884057971,0,1,1,FALSE,"clonotype1767"
"PT3","TRB:CASSQEGSGGAYEQYF;TRA:CALMDSSYKLIF",0,1,0.00036231884057971,0,1,1,FALSE,"clonotype1840"
"PT3","TRB:CASSQEGSSDEQFF;TRA:CALRRNAGGTSYGKLTF",0,1,0.00036231884057971,0,1,1,FALSE,"clonotype1087"
"PT3","TRB:CASSQEGWNEQFF;TRA:CAGRGAGSYQLTF",0,1,0.00036231884057971,0,1,1,FALSE,"clonotype567"
"PT3","TRB:CASSQERGNYGYTF;TRA:CIVTGANSKLTF",0,1,0.00036231884057971,0,1,1,FALSE,"clonotype764"
"PT3","TRB:CASSQERGQGTDTQYF;TRA:CAENIPDGQKLLF;TRA:CVVIRTGGYQKVTF",0,1,0.00036231884057971,0,1,1,FALSE,"clonotype1804"
"PT3","TRB:CASSQESGYTEAFF;TRA:CAENAGGSQGNLIF",0,1,0.00036231884057971,0,1,1,FALSE,"clonotype1001"
"PT3","TRB:CASSQESYNSPLHF;TRA:CIVRGEYGNKLVF",0,1,0.00036231884057971,0,1,1,FALSE,"clonotype1191"
"PT3","TRB:CASSQETGGTEAFF;TRA:CAVEGSSNTGKLIF;TRA:CAVQTGANNLFF",0,1,0.00036231884057971,0,1,1,FALSE,"clonotype866"
"PT3","TRB:CASSQETSGSVQETQYF;TRA:CAMSDGFQKLVF;TRA:CAPRPPNARLMF",0,1,0.00036231884057971,0,1,1,FALSE,"clonotype2139"
"PT3","TRB:CASSQEWRPGPMETQYF;TRA:CAVTTRVNRDDKIIF",0,1,0.00036231884057971,0,1,1,FALSE,"clonotype2079"
"PT3","TRB:CASSQEYGGRYEQFF;TRA:CVVSDSYGNKLVF",0,1,0.00036231884057971,0,1,1,FALSE,"clonotype1413"
"PT3","TRB:CASSQFFDQPQHF;TRA:CVVTDSGGYQKVTF",0,1,0.00036231884057971,0,1,1,FALSE,"clonotype606"
"PT3","TRB:CASSQFRGAGDTEAFF;TRA:CAFMKHVNTDKLIF",0,1,0.00036231884057971,0,1,1,FALSE,"clonotype1886"
"PT3","TRB:CASSQFRQGDHTF;TRA:CAASSRGSQGNLIF",0,2,0.00072463768115942,0,0.50310133915813,1,FALSE,"clonotype66"
"PT3","TRB:CASSQFTVETQYF;TRA:CAASAIGTYKYIF",0,1,0.00036231884057971,0,1,1,FALSE,"clonotype695"
"PT3","TRB:CASSQGAPYYEQYF;TRA:CVVRNSNSGYALNF",0,1,0.00036231884057971,0,1,1,FALSE,"clonotype961"
"PT3","TRB:CASSQGEGRPLHF;TRA:CAASMGQAGTALIF",0,1,0.00036231884057971,0,1,1,FALSE,"clonotype943"
"PT3","TRB:CASSQGEGTQYF;TRA:CAASGSGNQFYF",0,2,0.00072463768115942,0,0.50310133915813,1,FALSE,"clonotype62"
"PT3","TRB:CASSQGGGGNEQFF;TRA:CAVRPVLGGYNKLIF",0,1,0.00036231884057971,0,1,1,FALSE,"clonotype828"
"PT3","TRB:CASSQGGGTWGVDEQFF;TRA:CAYRSADFGNEKLTF",0,3,0.00108695652173913,0,0.254652008737195,1,FALSE,"clonotype48"
"PT3","TRB:CASSQGGLAQETQYF;TRA:CAVNNQAGTALIF;TRA:CAVRDGSSTLTF",0,1,0.00036231884057971,0,1,1,FALSE,"clonotype1355"
"PT3","TRB:CASSQGGQGAYEQYF;TRA:CAVRGPGAGSYQLTF",0,1,0.00036231884057971,0,1,1,FALSE,"clonotype1497"
"PT3","TRB:CASSQGLAGSTDTQYF;TRA:CAVGTGGSYIPTF",0,1,0.00036231884057971,0,1,1,FALSE,"clonotype1769"
"PT3","TRB:CASSQGLLDPIQPQHF;TRA:CILRPSLPHNAGNMLTF",0,1,0.00036231884057971,0,1,1,FALSE,"clonotype1768"
"PT3","TRB:CASSQGLPVTQYF;TRA:CAVVQGAQKLVF",0,1,0.00036231884057971,0,1,1,FALSE,"clonotype478"
"PT3","TRB:CASSQGPGNYGYTF;TRA:CIVRPYMNNNAGNMLTF",0,1,0.00036231884057971,0,1,1,FALSE,"clonotype909"
"PT3","TRB:CASSQGPGPSSGANVLTF;TRA:CAVVIYNQGGKLIF",0,1,0.00036231884057971,0,1,1,FALSE,"clonotype2144"
"PT3","TRB:CASSQGPTRETQYF;TRA:CAVNEGVSGGSYIPTF",0,1,0.00036231884057971,0,1,1,FALSE,"clonotype1514"
"PT3","TRB:CASSQGQDLTGEQYF;TRA:CAAPGYPAGNDYKLSF;TRA:CTDNAGNMLTF",0,1,0.00036231884057971,0,1,1,FALSE,"clonotype1252"
"PT3","TRB:CASSQGQGANYGYTF;TRA:CAVRRANNDMRF",0,1,0.00036231884057971,0,1,1,FALSE,"clonotype1354"
"PT3","TRB:CASSQGQGLGNTIYF",0,1,0.00036231884057971,0,1,1,FALSE,"clonotype1148"
"PT3","TRB:CASSQGQGLRYEQYF",0,1,0.00036231884057971,0,1,1,FALSE,"clonotype1162"
"PT3","TRB:CASSQGRGGANTGELFF;TRA:CAATPPTGFQKLVF",0,1,0.00036231884057971,0,1,1,FALSE,"clonotype2048"
"PT3","TRB:CASSQGRGGWGTEAFF;TRA:CAFMKLTPQGGSEKLVF",0,1,0.00036231884057971,0,1,1,FALSE,"clonotype1916"
"PT3","TRB:CASSQGRGTGSYEQYF;TRA:CALSEAQRRVQGAQKLVF",0,1,0.00036231884057971,0,1,1,FALSE,"clonotype1919"
"PT3","TRB:CASSQGRTGTRSNEKLFF;TRA:CATLTDKLIF",0,1,0.00036231884057971,0,1,1,FALSE,"clonotype2168"
"PT3","TRB:CASSQGSGSRTGELFF;TRA:CAVKSGGSYIPTF",0,1,0.00036231884057971,0,1,1,FALSE,"clonotype1770"
"PT3","TRB:CASSQGTGGYTF;TRA:CAAPNSGGYQKVTF;TRA:CAGPPKMDSNYQLIW",0,1,0.00036231884057971,0,1,1,FALSE,"clonotype379"
"PT3","TRB:CASSQGVAGNEQFF;TRA:CAVSDGNAGNMLTF",0,1,0.00036231884057971,0,1,1,FALSE,"clonotype1003"
"PT3","TRB:CASSQHDRLTYEQYF;TRA:CAYRIANAGGTSYGKLTF",0,1,0.00036231884057971,0,1,1,FALSE,"clonotype1574"
"PT3","TRB:CASSQITSGYTF;TRA:CAASKGNQGGKLIF",0,1,0.00036231884057971,0,1,1,FALSE,"clonotype378"
"PT3","TRB:CASSQKGGAVVYQPQHF;TRA:CAASTTGGSYIPTF;TRA:CAPNTGNQFYF",0,1,0.00036231884057971,0,1,1,FALSE,"clonotype2030"
"PT3","TRB:CASSQKPSWTGELFF;TRA:CATVSSSGNTPLVF",0,1,0.00036231884057971,0,1,1,FALSE,"clonotype1811"
"PT3","TRB:CASSQKSGGWTEAFF;TRA:CALSANTGNQFYF",0,3,0.00108695652173913,0,0.254652008737195,1,FALSE,"clonotype42"
"PT3","TRB:CASSQLCGTGGNQPQHF",0,2,0.00072463768115942,0,0.50310133915813,1,FALSE,"clonotype2134"
"PT3","TRB:CASSQLCGTGGNQPQHF",0,2,0.00072463768115942,0,0.50310133915813,1,FALSE,"clonotype2135"
"PT3","TRB:CASSQLGGLAGLPYEQYF;TRA:CIVRVARDDKIIF",0,1,0.00036231884057971,0,1,1,FALSE,"clonotype2217"
"PT3","TRB:CASSQLGGRGYTF;TRA:CAASDSGNTPLVF",0,1,0.00036231884057971,0,1,1,FALSE,"clonotype1080"
"PT3","TRB:CASSQLLGGRQGLVAFF;TRA:CVVNMNSGNTPLVF",0,1,0.00036231884057971,0,1,1,FALSE,"clonotype2180"
"PT3","TRB:CASSQLNYEQYF;TRA:CAFIHTGANSKLTF;TRA:CIVRPHYNQGGKLIF",0,1,0.00036231884057971,0,1,1,FALSE,"clonotype501"
"PT3","TRB:CASSQLTTGNSPLHF;TRA:CAAIGSGTASKLTF",0,1,0.00036231884057971,0,1,1,FALSE,"clonotype1420"
"PT3","TRB:CASSQNYGYTF",0,1,0.00036231884057971,0,1,1,FALSE,"clonotype210"
"PT3","TRB:CASSQNYGYTF;TRA:CAVSERSSASKIIF",0,1,0.00036231884057971,0,1,1,FALSE,"clonotype263"
"PT3","TRB:CASSQPGLALDTQYF",0,1,0.00036231884057971,0,1,1,FALSE,"clonotype1612"
"PT3","TRB:CASSQPGLAYTDTQYF;TRA:CAVWDFGNVLHC",0,2,0.00072463768115942,0,0.50310133915813,1,FALSE,"clonotype133"
"PT3","TRB:CASSQPGPPPNEQFF;TRA:CAVLDLGGSQGNLIF",0,1,0.00036231884057971,0,1,1,FALSE,"clonotype1460"
"PT3","TRB:CASSQPPGTGTRELFF;TRA:CILRALMKTSYDKVIF",0,1,0.00036231884057971,0,1,1,FALSE,"clonotype1722"
"PT3","TRB:CASSQPSARGKVGELFF;TRA:CLGYNNNDMRF",0,2,0.00072463768115942,0,0.50310133915813,1,FALSE,"clonotype129"
"PT3","TRB:CASSQPSLGVRGDTQYF",0,1,0.00036231884057971,0,1,1,FALSE,"clonotype1957"
"PT3","TRB:CASSQQGANEKLFF;TRB:CASSYSRGRRNTEAFF;TRA:CAERPGFGNVLHC",0,1,0.00036231884057971,0,1,1,FALSE,"clonotype1423"
"PT3","TRB:CASSQQGPSNYGYTF;TRA:CATAPRMLIF",0,1,0.00036231884057971,0,1,1,FALSE,"clonotype1193"
"PT3","TRB:CASSQQSRGTTGELFF;TRA:CAASGGFGNEKLTF",0,1,0.00036231884057971,0,1,1,FALSE,"clonotype1920"
"PT3","TRB:CASSQRDQQFF;TRA:CAAVGRF;TRA:CAGSRGFGNEKLTF",0,1,0.00036231884057971,0,1,1,FALSE,"clonotype223"
"PT3","TRB:CASSQRGLMIRNTEAFF;TRA:CIVRSFQKLVF",0,1,0.00036231884057971,0,1,1,FALSE,"clonotype1963"
"PT3","TRB:CASSQRGLTDTQYF;TRA:CAVQANSSASKIIF;TRA:CAVSATGRRALTF",0,1,0.00036231884057971,0,1,1,FALSE,"clonotype1390"
"PT3","TRB:CASSQRGYTEAFF;TRA:CAVDDGQKLLF",0,1,0.00036231884057971,0,1,1,FALSE,"clonotype480"
"PT3","TRB:CASSQRQGAGANVLTF;TRA:CAASIRTGNRDDKIIF",0,1,0.00036231884057971,0,1,1,FALSE,"clonotype1865"
"PT3","TRB:CASSQRQGLNTEAFF;TRA:CAASGSETSGSRLTF",0,1,0.00036231884057971,0,1,1,FALSE,"clonotype1921"
"PT3","TRB:CASSQRTGLTDTQYF;TRA:CAGQLYNFNKFYF",0,1,0.00036231884057971,0,1,1,FALSE,"clonotype1225"
"PT3","TRB:CASSQSQTGTGELFF;TRA:CALTSNSGNTPLVF",0,1,0.00036231884057971,0,1,1,FALSE,"clonotype1406"
"PT3","TRB:CASSQSSSSYNEQFF;TRA:CAVRPSRGGYNKLIF",0,1,0.00036231884057971,0,1,1,FALSE,"clonotype1498"
"PT3","TRB:CASSQTGDSNQPQHF;TRA:CAASIRGGGADGLTF",0,1,0.00036231884057971,0,1,1,FALSE,"clonotype1453"
"PT3","TRB:CASSQTGGGYGYTF;TRA:CAVNAGGTSYGKLTF",0,1,0.00036231884057971,0,1,1,FALSE,"clonotype1490"
"PT3","TRB:CASSQTGGNQPQHF;TRA:CGAALLSYNNNDMRF",0,1,0.00036231884057971,0,1,1,FALSE,"clonotype1000"
"PT3","TRB:CASSQTGNYEQYF;TRA:CPNYGGSQGNLIF",0,1,0.00036231884057971,0,1,1,FALSE,"clonotype600"
"PT3","TRB:CASSQTGSEQFF;TRA:CLVGDSGSSASKIIF;TRA:CVVRRQGGSYIPTF",0,1,0.00036231884057971,0,1,1,FALSE,"clonotype493"
"PT3","TRB:CASSQTGSSGNTIYF;TRA:CAVNAGSGTYKYIF",0,1,0.00036231884057971,0,1,1,FALSE,"clonotype1459"
"PT3","TRB:CASSQTGYPTNEKLFF;TRA:CAARRGNYGGSQGNLIF",0,1,0.00036231884057971,0,1,1,FALSE,"clonotype1876"
"PT3","TRB:CASSQTPGTKPYYGYTF;TRA:CAVSEKSGRRALTF",0,1,0.00036231884057971,0,1,1,FALSE,"clonotype2056"
"PT3","TRB:CASSQTTGGNTEAFF;TRA:CALTSNTGNQFYF",0,1,0.00036231884057971,0,1,1,FALSE,"clonotype1352"
"PT3","TRB:CASSQTTGTGRAFF;TRA:CAAKRSGYSSASKIIF;TRA:CASISGGGADGLTF",0,1,0.00036231884057971,0,1,1,FALSE,"clonotype1015"
"PT3","TRB:CASSQTTSSGNTIYF;TRA:CAAFKAAGNKLTF",0,1,0.00036231884057971,0,1,1,FALSE,"clonotype1425"
"PT3","TRB:CASSQVARNTGELFF;TRA:CAASKGRDTGFQKLVF",0,1,0.00036231884057971,0,1,1,FALSE,"clonotype1868"
"PT3","TRB:CASSQVASGGVPGYEQYF;TRA:CADTVTGNMLTF;TRA:CAVKTSGSRLTF",0,1,0.00036231884057971,0,1,1,FALSE,"clonotype2159"
"PT3","TRB:CASSQVGRDFSYEQYF",0,1,0.00036231884057971,0,1,1,FALSE,"clonotype1631"
"PT3","TRB:CASSQVHGGLDGYTF;TRA:CAATDTNAGKSTF",0,1,0.00036231884057971,0,1,1,FALSE,"clonotype1565"
"PT3","TRB:CASSQVLGASTDTQYF;TRA:CALNVGANNLFF",0,1,0.00036231884057971,0,1,1,FALSE,"clonotype1729"
"PT3","TRB:CASSQVLRLNTEAFF;TRA:CAYRDIYTGANSKLTF",0,1,0.00036231884057971,0,1,1,FALSE,"clonotype1553"
"PT3","TRB:CASSQVLTRSTDTQYF;TRA:CAANFGNEKLTF",0,1,0.00036231884057971,0,1,1,FALSE,"clonotype1673"
"PT3","TRB:CASSQVPGGSYGYTF;TRA:CAASMKGAQKLVF;TRA:CLFISNFGNEKLTF",0,1,0.00036231884057971,0,1,1,FALSE,"clonotype1178"
"PT3","TRB:CASSQVRGLTYEQYF;TRA:CAVSDRSDYKLSF",0,1,0.00036231884057971,0,1,1,FALSE,"clonotype1417"
"PT3","TRB:CASSQVRGPYNEQFF;TRA:CATSDGNKLVF;TRA:CAVEDQAPGTYKYIF",0,1,0.00036231884057971,0,1,1,FALSE,"clonotype1249"
"PT3","TRB:CASSQVSLQGGLGNTIYF;TRB:CASSYSNEQFF;TRA:CIVRVGGLNYGGATNKLIF",0,1,0.00036231884057971,0,1,1,FALSE,"clonotype252"
"PT3","TRB:CASSQVTGDNQPQHF;TRA:CAASEEQGGKLIF;TRA:CAASSYPSNDYKLSF",0,1,0.00036231884057971,0,1,1,FALSE,"clonotype1461"
"PT3","TRB:CASSQVTRSGKADRNEQFF",0,1,0.00036231884057971,0,1,1,FALSE,"clonotype2243"
"PT3","TRB:CASSQVVGGTQYF;TRA:CAANTGANNLFF",0,1,0.00036231884057971,0,1,1,FALSE,"clonotype522"
"PT3","TRB:CASSQYGSGRWGTGELFF;TRA:CAASRQGAQKLVF",0,1,0.00036231884057971,0,1,1,FALSE,"clonotype2209"
"PT3","TRB:CASSQYSGANVLTF;TRA:CAVEQRTGGFKTIF",0,1,0.00036231884057971,0,1,1,FALSE,"clonotype847"
"PT3","TRB:CASSQYSSGPGLRETQYF;TRB:CASSSGLAGKIDTQYF;TRA:CLVVGYNFNKFYF",0,1,0.00036231884057971,0,1,1,FALSE,"clonotype1655"
"PT3","TRB:CASSRADAAYGYTF;TRA:CAMPISSGSARQLTF;TRA:CIAVSYGGSQGNLIF",0,1,0.00036231884057971,0,1,1,FALSE,"clonotype1237"
"PT3","TRB:CASSRADRLYGYTF;TRA:CAAQGGAQKLVF",0,2,0.00072463768115942,0,0.50310133915813,1,FALSE,"clonotype82"
"PT3","TRB:CASSRAENTEAFF;TRA:CVVSGGYGGSQGNLIF",0,1,0.00036231884057971,0,1,1,FALSE,"clonotype677"
"PT3","TRB:CASSRASTGGGFGANVLTF;TRB:CASTRGVGGTSTDTQYF;TRA:CALTPNTGGFKTIF;TRA:CAMREDGFGNEKLTF",0,1,0.00036231884057971,0,1,1,FALSE,"clonotype2199"
"PT3","TRB:CASSRAYSRGADQPQHF;TRA:CAHRDSNYQLIW",0,1,0.00036231884057971,0,1,1,FALSE,"clonotype2126"
"PT3","TRB:CASSRDRGIYEQYF;TRA:CVVSAMGGGNKLTF",0,1,0.00036231884057971,0,1,1,FALSE,"clonotype1035"
"PT3","TRB:CASSRDRGQYEQYF;TRA:CVVNPRNARLMF",0,1,0.00036231884057971,0,1,1,FALSE,"clonotype1276"
"PT3","TRB:CASSRDRSTDTQYF;TRA:CAASRDRNTGFQKLVF",0,1,0.00036231884057971,0,1,1,FALSE,"clonotype1031"
"PT3","TRB:CASSRDTGVKAFF",0,1,0.00036231884057971,0,1,1,FALSE,"clonotype450"
"PT3","TRB:CASSRDTSYNSPLHF",0,1,0.00036231884057971,0,1,1,FALSE,"clonotype1154"
"PT3","TRB:CASSRDVYNQPQHF;TRA:CAFMIANAGGTSYGKLTF;TRA:CAGLGRGDSWGKLQF",0,1,0.00036231884057971,0,1,1,FALSE,"clonotype1341"
"PT3","TRB:CASSREITYNEQFF;TRB:CASSSVGTGYMNTEAFF;TRA:CIVRGSGNTPLVF",0,1,0.00036231884057971,0,1,1,FALSE,"clonotype769"
"PT3","TRB:CASSRELYRGLGSSEKLFF",0,1,0.00036231884057971,0,1,1,FALSE,"clonotype2214"
"PT3","TRB:CASSRETSSPLHF;TRA:CIVRPNRDDKIIF",0,1,0.00036231884057971,0,1,1,FALSE,"clonotype772"
"PT3","TRB:CASSRGGTSGLAGFTGELFF;TRA:CAYKSGGSNYKLTF",0,1,0.00036231884057971,0,1,1,FALSE,"clonotype2254"
"PT3","TRB:CASSRGGYEQYF;TRA:CAGPNFGNEKLTF",0,1,0.00036231884057971,0,1,1,FALSE,"clonotype330"
"PT3","TRB:CASSRGKLSTNEKLFF;TRA:CAGPPLYSGAGSYQLTF",0,1,0.00036231884057971,0,1,1,FALSE,"clonotype1813"
"PT3","TRB:CASSRGLAGAGTGELFF;TRA:CGTVNAGNNRKLIW",0,1,0.00036231884057971,0,1,1,FALSE,"clonotype2176"
"PT3","TRB:CASSRGLGNTGELFF;TRA:CAVQAYNYGQNFVF",0,1,0.00036231884057971,0,1,1,FALSE,"clonotype1418"
"PT3","TRB:CASSRGPGNTIYF;TRA:CIVRVDGQNFVF",0,1,0.00036231884057971,0,1,1,FALSE,"clonotype760"
"PT3","TRB:CASSRGPSYEQYF;TRA:CAASVGINNARLMF",0,1,0.00036231884057971,0,1,1,FALSE,"clonotype1094"
"PT3","TRB:CASSRGPVYGYTF;TRA:CVVLSYGGATNKLIF",0,1,0.00036231884057971,0,1,1,FALSE,"clonotype644"
"PT3","TRB:CASSRGPYNEQFF;TRA:CAVRDIVAGNQFYF",0,1,0.00036231884057971,0,1,1,FALSE,"clonotype975"
"PT3","TRB:CASSRGRSSYNEQFF;TRA:CALPAGGTSYGKLTF",0,1,0.00036231884057971,0,1,1,FALSE,"clonotype1541"
"PT3","TRB:CASSRGSGANVLTF",0,1,0.00036231884057971,0,1,1,FALSE,"clonotype1126"
"PT3","TRB:CASSRGSGNTEAFF;TRA:CLAPLGGGYNKLIF",0,1,0.00036231884057971,0,1,1,FALSE,"clonotype308"
"PT3","TRB:CASSRGTAYEQYF;TRA:CAVGRPMNYGGATNKLIF",0,1,0.00036231884057971,0,1,1,FALSE,"clonotype1077"
"PT3","TRB:CASSRGTDNEKLFF;TRA:CILSKYNNNDMRF",0,1,0.00036231884057971,0,1,1,FALSE,"clonotype777"
"PT3","TRB:CASSRGTGNSYEQYF;TRA:CAVRDDTNAGKSTF",0,1,0.00036231884057971,0,1,1,FALSE,"clonotype1830"
"PT3","TRB:CASSRGTSGGAGSYNEQFF;TRA:CLVGDMGSSASKIIF",0,1,0.00036231884057971,0,1,1,FALSE,"clonotype2221"
"PT3","TRB:CASSRGVQDTQYF;TRA:CALSSWGKLQF",0,1,0.00036231884057971,0,1,1,FALSE,"clonotype607"
"PT3","TRB:CASSRGYDEKLFF;TRA:CAGSGSNDYKLSF;TRA:CALSEAYSSASKIIF",0,1,0.00036231884057971,0,1,1,FALSE,"clonotype812"
"PT3","TRB:CASSRIDTDTQYF;TRA:CASLQRGGSEKLVF",0,1,0.00036231884057971,0,1,1,FALSE,"clonotype870"
"PT3","TRB:CASSRIPRAKNIQYF;TRA:CAASSIGNTPLVF",0,1,0.00036231884057971,0,1,1,FALSE,"clonotype1555"
"PT3","TRB:CASSRIVVQETQYF;TRA:CAVNAGGTYKYIF",0,1,0.00036231884057971,0,1,1,FALSE,"clonotype1386"
"PT3","TRB:CASSRLAGDNEQFF;TRA:CAVEDRGNTGKLIF",0,1,0.00036231884057971,0,1,1,FALSE,"clonotype962"
"PT3","TRB:CASSRLAGGIDTQYF;TRA:CAASIGDYKLSF",0,1,0.00036231884057971,0,1,1,FALSE,"clonotype1732"
"PT3","TRB:CASSRLAGGSWGNEQFF;TRA:CAVNPLSSASKIIF",0,1,0.00036231884057971,0,1,1,FALSE,"clonotype2186"
"PT3","TRB:CASSRLLAERYEQYF;TRA:CALNSNTGNQFYF",0,1,0.00036231884057971,0,1,1,FALSE,"clonotype1326"
"PT3","TRB:CASSRLLVAETQYF;TRA:CALGTGGFKTIF",0,1,0.00036231884057971,0,1,1,FALSE,"clonotype984"
"PT3","TRB:CASSRLPSASGGAYNEQFF;TRA:CAVNSGNDMRF",0,1,0.00036231884057971,0,1,1,FALSE,"clonotype2223"
"PT3","TRB:CASSRLREGRNEQYF;TRA:CAASPYNTDKLIF",0,1,0.00036231884057971,0,1,1,FALSE,"clonotype1905"
"PT3","TRB:CASSRLRGAKGLNTQYF;TRA:CALSDPGNTGKLIF",0,1,0.00036231884057971,0,1,1,FALSE,"clonotype2042"
"PT3","TRB:CASSRMAGTASTEAFF;TRA:CAGQLNYGGATNKLIF;TRA:CAVGRYGGSQGNLIF",0,1,0.00036231884057971,0,1,1,FALSE,"clonotype1797"
"PT3","TRB:CASSRNRGATDTQYF;TRA:CAGPVQGGSEKLVF",0,1,0.00036231884057971,0,1,1,FALSE,"clonotype1283"
"PT3","TRB:CASSRPGQGQNEKLFF;TRA:CAGPIYNQGGKLIF",0,1,0.00036231884057971,0,1,1,FALSE,"clonotype1719"
"PT3","TRB:CASSRQANTGELFF",0,1,0.00036231884057971,0,1,1,FALSE,"clonotype1132"
"PT3","TRB:CASSRQGAHRSPLHF;TRA:CAVRDMAWGGNDYKLSF",0,1,0.00036231884057971,0,1,1,FALSE,"clonotype1347"
"PT3","TRB:CASSRQGDQPQHF;TRA:CAFMTSPTGTYKYIF",0,1,0.00036231884057971,0,1,1,FALSE,"clonotype1065"
"PT3","TRB:CASSRQGRSYEQYF;TRA:CALSERGSGGSNYKLTF",0,1,0.00036231884057971,0,1,1,FALSE,"clonotype1512"
"PT3","TRB:CASSRQGTGILSPLHF;TRA:CAVRGSGGSNYKLTF",0,1,0.00036231884057971,0,1,1,FALSE,"clonotype2059"
"PT3","TRB:CASSRQGWRDIQYF;TRA:CAVRGYSTLTF",0,1,0.00036231884057971,0,1,1,FALSE,"clonotype1284"
"PT3","TRB:CASSRQGYEQYF",0,1,0.00036231884057971,0,1,1,FALSE,"clonotype286"
"PT3","TRB:CASSRRAKNSPLHF;TRA:CAPKGNNAGNMLTF;TRA:CAVNVRGKLIF",0,1,0.00036231884057971,0,1,1,FALSE,"clonotype1246"
"PT3","TRB:CASSRRAQGTEQYF",0,1,0.00036231884057971,0,1,1,FALSE,"clonotype745"
"PT3","TRB:CASSRRDGAQDTQYF;TRA:CAASIAGTASKLTF",0,1,0.00036231884057971,0,1,1,FALSE,"clonotype1407"
"PT3","TRB:CASSRREGDEQFF;TRA:CALRAQGAGGYNKLIF",0,1,0.00036231884057971,0,1,1,FALSE,"clonotype670"
"PT3","TRB:CASSRRGISGTEAFF;TRA:CAGYYGGSQGNLIF",0,1,0.00036231884057971,0,1,1,FALSE,"clonotype1427"
"PT3","TRB:CASSRRHGGQYF;TRA:CAAYSGGGADGLTF",0,1,0.00036231884057971,0,1,1,FALSE,"clonotype705"
"PT3","TRB:CASSRRNSIYNEQFF;TRA:CGADLLAYSGAGSYQLTF",0,1,0.00036231884057971,0,1,1,FALSE,"clonotype1896"
"PT3","TRB:CASSRRPGSGELFF;TRA:CAASRLANAGGTSYGKLTF",0,1,0.00036231884057971,0,1,1,FALSE,"clonotype1107"
"PT3","TRB:CASSRSGANVLTF;TRA:CAASMGGSNYKLTF;TRA:CAVTNTGNQFYF",0,1,0.00036231884057971,0,1,1,FALSE,"clonotype506"
"PT3","TRB:CASSRSGPSGNTIYF;TRA:CAVTVDNYGQNFVF",0,1,0.00036231884057971,0,1,1,FALSE,"clonotype1826"
"PT3","TRB:CASSRSGTQETQYF;TRA:CAASKGGSYIPTF",0,1,0.00036231884057971,0,1,1,FALSE,"clonotype881"
"PT3","TRB:CASSRSPGLAQTQYF;TRA:CATDVKGISNDMRF",0,1,0.00036231884057971,0,1,1,FALSE,"clonotype1419"
"PT3","TRB:CASSRSQGMNGANVLTF;TRA:CALGIPTF;TRA:CALTYSSASKIIF",0,1,0.00036231884057971,0,1,1,FALSE,"clonotype1966"
"PT3","TRB:CASSRSRDATYEQYF;TRA:CAVNSGGGADGLTF",0,2,0.00072463768115942,0,0.50310133915813,1,FALSE,"clonotype96"
"PT3","TRB:CASSRSSGRVDNEQFF;TRA:CAVEGNAGNMLTF",0,1,0.00036231884057971,0,1,1,FALSE,"clonotype1735"
"PT3","TRB:CASSRSSSGGSFYSYNEQFF;TRB:CASSVEGMEGNEQFF;TRA:CAVSGVIQGNTPLVF",0,1,0.00036231884057971,0,1,1,FALSE,"clonotype1502"
"PT3","TRB:CASSRSTDTQYF;TRA:CAVRSSDGQKLLF",0,1,0.00036231884057971,0,1,1,FALSE,"clonotype377"
"PT3","TRB:CASSRTATGGNTIYF",0,1,0.00036231884057971,0,1,1,FALSE,"clonotype1163"
"PT3","TRB:CASSRTATNTGELFF;TRB:CATSREADYGYTF;TRA:CAVLSGGSQGNLIF",0,1,0.00036231884057971,0,1,1,FALSE,"clonotype609"
"PT3","TRB:CASSRTGDSANTGELFF;TRA:CAESTGGGNKLTF",0,1,0.00036231884057971,0,1,1,FALSE,"clonotype2051"
"PT3","TRB:CASSRTGLGGYGYTF;TRA:CAYRSSNYGGSQGNLIF",0,1,0.00036231884057971,0,1,1,FALSE,"clonotype1561"
"PT3","TRB:CASSRTGSGEQYF;TRA:CAVQAANTGNQFYF",0,1,0.00036231884057971,0,1,1,FALSE,"clonotype596"
"PT3","TRB:CASSRTSGGSPGYEQYF;TRA:CAVEPLSGDDKIIF;TRA:CAVRATNSGYALNF",0,1,0.00036231884057971,0,1,1,FALSE,"clonotype2178"
"PT3","TRB:CASSRTSGSEQYF;TRA:CAERERNAGNMLTF",0,1,0.00036231884057971,0,1,1,FALSE,"clonotype647"
"PT3","TRB:CASSRTSGTPPFEQYF;TRA:CILRGTGGFKTIF",0,1,0.00036231884057971,0,1,1,FALSE,"clonotype1654"
"PT3","TRB:CASSRTVLEAFF;TRA:CAANYGGSQGNLIF",0,1,0.00036231884057971,0,1,1,FALSE,"clonotype512"
"PT3","TRB:CASSRVRGRPDTQYF;TRA:CAVSVGGSQGNLIF",0,1,0.00036231884057971,0,1,1,FALSE,"clonotype1832"
"PT3","TRB:CASSRVSGVLYGYTF;TRA:CAVGENNNARLMF",0,1,0.00036231884057971,0,1,1,FALSE,"clonotype1403"
"PT3","TRB:CASSRWGVYGYTF;TRA:CILRAGGGSNYKLTF",0,1,0.00036231884057971,0,1,1,FALSE,"clonotype822"
"PT3","TRB:CASSRWTSGGLGTQYF;TRA:CILRDLYNQGGKLIF",0,1,0.00036231884057971,0,1,1,FALSE,"clonotype1697"
"PT3","TRB:CASSSAGTGQETQYF;TRA:CAAIERGGGADGLTF",0,1,0.00036231884057971,0,1,1,FALSE,"clonotype1829"
"PT3","TRB:CASSSAGYSNQPQHF",0,1,0.00036231884057971,0,1,1,FALSE,"clonotype1150"
"PT3","TRB:CASSSDGTSTDTQYF;TRA:CALSIYNQGGKLIF",0,1,0.00036231884057971,0,1,1,FALSE,"clonotype1410"
"PT3","TRB:CASSSDRADTQYF;TRA:CAGGWGSWGKLQF",0,1,0.00036231884057971,0,1,1,FALSE,"clonotype495"
"PT3","TRB:CASSSDRGQGSQPQHF;TRB:CASSVKRTGTDTQYF;TRA:CAESPLTGTASKLTF;TRA:CAPEGGNNRLAF",0,1,0.00036231884057971,0,1,1,FALSE,"clonotype1823"
"PT3","TRB:CASSSDRLAGTDTQYF;TRA:CAMISGGSNYKLTF",0,1,0.00036231884057971,0,1,1,FALSE,"clonotype1844"
"PT3","TRB:CASSSDRRSTDTQYF;TRA:CAVRDPRYSSASKIIF",0,1,0.00036231884057971,0,1,1,FALSE,"clonotype1888"
"PT3","TRB:CASSSDRSGEQYF;TRA:CALIPYSSASKIIF",0,1,0.00036231884057971,0,1,1,FALSE,"clonotype2233"
"PT3","TRB:CASSSEGDTQYF;TRA:CAVGEQAGTALIF",0,1,0.00036231884057971,0,1,1,FALSE,"clonotype372"
"PT3","TRB:CASSSGASESYEQYF",0,1,0.00036231884057971,0,1,1,FALSE,"clonotype1166"
"PT3","TRB:CASSSGGEETQYF;TRA:CAASDRGGGADGLTF",0,1,0.00036231884057971,0,1,1,FALSE,"clonotype703"
"PT3","TRB:CASSSGGHQETQYF;TRA:CAVTLYGGATNKLIF",0,1,0.00036231884057971,0,1,1,FALSE,"clonotype1007"
"PT3","TRB:CASSSGGNTDTQYF;TRA:CAGHSGNTPLVF",0,1,0.00036231884057971,0,1,1,FALSE,"clonotype798"
"PT3","TRB:CASSSGLSEAFF;TRA:CAVISSGGGADGLTF",0,1,0.00036231884057971,0,1,1,FALSE,"clonotype630"
"PT3","TRB:CASSSGPGDSGELFF;TRA:CAVPHDMRF;TRA:CVVNRASNYQLIW",0,1,0.00036231884057971,0,1,1,FALSE,"clonotype1213"
"PT3","TRB:CASSSGQEARNEKLFF;TRA:CALSGVRAGGTSYGKLTF",0,1,0.00036231884057971,0,1,1,FALSE,"clonotype2273"
"PT3","TRB:CASSSGQGAPYEQYF;TRA:CAEKASGGSYIPTF;TRA:CVVKGYQKVTF",0,1,0.00036231884057971,0,1,1,FALSE,"clonotype1695"
"PT3","TRB:CASSSGQGRNNEQFF",0,1,0.00036231884057971,0,1,1,FALSE,"clonotype1137"
"PT3","TRB:CASSSGQPASGANVLTF;TRB:CATLIGQGMPYEQYF;TRA:CILNAFNAGNMLTF",0,1,0.00036231884057971,0,1,1,FALSE,"clonotype1197"
"PT3","TRB:CASSSGQQETQYF;TRA:CAVRPAAGNKLTF",0,1,0.00036231884057971,0,1,1,FALSE,"clonotype579"
"PT3","TRB:CASSSGRMNTEAFF;TRA:CAGQRWGETSGSRLTF",0,1,0.00036231884057971,0,1,1,FALSE,"clonotype954"
"PT3","TRB:CASSSGSNQPQHF;TRA:CAVRDSSYKLIF",0,1,0.00036231884057971,0,1,1,FALSE,"clonotype534"
"PT3","TRB:CASSSGTANTEAFF;TRA:CALSDWTGGSYIPTF",0,1,0.00036231884057971,0,1,1,FALSE,"clonotype996"
"PT3","TRB:CASSSGTDFGYGYTF;TRA:CALSGGLDTGRRALTF",0,1,0.00036231884057971,0,1,1,FALSE,"clonotype1550"
"PT3","TRB:CASSSGTGEAFF;TRA:CILRVWNNNARLMF",0,1,0.00036231884057971,0,1,1,FALSE,"clonotype316"
"PT3","TRB:CASSSGTGPNQPQHF",0,1,0.00036231884057971,0,1,1,FALSE,"clonotype1151"
"PT3","TRB:CASSSGTIMTPSQYF",0,1,0.00036231884057971,0,1,1,FALSE,"clonotype1122"
"PT3","TRB:CASSSGTYEQYF;TRA:CAGQLSGYSTLTF",0,1,0.00036231884057971,0,1,1,FALSE,"clonotype320"
"PT3","TRB:CASSSGVFGNTIYF;TRA:CAVAKDYGGSQGNLIF",0,1,0.00036231884057971,0,1,1,FALSE,"clonotype1055"
"PT3","TRB:CASSSGVNTEAFF;TRA:CALSGAAAGNKLTF",0,1,0.00036231884057971,0,1,1,FALSE,"clonotype577"
"PT3","TRB:CASSSGVNTEAFF;TRA:CAVEPRGNYGQNFVF",0,1,0.00036231884057971,0,1,1,FALSE,"clonotype617"
"PT3","TRB:CASSSGYQETQYF;TRA:CAFMKLRNANTGNQFYF",0,1,0.00036231884057971,0,1,1,FALSE,"clonotype1084"
"PT3","TRB:CASSSGYQETQYF;TRB:CSARDPRTSGKDGGELFF;TRA:CAGAIKAAGNKLTF;TRA:CIVRVGHYNQGGKLIF",0,1,0.00036231884057971,0,1,1,FALSE,"clonotype855"
"PT3","TRB:CASSSHRDRASPLHF;TRA:CALSDWDTGNQFYF",0,1,0.00036231884057971,0,1,1,FALSE,"clonotype1790"
"PT3","TRB:CASSSIWGAEQYF;TRA:CALSDPANAGKSTF",0,1,0.00036231884057971,0,1,1,FALSE,"clonotype574"
"PT3","TRB:CASSSLAGESYNEQFF;TRA:CISNNLFF",0,1,0.00036231884057971,0,1,1,FALSE,"clonotype1635"
"PT3","TRB:CASSSLAGGRDTQYF;TRA:CAVLDSNYQLIW",0,1,0.00036231884057971,0,1,1,FALSE,"clonotype1181"
"PT3","TRB:CASSSLGATDTQYF",0,1,0.00036231884057971,0,1,1,FALSE,"clonotype741"
"PT3","TRB:CASSSLGIQYF;TRA:CAASFSGGYQKVTF",0,1,0.00036231884057971,0,1,1,FALSE,"clonotype281"
"PT3","TRB:CASSSLGQETQYF;TRA:CAAPGTIIQGAQKLVF;TRA:CVVSAYAGKSTF",0,1,0.00036231884057971,0,1,1,FALSE,"clonotype590"
"PT3","TRB:CASSSLGSGNYGYTF;TRA:CAENKGDYKLSF",0,1,0.00036231884057971,0,1,1,FALSE,"clonotype1752"
"PT3","TRB:CASSSLVVGLAGSNEQFF;TRA:CAMKRGGANSKLTF",0,1,0.00036231884057971,0,1,1,FALSE,"clonotype2197"
"PT3","TRB:CASSSNSGELFF;TRA:CAVNRPGTASKLTF",0,1,0.00036231884057971,0,1,1,FALSE,"clonotype635"
"PT3","TRB:CASSSPDTQYF;TRA:CAVGYATGTYKYIF;TRA:CIVRVVRGYGGSQGNLIF",0,1,0.00036231884057971,0,1,1,FALSE,"clonotype371"
"PT3","TRB:CASSSPGGKETQYF;TRA:CATWGSNYQLIW",0,1,0.00036231884057971,0,1,1,FALSE,"clonotype1273"
"PT3","TRB:CASSSPGILDTGELFF;TRA:CAASAGSTGGFKTIF",0,1,0.00036231884057971,0,1,1,FALSE,"clonotype1925"
"PT3","TRB:CASSSPGQGNYGYTF;TRA:CAVNAFPTNSGYALNF",0,1,0.00036231884057971,0,1,1,FALSE,"clonotype1510"
"PT3","TRB:CASSSPGQGPSYEQYF;TRA:CALSRGRTGGFGNVLHC",0,1,0.00036231884057971,0,1,1,FALSE,"clonotype1878"
"PT3","TRB:CASSSPGTYNEQFF",0,1,0.00036231884057971,0,1,1,FALSE,"clonotype732"
"PT3","TRB:CASSSPPGQDDF;TRB:CSAQGQGLSNQPQHF;TRA:CVVAMDTGRRALTF",0,2,0.00072463768115942,0,0.50310133915813,1,FALSE,"clonotype60"
"PT3","TRB:CASSSPPSVKAFF;TRA:CAVDPAGAGSYQLTF",0,1,0.00036231884057971,0,1,1,FALSE,"clonotype552"
"PT3","TRB:CASSSPRLTGGGRQPQHF;TRA:CAGGRDSNYQLIW",0,1,0.00036231884057971,0,1,1,FALSE,"clonotype2146"
"PT3","TRB:CASSSPRTGGGYGYTF;TRA:CAPERNSGNTPLVF",0,1,0.00036231884057971,0,1,1,FALSE,"clonotype1795"
"PT3","TRB:CASSSPSGGTDTQYF;TRA:CALKFREPQKLVF",0,1,0.00036231884057971,0,1,1,FALSE,"clonotype1485"
"PT3","TRB:CASSSPSGLTDTQYF",0,1,0.00036231884057971,0,1,1,FALSE,"clonotype1135"
"PT3","TRB:CASSSPWVSGSYEQYF;TRA:CAASARETSGSRLTF",0,1,0.00036231884057971,0,1,1,FALSE,"clonotype2122"
"PT3","TRB:CASSSQDYMNTEAFF;TRA:CAVNSQGGSEKLVF",0,1,0.00036231884057971,0,1,1,FALSE,"clonotype1428"
"PT3","TRB:CASSSQGTVEKLFF;TRA:CAGARQAGTALIF;TRA:CALRDGWRAAGNKLTF",0,1,0.00036231884057971,0,1,1,FALSE,"clonotype953"
"PT3","TRB:CASSSQRTGGERYEQYF;TRA:CAVVNGGATNKLIF",0,1,0.00036231884057971,0,1,1,FALSE,"clonotype1995"
"PT3","TRB:CASSSRAPADTEAFF;TRA:CAENIRENSGYALNF",0,1,0.00036231884057971,0,1,1,FALSE,"clonotype1470"
"PT3","TRB:CASSSRDHVSKNIQYF",0,1,0.00036231884057971,0,1,1,FALSE,"clonotype1954"
"PT3","TRB:CASSSRGQTSGETQYF;TRA:CAVRDPGSGGSYIPTF",0,1,0.00036231884057971,0,1,1,FALSE,"clonotype1725"
"PT3","TRB:CASSSRGTNSPLHF",0,1,0.00036231884057971,0,1,1,FALSE,"clonotype1160"
"PT3","TRB:CASSSRGWDTEAFF;TRA:CALATFIQAGTALIF",0,1,0.00036231884057971,0,1,1,FALSE,"clonotype1597"
"PT3","TRB:CASSSRQGETDTQYF;TRA:CAVRGGDDKIIF",0,1,0.00036231884057971,0,1,1,FALSE,"clonotype1935"
"PT3","TRB:CASSSRQRSPTDTQYF;TRA:CADSIGFGNVLHC",0,1,0.00036231884057971,0,1,1,FALSE,"clonotype2038"
"PT3","TRB:CASSSRREPYNEQFF;TRA:CALDQAGTALIF",0,1,0.00036231884057971,0,1,1,FALSE,"clonotype1454"
"PT3","TRB:CASSSRRTSGNEQFF;TRA:CVVSLSPYNFNKFYF",0,1,0.00036231884057971,0,1,1,FALSE,"clonotype1859"
"PT3","TRB:CASSSRTGQETQYF;TRA:CAPPGADKLIF;TRA:CAVRDPNTGRRALTF",0,1,0.00036231884057971,0,1,1,FALSE,"clonotype1239"
"PT3","TRB:CASSSRTSGYNEQFF;TRA:CAVPGGSDGQKLLF",0,1,0.00036231884057971,0,1,1,FALSE,"clonotype1384"
"PT3","TRB:CASSSSGNGPRKFF;TRA:CAPILSSNTGKLIF",0,1,0.00036231884057971,0,1,1,FALSE,"clonotype1278"
"PT3","TRB:CASSSSGPPDEQYF;TRA:CAESHTSGTYKYIF",0,1,0.00036231884057971,0,1,1,FALSE,"clonotype994"
"PT3","TRB:CASSSSGRGNIQYF;TRA:CAVFGTDKLIF",0,1,0.00036231884057971,0,1,1,FALSE,"clonotype1238"
"PT3","TRB:CASSSSGTLGQYF;TRA:CAVQGDTGRRALTF",0,1,0.00036231884057971,0,1,1,FALSE,"clonotype589"
"PT3","TRB:CASSSSLSRLAGQETQYF;TRA:CAVSHGSSNTGKLIF",0,1,0.00036231884057971,0,1,1,FALSE,"clonotype2234"
"PT3","TRB:CASSSSLTSGSYNEQFF",0,1,0.00036231884057971,0,1,1,FALSE,"clonotype1944"
"PT3","TRB:CASSSSQQTWETQYF;TRA:CALTGRGSTLGRLYF",0,1,0.00036231884057971,0,1,1,FALSE,"clonotype1827"
"PT3","TRB:CASSSSTAVDIQYF;TRA:CILRKSGGSNYKLTF",0,1,0.00036231884057971,0,1,1,FALSE,"clonotype1241"
"PT3","TRB:CASSSSTGGSAFF;TRA:CAVGTGGFKTIF",0,1,0.00036231884057971,0,1,1,FALSE,"clonotype800"
"PT3","TRB:CASSSTALELAPNYGYTF;TRA:CAEYPPGTYKYIF",0,1,0.00036231884057971,0,1,1,FALSE,"clonotype2172"
"PT3","TRB:CASSSTDRAFNSPLHF;TRA:CAGTNARLMF",0,1,0.00036231884057971,0,1,1,FALSE,"clonotype1639"
"PT3","TRB:CASSSTGGAGSPLHF;TRA:CAAYTNAGKSTF",0,1,0.00036231884057971,0,1,1,FALSE,"clonotype1256"
"PT3","TRB:CASSSTGGHYEQYF;TRB:CSAFRQGEKDGYTF;TRA:CAVSAEDSSYKLIF",0,1,0.00036231884057971,0,1,1,FALSE,"clonotype313"
"PT3","TRB:CASSSTGRGTEAFF;TRA:CAAIPPRGNEKLTF",0,1,0.00036231884057971,0,1,1,FALSE,"clonotype1387"
"PT3","TRB:CASSSTLNRGYEQYF",0,1,0.00036231884057971,0,1,1,FALSE,"clonotype1617"
"PT3","TRB:CASSSTSGPYEQYF;TRA:CAASYSNDYKLSF",0,1,0.00036231884057971,0,1,1,FALSE,"clonotype1578"
"PT3","TRB:CASSSTTGGWEQSNQPQHF;TRA:CILRDQRVTDSSYKLIF",0,1,0.00036231884057971,0,1,1,FALSE,"clonotype2228"
"PT3","TRB:CASSSTTGNTEAFF;TRA:CATLPYSSASKIIF",0,1,0.00036231884057971,0,1,1,FALSE,"clonotype1379"
"PT3","TRB:CASSSTYSNQPQHF;TRA:CAASDQTGANNLFF",0,1,0.00036231884057971,0,1,1,FALSE,"clonotype1091"
"PT3","TRB:CASSSVGSYEQYF;TRA:CAAQAGANNLFF;TRA:CVVNPQSQGGKLIF",0,1,0.00036231884057971,0,1,1,FALSE,"clonotype941"
"PT3","TRB:CASSSVVSGNNEQFF;TRA:CAVRLPTGANNLFF",0,1,0.00036231884057971,0,1,1,FALSE,"clonotype1670"
"PT3","TRB:CASSSVYNEQFF;TRA:CAVRKGAQKLVF",0,1,0.00036231884057971,0,1,1,FALSE,"clonotype342"
"PT3","TRB:CASSSWAGGTETQYF;TRA:CALSDLGYSSASKIIF",0,2,0.00072463768115942,0,0.50310133915813,1,FALSE,"clonotype104"
"PT3","TRB:CASSSWDIPSSYEQYF;TRA:CLVGLLGSARQLTF",0,1,0.00036231884057971,0,1,1,FALSE,"clonotype1975"
"PT3","TRB:CASSSWGGTGGKDTQYF",0,1,0.00036231884057971,0,1,1,FALSE,"clonotype1950"
"PT3","TRB:CASSSWTGGGGYTF;TRA:CAASWGGGGSEKLVF",0,1,0.00036231884057971,0,1,1,FALSE,"clonotype1099"
"PT3","TRB:CASSSYRGEQYF;TRA:CAVEASYAGGTSYGKLTF",0,1,0.00036231884057971,0,1,1,FALSE,"clonotype420"
"PT3","TRB:CASSSYRGRGSNNEQFF;TRA:CAVVLYNQGGKLIF",0,1,0.00036231884057971,0,1,1,FALSE,"clonotype2004"
"PT3","TRB:CASSSYVGQTLAGGYTF;TRA:CIVKAGTALIF",0,1,0.00036231884057971,0,1,1,FALSE,"clonotype2137"
"PT3","TRB:CASSTAGRSTDTQYF;TRA:CAVQAGDYKLSF",0,1,0.00036231884057971,0,1,1,FALSE,"clonotype1716"
"PT3","TRB:CASSTEGLLLGGNEQFF;TRA:CAVNAPDSSASKIIF",0,1,0.00036231884057971,0,1,1,FALSE,"clonotype2082"
"PT3","TRB:CASSTFVSASTDTQYF;TRA:CAPATYSGGGADGLTF;TRA:CAVVMPGNTPLVF",0,1,0.00036231884057971,0,1,1,FALSE,"clonotype1699"
"PT3","TRB:CASSTGGGDTQYF;TRA:CAVRVTFRSARQLTF",0,1,0.00036231884057971,0,1,1,FALSE,"clonotype665"
"PT3","TRB:CASSTGLGGLHF;TRA:CAAQANYGNNRLAF",0,1,0.00036231884057971,0,1,1,FALSE,"clonotype361"
"PT3","TRB:CASSTGPPYGYTF;TRA:CAASVMSGTYKYIF;TRA:CALSDRNNNDMRF",0,1,0.00036231884057971,0,1,1,FALSE,"clonotype894"
"PT3","TRB:CASSTGQGDGYTF;TRA:CAYRRGRTSGTYKYIF",0,1,0.00036231884057971,0,1,1,FALSE,"clonotype684"
"PT3","TRB:CASSTGQGRETQYF;TRA:CATRGGGSQGNLIF",0,1,0.00036231884057971,0,1,1,FALSE,"clonotype1377"
"PT3","TRB:CASSTGRGFGMNTEAFF;TRA:CAMRVSYNFNKFYF",0,1,0.00036231884057971,0,1,1,FALSE,"clonotype2202"
"PT3","TRB:CASSTGRVAATDTQYF;TRA:CAFMKEWGAQKLVF",0,1,0.00036231884057971,0,1,1,FALSE,"clonotype2096"
"PT3","TRB:CASSTGTSGTDTQYF;TRA:CASNSGGYQKVTF",0,1,0.00036231884057971,0,1,1,FALSE,"clonotype1232"
"PT3","TRB:CASSTGVNTEAFF;TRA:CAVEPRGNYGQNFVF",0,1,0.00036231884057971,0,1,1,FALSE,"clonotype616"
"PT3","TRB:CASSTLAGAGETQYF;TRA:CAASMGSARQLTF",0,1,0.00036231884057971,0,1,1,FALSE,"clonotype1324"
"PT3","TRB:CASSTMGGSYEQYF;TRA:CATDENNARLMF",0,1,0.00036231884057971,0,1,1,FALSE,"clonotype865"
"PT3","TRB:CASSTNRVPNSPLHF;TRA:CIVRPPLEAGNNRKLIW",0,1,0.00036231884057971,0,1,1,FALSE,"clonotype1751"
"PT3","TRB:CASSTPGRGSYGYTF;TRB:CAWSSGTVEQYF;TRA:CAVRGLLHSGSARQLTF",0,1,0.00036231884057971,0,1,1,FALSE,"clonotype193"
"PT3","TRB:CASSTPLGGNEKLFF;TRA:CAVRPPGGFKTIF",0,1,0.00036231884057971,0,1,1,FALSE,"clonotype1186"
"PT3","TRB:CASSTQGSLNEQYF;TRA:CVVNTGGFKTIF",0,1,0.00036231884057971,0,1,1,FALSE,"clonotype1275"
"PT3","TRB:CASSTRASVDGEQYF;TRA:CAASMDSNYQLIW",0,1,0.00036231884057971,0,1,1,FALSE,"clonotype1358"
"PT3","TRB:CASSTRGPNTEAFF;TRA:CAPDNQAGTALIF",0,1,0.00036231884057971,0,1,1,FALSE,"clonotype803"
"PT3","TRB:CASSTRGQLETQYF;TRA:CAVRANQGAQKLVF",0,1,0.00036231884057971,0,1,1,FALSE,"clonotype965"
"PT3","TRB:CASSTRGRETQYF;TRA:CAERDSGAGSYQLTF",0,1,0.00036231884057971,0,1,1,FALSE,"clonotype610"
"PT3","TRB:CASSTRLGLQETQYF;TRA:CAVVGTSYGKLTF",0,1,0.00036231884057971,0,1,1,FALSE,"clonotype1226"
"PT3","TRB:CASSTRQGAREGYTF;TRA:CAFMKPWGAGGTSYGKLTF",0,1,0.00036231884057971,0,1,1,FALSE,"clonotype2269"
"PT3","TRB:CASSTRQGYEQYF;TRA:CALRGNAGGTSYGKLTF",0,1,0.00036231884057971,0,1,1,FALSE,"clonotype694"
"PT3","TRB:CASSTRRGVFYNEQFF;TRA:CAARGPGGNTPLVF;TRA:CAFIRNSGNTPLVF",0,1,0.00036231884057971,0,1,1,FALSE,"clonotype2039"
"PT3","TRB:CASSTRTDTQYF;TRA:CALEIGQKLLF",0,1,0.00036231884057971,0,1,1,FALSE,"clonotype429"
"PT3","TRB:CASSTSGASSYNEQFF;TRA:CVVSDYNNDMRF",0,1,0.00036231884057971,0,1,1,FALSE,"clonotype1763"
"PT3","TRB:CASSTSGLGYGYTF",0,1,0.00036231884057971,0,1,1,FALSE,"clonotype719"
"PT3","TRB:CASSTSGTGMEPQHF",0,1,0.00036231884057971,0,1,1,FALSE,"clonotype1117"
"PT3","TRB:CASSTSYNEQFF;TRA:CAASYTGFQKLVF",0,1,0.00036231884057971,0,1,1,FALSE,"clonotype426"
"PT3","TRB:CASSTTGEPQHF;TRA:CLVGDLPYGGATNKLIF",0,1,0.00036231884057971,0,1,1,FALSE,"clonotype548"
"PT3","TRB:CASSTTQGERTLHF;TRA:CAGGYKLSF;TRA:CATDASGTYKYIF",0,1,0.00036231884057971,0,1,1,FALSE,"clonotype1177"
"PT3","TRB:CASSTTSGSSYNEQFF;TRA:CAVSSNDYKLSF",0,1,0.00036231884057971,0,1,1,FALSE,"clonotype2013"
"PT3","TRB:CASSVAGDSFYEQYF;TRA:CAGRGTGNQFYF",0,1,0.00036231884057971,0,1,1,FALSE,"clonotype1215"
"PT3","TRB:CASSVAGNHEQYF;TRA:CAVSERNRDDKIIF",0,1,0.00036231884057971,0,1,1,FALSE,"clonotype641"
"PT3","TRB:CASSVAGPITDTQYF;TRA:CALRERGNKLTF;TRA:CAVLGGQTGANNLFF",0,1,0.00036231884057971,0,1,1,FALSE,"clonotype1293"
"PT3","TRB:CASSVALGGGADEQFF",0,1,0.00036231884057971,0,1,1,FALSE,"clonotype1633"
"PT3","TRB:CASSVAPTNEKLFF;TRA:CAASVGGFNKFYF",0,1,0.00036231884057971,0,1,1,FALSE,"clonotype1086"
"PT3","TRB:CASSVARGTDTQYF;TRA:CADQGAGTYKYIF;TRA:CAVRLQGAQKLVF",0,2,0.00072463768115942,0,0.50310133915813,1,FALSE,"clonotype81"
"PT3","TRB:CASSVASGRTGELFF;TRA:CAGSGSNDYKLSF;TRA:CAPAETSYDKVIF",0,1,0.00036231884057971,0,1,1,FALSE,"clonotype1216"
"PT3","TRB:CASSVASSGGSYEQYF;TRA:CVVNSGYSTLTF",0,2,0.00072463768115942,0,0.50310133915813,1,FALSE,"clonotype113"
"PT3","TRB:CASSVATRTEAFF;TRA:CAENTVDSSYKLIF",0,1,0.00036231884057971,0,1,1,FALSE,"clonotype649"
"PT3","TRB:CASSVDGYGAQPQHF;TRA:CAATVYNFNKFYF",0,1,0.00036231884057971,0,1,1,FALSE,"clonotype1566"
"PT3","TRB:CASSVDPPAGVRGEQFF",0,1,0.00036231884057971,0,1,1,FALSE,"clonotype1960"
"PT3","TRB:CASSVDRGNYEQYF;TRA:CAWMDSSYKLIF",0,1,0.00036231884057971,0,1,1,FALSE,"clonotype836"
"PT3","TRB:CASSVDRPNTGELFF;TRA:CAPWGGTELTF",0,1,0.00036231884057971,0,1,1,FALSE,"clonotype1245"
"PT3","TRB:CASSVDRVGGYTF;TRA:CAASITGNQFYF;TRA:CIARTPISNFGNEKLTF",0,1,0.00036231884057971,0,1,1,FALSE,"clonotype519"
"PT3","TRB:CASSVDSHSYEQYF;TRA:CAVPSGGYQKVTF;TRA:CVVSKEGRRALTF",0,1,0.00036231884057971,0,1,1,FALSE,"clonotype781"
"PT3","TRB:CASSVDSLGTPLHF;TRA:CAAGSSGNTPLVF",0,1,0.00036231884057971,0,1,1,FALSE,"clonotype1101"
"PT3","TRB:CASSVDTLYGEAFF;TRA:CALSERNFGNEKLTF",0,1,0.00036231884057971,0,1,1,FALSE,"clonotype1071"
"PT3","TRB:CASSVEAGSYEQYF;TRA:CAADSSYKLIF",0,1,0.00036231884057971,0,1,1,FALSE,"clonotype832"
"PT3","TRB:CASSVEDSSYNEQFF;TRA:CAVGYNNNDMRF",0,1,0.00036231884057971,0,1,1,FALSE,"clonotype1292"
"PT3","TRB:CASSVEGGEETQYF;TRA:CAGNQAGTALIF",0,1,0.00036231884057971,0,1,1,FALSE,"clonotype911"
"PT3","TRB:CASSVELRTTEAFF;TRA:CAGLHNYGQNFVF",0,1,0.00036231884057971,0,1,1,FALSE,"clonotype1230"
"PT3","TRB:CASSVETSGRNEQFF;TRA:CALSDSSGNTGKLIF",0,1,0.00036231884057971,0,1,1,FALSE,"clonotype1464"
"PT3","TRB:CASSVGDRGRNEQYF;TRA:CALSEALGTGNQFYF",0,1,0.00036231884057971,0,1,1,FALSE,"clonotype1543"
"PT3","TRB:CASSVGDSSYEQYF;TRA:CALSEALLGNTPLVF",0,1,0.00036231884057971,0,1,1,FALSE,"clonotype1072"
"PT3","TRB:CASSVGGAAGELFF;TRA:CVVNGRGFSSASKIIF",0,1,0.00036231884057971,0,1,1,FALSE,"clonotype1037"
"PT3","TRB:CASSVGGFAEQYF;TRA:CATLLDSSYKLIF",0,1,0.00036231884057971,0,1,1,FALSE,"clonotype569"
"PT3","TRB:CASSVGGGGNQPQHF;TRA:CAVTNFGNEKLTF",0,1,0.00036231884057971,0,1,1,FALSE,"clonotype1422"
"PT3","TRB:CASSVGGGPNQPQHF;TRA:CAVRGTGNQFYF",0,1,0.00036231884057971,0,1,1,FALSE,"clonotype1295"
"PT3","TRB:CASSVGGGRQSSGNTIYF;TRA:CAMSAPGTNAGKSTF",0,1,0.00036231884057971,0,1,1,FALSE,"clonotype2204"
"PT3","TRB:CASSVGGGSGTEAFF",0,1,0.00036231884057971,0,1,1,FALSE,"clonotype1164"
"PT3","TRB:CASSVGGSHPYGTDTQYF;TRA:CLVGGRNAGNMLTF",0,1,0.00036231884057971,0,1,1,FALSE,"clonotype2145"
"PT3","TRB:CASSVGGTGSYEQYF;TRA:CALSALQTGANNLFF",0,1,0.00036231884057971,0,1,1,FALSE,"clonotype1294"
"PT3","TRB:CASSVGIQRETQYF;TRA:CAVRDSTGSNDYKLSF",0,1,0.00036231884057971,0,1,1,FALSE,"clonotype1061"
"PT3","TRB:CASSVGNNEQFF;TRA:CAEIRNTGGFKTIF",0,1,0.00036231884057971,0,1,1,FALSE,"clonotype397"
"PT3","TRB:CASSVGNSIAATQYF;TRA:CAGSPPMDSNYQLIW",0,1,0.00036231884057971,0,1,1,FALSE,"clonotype1503"
"PT3","TRB:CASSVGQGGNQPQHF;TRA:CIPYFGNEKLTF",0,1,0.00036231884057971,0,1,1,FALSE,"clonotype1185"
"PT3","TRB:CASSVGRGGIDEQYF;TRA:CAMSGGTGANSKLTF",0,1,0.00036231884057971,0,1,1,FALSE,"clonotype1530"
"PT3","TRB:CASSVGSGLRSPLHF;TRA:CAGKGGSEKLVF",0,1,0.00036231884057971,0,1,1,FALSE,"clonotype1217"
"PT3","TRB:CASSVGTGGSYEQYF;TRA:CAFKASGGYNKLIF",0,1,0.00036231884057971,0,1,1,FALSE,"clonotype1667"
"PT3","TRB:CASSVGTSGGKTQYF;TRA:CAEEISDGQKLLF",0,1,0.00036231884057971,0,1,1,FALSE,"clonotype1421"
"PT3","TRB:CASSVGTSGSRADTQYF;TRA:CAVRDTGFQKLVF;TRA:CAVSDNFNKFYF",0,1,0.00036231884057971,0,1,1,FALSE,"clonotype1964"
"PT3","TRB:CASSVIPNYGYTF;TRA:CAFGIQGAQKLVF",0,1,0.00036231884057971,0,1,1,FALSE,"clonotype656"
"PT3","TRB:CASSVISTTDGYTF;TRA:CAASHRQGQNFVF;TRA:CVVNKSFQKLVF",0,1,0.00036231884057971,0,1,1,FALSE,"clonotype869"
"PT3","TRB:CASSVKDRAAFF;TRA:CAGHARLMF",0,1,0.00036231884057971,0,1,1,FALSE,"clonotype300"
"PT3","TRB:CASSVKEGGQPQHF;TRA:CAETVGDYKLSF",0,1,0.00036231884057971,0,1,1,FALSE,"clonotype876"
"PT3","TRB:CASSVPGQGNYEQYF;TRA:CAASPNGAGTALIF",0,1,0.00036231884057971,0,1,1,FALSE,"clonotype1383"
"PT3","TRB:CASSVQGTDTQYF;TRA:CAVLDSSYKLIF",0,1,0.00036231884057971,0,1,1,FALSE,"clonotype458"
"PT3","TRB:CASSVRGYEQYF;TRA:CAVSRRNGGYQKVTF",0,1,0.00036231884057971,0,1,1,FALSE,"clonotype398"
"PT3","TRB:CASSVRLAGGADTQYF;TRA:CAVNTGFQKLVF",0,1,0.00036231884057971,0,1,1,FALSE,"clonotype2270"
"PT3","TRB:CASSVRLNTDTQYF",0,1,0.00036231884057971,0,1,1,FALSE,"clonotype746"
"PT3","TRB:CASSVRPGNTEAFF;TRA:CAFIVTNDYKLSF;TRA:CILDRWNSGGSNYKLTF",0,1,0.00036231884057971,0,1,1,FALSE,"clonotype910"
"PT3","TRB:CASSVRQPGELFF;TRA:CAAHTLNFGNEKLTF",0,1,0.00036231884057971,0,1,1,FALSE,"clonotype615"
"PT3","TRB:CASSVRVQDSPLHF;TRA:CASYDRGSTLGRLYF",0,1,0.00036231884057971,0,1,1,FALSE,"clonotype1536"
"PT3","TRB:CASSVSGNDYGYTF;TRA:CAASKGNTPLVF",0,1,0.00036231884057971,0,1,1,FALSE,"clonotype1267"
"PT3","TRB:CASSVSKASGRSSYNEQFF;TRB:CSAIFLAAQFF;TRA:CAGQNSGTYKYIF;TRA:CIVRVNTGTASKLTF",0,1,0.00036231884057971,0,1,1,FALSE,"clonotype150"
"PT3","TRB:CASSVSRTNYGYTF;TRA:CAMREGRETSGSRLTF",0,1,0.00036231884057971,0,1,1,FALSE,"clonotype1548"
"PT3","TRB:CASSVTAYNEKLFF;TRA:CALSEGVSSGDKLTF",0,1,0.00036231884057971,0,1,1,FALSE,"clonotype1073"
"PT3","TRB:CASSVTGSSEKLFF;TRA:CAVWVGGNNDMRF",0,1,0.00036231884057971,0,1,1,FALSE,"clonotype913"
"PT3","TRB:CASSVTGSSNQPQHF",0,1,0.00036231884057971,0,1,1,FALSE,"clonotype1120"
"PT3","TRB:CASSVTGTSNTEAFF;TRA:CALSDPGSARQLTF",0,1,0.00036231884057971,0,1,1,FALSE,"clonotype1782"
"PT3","TRB:CASSVTLADNEQFF;TRA:CAVRRSGDDMRF",0,1,0.00036231884057971,0,1,1,FALSE,"clonotype912"
"PT3","TRB:CASSVVASGAYEQYF",0,1,0.00036231884057971,0,1,1,FALSE,"clonotype1165"
"PT3","TRB:CASSVVDGPLHF",0,1,0.00036231884057971,0,1,1,FALSE,"clonotype299"
"PT3","TRB:CASSVVSGGVNEQFF;TRA:CAGNDRGSTLGRLYF",0,1,0.00036231884057971,0,1,1,FALSE,"clonotype1361"
"PT3","TRB:CASSVVTRAYSNQPQHF;TRA:CATDEGGSTLGRLYF",0,1,0.00036231884057971,0,1,1,FALSE,"clonotype2187"
"PT3","TRB:CASSWASATDTQYF;TRA:CAVSEPLRGNEKLTF",0,1,0.00036231884057971,0,1,1,FALSE,"clonotype1010"
"PT3","TRB:CASSWDFTDTQYF;TRA:CIVRALTGTASKLTF",0,1,0.00036231884057971,0,1,1,FALSE,"clonotype496"
"PT3","TRB:CASSWDGETGEQYF;TRA:CVVNFGNEKLTF",0,1,0.00036231884057971,0,1,1,FALSE,"clonotype1380"
"PT3","TRB:CASSWDHSNTGELFF;TRA:CAVGAWAAGNKLTF",0,1,0.00036231884057971,0,1,1,FALSE,"clonotype1447"
"PT3","TRB:CASSWDRSSGANVLTF;TRA:CAVNNYGGSQGNLIF",0,1,0.00036231884057971,0,1,1,FALSE,"clonotype1861"
"PT3","TRB:CASSWDRVLEAFF;TRA:CAVSDSGGYNKLIF",0,1,0.00036231884057971,0,1,1,FALSE,"clonotype477"
"PT3","TRB:CASSWGDRGVYEQYF;TRA:CAVAADTGGFKTIF",0,1,0.00036231884057971,0,1,1,FALSE,"clonotype1455"
"PT3","TRB:CASSWGETQYF;TRA:CALSDRSTDKLIF",0,1,0.00036231884057971,0,1,1,FALSE,"clonotype231"
"PT3","TRB:CASSWGGLRRDTQYF;TRA:CAASRSNDYKLSF",0,1,0.00036231884057971,0,1,1,FALSE,"clonotype1563"
"PT3","TRB:CASSWGGRVNTEAFF;TRA:CALSEAGYSTLTF",0,1,0.00036231884057971,0,1,1,FALSE,"clonotype1854"
"PT3","TRB:CASSWGPGSPNTEAFF;TRA:CAVGMKTSYDKVIF",0,1,0.00036231884057971,0,1,1,FALSE,"clonotype2077"
"PT3","TRB:CASSWGQSENSPLHF;TRA:CALYNFNKFYF",0,1,0.00036231884057971,0,1,1,FALSE,"clonotype1408"
"PT3","TRB:CASSWQQGNYGYTF",0,1,0.00036231884057971,0,1,1,FALSE,"clonotype739"
"PT3","TRB:CASSWSYTIYF;TRA:CVVNTPGGATNKLIF",0,1,0.00036231884057971,0,1,1,FALSE,"clonotype249"
"PT3","TRB:CASSWTRLALGNEQFF",0,1,0.00036231884057971,0,1,1,FALSE,"clonotype1953"
"PT3","TRB:CASSWTTGGDTGELFF;TRA:CAEGGFQKLVF",0,1,0.00036231884057971,0,1,1,FALSE,"clonotype1726"
"PT3","TRB:CASSYASLAETGLNEQFF;TRA:CAVEGPGGFKTIF",0,1,0.00036231884057971,0,1,1,FALSE,"clonotype2161"
"PT3","TRB:CASSYDFLYGYTF;TRA:CVVRGDDKIIF",0,1,0.00036231884057971,0,1,1,FALSE,"clonotype482"
"PT3","TRB:CASSYDGDRSYEQYF;TRA:CILRGTSGTYKYIF",0,1,0.00036231884057971,0,1,1,FALSE,"clonotype1196"
"PT3","TRB:CASSYDSGDYNEQFF;TRA:CVVNNYTGFQKLVF",0,1,0.00036231884057971,0,1,1,FALSE,"clonotype1366"
"PT3","TRB:CASSYFGGLGPYNEQFF;TRA:CAARHFGNEKLTF",0,1,0.00036231884057971,0,1,1,FALSE,"clonotype2011"
"PT3","TRB:CASSYFHDSYEQYF;TRA:CVVSLRGGADGLTF",0,1,0.00036231884057971,0,1,1,FALSE,"clonotype1016"
"PT3","TRB:CASSYGGDGRNYGYTF;TRA:CAVNLSGTYKYIF",0,1,0.00036231884057971,0,1,1,FALSE,"clonotype1778"
"PT3","TRB:CASSYGGPYEQYF;TRA:CAENFGNEKLTF",0,1,0.00036231884057971,0,1,1,FALSE,"clonotype470"
"PT3","TRB:CASSYGGSTYNEQFF;TRA:CAVNQAGTALIF",0,2,0.00072463768115942,0,0.50310133915813,1,FALSE,"clonotype100"
"PT3","TRB:CASSYGNEQFF;TRA:CAASSLNDYKLSF",0,2,0.00072463768115942,0,0.50310133915813,1,FALSE,"clonotype54"
"PT3","TRB:CASSYGQGKGYTF;TRA:CAFNTGGFKTIF",0,1,0.00036231884057971,0,1,1,FALSE,"clonotype529"
"PT3","TRB:CASSYGQLNTEAFF",0,1,0.00036231884057971,0,1,1,FALSE,"clonotype731"
"PT3","TRB:CASSYGQVSYEQYF;TRA:CAVGPIQGAQKLVF;TRA:CLPNSGGSNYKLTF",0,1,0.00036231884057971,0,1,1,FALSE,"clonotype750"
"PT3","TRB:CASSYGTGNEQFF;TRA:CAAIGPGAGSYQLTF",0,1,0.00036231884057971,0,1,1,FALSE,"clonotype700"
"PT3","TRB:CASSYHNEQFF;TRA:CAASTGNQFYF",0,1,0.00036231884057971,0,1,1,FALSE,"clonotype422"
"PT3","TRB:CASSYHRDAFF;TRA:CAYRSALRKTSGSRLTF",0,1,0.00036231884057971,0,1,1,FALSE,"clonotype279"
"PT3","TRB:CASSYKGGQGGYGYTF;TRA:CVVSGGNRDDKIIF",0,1,0.00036231884057971,0,1,1,FALSE,"clonotype1847"
"PT3","TRB:CASSYKIETGGIPPYF;TRA:CAERGGNTGKLIF",0,1,0.00036231884057971,0,1,1,FALSE,"clonotype2271"
"PT3","TRB:CASSYLGGRADTQYF;TRA:CALLKTGANSKLTF;TRA:CALSTQGGSEKLVF",0,1,0.00036231884057971,0,1,1,FALSE,"clonotype1367"
"PT3","TRB:CASSYLGIGIMNTEAFF;TRA:CAFRGNSGNTPLVF;TRA:CAVSDNSGGSNYKLTF",0,1,0.00036231884057971,0,1,1,FALSE,"clonotype2090"
"PT3","TRB:CASSYLGVSPGNTIYF;TRA:CILRTASGNTPLVF",0,1,0.00036231884057971,0,1,1,FALSE,"clonotype1659"
"PT3","TRB:CASSYLKDGPSHVLTF",0,1,0.00036231884057971,0,1,1,FALSE,"clonotype1603"
"PT3","TRB:CASSYLNGEQYF;TRA:CAGAQKSQNFVF;TRA:CIVRGSGNFNKFYF",0,1,0.00036231884057971,0,1,1,FALSE,"clonotype307"
"PT3","TRB:CASSYLRLGGVDTQYF;TRA:CVVSDSGGYQKVTF",0,1,0.00036231884057971,0,1,1,FALSE,"clonotype1814"
"PT3","TRB:CASSYNPGGPKDTQYF;TRA:CAVEDDNFNKFYF",0,1,0.00036231884057971,0,1,1,FALSE,"clonotype1738"
"PT3","TRB:CASSYNRGRPNTEAFF",0,1,0.00036231884057971,0,1,1,FALSE,"clonotype1604"
"PT3","TRB:CASSYNTGELFF;TRA:CVALRGYQKVTF",0,1,0.00036231884057971,0,1,1,FALSE,"clonotype332"
"PT3","TRB:CASSYPGGSGHSLLNYGYTF;TRA:CVVRSMDSSYKLIF",0,1,0.00036231884057971,0,1,1,FALSE,"clonotype2248"
"PT3","TRB:CASSYPGREREQFF;TRA:CAGLSGGSNYKLTF",0,1,0.00036231884057971,0,1,1,FALSE,"clonotype838"
"PT3","TRB:CASSYPLGSGGAPGELFF;TRA:CAYRRLDMRF",0,1,0.00036231884057971,0,1,1,FALSE,"clonotype2162"
"PT3","TRB:CASSYPWDRGQETQYF;TRA:CVVNPSNTGKLIF",0,1,0.00036231884057971,0,1,1,FALSE,"clonotype1739"
"PT3","TRB:CASSYQGSQPQHF;TRA:CAATSHGSSNTGKLIF",0,1,0.00036231884057971,0,1,1,FALSE,"clonotype652"
"PT3","TRB:CASSYRAGEQYF;TRA:CAVKNQYNTDKLIF",0,1,0.00036231884057971,0,1,1,FALSE,"clonotype382"
"PT3","TRB:CASSYRAGGGTGELFF;TRA:CAVDKGAQKLVF;TRA:CILTQGGSEKLVF",0,1,0.00036231884057971,0,1,1,FALSE,"clonotype1648"
"PT3","TRB:CASSYRAPFFTDTQYF;TRA:CAVRESTSGTYKYIF",0,1,0.00036231884057971,0,1,1,FALSE,"clonotype1848"
"PT3","TRB:CASSYRASGGIGTQYF;TRA:CAENTGGATNKLIF",0,1,0.00036231884057971,0,1,1,FALSE,"clonotype1816"
"PT3","TRB:CASSYRDRAANQPQHF;TRB:CSASGGSYNEQFF;TRA:CAESINQGGKLIF",0,2,0.00072463768115942,0,0.50310133915813,1,FALSE,"clonotype53"
"PT3","TRB:CASSYRGGDSGANVLTF;TRA:CAMSVGMAGNNRKLIW",0,1,0.00036231884057971,0,1,1,FALSE,"clonotype2105"
"PT3","TRB:CASSYRGGRGLGTDTQYF;TRA:CAVSSGGSYIPTF",0,1,0.00036231884057971,0,1,1,FALSE,"clonotype2171"
"PT3","TRB:CASSYRGPGNTIYF;TRA:CAGDNTDKLIF",0,1,0.00036231884057971,0,1,1,FALSE,"clonotype767"
"PT3","TRB:CASSYRGTNTEAFF;TRA:CAVDPGGYNKLIF",0,1,0.00036231884057971,0,1,1,FALSE,"clonotype936"
"PT3","TRB:CASSYRRKTGANVLTF;TRA:CAPSGNTGKLIF",0,1,0.00036231884057971,0,1,1,FALSE,"clonotype1641"
"PT3","TRB:CASSYRSFGGSYEQYF;TRA:CAVHWREAGSYQLTF",0,1,0.00036231884057971,0,1,1,FALSE,"clonotype1818"
"PT3","TRB:CASSYRSGTGGNTIYF;TRA:CAENDGGATNKLIF",0,2,0.00072463768115942,0,0.50310133915813,1,FALSE,"clonotype117"
"PT3","TRB:CASSYRTGGSYEQYF;TRA:CIVRVLGNNARLMF",0,1,0.00036231884057971,0,1,1,FALSE,"clonotype1211"
"PT3","TRB:CASSYSAETQYF;TRA:CAGSARGSARQLTF",0,1,0.00036231884057971,0,1,1,FALSE,"clonotype334"
"PT3","TRB:CASSYSAGSGKMNTEAFF;TRA:CAMTTSNYQLIW",0,1,0.00036231884057971,0,1,1,FALSE,"clonotype2174"
"PT3","TRB:CASSYSASADTQYF;TRA:CATVRNNAGNMLTF",0,1,0.00036231884057971,0,1,1,FALSE,"clonotype923"
"PT3","TRB:CASSYSDGTEAFF;TRA:CAASDNQGGKLIF",0,2,0.00072463768115942,0,0.50310133915813,1,FALSE,"clonotype69"
"PT3","TRB:CASSYSDKDTEAFF;TRA:CAASTRMNTGFQKLVF",0,1,0.00036231884057971,0,1,1,FALSE,"clonotype1012"
"PT3","TRB:CASSYSDSPNQPQHF;TRA:CAVRDGERGTYKYIF",0,1,0.00036231884057971,0,1,1,FALSE,"clonotype1476"
"PT3","TRB:CASSYSGALMNTEAFF",0,1,0.00036231884057971,0,1,1,FALSE,"clonotype1606"
"PT3","TRB:CASSYSGDKPHHNQPQHF;TRA:CAESITDSNYQLIW",0,1,0.00036231884057971,0,1,1,FALSE,"clonotype2182"
"PT3","TRB:CASSYSGEAFF",0,1,0.00036231884057971,0,1,1,FALSE,"clonotype200"
"PT3","TRB:CASSYSGGRRSYGYTF;TRA:CIVRVGGQAGTALIF",0,1,0.00036231884057971,0,1,1,FALSE,"clonotype1676"
"PT3","TRB:CASSYSGIDEQYF;TRA:CATDNSGAGSYQLTF",0,1,0.00036231884057971,0,1,1,FALSE,"clonotype618"
"PT3","TRB:CASSYSGLNTEAFF;TRA:CAVGPTGFQKLVF",0,1,0.00036231884057971,0,1,1,FALSE,"clonotype919"
"PT3","TRB:CASSYSGPSGIYNEQFF;TRA:CAAPDNYGQNFVF",0,1,0.00036231884057971,0,1,1,FALSE,"clonotype2010"
"PT3","TRB:CASSYSGPSGIYNEQFF;TRA:CAMREGHPGGYNKLIF",0,1,0.00036231884057971,0,1,1,FALSE,"clonotype2113"
"PT3","TRB:CASSYSGQVPGSGNTIYF;TRA:CAFMKRWGNTPLVF",0,1,0.00036231884057971,0,1,1,FALSE,"clonotype2198"
"PT3","TRB:CASSYSIGLAGEYNEQFF;TRA:CATSRFNYGQNFVF",0,1,0.00036231884057971,0,1,1,FALSE,"clonotype2173"
"PT3","TRB:CASSYSMGIGATFF;TRA:CPYSEDTGGFKTIF",0,1,0.00036231884057971,0,1,1,FALSE,"clonotype922"
"PT3","TRB:CASSYSMGYTEAFF;TRB:CSVVGDGYTF;TRA:CAVPTQGSGNTGKLIF",0,1,0.00036231884057971,0,1,1,FALSE,"clonotype144"
"PT3","TRB:CASSYSNAVSSGNTIYF;TRA:CAVDINTDKLIF",0,1,0.00036231884057971,0,1,1,FALSE,"clonotype1972"
"PT3","TRB:CASSYSPAGLGGEQFF;TRA:CAAIWSGSARQLTF;TRA:CAVEISPPNNNAGNMLTF",0,1,0.00036231884057971,0,1,1,FALSE,"clonotype1889"
"PT3","TRB:CASSYSPVLSSYEQYF;TRA:CAASARSGGGADGLTF",0,1,0.00036231884057971,0,1,1,FALSE,"clonotype1929"
"PT3","TRB:CASSYSRDREYYNSPLHF;TRA:CSSGSNYQLIW",0,1,0.00036231884057971,0,1,1,FALSE,"clonotype2141"
"PT3","TRB:CASSYSRGDTQYF;TRA:CAENILAGTALIF",0,1,0.00036231884057971,0,1,1,FALSE,"clonotype576"
"PT3","TRB:CASSYSRGLAGEIYEQYF;TRA:CVVSSSGGSYIPTF",0,1,0.00036231884057971,0,1,1,FALSE,"clonotype2191"
"PT3","TRB:CASSYSRGPQETQYF;TRA:CVVTANQAGTALIF",0,1,0.00036231884057971,0,1,1,FALSE,"clonotype1370"
"PT3","TRB:CASSYSSPPGPLFEQYF;TRA:CAVFPYTGGFKTIF",0,1,0.00036231884057971,0,1,1,FALSE,"clonotype2055"
"PT3","TRB:CASSYSSRDRETQYF;TRA:CAGPRTSYDKVIF",0,1,0.00036231884057971,0,1,1,FALSE,"clonotype1224"
"PT3","TRB:CASSYSSWGSSGQALHF;TRA:CAVALAGGTSYGKLTF",0,1,0.00036231884057971,0,1,1,FALSE,"clonotype2083"
"PT3","TRB:CASSYSTGWNTGELFF;TRA:CAVGDFYGQNFVF",0,1,0.00036231884057971,0,1,1,FALSE,"clonotype1736"
"PT3","TRB:CASSYTGAGNTIYF;TRA:CAAQQQSGATNKLIF",0,1,0.00036231884057971,0,1,1,FALSE,"clonotype1105"
"PT3","TRB:CASSYTGQAYNEQFF;TRA:CALSEAIGANSKLTF",0,2,0.00072463768115942,0,0.50310133915813,1,FALSE,"clonotype109"
"PT3","TRB:CASSYTGQGTEAFF;TRA:CVVNSGGGADGLTF",0,1,0.00036231884057971,0,1,1,FALSE,"clonotype972"
"PT3","TRB:CASSYTPAGGINEQFF",0,1,0.00036231884057971,0,1,1,FALSE,"clonotype1605"
"PT3","TRB:CASSYTPGTSGSNEQFF;TRB:CSARVPGLHSYEQYF;TRA:CAYRVQGGSEKLVF",0,1,0.00036231884057971,0,1,1,FALSE,"clonotype675"
"PT3","TRB:CASSYTQGVRLGEAFF;TRA:CAVVDYKLSF",0,1,0.00036231884057971,0,1,1,FALSE,"clonotype1682"
"PT3","TRB:CASSYTRQETQYF;TRA:CAYRSARGETSGSRLTF",0,1,0.00036231884057971,0,1,1,FALSE,"clonotype1082"
"PT3","TRB:CASSYTSGTGELFF;TRA:CIVRARPTNDYKLSF",0,2,0.00072463768115942,0,0.50310133915813,1,FALSE,"clonotype77"
"PT3","TRB:CASSYTTGSRSGNEQFF;TRA:CAMISGANNLFF",0,1,0.00036231884057971,0,1,1,FALSE,"clonotype2076"
"PT3","TRB:CASSYWLVGGTEDTQYF;TRA:CAFMKWGRDDKIIF;TRA:CLLMEYGNKLVF",0,1,0.00036231884057971,0,1,1,FALSE,"clonotype1961"
"PT3","TRB:CASSYYRISYEQYF;TRA:CAYRSAGGANNLFF",0,1,0.00036231884057971,0,1,1,FALSE,"clonotype1515"
"PT3","TRB:CASTAEGSGGPSTDTQYF;TRA:CAGRSQGAQKLVF",0,1,0.00036231884057971,0,1,1,FALSE,"clonotype2150"
"PT3","TRB:CASTAGPMETQYF;TRA:CASHSNSGYALNF",0,1,0.00036231884057971,0,1,1,FALSE,"clonotype934"
"PT3","TRB:CASTALADSNEQFF;TRA:CAGRASGTYKYIF",0,1,0.00036231884057971,0,1,1,FALSE,"clonotype830"
"PT3","TRB:CASTAQETQYF;TRA:CALIGFGNVLHC",0,1,0.00036231884057971,0,1,1,FALSE,"clonotype224"
"PT3","TRB:CASTDPGLRETQYF;TRA:CAASADGGSNYKLTF",0,1,0.00036231884057971,0,1,1,FALSE,"clonotype1095"
"PT3","TRB:CASTDQGRLNTEAFF;TRA:CAALYSGGYQKVTF",0,1,0.00036231884057971,0,1,1,FALSE,"clonotype1364"
"PT3","TRB:CASTEDRTSAEAFF;TRA:CALTPYGNNRLAF",0,1,0.00036231884057971,0,1,1,FALSE,"clonotype880"
"PT3","TRB:CASTEPQGAPNTGELFF",0,1,0.00036231884057971,0,1,1,FALSE,"clonotype1942"
"PT3","TRB:CASTESVLGRMSEQYF;TRA:CALNEVTNAGKSTF",0,1,0.00036231884057971,0,1,1,FALSE,"clonotype1875"
"PT3","TRB:CASTGRGALPYNSPLHF;TRA:CAFQTGANNLFF",0,1,0.00036231884057971,0,1,1,FALSE,"clonotype2183"
"PT3","TRB:CASTGTSGPNNEQFF;TRA:CAVVSGATNKLIF",0,1,0.00036231884057971,0,1,1,FALSE,"clonotype1745"
"PT3","TRB:CASTGTYNEQFF;TRA:CAVDRNQGGKLIF;TRA:CVVTQAGTALIF",0,1,0.00036231884057971,0,1,1,FALSE,"clonotype319"
"PT3","TRB:CASTKTSGMFGELFF;TRA:CAATPGNYQLIW",0,1,0.00036231884057971,0,1,1,FALSE,"clonotype1706"
"PT3","TRB:CASTLATYNEQFF;TRA:CAVSDRTRTSYGKLTF",0,1,0.00036231884057971,0,1,1,FALSE,"clonotype673"
"PT3","TRB:CASTLGQGAFGYTF;TRA:CAEYGQKLLF",0,1,0.00036231884057971,0,1,1,FALSE,"clonotype817"
"PT3","TRB:CASTLRLAGATYNEQFF;TRA:CAVARIKAAGNKLTF",0,1,0.00036231884057971,0,1,1,FALSE,"clonotype2089"
"PT3","TRB:CASTLRPLGTSGRYEQFF;TRA:CAVQGTSGSRLTF",0,1,0.00036231884057971,0,1,1,FALSE,"clonotype2226"
"PT3","TRB:CASTPAGGTPDTQYF;TRA:CAALTSYGKLTF;TRA:CELEGGTNAGKSTF",0,1,0.00036231884057971,0,1,1,FALSE,"clonotype1714"
"PT3","TRB:CASTPLGGRGAQPQHF;TRA:CAYRSGQGAQKLVF",0,1,0.00036231884057971,0,1,1,FALSE,"clonotype1870"
"PT3","TRB:CASTPLPGGYEQYF;TRA:CALSGANTNAGKSTF",0,1,0.00036231884057971,0,1,1,FALSE,"clonotype1069"
"PT3","TRB:CASTPQVRMNTEAFF",0,1,0.00036231884057971,0,1,1,FALSE,"clonotype1621"
"PT3","TRB:CASTPRDGGNTIYF;TRA:CAASGKGSSNTGKLIF;TRA:CIVRSPVMYSGGGADGLTF",0,1,0.00036231884057971,0,1,1,FALSE,"clonotype968"
"PT3","TRB:CASTPRGRINLKETQYF;TRA:CALSTGSSNTGKLIF",0,1,0.00036231884057971,0,1,1,FALSE,"clonotype2104"
"PT3","TRB:CASTPWPGTTEAFF;TRA:CAALPMDSSYKLIF",0,1,0.00036231884057971,0,1,1,FALSE,"clonotype987"
"PT3","TRB:CASTQGGVNEKLFF;TRA:CAYPPSYNTDKLIF",0,1,0.00036231884057971,0,1,1,FALSE,"clonotype1040"
"PT3","TRB:CASTQTGENNEQFF;TRA:CAVQAPNDYKLSF",0,1,0.00036231884057971,0,1,1,FALSE,"clonotype871"
"PT3","TRB:CASTQTGSSYNSPLHF",0,1,0.00036231884057971,0,1,1,FALSE,"clonotype1627"
"PT3","TRB:CASTQWGTENSPLHF;TRA:CAVRNQAGTALIF",0,1,0.00036231884057971,0,1,1,FALSE,"clonotype1187"
"PT3","TRB:CASTRAGGRRELFF;TRA:CAVGPPSGTYKYIF",0,1,0.00036231884057971,0,1,1,FALSE,"clonotype1434"
"PT3","TRB:CASTRGAGGRGSHYEQYF;TRA:CAVNFFRAF",0,1,0.00036231884057971,0,1,1,FALSE,"clonotype2143"
"PT3","TRB:CASTRGATNEKLFF;TRA:CALSDRIYNQGGKLIF",0,1,0.00036231884057971,0,1,1,FALSE,"clonotype1494"
"PT3","TRB:CASTRGLGEKLFF;TRA:CAAGSPGGYQKVTF",0,1,0.00036231884057971,0,1,1,FALSE,"clonotype933"
"PT3","TRB:CASTRGRGNTGELFF;TRA:CAPLRFVEAGGTSYGKLTF;TRA:CILYMTGMRNNDMRF",0,1,0.00036231884057971,0,1,1,FALSE,"clonotype1231"
"PT3","TRB:CASTRQGDLSEQYF;TRA:CARGDYKLSF",0,1,0.00036231884057971,0,1,1,FALSE,"clonotype805"
"PT3","TRB:CASTRTGSETQYF;TRA:CAATLSGNTPLVF",0,1,0.00036231884057971,0,1,1,FALSE,"clonotype525"
"PT3","TRB:CASTRVGEQFF;TRA:CAAGYTGNQFYF",0,1,0.00036231884057971,0,1,1,FALSE,"clonotype225"
"PT3","TRB:CASTRVLSEKLFF;TRA:CVVRTKYNFNKFYF",0,1,0.00036231884057971,0,1,1,FALSE,"clonotype632"
"PT3","TRB:CASTSGGGGETQYF;TRA:CAVNGRTGRRALTF",0,1,0.00036231884057971,0,1,1,FALSE,"clonotype1445"
"PT3","TRB:CASTSQGRKNTEAFF;TRA:CAVALSGGYQKVTF",0,1,0.00036231884057971,0,1,1,FALSE,"clonotype1450"
"PT3","TRB:CASTSRTADRETQYF;TRA:CAVKDHTGGFKTIF",0,1,0.00036231884057971,0,1,1,FALSE,"clonotype1437"
"PT3","TRB:CASTTGLITEAFF;TRA:CAVNVRGMEKKSSGDKLTF;TRA:CAVTKNSGNTPLVF",0,1,0.00036231884057971,0,1,1,FALSE,"clonotype976"
"PT3","TRB:CASTWGGSYGYTF;TRB:CSARSGTGGTEAFF;TRA:CAASSGGYQKVTF",0,1,0.00036231884057971,0,1,1,FALSE,"clonotype351"
"PT3","TRB:CASTWTGGYGYTF;TRA:CAVITEQGGSQGNLIF",0,1,0.00036231884057971,0,1,1,FALSE,"clonotype599"
"PT3","TRB:CASTYGTGGTAFF",0,1,0.00036231884057971,0,1,1,FALSE,"clonotype433"
"PT3","TRB:CASTYPGGSNSPLHF;TRA:CAANTGNQFYF",0,1,0.00036231884057971,0,1,1,FALSE,"clonotype1221"
"PT3","TRB:CASVASGVQETQYF;TRA:CAASKGGSYIPTF",0,1,0.00036231884057971,0,1,1,FALSE,"clonotype884"
"PT3","TRB:CASVNRAGGYTF;TRA:CAVEGVDGQKLLF",0,1,0.00036231884057971,0,1,1,FALSE,"clonotype355"
"PT3","TRB:CASVNSPEVNTEAFF;TRA:CAASIRGGAQKLVF;TRA:CAVGFYNNDMRF",0,1,0.00036231884057971,0,1,1,FALSE,"clonotype1350"
"PT3","TRB:CASWGGRHEQYF",0,1,0.00036231884057971,0,1,1,FALSE,"clonotype298"
"PT3","TRB:CASWGTLNTEAFF;TRA:CAGEGVATGNQFYF",0,1,0.00036231884057971,0,1,1,FALSE,"clonotype504"
"PT3","TRB:CATAPRARGDYGYTF;TRA:CALPGKAAGNKLTF",0,1,0.00036231884057971,0,1,1,FALSE,"clonotype1228"
"PT3","TRB:CATASHHNEKLFF;TRA:CAASMTGTASKLTF",0,1,0.00036231884057971,0,1,1,FALSE,"clonotype707"
"PT3","TRB:CATFGSRDLHF;TRA:CALGDPYNFNKFYF",0,1,0.00036231884057971,0,1,1,FALSE,"clonotype221"
"PT3","TRB:CATGQGKNSPLHF;TRA:CAAIGNFGNEKLTF",0,1,0.00036231884057971,0,1,1,FALSE,"clonotype698"
"PT3","TRB:CATGQGLGTNEKLFF;TRA:CAASIPGYSTLTF",0,1,0.00036231884057971,0,1,1,FALSE,"clonotype1307"
"PT3","TRB:CATGSTGTLLTDTQYF;TRA:CAASKYGSRLTF",0,1,0.00036231884057971,0,1,1,FALSE,"clonotype1901"
"PT3","TRB:CATGTMNTGELFF;TRA:CAVRDADSGAGSYQLTF",0,2,0.00072463768115942,0,0.50310133915813,1,FALSE,"clonotype70"
"PT3","TRB:CATKSAGRNNEQFF;TRA:CAGPWETSGSRLTF",0,1,0.00036231884057971,0,1,1,FALSE,"clonotype1271"
"PT3","TRB:CATLLSGQSYEQYF;TRA:CAASRGTGGGADGLTF",0,1,0.00036231884057971,0,1,1,FALSE,"clonotype1582"
"PT3","TRB:CATLTPPYEQYF;TRA:CAMSFGYSSASKIIF",0,1,0.00036231884057971,0,1,1,FALSE,"clonotype412"
"PT3","TRB:CATLTSGGSTDTQYF;TRA:CAVSNTGNQFYF",0,1,0.00036231884057971,0,1,1,FALSE,"clonotype1330"
"PT3","TRB:CATMNRDKRSDTQYF;TRA:CAVGGYSGTYKYIF",0,2,0.00072463768115942,0,0.50310133915813,1,FALSE,"clonotype103"
"PT3","TRB:CATNGQGAGANEQFF;TRA:CAVGYNFNKFYF",0,1,0.00036231884057971,0,1,1,FALSE,"clonotype1204"
"PT3","TRB:CATPNQGANSGYTF;TRA:CAASSGGYQKVTF",0,1,0.00036231884057971,0,1,1,FALSE,"clonotype892"
"PT3","TRB:CATQERGGTDTQYF;TRA:CAVSGAGGGNKLTF",0,1,0.00036231884057971,0,1,1,FALSE,"clonotype966"
"PT3","TRB:CATQLAVGSNTGELFF;TRA:CAAPGYPAGNDYKLSF;TRA:CTDNAGNMLTF",0,1,0.00036231884057971,0,1,1,FALSE,"clonotype1982"
"PT3","TRB:CATRASSNSPLHF;TRA:CAVDTHQGAQKLVF",0,1,0.00036231884057971,0,1,1,FALSE,"clonotype513"
"PT3","TRB:CATRGGLNSPLHF",0,1,0.00036231884057971,0,1,1,FALSE,"clonotype454"
"PT3","TRB:CATRNENTEAFF;TRA:CAVQAHTGFQKLVF",0,1,0.00036231884057971,0,1,1,FALSE,"clonotype381"
"PT3","TRB:CATRSETTGHYGYTF;TRA:CAVGRLLRDDMRF",0,1,0.00036231884057971,0,1,1,FALSE,"clonotype1220"
"PT3","TRB:CATRWTGGYKGNTIYF;TRB:CSAPGQGEGNTIYF;TRA:CVVNGGGSYIPTF",0,1,0.00036231884057971,0,1,1,FALSE,"clonotype353"
"PT3","TRB:CATSAPTSGSPGELFF;TRA:CAPISSGSARQLTF",0,1,0.00036231884057971,0,1,1,FALSE,"clonotype1663"
"PT3","TRB:CATSASGGVKYQETQYF;TRA:CAYRSGGGATNKLIF",0,1,0.00036231884057971,0,1,1,FALSE,"clonotype2109"
"PT3","TRB:CATSDAGQRFLDEQFF;TRA:CIVRVARNYGQNFVF",0,1,0.00036231884057971,0,1,1,FALSE,"clonotype1680"
"PT3","TRB:CATSDFGTGEDTQYF;TRA:CAVRDSRDPGTYKYIF",0,1,0.00036231884057971,0,1,1,FALSE,"clonotype1516"
"PT3","TRB:CATSDFGTGEDTQYF;TRB:CATSWANQPQHF;TRA:CALLPYNQGGKLIF",0,2,0.00072463768115942,0,0.50310133915813,1,FALSE,"clonotype106"
"PT3","TRB:CATSDFRAGGYEQYF;TRA:CADDNYGQNFVF",0,1,0.00036231884057971,0,1,1,FALSE,"clonotype1205"
"PT3","TRB:CATSDFYGTGVTDTQYF;TRA:CAVSATNSGGSNYKLTF",0,1,0.00036231884057971,0,1,1,FALSE,"clonotype2108"
"PT3","TRB:CATSDGGQPRVGAFF;TRA:CTEVGGSEKLVF",0,1,0.00036231884057971,0,1,1,FALSE,"clonotype1184"
"PT3","TRB:CATSDGISRDEQFF;TRA:CAVSHTGKLIF",0,1,0.00036231884057971,0,1,1,FALSE,"clonotype815"
"PT3","TRB:CATSDGLYSNQPQHF;TRA:CAASAQAQGGSEKLVF",0,1,0.00036231884057971,0,1,1,FALSE,"clonotype1585"
"PT3","TRB:CATSDGSRYTGELFF;TRA:CAVSDRGSNYQLIW",0,1,0.00036231884057971,0,1,1,FALSE,"clonotype1436"
"PT3","TRB:CATSDHRGRGNEQFF;TRA:CAASEGGGGNKLTF",0,1,0.00036231884057971,0,1,1,FALSE,"clonotype1584"
"PT3","TRB:CATSDMGGAPYEQYF;TRA:CAMREGSGGSYIPTF",0,1,0.00036231884057971,0,1,1,FALSE,"clonotype1535"
"PT3","TRB:CATSDPGGPNWTGELFF;TRA:CAFMKRSGGSNYKLTF",0,1,0.00036231884057971,0,1,1,FALSE,"clonotype2115"
"PT3","TRB:CATSDPGQAQHF;TRA:CAVQRLHGGATNKLIF",0,1,0.00036231884057971,0,1,1,FALSE,"clonotype400"
"PT3","TRB:CATSDPGQGSYEQYF;TRA:CATVLYTSGSARQLTF",0,1,0.00036231884057971,0,1,1,FALSE,"clonotype1484"
"PT3","TRB:CATSDPGRNEQFF;TRA:CIPRGGGGSNYKLTF",0,1,0.00036231884057971,0,1,1,FALSE,"clonotype491"
"PT3","TRB:CATSDRGTGELFF;TRA:CAVSGTSYGKLTF",0,1,0.00036231884057971,0,1,1,FALSE,"clonotype572"
"PT3","TRB:CATSDRLAGQGEETQYF;TRA:CAVGSFGNEKLTF",0,1,0.00036231884057971,0,1,1,FALSE,"clonotype2033"
"PT3","TRB:CATSDSGRSLNQPQHF;TRA:CAVSNDYKLSF",0,1,0.00036231884057971,0,1,1,FALSE,"clonotype1681"
"PT3","TRB:CATSDSSGGKGETQYF;TRA:CAPAEGAQKLVF;TRA:CAYRRNNFNKFYF",0,1,0.00036231884057971,0,1,1,FALSE,"clonotype1710"
"PT3","TRB:CATSDSWAYTQYF;TRA:CAGYHNTNAGKSTF",0,1,0.00036231884057971,0,1,1,FALSE,"clonotype514"
"PT3","TRB:CATSDTQGYGANVLTF;TRA:CAVKVKNYGQNFVF",0,1,0.00036231884057971,0,1,1,FALSE,"clonotype1825"
"PT3","TRB:CATSDVGDLNEQFF;TRA:CVVSDRVGTYKYIF",0,1,0.00036231884057971,0,1,1,FALSE,"clonotype982"
"PT3","TRB:CATSDYRRSSDTQYF;TRA:CAFMTFNTGTASKLTF",0,1,0.00036231884057971,0,1,1,FALSE,"clonotype1549"
"PT3","TRB:CATSERQSREQFF;TRA:CIVSPPRDSGGSNYKLTF",0,1,0.00036231884057971,0,1,1,FALSE,"clonotype588"
"PT3","TRB:CATSESARVDGYTF;TRA:CAVRTGGGNKLTF",0,1,0.00036231884057971,0,1,1,FALSE,"clonotype773"
"PT3","TRB:CATSGAAAGNQETQYF;TRA:CALRGSNYQLIW",0,1,0.00036231884057971,0,1,1,FALSE,"clonotype1652"
"PT3","TRB:CATSGATGGRGSNQPQHF;TRA:CAFAFNDMRF",0,1,0.00036231884057971,0,1,1,FALSE,"clonotype2165"
"PT3","TRB:CATSGDRAGESDTQYF;TRA:CAMREGLSSGSARQLTF",0,1,0.00036231884057971,0,1,1,FALSE,"clonotype1911"
"PT3","TRB:CATSGDRSSGANVLTF",0,1,0.00036231884057971,0,1,1,FALSE,"clonotype1615"
"PT3","TRB:CATSGIPGGYSNQPQHF;TRA:CALTAGANNLFF",0,1,0.00036231884057971,0,1,1,FALSE,"clonotype2081"
"PT3","TRB:CATSGPAGGSYNEQFF;TRA:CIVRAVNAGNNRKLIW",0,1,0.00036231884057971,0,1,1,FALSE,"clonotype1711"
"PT3","TRB:CATSGPGNTIYF;TRA:CAVRDIGVNTGFQKLVF",0,1,0.00036231884057971,0,1,1,FALSE,"clonotype418"
"PT3","TRB:CATSGQASNQPQHF;TRA:CAGQYSGGGKLIF",0,1,0.00036231884057971,0,1,1,FALSE,"clonotype816"
"PT3","TRB:CATSGQGARAFF;TRA:CVVSEGSNYQLIW",0,1,0.00036231884057971,0,1,1,FALSE,"clonotype395"
"PT3","TRB:CATSGSSGGGLELFF;TRA:CAYSVNYGQNFVF",0,1,0.00036231884057971,0,1,1,FALSE,"clonotype1505"
"PT3","TRB:CATSGTGINTGELFF;TRA:CAGRGGSYIPTF",0,1,0.00036231884057971,0,1,1,FALSE,"clonotype1206"
"PT3","TRB:CATSGTLGSPLHF;TRA:CAVRDKDRTYKYIF",0,1,0.00036231884057971,0,1,1,FALSE,"clonotype631"
"PT3","TRB:CATSKDNTEAFF;TRA:CAAGSNYKLTF",0,1,0.00036231884057971,0,1,1,FALSE,"clonotype331"
"PT3","TRB:CATSKPTSGGYTDTQYF;TRA:CAVRLNYQYTDKLIF",0,1,0.00036231884057971,0,1,1,FALSE,"clonotype2080"
"PT3","TRB:CATSKVDTEAFF;TRA:CVVNSGSARQLTF",0,1,0.00036231884057971,0,1,1,FALSE,"clonotype359"
"PT3","TRB:CATSMSSYNEQFF;TRA:CAVNMRYPASGTYKYIF",0,2,0.00072463768115942,0,0.50310133915813,1,FALSE,"clonotype64"
"PT3","TRB:CATSPRGKAVGYTF",0,1,0.00036231884057971,0,1,1,FALSE,"clonotype730"
"PT3","TRB:CATSRARTAVSEKLFF;TRA:CAVQTGANNLFF",0,1,0.00036231884057971,0,1,1,FALSE,"clonotype1731"
"PT3","TRB:CATSRATDTQYF;TRA:CAATRNQGGKLIF",0,1,0.00036231884057971,0,1,1,FALSE,"clonotype360"
"PT3","TRB:CATSRDEGTGNTIYF;TRA:CAAKYSGAGSYQLTF",0,1,0.00036231884057971,0,1,1,FALSE,"clonotype1590"
"PT3","TRB:CATSRDGQGFGYTF;TRA:CAAAEGGANNLFF",0,1,0.00036231884057971,0,1,1,FALSE,"clonotype914"
"PT3","TRB:CATSRDLGGYNEQFF;TRA:CAASRRSGAGSYQLTF",0,1,0.00036231884057971,0,1,1,FALSE,"clonotype1504"
"PT3","TRB:CATSRDQGVFYEQYF;TRA:CIVRSNFGNEKLTF",0,1,0.00036231884057971,0,1,1,FALSE,"clonotype1218"
"PT3","TRB:CATSRDRENASYNEQFF;TRA:CAVEPDFNKFYF",0,1,0.00036231884057971,0,1,1,FALSE,"clonotype1976"
"PT3","TRB:CATSRDWDRDFNEQFF;TRA:CAVSVGDYKLSF",0,2,0.00072463768115942,0,0.50310133915813,1,FALSE,"clonotype63"
"PT3","TRB:CATSRDYQGTREQYF;TRA:CAYSENSGGSNYKLTF",0,1,0.00036231884057971,0,1,1,FALSE,"clonotype1554"
"PT3","TRB:CATSREAGGRTDTQYF;TRA:CAYRNNNARLMF",0,1,0.00036231884057971,0,1,1,FALSE,"clonotype1843"
"PT3","TRB:CATSREGQGVLNYGYTF;TRA:CLVVPLSTGGFKTIF",0,1,0.00036231884057971,0,1,1,FALSE,"clonotype1994"
"PT3","TRB:CATSREGRGRTEAFF;TRA:CATGGGSQGNLIF",0,1,0.00036231884057971,0,1,1,FALSE,"clonotype1363"
"PT3","TRB:CATSREKGSYGYTF;TRA:CAVRPGNTGGFKTIF",0,1,0.00036231884057971,0,1,1,FALSE,"clonotype1006"
"PT3","TRB:CATSREVQGAYGYTF;TRA:CAGASPGGSYIPTF",0,1,0.00036231884057971,0,1,1,FALSE,"clonotype1298"
"PT3","TRB:CATSRGSQVEAFF;TRA:CAATSNTGKLIF",0,1,0.00036231884057971,0,1,1,FALSE,"clonotype691"
"PT3","TRB:CATSRHGGGALEQFF",0,1,0.00036231884057971,0,1,1,FALSE,"clonotype1168"
"PT3","TRB:CATSRRDRVTGELFF",0,1,0.00036231884057971,0,1,1,FALSE,"clonotype1169"
"PT3","TRB:CATSRRPGQGLNGYTF;TRA:CIVRLNNNARLMF",0,1,0.00036231884057971,0,1,1,FALSE,"clonotype1656"
"PT3","TRB:CATSRVGGIDTQYF;TRA:CAENYGGATNKLIF",0,1,0.00036231884057971,0,1,1,FALSE,"clonotype981"
"PT3","TRB:CATSRVSPLAKNIQYF",0,1,0.00036231884057971,0,1,1,FALSE,"clonotype1634"
"PT3","TRB:CATSRWSQGGDTQYF;TRA:CAVNSNFGNEKLTF",0,1,0.00036231884057971,0,1,1,FALSE,"clonotype1467"
"PT3","TRB:CATSSGGAREQFF;TRA:CAVRDSGGGADGLTF",0,1,0.00036231884057971,0,1,1,FALSE,"clonotype1020"
"PT3","TRB:CATSSYTSGRNNEQFF;TRA:CAASRADSWGKLQF",0,1,0.00036231884057971,0,1,1,FALSE,"clonotype1932"
"PT3","TRB:CATSTDRGSDQPQHF;TRA:CAVNTGFQKLVF",0,1,0.00036231884057971,0,1,1,FALSE,"clonotype1297"
"PT3","TRB:CATSVGEKAFF;TRA:CALITGFQKLVF",0,1,0.00036231884057971,0,1,1,FALSE,"clonotype242"
"PT3","TRB:CATVGADTQYF;TRA:CIVRVPGDYGQNFVF",0,1,0.00036231884057971,0,1,1,FALSE,"clonotype328"
"PT3","TRB:CATWGQGALASYEQYF;TRA:CAVRSNDYKLSF",0,1,0.00036231884057971,0,1,1,FALSE,"clonotype1701"
"PT3","TRB:CAVRLRDRGNNEQFF;TRA:CAAHNAGNMLTF",0,1,0.00036231884057971,0,1,1,FALSE,"clonotype1642"
"PT3","TRB:CAWAGLGGWTGELFF;TRA:CAYTGTASKLTF",0,1,0.00036231884057971,0,1,1,FALSE,"clonotype621"
"PT3","TRB:CAWARGQGFTDTQYF;TRA:CAALYSGGYQKVTF",0,1,0.00036231884057971,0,1,1,FALSE,"clonotype620"
"PT3","TRB:CAWDRGQSEAFF;TRA:CAVRARFSGGYNKLIF",0,1,0.00036231884057971,0,1,1,FALSE,"clonotype192"
"PT3","TRB:CAWEARRKNIQYF;TRA:CAASTVSGRALTF",0,1,0.00036231884057971,0,1,1,FALSE,"clonotype282"
"PT3","TRB:CAWERGYEQYF;TRA:CAMREGKTSYDKVIF",0,1,0.00036231884057971,0,1,1,FALSE,"clonotype157"
"PT3","TRB:CAWGDRGTTNEKLFF;TRA:CAMRKGAQKLVF",0,1,0.00036231884057971,0,1,1,FALSE,"clonotype581"
"PT3","TRB:CAWGTSGANTQYF;TRA:CAASKARGATNKLIF",0,1,0.00036231884057971,0,1,1,FALSE,"clonotype255"
"PT3","TRB:CAWILGTGEVRQFF;TRA:CAVENSGTYKYIF",0,1,0.00036231884057971,0,1,1,FALSE,"clonotype347"
"PT3","TRB:CAWIPFRAGKGEQYF;TRA:CAGTSGGYQKVTF",0,1,0.00036231884057971,0,1,1,FALSE,"clonotype486"
"PT3","TRB:CAWIPPAGSGTQYF;TRA:CAENHLWNTGFQKLVF",0,1,0.00036231884057971,0,1,1,FALSE,"clonotype406"
"PT3","TRB:CAWKLAEKYQETQYF",0,1,0.00036231884057971,0,1,1,FALSE,"clonotype435"
"PT3","TRB:CAWMAGVDREQYF;TRA:CALSEARTGANNLFF",0,1,0.00036231884057971,0,1,1,FALSE,"clonotype274"
"PT3","TRB:CAWNQGGVGQPQHF;TRA:CAASAPLGQLTF",0,1,0.00036231884057971,0,1,1,FALSE,"clonotype336"
"PT3","TRB:CAWNRDVNQPQHF;TRA:CAGRLSRSNDYKLSF",0,1,0.00036231884057971,0,1,1,FALSE,"clonotype232"
"PT3","TRB:CAWRAATGRRFF;TRA:CAVNFGNEKLTF;TRA:CAVRPLQNGGSQGNLIF",0,1,0.00036231884057971,0,1,1,FALSE,"clonotype178"
"PT3","TRB:CAWRDAGNEQFF;TRA:CAERAGFQKLVF",0,1,0.00036231884057971,0,1,1,FALSE,"clonotype177"
"PT3","TRB:CAWRGDRAGDYGYTF",0,1,0.00036231884057971,0,1,1,FALSE,"clonotype434"
"PT3","TRB:CAWRGDSNQPQHF;TRA:CAVSGENKLVF",0,1,0.00036231884057971,0,1,1,FALSE,"clonotype226"
"PT3","TRB:CAWRPRGSGNTIYF;TRA:CAVVMDTGRRALTF;TRA:CVVKDDSSYKLIF",0,1,0.00036231884057971,0,1,1,FALSE,"clonotype346"
"PT3","TRB:CAWRSGGFSYEQYF;TRA:CAAGVNTGGFKTIF",0,1,0.00036231884057971,0,1,1,FALSE,"clonotype424"
"PT3","TRB:CAWSADTEAFF;TRA:CAFMKHRDDKIIF",0,1,0.00036231884057971,0,1,1,FALSE,"clonotype156"
"PT3","TRB:CAWSADTGSWGYTF;TRA:CVVNPYPFSGGYNKLIF",0,1,0.00036231884057971,0,1,1,FALSE,"clonotype405"
"PT3","TRB:CAWSAGYEQYF",0,1,0.00036231884057971,0,1,1,FALSE,"clonotype147"
"PT3","TRB:CAWSAIGQLNSPLHF;TRA:CATGRFSGGYNKLIF;TRA:CAVISSGGSYIPTF",0,1,0.00036231884057971,0,1,1,FALSE,"clonotype619"
"PT3","TRB:CAWSARRGRVNEKLFF;TRA:CIPIFYSGGSNYKLTF",0,1,0.00036231884057971,0,1,1,FALSE,"clonotype842"
"PT3","TRB:CAWSASRANGYTF;TRA:CAVTSSGGSYIPTF",0,1,0.00036231884057971,0,1,1,FALSE,"clonotype216"
"PT3","TRB:CAWSERGGRWETQYF;TRA:CAVRIANSKLTF",0,1,0.00036231884057971,0,1,1,FALSE,"clonotype536"
"PT3","TRB:CAWSFGADNQPQHF;TRA:CAENMGWGKGFGNVLHC",0,1,0.00036231884057971,0,1,1,FALSE,"clonotype415"
"PT3","TRB:CAWSFGLGNQPQHF;TRA:CAVNSGGSNYKLTF",0,1,0.00036231884057971,0,1,1,FALSE,"clonotype366"
"PT3","TRB:CAWSGARGRGIYEQYF;TRA:CAASPLGSARQLTF",0,1,0.00036231884057971,0,1,1,FALSE,"clonotype926"
"PT3","TRB:CAWSGGTTLPSRGYTF;TRA:CAMKGGSGFSFIF;TRA:CAVYSTLTF",0,1,0.00036231884057971,0,1,1,FALSE,"clonotype788"
"PT3","TRB:CAWSGKNIQYF;TRA:CAASGHSGTYKYIF",0,1,0.00036231884057971,0,1,1,FALSE,"clonotype159"
"PT3","TRB:CAWSGQGVQPQHF;TRB:CSASLGGGVDTQYF;TRA:CVVSGMDSNYQLIW",0,1,0.00036231884057971,0,1,1,FALSE,"clonotype244"
"PT3","TRB:CAWSKGVGSNQPQHF;TRA:CAASAETGNQFYF;TRA:CAVDYDRGSTLGRLYF",0,1,0.00036231884057971,0,1,1,FALSE,"clonotype582"
"PT3","TRB:CAWSLAGLRDTQYF;TRA:CAVTNSGYSTLTF",0,1,0.00036231884057971,0,1,1,FALSE,"clonotype323"
"PT3","TRB:CAWSLGLAPYNEQFF;TRA:CATPQGGSEKLVF",0,1,0.00036231884057971,0,1,1,FALSE,"clonotype539"
"PT3","TRB:CAWSLGTSGTRRSDTQYF;TRA:CALSPLANQAGTALIF",0,1,0.00036231884057971,0,1,1,FALSE,"clonotype1850"
"PT3","TRB:CAWSLTGELFF;TRA:CAAPNSGGGADGLTF",0,1,0.00036231884057971,0,1,1,FALSE,"clonotype154"
"PT3","TRB:CAWSMKRTPLHF;TRA:CALSEASGASGGSYIPTF",0,1,0.00036231884057971,0,1,1,FALSE,"clonotype197"
"PT3","TRB:CAWSMQGYSPLHF",0,1,0.00036231884057971,0,1,1,FALSE,"clonotype203"
"PT3","TRB:CAWSPPPVGDGYTF;TRA:CAASEGYNNARLMF",0,1,0.00036231884057971,0,1,1,FALSE,"clonotype423"
"PT3","TRB:CAWSQSGVAGELFF;TRA:CALIGTNTNAGKSTF",0,1,0.00036231884057971,0,1,1,FALSE,"clonotype385"
"PT3","TRB:CAWSRGGDTEAFF;TRA:CAASFGGRRALTF",0,1,0.00036231884057971,0,1,1,FALSE,"clonotype234"
"PT3","TRB:CAWSRGGRLAEAFF;TRA:CVVIRAGNNRKLIW",0,1,0.00036231884057971,0,1,1,FALSE,"clonotype367"
"PT3","TRB:CAWSRTPNEQYF;TRA:CAGPQTGANNLFF",0,1,0.00036231884057971,0,1,1,FALSE,"clonotype169"
"PT3","TRB:CAWSSGGTSGRLQYF;TRA:CAVNPPSGGYQKVTF",0,2,0.00072463768115942,0,0.50310133915813,1,FALSE,"clonotype72"
"PT3","TRB:CAWSSSKEQYF;TRA:CAGERHVDSSYKLIF",0,1,0.00036231884057971,0,1,1,FALSE,"clonotype152"
"PT3","TRB:CAWSTDAPRETQYF;TRA:CAARHQAGTALIF",0,1,0.00036231884057971,0,1,1,FALSE,"clonotype348"
"PT3","TRB:CAWSTGGQGAYNEQFF;TRA:CAIKSGGFNKFYF",0,1,0.00036231884057971,0,1,1,FALSE,"clonotype1017"
"PT3","TRB:CAWSVDSNTGELFF;TRA:CAVEDRDQAGTALIF",0,1,0.00036231884057971,0,1,1,FALSE,"clonotype383"
"PT3","TRB:CAWSVETRSEQFF;TRB:CSVEEGKGMNTEAFF;TRA:CAMVNTNAGKSTF;TRA:CAVPYSGGGADGLTF",0,1,0.00036231884057971,0,1,1,FALSE,"clonotype253"
"PT3","TRB:CAWSVGAADNEKLFF;TRA:CILRHGAGSYQLTF",0,1,0.00036231884057971,0,1,1,FALSE,"clonotype473"
"PT3","TRB:CAWSVGFLAGEAEQFF;TRA:CAVANSKLTF",0,1,0.00036231884057971,0,1,1,FALSE,"clonotype809"
"PT3","TRB:CAWSVGGIGNTEAFF;TRA:CAARDDKIIF",0,1,0.00036231884057971,0,1,1,FALSE,"clonotype472"
"PT3","TRB:CAWSVGSGGVYEQYF;TRA:CARRSGNTPLVF;TRA:CAYRSPWTGTASKLTF",0,1,0.00036231884057971,0,1,1,FALSE,"clonotype537"
"PT3","TRB:CAWSVGYAGSYEQYF;TRA:CAVSRVNNFNKFYF",0,1,0.00036231884057971,0,1,1,FALSE,"clonotype580"
"PT3","TRB:CAWSVKAGDTQYF;TRA:CAVRDDTGFQKLVF",0,1,0.00036231884057971,0,1,1,FALSE,"clonotype254"
"PT3","TRB:CAWSVLGGPNEKLFF;TRA:CAASIMGAQKLVF",0,1,0.00036231884057971,0,1,1,FALSE,"clonotype538"
"PT3","TRB:CAWSVLGLREQYF;TRA:CGADIRGGSARQLTF;TRA:CLLGDEDGEGATNKLIF",0,1,0.00036231884057971,0,1,1,FALSE,"clonotype217"
"PT3","TRB:CAWSVLRARRNTEAFF;TRA:CATANQAGTALIF",0,1,0.00036231884057971,0,1,1,FALSE,"clonotype885"
"PT3","TRB:CAWSVMGGSKNIQYF;TRA:CAGKGGTSYGKLTF",0,1,0.00036231884057971,0,1,1,FALSE,"clonotype508"
"PT3","TRB:CAWSVRGVSSYNEQFF;TRA:CILRDVQYNFNKFYF",0,1,0.00036231884057971,0,1,1,FALSE,"clonotype808"
"PT3","TRB:CAWSVRTGNTIYF;TRA:CAVTSNDYKLSF",0,1,0.00036231884057971,0,1,1,FALSE,"clonotype227"
"PT3","TRB:CAWSVRWRGGYTF;TRA:CAYRSDGGATNKLIF",0,1,0.00036231884057971,0,1,1,FALSE,"clonotype273"
"PT3","TRB:CAWSVSSGYYEQYF",0,1,0.00036231884057971,0,1,1,FALSE,"clonotype289"
"PT3","TRB:CAWSYGTGNYGYTF;TRA:CAVRRSGNQFYF",0,1,0.00036231884057971,0,1,1,FALSE,"clonotype335"
"PT3","TRB:CAWTGYYGYTF",0,1,0.00036231884057971,0,1,1,FALSE,"clonotype146"
"PT3","TRB:CAWTLSVGEQFF",0,1,0.00036231884057971,0,1,1,FALSE,"clonotype160"
"PT3","TRB:CAWTSSYGYTF;TRA:CAETPPGTYKYIF",0,1,0.00036231884057971,0,1,1,FALSE,"clonotype153"
"PT3","TRB:CGGGSTDTQYF",0,1,0.00036231884057971,0,1,1,FALSE,"clonotype295"
"PT3","TRB:CGGGVGMNTEAFF;TRA:CAVVPTGFQKLVF",0,1,0.00036231884057971,0,1,1,FALSE,"clonotype247"
"PT3","TRB:CSAAGASGSSYNEQFF;TRA:CAVSGTYDMRF",0,1,0.00036231884057971,0,1,1,FALSE,"clonotype843"
"PT3","TRB:CSAAGTGSNTGELFF;TRA:CAVRGPGGFKTIF",0,1,0.00036231884057971,0,1,1,FALSE,"clonotype461"
"PT3","TRB:CSAASRRQPTNYGYTF;TRA:CALSDVFNYGQNFVF",0,1,0.00036231884057971,0,1,1,FALSE,"clonotype1064"
"PT3","TRB:CSADQRVGSGELFF;TRA:CAYRSARNTPLVF",0,1,0.00036231884057971,0,1,1,FALSE,"clonotype399"
"PT3","TRB:CSADRPNTEAFF",0,1,0.00036231884057971,0,1,1,FALSE,"clonotype161"
"PT3","TRB:CSAEGQGSTDTQYF;TRA:CAGRWYSGGGADGLTF",0,2,0.00072463768115942,0,0.50310133915813,1,FALSE,"clonotype55"
"PT3","TRB:CSAFDRLNTEAFF;TRA:CALSDRNNARLMF",0,1,0.00036231884057971,0,1,1,FALSE,"clonotype238"
"PT3","TRB:CSAFPLSYEQYF;TRA:CALSEANYQLIW",0,1,0.00036231884057971,0,1,1,FALSE,"clonotype188"
"PT3","TRB:CSAGDNYGYTF;TRA:CAGYNAGNNRKLIW",0,1,0.00036231884057971,0,1,1,FALSE,"clonotype151"
"PT3","TRB:CSAGDSNQPQHF;TRA:CAASKTPTGQLTF",0,1,0.00036231884057971,0,1,1,FALSE,"clonotype196"
"PT3","TRB:CSAGGRSNQPQHF;TRA:CAVSYLKTGNQFYF",0,1,0.00036231884057971,0,1,1,FALSE,"clonotype256"
"PT3","TRB:CSAGNLVQAGTEAFF;TRA:CAVRRTGTALIF;TRA:CVVTGQNVLHC",0,1,0.00036231884057971,0,1,1,FALSE,"clonotype459"
"PT3","TRB:CSAGQGRGGYTF;TRA:CAENMGGNKLVF",0,1,0.00036231884057971,0,1,1,FALSE,"clonotype179"
"PT3","TRB:CSAHGPGHRARTEAFF;TRA:CIVRVTSGGSNYKLTF",0,1,0.00036231884057971,0,1,1,FALSE,"clonotype844"
"PT3","TRB:CSAHKNRFSGGTEAFF;TRA:CAYHSGGGADGLTF",0,1,0.00036231884057971,0,1,1,FALSE,"clonotype726"
"PT3","TRB:CSAIDSSYEQYF;TRA:CAVSATDSWGKLQF",0,1,0.00036231884057971,0,1,1,FALSE,"clonotype162"
"PT3","TRB:CSAIGGTGALYNEQFF;TRA:CAVTGGGNKLTF",0,1,0.00036231884057971,0,1,1,FALSE,"clonotype886"
"PT3","TRB:CSAIGVRQANEKLFF",0,1,0.00036231884057971,0,1,1,FALSE,"clonotype723"
"PT3","TRB:CSAILPYRVGKGGYTF",0,1,0.00036231884057971,0,1,1,FALSE,"clonotype727"
"PT3","TRB:CSAKAGQGAHEQYF",0,1,0.00036231884057971,0,1,1,FALSE,"clonotype290"
"PT3","TRB:CSAKDLAGGRNTQYF",0,1,0.00036231884057971,0,1,1,FALSE,"clonotype441"
"PT3","TRB:CSAKGQARGNQETQYF",0,1,0.00036231884057971,0,1,1,FALSE,"clonotype724"
"PT3","TRB:CSAKPQGNSNQPQHF;TRA:CAMEKGGANNLFF",0,1,0.00036231884057971,0,1,1,FALSE,"clonotype623"
"PT3","TRB:CSAKQRPSNQPQHF;TRA:CALSEFGTGANNLFF",0,1,0.00036231884057971,0,1,1,FALSE,"clonotype417"
"PT3","TRB:CSAKSPGLAGAQETQYF;TRA:CAMSVLGTDKLIF",0,1,0.00036231884057971,0,1,1,FALSE,"clonotype1432"
"PT3","TRB:CSALGTSSGANVLTF;TRA:CAVRKNAGNMLTF",0,1,0.00036231884057971,0,1,1,FALSE,"clonotype542"
"PT3","TRB:CSALNGLARFYGYTF;TRA:CALQGGSEKLVF",0,1,0.00036231884057971,0,1,1,FALSE,"clonotype462"
"PT3","TRB:CSALRLAGGKNEQFF;TRA:CAASPYNTDKLIF",0,1,0.00036231884057971,0,1,1,FALSE,"clonotype701"
"PT3","TRB:CSALTASNQPQHF;TRA:CAVGLFSDGQKLLF",0,1,0.00036231884057971,0,1,1,FALSE,"clonotype257"
"PT3","TRB:CSAMDTSSYEQYF;TRB:CSARPPKLSTDTQYF;TRA:CALNPVTGGGNKLTF;TRA:CALSEASASKIIF",0,1,0.00036231884057971,0,1,1,FALSE,"clonotype260"
"PT3","TRB:CSAMGQGNEQFF;TRA:CATPPDSSYKLIF",0,1,0.00036231884057971,0,1,1,FALSE,"clonotype181"
"PT3","TRB:CSAMRVGDRPVGGANVLTF;TRA:CAVIGTNNARLMF",0,1,0.00036231884057971,0,1,1,FALSE,"clonotype1967"
"PT3","TRB:CSAMTSGGISQQYF;TRA:CAEWANQAGTALIF",0,1,0.00036231884057971,0,1,1,FALSE,"clonotype387"
"PT3","TRB:CSANGGSGRGAADTQYF;TRA:CATDSGNTGKLIF",0,1,0.00036231884057971,0,1,1,FALSE,"clonotype1311"
"PT3","TRB:CSANPEYRGRRTEAFF;TRA:CAVTGGGADGLTF",0,1,0.00036231884057971,0,1,1,FALSE,"clonotype887"
"PT3","TRB:CSANRGNQPQHF;TRA:CAASIMGAQKLVF;TRA:CAVRSGSNFGNEKLTF",0,1,0.00036231884057971,0,1,1,FALSE,"clonotype182"
"PT3","TRB:CSAPDTYTDTQYF;TRA:CAAKSIGGFKTIF",0,1,0.00036231884057971,0,1,1,FALSE,"clonotype241"
"PT3","TRB:CSAPGGGTDTQYF;TRA:CIVRFRNFGNEKLTF",0,1,0.00036231884057971,0,1,1,FALSE,"clonotype222"
"PT3","TRB:CSAPGGLGTGELFF;TRA:CAVSYFGNEKLTF;TRA:CIPPTGTASKLTF",0,1,0.00036231884057971,0,1,1,FALSE,"clonotype305"
"PT3","TRB:CSAPIAGVYEQYF;TRA:CAANSNRFGNEKLTF",0,1,0.00036231884057971,0,1,1,FALSE,"clonotype283"
"PT3","TRB:CSAPRDRGLETQYF;TRA:CAVEPNAGNNRKLIW",0,1,0.00036231884057971,0,1,1,FALSE,"clonotype388"
"PT3","TRB:CSAPRPGGSTDTQYF;TRA:CAASKWGGGADGLTF;TRA:CAVKDAGKSTF",0,1,0.00036231884057971,0,1,1,FALSE,"clonotype490"
"PT3","TRB:CSAPRRGLASDEQYF;TRA:CAVNGYGANQAGTALIF",0,1,0.00036231884057971,0,1,1,FALSE,"clonotype678"
"PT3","TRB:CSAPWTSGGTGELFF;TRA:CALGGRGSTLGRLYF",0,1,0.00036231884057971,0,1,1,FALSE,"clonotype712"
"PT3","TRB:CSAQGLAGGRFEQYF;TRA:CAGQHPNSGNTPLVF;TRA:CAYRRTDSWGKLQF",0,1,0.00036231884057971,0,1,1,FALSE,"clonotype543"
"PT3","TRB:CSAQRDKAYEQYF;TRA:CAVRSKAYNTDKLIF",0,1,0.00036231884057971,0,1,1,FALSE,"clonotype258"
"PT3","TRB:CSAQRGGESYNSPLHF;TRA:CAVGARGGGNKLTF",0,1,0.00036231884057971,0,1,1,FALSE,"clonotype974"
"PT3","TRB:CSARAGARNEQFF",0,1,0.00036231884057971,0,1,1,FALSE,"clonotype206"
"PT3","TRB:CSARAGGRFGANQPQHF;TRA:CILRGDTGGFKTIF",0,1,0.00036231884057971,0,1,1,FALSE,"clonotype1199"
"PT3","TRB:CSARAGIDTGELFF;TRA:CVVTRLNTGGFKTIF",0,1,0.00036231884057971,0,1,1,FALSE,"clonotype411"
"PT3","TRB:CSARAGRGKETQYF;TRA:CALETGGGNKLTF",0,1,0.00036231884057971,0,1,1,FALSE,"clonotype350"
"PT3","TRB:CSARALAGGPNTQYF;TRA:CAFMKLRNANTGNQFYF",0,1,0.00036231884057971,0,1,1,FALSE,"clonotype692"
"PT3","TRB:CSARAQGKANEKLFF;TRA:CAGRQAGGTSYGKLTF",0,1,0.00036231884057971,0,1,1,FALSE,"clonotype584"
"PT3","TRB:CSARDEGREKLFF;TRA:CAVRDPYSGAGSYQLTF",0,1,0.00036231884057971,0,1,1,FALSE,"clonotype276"
"PT3","TRB:CSARDFLAGAYEQYF;TRA:CAVSPNNNDMRF",0,1,0.00036231884057971,0,1,1,FALSE,"clonotype544"
"PT3","TRB:CSARDFLRTEAFF;TRA:CALNQAGTALIF",0,1,0.00036231884057971,0,1,1,FALSE,"clonotype236"
"PT3","TRB:CSARDGLTVNYGYTF;TRA:CALKESGGSNYKLTF",0,1,0.00036231884057971,0,1,1,FALSE,"clonotype626"
"PT3","TRB:CSARDGMTVNTEAFF;TRA:CAVSDRGSGSEKLVF",0,1,0.00036231884057971,0,1,1,FALSE,"clonotype659"
"PT3","TRB:CSARDIALKETQYF;TRA:CAVTKGGSEKLVF",0,1,0.00036231884057971,0,1,1,FALSE,"clonotype349"
"PT3","TRB:CSARDIRGYEQYF;TRA:CALQSGGNEKLTF",0,1,0.00036231884057971,0,1,1,FALSE,"clonotype240"
"PT3","TRB:CSARDLNTGNTEAFF;TRA:CAASASFQKLVF",0,1,0.00036231884057971,0,1,1,FALSE,"clonotype510"
"PT3","TRB:CSARDLRGQVYGYTF;TRA:CALGGASGSARQLTF",0,1,0.00036231884057971,0,1,1,FALSE,"clonotype624"
"PT3","TRB:CSARDNRGAFGTEAFF;TRA:CALSASGSARQLTF",0,1,0.00036231884057971,0,1,1,FALSE,"clonotype928"
"PT3","TRB:CSARDPYKTLSNSPLHF;TRA:CAENKGNSGYSTLTF;TRA:CIVRGANAGGTSYGKLTF",0,1,0.00036231884057971,0,1,1,FALSE,"clonotype1372"
"PT3","TRB:CSARDRGGGVDTQYF;TRA:CIVRDWYSGGGADGLTF",0,1,0.00036231884057971,0,1,1,FALSE,"clonotype540"
"PT3","TRB:CSARDRGLYGYTF;TRA:CAESENFNKFYF",0,1,0.00036231884057971,0,1,1,FALSE,"clonotype235"
"PT3","TRB:CSARDRGNRRVETQYF;TRA:CAVRAINNNDMRF",0,1,0.00036231884057971,0,1,1,FALSE,"clonotype929"
"PT3","TRB:CSARDRRGETQYF",0,1,0.00036231884057971,0,1,1,FALSE,"clonotype208"
"PT3","TRB:CSARDSAGAATGELFF;TRA:CAGTENAGGTSYGKLTF",0,2,0.00072463768115942,0,0.50310133915813,1,FALSE,"clonotype84"
"PT3","TRB:CSARDSAGALSYNEQFF;TRA:CALSPSGTYKYIF",0,1,0.00036231884057971,0,1,1,FALSE,"clonotype1312"
"PT3","TRB:CSARDSGGAFGADTQYF",0,1,0.00036231884057971,0,1,1,FALSE,"clonotype1128"
"PT3","TRB:CSARDSHNQPQHF;TRA:CAFAQGGSEKLVF",0,1,0.00036231884057971,0,1,1,FALSE,"clonotype266"
"PT3","TRB:CSARDWGLAGASSYNEQFF;TRA:CALYDYKLSF;TRA:CAVNGNSGAGSYQLTF",0,1,0.00036231884057971,0,1,1,FALSE,"clonotype1974"
"PT3","TRB:CSARDWTGGGKTQYF;TRA:CAVNNARLMF",0,1,0.00036231884057971,0,1,1,FALSE,"clonotype489"
"PT3","TRB:CSARDYGRGQETQYF;TRA:CAPGGTSYGKLTF",0,1,0.00036231884057971,0,1,1,FALSE,"clonotype475"
"PT3","TRB:CSAREFGTGAGNTIYF;TRA:CAASGTYKYIF;TRA:CAEAAGNKLTF",0,1,0.00036231884057971,0,1,1,FALSE,"clonotype810"
"PT3","TRB:CSARELRGQTNTGELFF;TRA:CAISGGSYIPTF",0,1,0.00036231884057971,0,1,1,FALSE,"clonotype1264"
"PT3","TRB:CSARETVPVTDTQYF;TRA:CVVNIREGSGNTPLVF",0,1,0.00036231884057971,0,1,1,FALSE,"clonotype660"
"PT3","TRB:CSARGDGYTF;TRA:CAASAIGQGGKLIF",0,1,0.00036231884057971,0,1,1,FALSE,"clonotype145"
"PT3","TRB:CSARGGRVNSYEQYF;TRA:CARANFGNEKLTF;TRA:CIVRVSGYQKVTF",0,1,0.00036231884057971,0,1,1,FALSE,"clonotype463"
"PT3","TRB:CSARGGRWEGSPLHF;TRA:CAAKGSARQLTF",0,1,0.00036231884057971,0,1,1,FALSE,"clonotype686"
"PT3","TRB:CSARGPGTTYEQYF;TRA:CGTEKTSYDKVIF",0,1,0.00036231884057971,0,1,1,FALSE,"clonotype352"
"PT3","TRB:CSARGPVRETQYF;TRA:CAENIENAGNMLTF",0,1,0.00036231884057971,0,1,1,FALSE,"clonotype259"
"PT3","TRB:CSARGSSTNEQFF;TRB:CSASLAPETQYF;TRA:CLVGYSSASKIIF",0,1,0.00036231884057971,0,1,1,FALSE,"clonotype166"
"PT3","TRB:CSARIAPSRNEQFF;TRA:CAMRANTGTASKLTF",0,1,0.00036231884057971,0,1,1,FALSE,"clonotype410"
"PT3","TRB:CSARIDSYEQYF;TRA:CAAPGYPAGNDYKLSF;TRA:CTDNAGNMLTF",0,1,0.00036231884057971,0,1,1,FALSE,"clonotype172"
"PT3","TRB:CSARIKASGRPWEQFF;TRA:CVVTSLNQAGTALIF",0,1,0.00036231884057971,0,1,1,FALSE,"clonotype1018"
"PT3","TRB:CSARIRAHEQYF;TRA:CAMREWTGTASKLTF",0,1,0.00036231884057971,0,1,1,FALSE,"clonotype194"
"PT3","TRB:CSARKVSSNQPQHF;TRA:CAVPDFGNEKLTF",0,1,0.00036231884057971,0,1,1,FALSE,"clonotype327"
"PT3","TRB:CSARLPEATNEKLFF",0,1,0.00036231884057971,0,1,1,FALSE,"clonotype438"
"PT3","TRB:CSARLPRYPETQYF;TRA:CILRGPTGANNLFF",0,1,0.00036231884057971,0,1,1,FALSE,"clonotype314"
"PT3","TRB:CSARLWANNEQFF;TRA:CVVNLNTGGFKTIF",0,1,0.00036231884057971,0,1,1,FALSE,"clonotype248"
"PT3","TRB:CSARNERKWAKNIQYF;TRA:CILGGTGNQFYF",0,1,0.00036231884057971,0,1,1,FALSE,"clonotype759"
"PT3","TRB:CSARNGQNYEQYF;TRA:CVVRAQSGTYKYIF",0,1,0.00036231884057971,0,1,1,FALSE,"clonotype272"
"PT3","TRB:CSARNPAANHNEKLFF;TRA:CALASGGYQKVTF",0,1,0.00036231884057971,0,1,1,FALSE,"clonotype789"
"PT3","TRB:CSARPAGGRETQYF;TRA:CALASSAGGTSYGKLTF",0,1,0.00036231884057971,0,1,1,FALSE,"clonotype407"
"PT3","TRB:CSARPGQGASPLHF;TRA:CAVSDRSTGTASKLTF",0,1,0.00036231884057971,0,1,1,FALSE,"clonotype408"
"PT3","TRB:CSARPRLAGKGETQYF;TRA:CAAWMDSSYKLIF",0,1,0.00036231884057971,0,1,1,FALSE,"clonotype889"
"PT3","TRB:CSARPTGLLPQHF;TRA:CAHRGAGGYNKLIF;TRA:CIVSLYNQGGKLIF",0,1,0.00036231884057971,0,1,1,FALSE,"clonotype220"
"PT3","TRB:CSARQGARYEQYF;TRA:CALSKGGATNKLIF",0,1,0.00036231884057971,0,1,1,FALSE,"clonotype245"
"PT3","TRB:CSARQGGAEAFF;TRA:CAVGTGGFKTIF",0,1,0.00036231884057971,0,1,1,FALSE,"clonotype183"
"PT3","TRB:CSARQGHTGELFF;TRA:CALSTNNNARLMF",0,1,0.00036231884057971,0,1,1,FALSE,"clonotype219"
"PT3","TRB:CSARQGSGANVLTF;TRA:CAVQAENTGFQKLVF",0,1,0.00036231884057971,0,1,1,FALSE,"clonotype386"
"PT3","TRB:CSARQSNFGYTF;TRA:CGANAGKSTF",0,1,0.00036231884057971,0,1,1,FALSE,"clonotype168"
"PT3","TRB:CSARQWGALQETQYF;TRA:CAVSSSGTYKYIF",0,1,0.00036231884057971,0,1,1,FALSE,"clonotype586"
"PT3","TRB:CSARRDGTYEQYF;TRA:CAMINNQGGKLIF",0,1,0.00036231884057971,0,1,1,FALSE,"clonotype261"
"PT3","TRB:CSARRGGDYNEQFF",0,1,0.00036231884057971,0,1,1,FALSE,"clonotype294"
"PT3","TRB:CSARRSGGVDEQYF",0,1,0.00036231884057971,0,1,1,FALSE,"clonotype293"
"PT3","TRB:CSARRTEPLNTEAFF;TRA:CAVLSNSGYALNF",0,1,0.00036231884057971,0,1,1,FALSE,"clonotype583"
"PT3","TRB:CSARSEAKGGNEQFF;TRA:CALTRGFGNVLHC",0,1,0.00036231884057971,0,1,1,FALSE,"clonotype545"
"PT3","TRB:CSARSGGGLTEAFF;TRA:CAGPMDSNYQLIW;TRA:CALSVPNRDDKIIF",0,1,0.00036231884057971,0,1,1,FALSE,"clonotype326"
"PT3","TRB:CSARSGGGLTGTQYF;TRA:CAAIFLAGGTSYGKLTF;TRA:CIVTGSGGSNYKLTF",0,1,0.00036231884057971,0,1,1,FALSE,"clonotype488"
"PT3","TRB:CSARSGQGLKAGNTIYF;TRA:CAVLFWSGSEKLVF",0,1,0.00036231884057971,0,1,1,FALSE,"clonotype1263"
"PT3","TRB:CSARSGTSGGSSTDTQYF;TRA:CVVSDRGYSSASKIIF",0,1,0.00036231884057971,0,1,1,FALSE,"clonotype1871"
"PT3","TRB:CSARSITGTDNSPLHF;TRA:CAVIGGQKLLF",0,1,0.00036231884057971,0,1,1,FALSE,"clonotype845"
"PT3","TRB:CSARSPGRNEQFF;TRA:CASLMNRDDKIIF",0,1,0.00036231884057971,0,1,1,FALSE,"clonotype239"
"PT3","TRB:CSARSSGHAHYNEQFF;TRA:CIVRVAFMDTGRRALTF",0,1,0.00036231884057971,0,1,1,FALSE,"clonotype888"
"PT3","TRB:CSARTAPAQNGYTF;TRA:CIVRVLSGSARQLTF",0,1,0.00036231884057971,0,1,1,FALSE,"clonotype324"
"PT3","TRB:CSARVAGDYNSPLHF",0,1,0.00036231884057971,0,1,1,FALSE,"clonotype439"
"PT3","TRB:CSARVARTSGFTDTQYF;TRA:CAFMILSNFGNEKLTF",0,1,0.00036231884057971,0,1,1,FALSE,"clonotype1547"
"PT3","TRB:CSARVGDPGGTF;TRA:CAESPAGNTPLVF",0,1,0.00036231884057971,0,1,1,FALSE,"clonotype187"
"PT3","TRB:CSARVKRVNSMNTEAFF;TRA:CAVYNNAGNMLTF",0,1,0.00036231884057971,0,1,1,FALSE,"clonotype1373"
"PT3","TRB:CSARVPNAGGRDTQYF;TRA:CIVSGSRLTF",0,1,0.00036231884057971,0,1,1,FALSE,"clonotype747"
"PT3","TRB:CSARVTPWSRAGETQYF;TRA:CAILSGSARQLTF",0,1,0.00036231884057971,0,1,1,FALSE,"clonotype1374"
"PT3","TRB:CSARVVEETQYF;TRA:CAVGPGTYKYIF",0,1,0.00036231884057971,0,1,1,FALSE,"clonotype180"
"PT3","TRB:CSARYTSGGVSSTDTQYF;TRA:CAVSSSSNTGKLIF",0,1,0.00036231884057971,0,1,1,FALSE,"clonotype1819"
"PT3","TRB:CSASANTGELFF;TRA:CALRYNAGNNRKLIW;TRA:CAVSDSGGYQKVTF",0,1,0.00036231884057971,0,1,1,FALSE,"clonotype189"
"PT3","TRB:CSASDRYQETQYF;TRA:CATDAGGGNKLTF",0,1,0.00036231884057971,0,1,1,FALSE,"clonotype237"
"PT3","TRB:CSASDSSTDTQYF;TRA:CAVSDRRTGGFKTIF",0,1,0.00036231884057971,0,1,1,FALSE,"clonotype268"
"PT3","TRB:CSASGAGVSYNEQFF;TRA:CAVSGGGSEKLVF",0,1,0.00036231884057971,0,1,1,FALSE,"clonotype585"
"PT3","TRB:CSASGDRGEIEAFF;TRA:CAAMDSNYQLIW",0,1,0.00036231884057971,0,1,1,FALSE,"clonotype302"
"PT3","TRB:CSASGGQGSTDTQYF;TRA:CATDASRNYKLTF",0,1,0.00036231884057971,0,1,1,FALSE,"clonotype541"
"PT3","TRB:CSASGLAGGADTQYF",0,1,0.00036231884057971,0,1,1,FALSE,"clonotype437"
"PT3","TRB:CSASGRINTEAFF;TRA:CAVGGRLDSWGKLQF;TRA:CAVNARGSTLGRLYF",0,1,0.00036231884057971,0,1,1,FALSE,"clonotype269"
"PT3","TRB:CSASLGLSGNTIYF;TRA:CAMKGTNAGKSTF",0,1,0.00036231884057971,0,1,1,FALSE,"clonotype390"
"PT3","TRB:CSASLHRGGDLNTEAFF;TRA:CAGRNVHFNKFYF",0,1,0.00036231884057971,0,1,1,FALSE,"clonotype1229"
"PT3","TRB:CSASPFLGPDSPLHF;TRA:CAGRPRTSGTYKYIF",0,1,0.00036231884057971,0,1,1,FALSE,"clonotype547"
"PT3","TRB:CSASPPGQGGETQYF;TRA:CAVENAGNNRKLIW",0,1,0.00036231884057971,0,1,1,FALSE,"clonotype625"
"PT3","TRB:CSASPPTSGGYNEQFF;TRA:CAVGTPGKLIF;TRA:CAVNEEDSNYQLIW",0,1,0.00036231884057971,0,1,1,FALSE,"clonotype811"
"PT3","TRB:CSASPQGLGTDTQYF;TRA:CTFSGSARQLTF",0,1,0.00036231884057971,0,1,1,FALSE,"clonotype511"
"PT3","TRB:CSASPTSGGAKTQYF",0,1,0.00036231884057971,0,1,1,FALSE,"clonotype440"
"PT3","TRB:CSASQGPNAEAFF;TRA:CAENYSGAGSYQLTF",0,1,0.00036231884057971,0,1,1,FALSE,"clonotype270"
"PT3","TRB:CSASREGNTEAFF;TRA:CAVSDGGRGYKLSF",0,3,0.00108695652173913,0,0.254652008737195,1,FALSE,"clonotype35"
"PT3","TRB:CSASRGTFNQPQHF;TRA:CAYRSLSGSARQLTF",0,1,0.00036231884057971,0,1,1,FALSE,"clonotype416"
"PT3","TRB:CSASRGVGYTF;TRA:CAETVTGGGNKLTF",0,1,0.00036231884057971,0,1,1,FALSE,"clonotype155"
"PT3","TRB:CSASRLAGQETQYF;TRA:CAADNQGGKLIF",0,1,0.00036231884057971,0,1,1,FALSE,"clonotype419"
"PT3","TRB:CSASRLANYGYTF;TRA:CAVVRKKSSGDKLTF",0,1,0.00036231884057971,0,1,1,FALSE,"clonotype271"
"PT3","TRB:CSASRTSGRWEQYF;TRA:CAALVGFGNEKLTF;TRA:CAVNRSGNTGKLIF",0,1,0.00036231884057971,0,1,1,FALSE,"clonotype338"
"PT3","TRB:CSASSELTSGNTIYF;TRA:CALEDTGGFKTIF",0,1,0.00036231884057971,0,1,1,FALSE,"clonotype710"
"PT3","TRB:CSASSGGQETQYF;TRA:CAVIKAAGNKLTF",0,1,0.00036231884057971,0,1,1,FALSE,"clonotype205"
"PT3","TRB:CSASSLGVGQETQYF;TRA:CAVREDSSYKLIF",0,1,0.00036231884057971,0,1,1,FALSE,"clonotype546"
"PT3","TRB:CSASSPIGWGYTF;TRA:CAPYNQGGKLIF",0,1,0.00036231884057971,0,1,1,FALSE,"clonotype213"
"PT3","TRB:CSASYRGRNTGELFF;TRA:CAASRMDTGRRALTF",0,1,0.00036231884057971,0,1,1,FALSE,"clonotype708"
"PT3","TRB:CSATDRASYEQYF;TRA:CAMGPYNSGYALNF;TRA:CVVTGPRVF",0,1,0.00036231884057971,0,1,1,FALSE,"clonotype218"
"PT3","TRB:CSATGVTGTDTQYF;TRA:CILRAPNRDDKIIF",0,1,0.00036231884057971,0,1,1,FALSE,"clonotype312"
"PT3","TRB:CSATPGPQGHGYTF;TRA:CAVSFQGAQKLVF",0,1,0.00036231884057971,0,1,1,FALSE,"clonotype369"
"PT3","TRB:CSATPSGGVHNEQFF",0,1,0.00036231884057971,0,1,1,FALSE,"clonotype436"
"PT3","TRB:CSATQERGSSYNEQFF",0,1,0.00036231884057971,0,1,1,FALSE,"clonotype725"
"PT3","TRB:CSATRGADYNEQFF;TRA:CAGVYNFNKFYF",0,1,0.00036231884057971,0,1,1,FALSE,"clonotype310"
"PT3","TRB:CSATSPYGTPEQYF",0,2,0.00072463768115942,0,0.50310133915813,1,FALSE,"clonotype291"
"PT3","TRB:CSATSPYGTPEQYF",0,2,0.00072463768115942,0,0.50310133915813,1,FALSE,"clonotype292"
"PT3","TRB:CSAVGGLSSYEQYF;TRA:CAESKTGTASKLTF",0,1,0.00036231884057971,0,1,1,FALSE,"clonotype389"
"PT3","TRB:CSAVPRVLSYEQYF;TRA:CIVRVRTGGFKTIF",0,1,0.00036231884057971,0,1,1,FALSE,"clonotype311"
"PT3","TRB:CSAWTGGASNYGYTF;TRA:CAVSSDYKLSF",0,1,0.00036231884057971,0,1,1,FALSE,"clonotype509"
"PT3","TRB:CSDYRGAFF;TRA:CAVNAQGGKLIF",0,1,0.00036231884057971,0,1,1,FALSE,"clonotype137"
"PT3","TRB:CSFLAGEFMNTEAFF;TRA:CAVDTAGFQKLVF",0,1,0.00036231884057971,0,1,1,FALSE,"clonotype487"
"PT3","TRB:CSGGGGTDTQYF;TRA:CAVKGAYNQGGKLIF",0,1,0.00036231884057971,0,1,1,FALSE,"clonotype190"
"PT3","TRB:CSGGQGVYEQYF;TRA:CAVEFTGNTGKLIF",0,1,0.00036231884057971,0,1,1,FALSE,"clonotype174"
"PT3","TRB:CSGISHGGIQETQYF;TRA:CILRDESNYQLIW",0,1,0.00036231884057971,0,1,1,FALSE,"clonotype464"
"PT3","TRB:CSGQGQGETQYF;TRA:CALRGNTPLVF",0,1,0.00036231884057971,0,1,1,FALSE,"clonotype173"
"PT3","TRB:CSGTDGYTF;TRA:CIVRVDSGWGTSGSRLTF",0,1,0.00036231884057971,0,1,1,FALSE,"clonotype138"
"PT3","TRB:CSPRRADTQYF;TRA:CASTPLNFGNEKLTF",0,1,0.00036231884057971,0,1,1,FALSE,"clonotype158"
"PT3","TRB:CSTRQGSYEQYF;TRA:CAPRFSDGQKLLF",0,1,0.00036231884057971,0,1,1,FALSE,"clonotype170"
"PT3","TRB:CSVDGLAGGPNYNEQFF;TRA:CLVGGGLSSRLMF",0,1,0.00036231884057971,0,1,1,FALSE,"clonotype1188"
"PT3","TRB:CSVDNYSGQGSYGYTF;TRA:CAVLSDTGRRALTF",0,1,0.00036231884057971,0,1,1,FALSE,"clonotype927"
"PT3","TRB:CSVDPGESPYNEQFF;TRA:CAVTSNFGNEKLTF",0,1,0.00036231884057971,0,1,1,FALSE,"clonotype622"
"PT3","TRB:CSVEDRRDSGANVLTF;TRA:CAASYINDYKLSF",0,1,0.00036231884057971,0,1,1,FALSE,"clonotype1081"
"PT3","TRB:CSVEDRRGSVGTDTQYF;TRA:CAERTYKYIF",0,1,0.00036231884057971,0,1,1,FALSE,"clonotype1183"
"PT3","TRB:CSVEDYGRGWSYTF;TRA:CAFRSGGGADGLTF;TRA:CLLGIGLDSNYQLIW",0,1,0.00036231884057971,0,1,1,FALSE,"clonotype301"
"PT3","TRB:CSVEFGVAEAFF;TRA:CAVRQGRLMF;TRA:CLGELIW",0,2,0.00072463768115942,0,0.50310133915813,1,FALSE,"clonotype51"
"PT3","TRB:CSVEILGTNTQYF",0,1,0.00036231884057971,0,1,1,FALSE,"clonotype204"
"PT3","TRB:CSVERGAGETQYF;TRA:CAVQGQSSRLTF",0,1,0.00036231884057971,0,1,1,FALSE,"clonotype228"
"PT3","TRB:CSVERPGLAGVSYNEQFF;TRA:CATDGGSGAGSYQLTF;TRA:CAVGNFNKFYF",0,1,0.00036231884057971,0,1,1,FALSE,"clonotype1705"
"PT3","TRB:CSVESGYEQYF;TRA:CILRDDMNRDDKIIF",0,1,0.00036231884057971,0,1,1,FALSE,"clonotype149"
"PT3","TRB:CSVESLAYEQFF;TRA:CAVSDRRSGGFKTIF",0,1,0.00036231884057971,0,1,1,FALSE,"clonotype191"
"PT3","TRB:CSVGLTGGSYGYTF;TRA:CIVRATTGANNLFF",0,1,0.00036231884057971,0,1,1,FALSE,"clonotype309"
"PT3","TRB:CSVKEFGQPQHF;TRA:CAASRTTSGTYKYIF",0,1,0.00036231884057971,0,1,1,FALSE,"clonotype198"
"PT3","TRB:CSVKTGLNTGELFF;TRA:CAVDRGSTLGRLYF",0,1,0.00036231884057971,0,1,1,FALSE,"clonotype337"
"PT3","TRB:CSVKTGYEQYF;TRA:CAGQFSGYALNF;TRA:CILSGGGADGLTF",0,1,0.00036231884057971,0,1,1,FALSE,"clonotype148"
"PT3","TRB:CSVPGNNYEQYF;TRA:CIVRVRGDSSASKIIF",0,1,0.00036231884057971,0,1,1,FALSE,"clonotype176"
"PT3","TRB:CSVPTPRGSNYGYTF;TRA:CAVIRFSGGYNKLIF",0,1,0.00036231884057971,0,1,1,FALSE,"clonotype658"
"PT3","TRB:CSVRDREYNSPLHF;TRA:CAASFRGGAGTALIF",0,1,0.00036231884057971,0,1,1,FALSE,"clonotype428"
"PT3","TRB:CSVRGVAGVTDTQYF;TRA:CAVRPYGGYQKVTF",0,1,0.00036231884057971,0,1,1,FALSE,"clonotype474"
"PT3","TRB:CSVRLVQKLGYTF;TRA:CAVEMNTGFQKLVF",0,3,0.00108695652173913,0,0.254652008737195,1,FALSE,"clonotype36"
"PT3","TRB:CSVRSYEQYF;TRA:CATDDSGGGADGLTF",0,1,0.00036231884057971,0,1,1,FALSE,"clonotype143"
"PT3","TRB:CSVRTLSYEQYF;TRA:CAGRFSDGQKLLF",0,1,0.00036231884057971,0,1,1,FALSE,"clonotype171"
"PT3","TRB:CSVSGARNQPQHF;TRA:CAVGEPSGQNFVF",0,1,0.00036231884057971,0,1,1,FALSE,"clonotype246"
"PT3","TRB:CSVTGTGLYGYTF;TRA:CAYRSGTSGTYKYIF",0,1,0.00036231884057971,0,1,1,FALSE,"clonotype275"
"PT3","TRB:CSVVGAGGKYEQFF;TRA:CAAKRTGDSGGYQKVTF;TRA:CATDAWSGYSTLTF",0,1,0.00036231884057971,0,1,1,FALSE,"clonotype368"
"PT17","TRA:CAASVEYKLSF",1,0,0,0.000446627958910228,0.427861647238678,1,FALSE,NA
"PT17","TRA:CAENSLGAGKSTF",1,2,0.000668002672010688,0.000446627958910228,1,1,FALSE,"clonotype225"
"PT17","TRA:CAENSLGAGKSTF",1,2,0.000668002672010688,0.000446627958910228,1,1,FALSE,"clonotype403"
"PT17","TRA:CAGAINYQLIW",1,0,0,0.000446627958910228,0.427861647238678,1,FALSE,NA
"PT17","TRA:CAGYFNKFYF",1,0,0,0.000446627958910228,0.427861647238678,1,FALSE,NA
"PT17","TRA:CAVKGNNAGNMLTF",1,0,0,0.000446627958910228,0.427861647238678,1,FALSE,NA
"PT17","TRA:CAVRDSNYQLIW",1,0,0,0.000446627958910228,0.427861647238678,1,FALSE,NA
"PT17","TRA:CAVSEGTGGSYIPTF",1,0,0,0.000446627958910228,0.427861647238678,1,FALSE,NA
"PT17","TRA:CAVSIIQGAQKLVF",1,0,0,0.000446627958910228,0.427861647238678,1,FALSE,NA
"PT17","TRB:CACPHGGDSLSFGSPLHF",1,0,0,0.000446627958910228,0.427861647238678,1,FALSE,NA
"PT17","TRB:CAGTWRGKGDTQYF",1,0,0,0.000446627958910228,0.427861647238678,1,FALSE,NA
"PT17","TRB:CAIASGTQSYEQYF",2,0,0,0.000893255917820456,0.183065589177795,1,FALSE,NA
"PT17","TRB:CAIRVGEQFF;TRA:CATDGDRDDKIIF;TRA:CLLSNSGYALNF",27,10,0.00334001336005344,0.0120589548905761,0.000329752059209333,0.0112940080279196,TRUE,"clonotype31"
"PT17","TRB:CAIRVGEQYF;TRA:CATDADRDDKIIF",1,0,0,0.000446627958910228,0.427861647238678,1,FALSE,NA
"PT17","TRB:CAISDGVGGEEGYTF;TRA:CALDSNTGNQFYF",1,0,0,0.000446627958910228,0.427861647238678,1,FALSE,NA
"PT17","TRB:CAISEAGSAEKLFF",3,0,0,0.00133988387673068,0.0783267445383302,0.928623807843857,FALSE,NA
"PT17","TRB:CAISEGGGRANVLTF;TRA:CVVSPYSSASKIIF",2,0,0,0.000893255917820456,0.183065589177795,1,FALSE,NA
"PT17","TRB:CAISESGATGEQYV;TRA:CAVYGDYKLSF",1,0,0,0.000446627958910228,0.427861647238678,1,FALSE,NA
"PT17","TRB:CAISETGTVNTEAFF;TRA:CAADNTDKLIF",8,2,0.000668002672010688,0.00357302367128182,0.0232574663722625,0.421712588779407,FALSE,"clonotype177"
"PT17","TRB:CAISETQGNGFF",1,0,0,0.000446627958910228,0.427861647238678,1,FALSE,NA
"PT17","TRB:CAISEYVALGYEQYF;TRA:CALTSGTYKYIF",1,0,0,0.000446627958910228,0.427861647238678,1,FALSE,NA
"PT17","TRB:CAITGTSGSRDNEQFF;TRA:CVVSGTYKYIF",1,0,0,0.000446627958910228,0.427861647238678,1,FALSE,NA
"PT17","TRB:CANSGVSWETQYF;TRA:CALSEPLNQGGKLIF",1,0,0,0.000446627958910228,0.427861647238678,1,FALSE,NA
"PT17","TRB:CASEDAQSSTDTQYF;TRA:CAVNTPLVF",2,3,0.00100200400801603,0.000893255917820456,1,1,FALSE,"clonotype112"
"PT17","TRB:CASGHGQGTDTQYF;TRA:CAMREGPSGYALNF",1,1,0.000334001336005344,0.000446627958910228,1,1,FALSE,"clonotype672"
"PT17","TRB:CASGLNRDYPYF;TRA:CAVATQGGKLIF",2,1,0.000334001336005344,0.000893255917820456,0.579828359735744,1,FALSE,"clonotype355"
"PT17","TRB:CASGTGVADTQYF;TRA:CALYSLDTGRRALTF",1,0,0,0.000446627958910228,0.427861647238678,1,FALSE,NA
"PT17","TRB:CASILLQGDEQFF;TRA:CATGASGGSYIPTF",1,0,0,0.000446627958910228,0.427861647238678,1,FALSE,NA
"PT17","TRB:CASLSGPYEQYV",1,0,0,0.000446627958910228,0.427861647238678,1,FALSE,NA
"PT17","TRB:CASMMRTLETQYF;TRA:CALDNYGQNFVF",1,0,0,0.000446627958910228,0.427861647238678,1,FALSE,NA
"PT17","TRB:CASNYPGTGRSSYNEQFF;TRA:CATDGGYGNKLVF",1,0,0,0.000446627958910228,0.427861647238678,1,FALSE,NA
"PT17","TRB:CASRGAGSRDQPQHF;TRA:CALRGWARLMF",1,0,0,0.000446627958910228,0.427861647238678,1,FALSE,NA
"PT17","TRB:CASRGQGPGPQHF",1,0,0,0.000446627958910228,0.427861647238678,1,FALSE,NA
"PT17","TRB:CASRHEAGTPKGHEQYF;TRA:CAVGIYNFNKFYF",1,0,0,0.000446627958910228,0.427861647238678,1,FALSE,NA
"PT17","TRB:CASRIGRGGQGSNQPQHF;TRA:CAVRDMNYKLSF",1,0,0,0.000446627958910228,0.427861647238678,1,FALSE,NA
"PT17","TRB:CASRLQRGRGPQHF;TRA:CVVTRNRDDKIIF",1,0,0,0.000446627958910228,0.427861647238678,1,FALSE,NA
"PT17","TRB:CASRLTGVLNEQFF;TRA:CAFTGNTPLVF",9,0,0,0.00401965163019205,0.000480540758503941,0.0151924809034707,TRUE,NA
"PT17","TRB:CASRNWGMGQETQYF;TRA:CAVFYGGATNKLIF",2,0,0,0.000893255917820456,0.183065589177795,1,FALSE,NA
"PT17","TRB:CASRPEMGGNQPQHF;TRA:CAVSPYGNNRLAF",2,0,0,0.000893255917820456,0.183065589177795,1,FALSE,NA
"PT17","TRB:CASRPGTGGSANYGYTF;TRA:CAVTSAGGTSYGKLTF",1,0,0,0.000446627958910228,0.427861647238678,1,FALSE,NA
"PT17","TRB:CASRQTGGNSPLHF;TRA:CAVVGNTPLVF",3,0,0,0.00133988387673068,0.0783267445383302,0.928623807843857,FALSE,NA
"PT17","TRB:CASRRLAEAFF",1,0,0,0.000446627958910228,0.427861647238678,1,FALSE,NA
"PT17","TRB:CASRRTFRSSYEQYF;TRA:CAYRIRGETSGSRLTF",1,0,0,0.000446627958910228,0.427861647238678,1,FALSE,NA
"PT17","TRB:CASRTGLAGTDTQYF;TRA:CALSEARLNSGGSNYKLTF",1,0,0,0.000446627958910228,0.427861647238678,1,FALSE,NA
"PT17","TRB:CASRTTYTDTQYF;TRA:CAASFVEYGNKLVF",1,13,0.00434201736806947,0.000446627958910228,0.00587625098504406,0.137537314472664,FALSE,"clonotype26"
"PT17","TRB:CASRWTSGRGETQYF;TRA:CAYRRGQGGSEKLVF;TRA:CVGETSGSRLTF",1,0,0,0.000446627958910228,0.427861647238678,1,FALSE,NA
"PT17","TRB:CASSAARRTYGYTF;TRA:CAVNGGGQKLLF",1,0,0,0.000446627958910228,0.427861647238678,1,FALSE,NA
"PT17","TRB:CASSAGTTEAFF;TRA:CAENRVNRDDKIIF",2,98,0.0327321309285237,0.000893255917820456,2.11360251053492e-21,2.89563543943284e-19,TRUE,"clonotype6"
"PT17","TRB:CASSAKYGTEGGDTQYF;TRA:CAMREQGGSEKLVF",1,0,0,0.000446627958910228,0.427861647238678,1,FALSE,NA
"PT17","TRB:CASSAMAGAGETQYF;TRB:CASSQSPTSYNEQFF;TRA:CALSEYGTDKLIF;TRA:CAVSGFDYKLSF",1,0,0,0.000446627958910228,0.427861647238678,1,FALSE,NA
"PT17","TRB:CASSAPNQQGPEAFF;TRA:CAMREIIQGAQKLVF",2,0,0,0.000893255917820456,0.183065589177795,1,FALSE,NA
"PT17","TRB:CASSARDRGLGSPLHF",1,0,0,0.000446627958910228,0.427861647238678,1,FALSE,NA
"PT17","TRB:CASSAVFNEKLFF;TRA:CAVNSGYQKVTF",1,0,0,0.000446627958910228,0.427861647238678,1,FALSE,NA
"PT17","TRB:CASSAVQSGYEQYF",1,0,0,0.000446627958910228,0.427861647238678,1,FALSE,NA
"PT17","TRB:CASSCPTPSGRSSTDTQYF;TRA:CAASMADTGRRALTF",3,1,0.000334001336005344,0.00133988387673068,0.319920926230031,1,FALSE,"clonotype926"
"PT17","TRB:CASSDGPHSNQPQHF;TRA:CAVKGPNAGNMLTF",1,0,0,0.000446627958910228,0.427861647238678,1,FALSE,NA
"PT17","TRB:CASSDGTSDTQYF;TRA:CAVPVGADGLTF",98,250,0.083500334001336,0.0437695399732023,1.94975256866715e-08,1.41414406892153e-06,TRUE,"clonotype1"
"PT17","TRB:CASSDHSNQPQHF;TRA:CAVNPFGPGGYQKVTF",1,0,0,0.000446627958910228,0.427861647238678,1,FALSE,NA
"PT17","TRB:CASSDPGPSDTQYF",2,0,0,0.000893255917820456,0.183065589177795,1,FALSE,NA
"PT17","TRB:CASSDPGTGASTDTQYF;TRA:CAVYSNSGYALNF",2,6,0.00200400801603206,0.000893255917820456,0.479720876727511,1,FALSE,"clonotype53"
"PT17","TRB:CASSDRDENTGELFF;TRA:CAVTDSNYQLIW",1,0,0,0.000446627958910228,0.427861647238678,1,FALSE,NA
"PT17","TRB:CASSDSGTSGSTDTQYF;TRA:CAVYSNSGYALNF",1,225,0.0751503006012024,0.000446627958910228,2.9209078631175e-53,7.20295879044776e-51,TRUE,"clonotype3"
"PT17","TRB:CASSDSGTSGSTDTQYF;TRA:CAVYSNSGYALNF",1,225,0.0751503006012024,0.000446627958910228,2.9209078631175e-53,7.20295879044776e-51,TRUE,"clonotype9"
"PT17","TRB:CASSDSGTSGSTDTQYF;TRA:CAVYSNSGYALNF",1,225,0.0751503006012024,0.000446627958910228,2.9209078631175e-53,7.20295879044776e-51,TRUE,"clonotype29"
"PT17","TRB:CASSDSYNSPLHF;TRA:CAEKKGAGTALIF;TRA:CAMVDRGSTLGRLYF",2,0,0,0.000893255917820456,0.183065589177795,1,FALSE,NA
"PT17","TRB:CASSEAGTANQPQHF;TRA:CAVRGSDGQKLLF",7,0,0,0.00312639571237159,0.00262496496836025,0.0688634426805998,FALSE,NA
"PT17","TRB:CASSEARGPYNEQFF;TRA:CATAGGFKTIF",1,0,0,0.000446627958910228,0.427861647238678,1,FALSE,NA
"PT17","TRB:CASSEDFYGYTF;TRA:CVVRPTEDNARLMF",1,0,0,0.000446627958910228,0.427861647238678,1,FALSE,NA
"PT17","TRB:CASSEEGHLRTDTQYF;TRA:CAVEVGGYQKVTF",87,10,0.00334001336005344,0.0388566324251898,6.53504958932709e-22,1.00721451795504e-19,TRUE,"clonotype33"
"PT17","TRB:CASSEGADYGYTF;TRA:CAFQSKGTGFQKLVF",2,0,0,0.000893255917820456,0.183065589177795,1,FALSE,NA
"PT17","TRB:CASSEGLEDTQYF;TRA:CAAFAGTAAQKLVF;TRA:CLLGDQSQGNLIF",1,0,0,0.000446627958910228,0.427861647238678,1,FALSE,NA
"PT17","TRB:CASSEGSIQETQYF;TRB:CASSLAPLRECQETQYF;TRA:CAAEGGTEKLVF",1,0,0,0.000446627958910228,0.427861647238678,1,FALSE,NA
"PT17","TRB:CASSEPRGAGGDNEQFF;TRA:CAFMKNFGNEKLTF",1,0,0,0.000446627958910228,0.427861647238678,1,FALSE,NA
"PT17","TRB:CASSEQGQKKYV;TRA:CAFMMTTSGTYKYIF;TRA:CAMREGRSNYQLIW",1,0,0,0.000446627958910228,0.427861647238678,1,FALSE,NA
"PT17","TRB:CASSEVVVRGNQPQHF;TRA:CASLMDSNYQLIW",1,0,0,0.000446627958910228,0.427861647238678,1,FALSE,NA
"PT17","TRB:CASSEYGLTRQPQHF",1,0,0,0.000446627958910228,0.427861647238678,1,FALSE,NA
"PT17","TRB:CASSFFGGSGYEQYF;TRA:CAESGAGSYQLTF",1,0,0,0.000446627958910228,0.427861647238678,1,FALSE,NA
"PT17","TRB:CASSFFGGTEAFF;TRA:CAVFSYDKVIF",1,0,0,0.000446627958910228,0.427861647238678,1,FALSE,NA
"PT17","TRB:CASSFFRTVMNTEAFF;TRA:CAETSPPIQGAQKLVF",1,0,0,0.000446627958910228,0.427861647238678,1,FALSE,NA
"PT17","TRB:CASSFGDRATEAFF;TRA:CALKGYGGATNKLIF",2,0,0,0.000893255917820456,0.183065589177795,1,FALSE,NA
"PT17","TRB:CASSFGMNGYTF;TRA:CAQGGGTSYGKLTF",1,0,0,0.000446627958910228,0.427861647238678,1,FALSE,NA
"PT17","TRB:CASSFGQGQPQHF;TRA:CALRKDSSYKLIF",1,0,0,0.000446627958910228,0.427861647238678,1,FALSE,NA
"PT17","TRB:CASSFGQGYEQYV",1,0,0,0.000446627958910228,0.427861647238678,1,FALSE,NA
"PT17","TRB:CASSFLPGVNTEAFF;TRA:CAMSGNQAGTALIF;TRA:CAMSPYNTDKLIF",1,0,0,0.000446627958910228,0.427861647238678,1,FALSE,NA
"PT17","TRB:CASSFLYLDEQFF",1,0,0,0.000446627958910228,0.427861647238678,1,FALSE,NA
"PT17","TRB:CASSFPDSNYGYTF;TRA:CALGGSYIPTF;TRA:CAVDRTNAGKSTF",1,1,0.000334001336005344,0.000446627958910228,1,1,FALSE,"clonotype596"
"PT17","TRB:CASSFQSNEQFF;TRA:CAVLVLLDMRF",1,0,0,0.000446627958910228,0.427861647238678,1,FALSE,NA
"PT17","TRB:CASSFRGQSYEQYF;TRA:CAIKAAGNKLTF",1,0,0,0.000446627958910228,0.427861647238678,1,FALSE,NA
"PT17","TRB:CASSFSGGTDTQYF",1,0,0,0.000446627958910228,0.427861647238678,1,FALSE,NA
"PT17","TRB:CASSFSTEQFF;TRA:CAVNSPDNFNKFYF",1,0,0,0.000446627958910228,0.427861647238678,1,FALSE,NA
"PT17","TRB:CASSFSWGATEAFF;TRA:CGAFGNEKLTF",1,3,0.00100200400801603,0.000446627958910228,0.640449339747117,1,FALSE,"clonotype95"
"PT17","TRB:CASSFTENTEAFF;TRA:CAVSDYSGGGSNYKLTF",18,0,0,0.0080393032603841,2.30919420583542e-07,1.35582688371194e-05,TRUE,NA
"PT17","TRB:CASSFWGGGESAYNEQFF;TRA:CAVNGAGTALIF;TRA:CGDTGGFKTIF",1,0,0,0.000446627958910228,0.427861647238678,1,FALSE,NA
"PT17","TRB:CASSFYSYNEQFF;TRA:CAVQTQGAQKLVF",1,33,0.0110220440881764,0.000446627958910228,1.98003575874196e-07,1.22069204526442e-05,TRUE,"clonotype13"
"PT17","TRB:CASSGQGNTEAFF;TRA:CAASLNTGNQFYF",3,0,0,0.00133988387673068,0.0783267445383302,0.928623807843857,FALSE,NA
"PT17","TRB:CASSGQGPYGYTF;TRA:CAYRSAPEGAQKLVF",1,0,0,0.000446627958910228,0.427861647238678,1,FALSE,NA
"PT17","TRB:CASSGTTGTDTQYF;TRA:CAMRNTGTASKLTF",1,1,0.000334001336005344,0.000446627958910228,1,1,FALSE,"clonotype667"
"PT17","TRB:CASSHGQGGTEAFF;TRA:CATDVSNFGNEKLTF",1,0,0,0.000446627958910228,0.427861647238678,1,FALSE,NA
"PT17","TRB:CASSHPGPLADGYTF;TRA:CAESTGNTPLVF",2,32,0.010688042752171,0.000893255917820456,2.3293961550113e-06,0.00011795303981185,TRUE,"clonotype17"
"PT17","TRB:CASSHPGPLADGYTF;TRA:CAESTGNTPLVF",2,32,0.010688042752171,0.000893255917820456,2.3293961550113e-06,0.00011795303981185,TRUE,"clonotype111"
"PT17","TRB:CASSIEAGEETQYF;TRB:CASSVDLRTAMNTEAFF;TRA:CAVVRSWGKLQF",1,0,0,0.000446627958910228,0.427861647238678,1,FALSE,NA
"PT17","TRB:CASSIGGHIQYF;TRB:CASSSRGQYEQYV;TRA:CAIAGGTSYGKLTF",1,0,0,0.000446627958910228,0.427861647238678,1,FALSE,NA
"PT17","TRB:CASSIGRKNWPQHF;TRA:CATGVTGNQFYF",1,0,0,0.000446627958910228,0.427861647238678,1,FALSE,NA
"PT17","TRB:CASSIGSGMVNEQFF;TRA:CAFISHARLMF",5,0,0,0.00223313979455114,0.014338931637288,0.285159721109292,FALSE,NA
"PT17","TRB:CASSIGTGGPSHNEQFF;TRA:CAVRRTGTASKLTF",1,0,0,0.000446627958910228,0.427861647238678,1,FALSE,NA
"PT17","TRB:CASSILYRDYTF;TRA:CAYRSFLTSGTYKYIF",1,0,0,0.000446627958910228,0.427861647238678,1,FALSE,NA
"PT17","TRB:CASSIRGPNEKLFF;TRA:CAVTSQRSSNTGKLIF",1,0,0,0.000446627958910228,0.427861647238678,1,FALSE,NA
"PT17","TRB:CASSISRSSYNEQFF;TRB:CASSIWSPDTQYF;TRA:CAVDTRNNNARLMF;TRA:CAYRRWDARLMF",1,0,0,0.000446627958910228,0.427861647238678,1,FALSE,NA
"PT17","TRB:CASSKQGSTDTQYF;TRA:CAVEETGYSTLTF",11,0,0,0.00491290754801251,8.79704770794681e-05,0.00319022347761718,TRUE,NA
"PT17","TRB:CASSKSGRETQYF;TRA:CAVRATSGTYKYIF",1,30,0.0100200400801603,0.000446627958910228,1.15192699347771e-06,6.17533036068704e-05,TRUE,"clonotype14"
"PT17","TRB:CASSKSGRETQYF;TRA:CAVRGTSGTYKYIF",1,82,0.0273881095524382,0.000446627958910228,5.79712895817116e-19,6.4980545503864e-17,TRUE,"clonotype8"
"PT17","TRB:CASSKWGTGDLNTEAFF;TRA:CALDARPRGADGLTF",4,0,0,0.00178651183564091,0.033513009941013,0.566048510373549,FALSE,NA
"PT17","TRB:CASSLAPSNEQFF",1,0,0,0.000446627958910228,0.427861647238678,1,FALSE,NA
"PT17","TRB:CASSLAQAASTDTQYF;TRA:CAYRSAEGNARLMF",5,19,0.00634602538410154,0.00223313979455114,0.0374255042895344,0.623589821472918,FALSE,"clonotype22"
"PT17","TRB:CASSLASLAGETDTQYF;TRA:CAASMAESNTGKLIF",1,0,0,0.000446627958910228,0.427861647238678,1,FALSE,NA
"PT17","TRB:CASSLASYARQETQYF",1,1,0.000334001336005344,0.000446627958910228,1,1,FALSE,"clonotype810"
"PT17","TRB:CASSLDGNYGYTF;TRA:CAESPLRNYGGATNKLIF",1,0,0,0.000446627958910228,0.427861647238678,1,FALSE,NA
"PT17","TRB:CASSLDPLRLALAGELFF",1,0,0,0.000446627958910228,0.427861647238678,1,FALSE,NA
"PT17","TRB:CASSLDSGGTDTQYF;TRA:CAENINNYGQNFVF",1,0,0,0.000446627958910228,0.427861647238678,1,FALSE,NA
"PT17","TRB:CASSLDTSGRNEQFF;TRA:CAGRGTGRRALTF",5,107,0.0357381429525718,0.00223313979455114,2.88831043447535e-20,3.56128676570811e-18,TRUE,"clonotype4"
"PT17","TRB:CASSLEAYPRYEQYF;TRA:CALSDSNSGYALNF",259,2,0.000668002672010688,0.115676641357749,3.59462982044741e-92,4.43217856861166e-89,TRUE,"clonotype176"
"PT17","TRB:CASSLEGNTEAFF;TRA:CVVHNTNAGKSTF",8,0,0,0.00357302367128182,0.00112312183530644,0.0329716481650676,TRUE,NA
"PT17","TRB:CASSLEPGTTAWNEQFF;TRA:CAARMEYGNKLVF",9,0,0,0.00401965163019205,0.000480540758503941,0.0151924809034707,TRUE,NA
"PT17","TRB:CASSLEPLGNTEAFF;TRA:CAYRNPARLMF",1,0,0,0.000446627958910228,0.427861647238678,1,FALSE,NA
"PT17","TRB:CASSLEQRHRVSYEQYV;TRB:CASSLRTYGYTF;TRA:CAGTTSGTYKYIF",1,0,0,0.000446627958910228,0.427861647238678,1,FALSE,NA
"PT17","TRB:CASSLFLQETQYF",1,0,0,0.000446627958910228,0.427861647238678,1,FALSE,NA
"PT17","TRB:CASSLGDFDSTTYEQYF",1,0,0,0.000446627958910228,0.427861647238678,1,FALSE,NA
"PT17","TRB:CASSLGDSRFF;TRA:CAALYNNNDMRF;TRA:CAASPLRLGSGGSNYKLTF",1,0,0,0.000446627958910228,0.427861647238678,1,FALSE,NA
"PT17","TRB:CASSLGGFQETQYF;TRA:CALSAEYGNKLVF",1,0,0,0.000446627958910228,0.427861647238678,1,FALSE,NA
"PT17","TRB:CASSLGGRGSNTEAFF;TRA:CAVNFLNFGNEKLTF",1,0,0,0.000446627958910228,0.427861647238678,1,FALSE,NA
"PT17","TRB:CASSLGHLNTEAFF",1,0,0,0.000446627958910228,0.427861647238678,1,FALSE,NA
"PT17","TRB:CASSLGNTGELFF;TRA:CAMREGWGSGGGADGLTF",1,0,0,0.000446627958910228,0.427861647238678,1,FALSE,NA
"PT17","TRB:CASSLGPAGGRETQYF;TRA:CAIQNQGGSEKLVF",1,0,0,0.000446627958910228,0.427861647238678,1,FALSE,NA
"PT17","TRB:CASSLGQKDPLHF;TRA:CAPRRSGGSYIPTF",1,0,0,0.000446627958910228,0.427861647238678,1,FALSE,NA
"PT17","TRB:CASSLGRGFPFGGTEAFF;TRA:CLVGALTGGGNKLTF",1,1,0.000334001336005344,0.000446627958910228,1,1,FALSE,"clonotype913"
"PT17","TRB:CASSLGSGGGGEKLFF;TRA:CAFMMYNNNDMRF",1,0,0,0.000446627958910228,0.427861647238678,1,FALSE,NA
"PT17","TRB:CASSLGTGPTNYGYTF;TRA:CAVTSYSGNTPLVF",1,0,0,0.000446627958910228,0.427861647238678,1,FALSE,NA
"PT17","TRB:CASSLGTGWEQYV;TRA:CAVKTTSYGKLTF",1,0,0,0.000446627958910228,0.427861647238678,1,FALSE,NA
"PT17","TRB:CASSLHGTYQETQYF;TRA:CAVGPNAGNNRKLIW",1,0,0,0.000446627958910228,0.427861647238678,1,FALSE,NA
"PT17","TRB:CASSLIGEQFF;TRA:CAVTGGTSYGKLTF",1,0,0,0.000446627958910228,0.427861647238678,1,FALSE,NA
"PT17","TRB:CASSLIGTLTREQYF;TRA:CVVSVNNARLMF",1,0,0,0.000446627958910228,0.427861647238678,1,FALSE,NA
"PT17","TRB:CASSLIPLAGVGNEQFF;TRA:CAVRAGTGGYNKLIF",1,0,0,0.000446627958910228,0.427861647238678,1,FALSE,NA
"PT17","TRB:CASSLISEQFF;TRA:CAVTGGTSYGKLTF",2,0,0,0.000893255917820456,0.183065589177795,1,FALSE,NA
"PT17","TRB:CASSLISRDTQYF;TRA:CAVSDTGGFKTIF",6,0,0,0.00267976775346137,0.00613507890997284,0.137537314472664,FALSE,NA
"PT17","TRB:CASSLITATNQPQHF;TRA:CGADMHNYGQNFVF",2,0,0,0.000893255917820456,0.183065589177795,1,FALSE,NA
"PT17","TRB:CASSLLAGGINNEQFF",1,0,0,0.000446627958910228,0.427861647238678,1,FALSE,NA
"PT17","TRB:CASSLLAGGTGEQYF;TRA:CAVIVYGGATNKLIF",1,0,0,0.000446627958910228,0.427861647238678,1,FALSE,NA
"PT17","TRB:CASSLLMGLINQPQHF;TRA:CAVKKYTNAGKSTF",1,0,0,0.000446627958910228,0.427861647238678,1,FALSE,NA
"PT17","TRB:CASSLLSEQYV;TRA:CAATGGTSYGKLTF",1,0,0,0.000446627958910228,0.427861647238678,1,FALSE,NA
"PT17","TRB:CASSLLSGNSPLHF;TRA:CAASLPGFGNEKLTF",1,0,0,0.000446627958910228,0.427861647238678,1,FALSE,NA
"PT17","TRB:CASSLNLGGNSGANVLTF;TRA:CAVRDSMSGGYNKLIF;TRA:CHISSGSARQLTF",1,0,0,0.000446627958910228,0.427861647238678,1,FALSE,NA
"PT17","TRB:CASSLNQGSNIQYF;TRA:CAAPRGGSNYKLTF",1,0,0,0.000446627958910228,0.427861647238678,1,FALSE,NA
"PT17","TRB:CASSLQGGRETQYF;TRA:CAVTLHQFYF",4,0,0,0.00178651183564091,0.033513009941013,0.566048510373549,FALSE,NA
"PT17","TRB:CASSLQRTGHTIYF;TRA:CAVRYAGGTSYGKLTF",3,2,0.000668002672010688,0.00133988387673068,0.657145462514449,1,FALSE,"clonotype160"
"PT17","TRB:CASSLRGFETQYF;TRA:CAATGTSGTYKYIF",1,0,0,0.000446627958910228,0.427861647238678,1,FALSE,NA
"PT17","TRB:CASSLRGTHNEQFF",171,0,0,0.0763733809736489,8.97169211944352e-64,2.76552409581847e-61,TRUE,NA
"PT17","TRB:CASSLRGTHNEQFF;TRA:CAASKGGNNRLAF",573,207,0.0691382765531062,0.25591782045556,2.24172231776656e-67,9.21347872602054e-65,TRUE,"clonotype2"
"PT17","TRB:CASSLRIRAGGHNEQFF;TRA:CAYLSRFNNDMRF",1,0,0,0.000446627958910228,0.427861647238678,1,FALSE,NA
"PT17","TRB:CASSLRTEKLFF;TRB:CASSYSAGGSPGELFF;TRA:CAASIRGGADGLTF;TRA:CALTANTGNQFYF",1,0,0,0.000446627958910228,0.427861647238678,1,FALSE,NA
"PT17","TRB:CASSLRTGPSYEQYF;TRA:CAVRVSRGSYIPTF",11,0,0,0.00491290754801251,8.79704770794681e-05,0.00319022347761718,TRUE,NA
"PT17","TRB:CASSLSAGELFF;TRA:CATDGKGAAGNKLTF",1,0,0,0.000446627958910228,0.427861647238678,1,FALSE,NA
"PT17","TRB:CASSLSAGLRANVLTF;TRA:CASSNDYKLSF",1,1,0.000334001336005344,0.000446627958910228,1,1,FALSE,"clonotype829"
"PT17","TRB:CASSLSGELFF;TRA:CIVRVAGNYKLSF",3,0,0,0.00133988387673068,0.0783267445383302,0.928623807843857,FALSE,NA
"PT17","TRB:CASSLSGNYGYTF;TRA:CAASGITQGGSEKLVF",2,0,0,0.000893255917820456,0.183065589177795,1,FALSE,NA
"PT17","TRB:CASSLSRITEAFF;TRA:CAMSAQGAQKLVF",1,0,0,0.000446627958910228,0.427861647238678,1,FALSE,NA
"PT17","TRB:CASSLSVEGEAFF;TRA:CAVNGGSQGNLIF",1,0,0,0.000446627958910228,0.427861647238678,1,FALSE,NA
"PT17","TRB:CASSLSVRETQYF",1,0,0,0.000446627958910228,0.427861647238678,1,FALSE,NA
"PT17","TRB:CASSLTAFYGYTF;TRA:CAASAGSNYQLIW",1,0,0,0.000446627958910228,0.427861647238678,1,FALSE,NA
"PT17","TRB:CASSLTAGGGTEAFF;TRA:CLLQGGNEKLTF",1,0,0,0.000446627958910228,0.427861647238678,1,FALSE,NA
"PT17","TRB:CASSLVAGGDTDTQYF;TRA:CAVTSYGQNFVF",1,0,0,0.000446627958910228,0.427861647238678,1,FALSE,NA
"PT17","TRB:CASSLVANTEAFF;TRA:CAVDYTNAGKSTF",3,0,0,0.00133988387673068,0.0783267445383302,0.928623807843857,FALSE,NA
"PT17","TRB:CASSLVGARRDEQYF;TRA:CAVRDNNARLMF",1,13,0.00434201736806947,0.000446627958910228,0.00587625098504406,0.137537314472664,FALSE,"clonotype27"
"PT17","TRB:CASSLVGEQYF;TRA:CAVGGGTSYGKLTF",2,0,0,0.000893255917820456,0.183065589177795,1,FALSE,NA
"PT17","TRB:CASSLVLGETQYF;TRA:CAVLRGSNYKLTF",1,0,0,0.000446627958910228,0.427861647238678,1,FALSE,NA
"PT17","TRB:CASSLVLTAAKNIQYF;TRA:CALSEAGTASKLTF",1,0,0,0.000446627958910228,0.427861647238678,1,FALSE,NA
"PT17","TRB:CASSLVVAGGPETQYF;TRA:CAGEPSGTYKYIF",1,0,0,0.000446627958910228,0.427861647238678,1,FALSE,NA
"PT17","TRB:CASSLYPLDTQYF;TRA:CAVRLIQGAQKLVF",2,0,0,0.000893255917820456,0.183065589177795,1,FALSE,NA
"PT17","TRB:CASSLYRRNTEAFF;TRA:CAVEKLVF",79,44,0.0146960587842351,0.035283608753908,2.39158637088098e-06,0.00011795303981185,TRUE,"clonotype12"
"PT17","TRB:CASSLYRRNTEAFF;TRA:CAVEKLVF",79,44,0.0146960587842351,0.035283608753908,2.39158637088098e-06,0.00011795303981185,TRUE,"clonotype34"
"PT17","TRB:CASSLYTAALNYGYTF",1,0,0,0.000446627958910228,0.427861647238678,1,FALSE,NA
"PT17","TRB:CASSMRPGTGGQPQHF;TRA:CQKLVF",1,0,0,0.000446627958910228,0.427861647238678,1,FALSE,NA
"PT17","TRB:CASSNPRTGGYEQYV;TRB:CSALDRGRSGDTQYF;TRA:CAGQASGSRLTF",1,0,0,0.000446627958910228,0.427861647238678,1,FALSE,NA
"PT17","TRB:CASSPAANYGYTF;TRA:CAVDSGNQFYF;TRA:CAVQAKGYNKLIF",6,0,0,0.00267976775346137,0.00613507890997284,0.137537314472664,FALSE,NA
"PT17","TRB:CASSPAPEGYNQPQHF",1,0,0,0.000446627958910228,0.427861647238678,1,FALSE,NA
"PT17","TRB:CASSPDRGGLETQYF",1,0,0,0.000446627958910228,0.427861647238678,1,FALSE,NA
"PT17","TRB:CASSPDRRGYNEQFF;TRA:CAAIPPGKLIF;TRA:CAMTRAYAGNMLTF",1,0,0,0.000446627958910228,0.427861647238678,1,FALSE,NA
"PT17","TRB:CASSPDRVGGEKLFF;TRA:CAYRSGPSSGSARQLTF",8,0,0,0.00357302367128182,0.00112312183530644,0.0329716481650676,TRUE,NA
"PT17","TRB:CASSPGGSNQPQHF;TRA:CAVRGAGNMLTF",2,0,0,0.000893255917820456,0.183065589177795,1,FALSE,NA
"PT17","TRB:CASSPGTGGWETQYF;TRA:CAYRSAISNDMRF",3,0,0,0.00133988387673068,0.0783267445383302,0.928623807843857,FALSE,NA
"PT17","TRB:CASSPGTTKETQYF;TRA:CALNGWGYGNKLVF",1,0,0,0.000446627958910228,0.427861647238678,1,FALSE,NA
"PT17","TRB:CASSPGVEKLFF;TRA:CALSPTGNQFYF",1,0,0,0.000446627958910228,0.427861647238678,1,FALSE,NA
"PT17","TRB:CASSPKRGGLNEQYF;TRA:CIVREYNNNDMRF",1,0,0,0.000446627958910228,0.427861647238678,1,FALSE,NA
"PT17","TRB:CASSPLAVPYNEQFF;TRA:CALSEIDTGGFKTIF",1,0,0,0.000446627958910228,0.427861647238678,1,FALSE,NA
"PT17","TRB:CASSPPYEQYF;TRB:CASSPRVYGYTF;TRA:CAVTLSGAGSYQLTF",5,0,0,0.00223313979455114,0.014338931637288,0.285159721109292,FALSE,NA
"PT17","TRB:CASSPQGSYGYTF;TRA:CAYRSAEGTYKYIF",6,0,0,0.00267976775346137,0.00613507890997284,0.137537314472664,FALSE,NA
"PT17","TRB:CASSPQRGVIAKNIQYF;TRA:CVVSDNVGNEKLTF",1,0,0,0.000446627958910228,0.427861647238678,1,FALSE,NA
"PT17","TRB:CASSPRAGGLYQETQYF;TRA:CAPPSGAGSYQLTF",1,0,0,0.000446627958910228,0.427861647238678,1,FALSE,NA
"PT17","TRB:CASSPRGQGSNTEAFF;TRA:CAVNPLNFGNEKLTF",11,0,0,0.00491290754801251,8.79704770794681e-05,0.00319022347761718,TRUE,NA
"PT17","TRB:CASSPRLAGENTGELFF;TRA:CAFMNLSFNTNAGKSTF",1,0,0,0.000446627958910228,0.427861647238678,1,FALSE,NA
"PT17","TRB:CASSPRLGVTTDTQYF;TRA:CAASMNARLMF",1,0,0,0.000446627958910228,0.427861647238678,1,FALSE,NA
"PT17","TRB:CASSPRSGRNQPQHF;TRA:CAVVRGSSNTGKLIF",1,0,0,0.000446627958910228,0.427861647238678,1,FALSE,NA
"PT17","TRB:CASSPRTVQETQYF;TRA:CAGPGGGSYQLTF",1,0,0,0.000446627958910228,0.427861647238678,1,FALSE,NA
"PT17","TRB:CASSPTDPYYNEQFF;TRA:CAVGEGTSYGKLTF",3,0,0,0.00133988387673068,0.0783267445383302,0.928623807843857,FALSE,NA
"PT17","TRB:CASSPTGNTIYF;TRA:CAASATNKLIF",1,0,0,0.000446627958910228,0.427861647238678,1,FALSE,NA
"PT17","TRB:CASSPTTAYEQYF;TRA:CPDRRALTF",4,68,0.0227120908483634,0.00178651183564091,1.44914160264079e-12,1.3744550738893e-10,TRUE,"clonotype10"
"PT17","TRB:CASSPVWDNTEAFF;TRA:CALANQAGTALIF",2,0,0,0.000893255917820456,0.183065589177795,1,FALSE,NA
"PT17","TRB:CASSPWTSGFNEQFF;TRA:CASPERNSGYALNF",1,0,0,0.000446627958910228,0.427861647238678,1,FALSE,NA
"PT17","TRB:CASSPYIRSGNWTDTQYF;TRA:CAASITLDFGNEKLTF;TRA:CAVQAYHTGNQFYF",1,0,0,0.000446627958910228,0.427861647238678,1,FALSE,NA
"PT17","TRB:CASSQAPGPRNTIYF;TRA:CAYRRGNNAGNMLTF",1,0,0,0.000446627958910228,0.427861647238678,1,FALSE,NA
"PT17","TRB:CASSQDAVNKAKNIQYF;TRA:CAMKGGSARQLTF",1,0,0,0.000446627958910228,0.427861647238678,1,FALSE,NA
"PT17","TRB:CASSQDLGQGSDTQYF;TRA:CAASGYSSASKIIF",1,0,0,0.000446627958910228,0.427861647238678,1,FALSE,NA
"PT17","TRB:CASSQDREKLFF;TRA:CAASRLSNTGKLIF",4,0,0,0.00178651183564091,0.033513009941013,0.566048510373549,FALSE,NA
"PT17","TRB:CASSQDRRVQYV",1,0,0,0.000446627958910228,0.427861647238678,1,FALSE,NA
"PT17","TRB:CASSQDSGDPYNEQFF;TRA:CAFMNNNAGNMLTF",1,0,0,0.000446627958910228,0.427861647238678,1,FALSE,NA
"PT17","TRB:CASSQDTGTGGEQYF;TRA:CAGLKPDSSYKLIF",1,0,0,0.000446627958910228,0.427861647238678,1,FALSE,NA
"PT17","TRB:CASSQDTQGAGELFF;TRA:CIATRIRGSTLGRLYF",2,56,0.0187040748162993,0.000893255917820456,9.39533822070597e-12,8.27460859009319e-10,TRUE,"clonotype11"
"PT17","TRB:CASSQDYYSYEQYF;TRA:CIVPRIVQGAQKLVF",1,0,0,0.000446627958910228,0.427861647238678,1,FALSE,NA
"PT17","TRB:CASSQEGQAPDTQYF;TRB:CASSYRRPSSYNEQFF;TRA:CAVNDTNAGKSTF;TRA:CAVSDRGGYQKVTF",2,0,0,0.000893255917820456,0.183065589177795,1,FALSE,NA
"PT17","TRB:CASSQESQSQDTQYF",1,1,0.000334001336005344,0.000446627958910228,1,1,FALSE,"clonotype576"
"PT17","TRB:CASSQEWGPWEKLFF",1,0,0,0.000446627958910228,0.427861647238678,1,FALSE,NA
"PT17","TRB:CASSQGASGSYEQYF;TRA:CAVDFYFGNEKLTF",1,0,0,0.000446627958910228,0.427861647238678,1,FALSE,NA
"PT17","TRB:CASSQGLAEYNEQFF;TRA:CVVSARGSQGNLIF",1,0,0,0.000446627958910228,0.427861647238678,1,FALSE,NA
"PT17","TRB:CASSQGRGAGTDTQYF;TRA:CAVSDPFGTGGSQGNLIF",1,0,0,0.000446627958910228,0.427861647238678,1,FALSE,NA
"PT17","TRB:CASSQGTVYNEQFF;TRA:CAVRRDSSYKLIF",1,0,0,0.000446627958910228,0.427861647238678,1,FALSE,NA
"PT17","TRB:CASSQPGVNYGYTF;TRA:CAMRRGSQGNLIF",1,0,0,0.000446627958910228,0.427861647238678,1,FALSE,NA
"PT17","TRB:CASSQPPGLAGRVDTQYF;TRA:CAGQRETSGSRLTF",1,0,0,0.000446627958910228,0.427861647238678,1,FALSE,NA
"PT17","TRB:CASSQRERVNTGELFF;TRA:CALRRSGSSNTGKLIF",1,0,0,0.000446627958910228,0.427861647238678,1,FALSE,NA
"PT17","TRB:CASSQRGGFGGELFF",3,0,0,0.00133988387673068,0.0783267445383302,0.928623807843857,FALSE,NA
"PT17","TRB:CASSQSEREYNEQFF",1,0,0,0.000446627958910228,0.427861647238678,1,FALSE,NA
"PT17","TRB:CASSQSGGDEQFF;TRA:CAFRGPGGYQKVTF",1,0,0,0.000446627958910228,0.427861647238678,1,FALSE,NA
"PT17","TRB:CASSQTGGDTTDTQYF;TRA:CAGPGAGSYQLTF",1,0,0,0.000446627958910228,0.427861647238678,1,FALSE,NA
"PT17","TRB:CASSQTGGINSPLHF;TRA:CAMREPYSGGGADGLTF",1,0,0,0.000446627958910228,0.427861647238678,1,FALSE,NA
"PT17","TRB:CASSQTGYEQYF;TRA:CAENIGFGNVLHC;TRA:CAVSARGFQKLVF",1,0,0,0.000446627958910228,0.427861647238678,1,FALSE,NA
"PT17","TRB:CASSQVAGGPRETQYF;TRA:CAVNKLYEGSYIPTF",1,0,0,0.000446627958910228,0.427861647238678,1,FALSE,NA
"PT17","TRB:CASSQVPGGGQFNTGELFF;TRA:CVVSPRNNYGQNFVF",2,0,0,0.000893255917820456,0.183065589177795,1,FALSE,NA
"PT17","TRB:CASSQVQTGLGNSPLHF;TRA:CAGGGRGSTLGRLYF",1,3,0.00100200400801603,0.000446627958910228,0.640449339747117,1,FALSE,"clonotype120"
"PT17","TRB:CASSRDRGHYEQYV;TRA:CAASEGTYKYIF",1,0,0,0.000446627958910228,0.427861647238678,1,FALSE,NA
"PT17","TRB:CASSRDWSSYNEQFF;TRA:CALGQTSGSRLTF",1,0,0,0.000446627958910228,0.427861647238678,1,FALSE,NA
"PT17","TRB:CASSRGGGTDTQYF;TRA:CAASQHNRKLIW",3,0,0,0.00133988387673068,0.0783267445383302,0.928623807843857,FALSE,NA
"PT17","TRB:CASSRGLAEYNEQFF;TRA:CAVRPSLKRAGNNRKLIW;TRA:CVVSARGSQGNLIF",2,0,0,0.000893255917820456,0.183065589177795,1,FALSE,NA
"PT17","TRB:CASSRGLTTRF;TRA:CALRFPSGGYNKLIF;TRA:CAVGPHASGGSYIPTF",7,0,0,0.00312639571237159,0.00262496496836025,0.0688634426805998,FALSE,NA
"PT17","TRB:CASSRGQGGLHEQYF;TRA:CAASRESGGSNYKLTF;TRA:CAMSPNFGNEKLTF",1,0,0,0.000446627958910228,0.427861647238678,1,FALSE,NA
"PT17","TRB:CASSRLAGPGYTQYF;TRA:CAETPDPSGGGADGLTF",1,0,0,0.000446627958910228,0.427861647238678,1,FALSE,NA
"PT17","TRB:CASSRLSWGEQYF;TRA:CAVGAPSGTYKYIF",1,0,0,0.000446627958910228,0.427861647238678,1,FALSE,NA
"PT17","TRB:CASSRNKDYEQYF;TRA:CAVQADYGGSQGNLIF",1,0,0,0.000446627958910228,0.427861647238678,1,FALSE,NA
"PT17","TRB:CASSRQGHEQYV",1,0,0,0.000446627958910228,0.427861647238678,1,FALSE,NA
"PT17","TRB:CASSRTGESGNTIYF;TRA:CALGGMRF",1,0,0,0.000446627958910228,0.427861647238678,1,FALSE,NA
"PT17","TRB:CASSRTGRETQYF;TRA:CAASDMSSYDKVIF",1,0,0,0.000446627958910228,0.427861647238678,1,FALSE,NA
"PT17","TRB:CASSSAPQGARETQYF;TRA:CAVFPGGSYIPTF",1,0,0,0.000446627958910228,0.427861647238678,1,FALSE,NA
"PT17","TRB:CASSSAYEQYF;TRA:CGGGSNYKLTF",1,0,0,0.000446627958910228,0.427861647238678,1,FALSE,NA
"PT17","TRB:CASSSFGGTLSYGYTF;TRA:CALSDNNARLMF",2,0,0,0.000893255917820456,0.183065589177795,1,FALSE,NA
"PT17","TRB:CASSSFLEQFF",1,0,0,0.000446627958910228,0.427861647238678,1,FALSE,NA
"PT17","TRB:CASSSGLAGAETQYF;TRA:CAMFSGAQKLVF",1,0,0,0.000446627958910228,0.427861647238678,1,FALSE,NA
"PT17","TRB:CASSSGLRSYNEQFF;TRB:CASSVDLRTAMNTEAFF;TRA:CATDATGYSTLTF",2,0,0,0.000893255917820456,0.183065589177795,1,FALSE,NA
"PT17","TRB:CASSSGSWAGELFF;TRA:CAAGTPFAGTASKLTF",1,0,0,0.000446627958910228,0.427861647238678,1,FALSE,NA
"PT17","TRB:CASSSGTTLRGQYF;TRA:CALDQGAQKLVF",1,0,0,0.000446627958910228,0.427861647238678,1,FALSE,NA
"PT17","TRB:CASSSGTWFNEQFF;TRA:CAVEDDSGGKLIF",1,0,0,0.000446627958910228,0.427861647238678,1,FALSE,NA
"PT17","TRB:CASSSPDRAVGNTIYF;TRA:CASTTNFGNEKLTF",1,0,0,0.000446627958910228,0.427861647238678,1,FALSE,NA
"PT17","TRB:CASSSPFDGGNTEAFF;TRA:CAVKGYSGYSTLTF",2,0,0,0.000893255917820456,0.183065589177795,1,FALSE,NA
"PT17","TRB:CASSSPFDRENYGYTF;TRA:CAVSVGGANSKLTF",1,0,0,0.000446627958910228,0.427861647238678,1,FALSE,NA
"PT17","TRB:CASSSPGVLAGGTDTQYF;TRA:CATDANQAGTALIF",1,0,0,0.000446627958910228,0.427861647238678,1,FALSE,NA
"PT17","TRB:CASSSPYTDTQYF;TRA:CALSALGGAGGTSYGKLTF",3,0,0,0.00133988387673068,0.0783267445383302,0.928623807843857,FALSE,NA
"PT17","TRB:CASSSTGARSPLHF;TRA:CALSVQTGANNLFF",2,0,0,0.000893255917820456,0.183065589177795,1,FALSE,NA
"PT17","TRB:CASSSYRGTGIGQYF;TRA:CAYIIPQGGSEKLVF",1,0,0,0.000446627958910228,0.427861647238678,1,FALSE,NA
"PT17","TRB:CASSSYTGELFF;TRA:CAADESGGYQKVTF;TRA:CAAPPSGGSYIPTF",1,0,0,0.000446627958910228,0.427861647238678,1,FALSE,NA
"PT17","TRB:CASSTLQGPFSGYTF;TRA:CATVPSSGSARQLTF",1,0,0,0.000446627958910228,0.427861647238678,1,FALSE,NA
"PT17","TRB:CASSTYNNEQFF;TRA:CAVRAPF",1,0,0,0.000446627958910228,0.427861647238678,1,FALSE,NA
"PT17","TRB:CASSVAEGHGRELFF;TRA:CAMREALGFGNVLHC",17,0,0,0.00759267530147387,5.39705818630494e-07,3.02480579259727e-05,TRUE,NA
"PT17","TRB:CASSVAGTTGNTIYF",1,0,0,0.000446627958910228,0.427861647238678,1,FALSE,NA
"PT17","TRB:CASSVAKTGGAGYTDTQYF;TRA:CALSEAQRGSTLGRLYF",1,4,0.00133600534402138,0.000446627958910228,0.400748899578528,1,FALSE,"clonotype83"
"PT17","TRB:CASSVDVGNSYEQYF;TRA:CAVRDQSSASKIIF",1,0,0,0.000446627958910228,0.427861647238678,1,FALSE,NA
"PT17","TRB:CASSVEGSYGYTF;TRA:CALETDSNYQLIW",1,0,0,0.000446627958910228,0.427861647238678,1,FALSE,NA
"PT17","TRB:CASSVGALGTFNEQFF;TRA:CAESIKNSGGSNYKLTF;TRA:CAVIPTSGSARQLTF",1,0,0,0.000446627958910228,0.427861647238678,1,FALSE,NA
"PT17","TRB:CASSVGQGASPLHF;TRA:CASRGTGGGNKLTF;TRA:CVTHRGSTLGRLYF",1,0,0,0.000446627958910228,0.427861647238678,1,FALSE,NA
"PT17","TRB:CASSVLDREYEQYF;TRA:CAQGGYNKLIF",2,0,0,0.000893255917820456,0.183065589177795,1,FALSE,NA
"PT17","TRB:CASSVLMNTEAFF;TRB:CASTWGDTQYF;TRA:CALSKWGGGATNKLIF",1,0,0,0.000446627958910228,0.427861647238678,1,FALSE,NA
"PT17","TRB:CASSVLVGEAQYF;TRA:CAVNPYKIRDDKIIF",1,0,0,0.000446627958910228,0.427861647238678,1,FALSE,NA
"PT17","TRB:CASSVPGANVLTF;TRA:CAARLFSDGQKLLF;TRA:CALGRNQGGKLIF",33,0,0,0.0147387226440375,6.80786353587619e-13,6.99507978311278e-11,TRUE,NA
"PT17","TRB:CASSVQGHTPEAFF;TRA:CAVRNRDDKIIF",7,0,0,0.00312639571237159,0.00262496496836025,0.0688634426805998,FALSE,NA
"PT17","TRB:CASSVRPNSPLHF;TRA:CAARLQAIRQGGSEKLVF",1,0,0,0.000446627958910228,0.427861647238678,1,FALSE,NA
"PT17","TRB:CASSVRVADTQYF",1,0,0,0.000446627958910228,0.427861647238678,1,FALSE,NA
"PT17","TRB:CASSVRVTPSTDTQYF;TRA:CAMSDTNAGKSTF",1,0,0,0.000446627958910228,0.427861647238678,1,FALSE,NA
"PT17","TRB:CASSVSGQNTEAFF;TRA:CAATDDNAGNMLTF",9,0,0,0.00401965163019205,0.000480540758503941,0.0151924809034707,TRUE,NA
"PT17","TRB:CASSVTFRTYNEQFF;TRA:CAAKSQISNFGNEKLTF",10,8,0.00267201068804275,0.00446627958910228,0.342051051555651,1,FALSE,"clonotype38"
"PT17","TRB:CASSVTGGEADTQYF;TRA:CAVSDRLGYGGSQGNLIF",1,0,0,0.000446627958910228,0.427861647238678,1,FALSE,NA
"PT17","TRB:CASSVTGSSNEKLFF;TRA:CAAAGSYNTDKLIF",1,0,0,0.000446627958910228,0.427861647238678,1,FALSE,NA
"PT17","TRB:CASSVYRGTYEQYF;TRA:CAASGYALNF",1,0,0,0.000446627958910228,0.427861647238678,1,FALSE,NA
"PT17","TRB:CASSYFRNRMNTEAFF;TRA:CALPNSGYALNF;TRA:CAVSRSWGFQKLVF",1,0,0,0.000446627958910228,0.427861647238678,1,FALSE,NA
"PT17","TRB:CASSYGLAVSTDTQYF;TRA:CALISNYQLIW;TRA:CAVSDTGGFKTIF",1,0,0,0.000446627958910228,0.427861647238678,1,FALSE,NA
"PT17","TRB:CASSYGTDTQYF;TRA:CAVKYQDTGNQFYF;TRA:CGGGQGAQKLVF",1,0,0,0.000446627958910228,0.427861647238678,1,FALSE,NA
"PT17","TRB:CASSYLERSYNEQFF;TRA:CAEIRSNDYKLSF",3,0,0,0.00133988387673068,0.0783267445383302,0.928623807843857,FALSE,NA
"PT17","TRB:CASSYLKNTEAFF;TRA:CAVFSGAGSYQLTF",2,5,0.00167000668002672,0.000893255917820456,0.706246962573375,1,FALSE,"clonotype57"
"PT17","TRB:CASSYPDIPSWQFF",1,0,0,0.000446627958910228,0.427861647238678,1,FALSE,NA
"PT17","TRB:CASSYPGLAGGMGEQFF;TRA:CAASAWGNKLVF",1,0,0,0.000446627958910228,0.427861647238678,1,FALSE,NA
"PT17","TRB:CASSYRRPSSYNEQFF",23,0,0,0.0102724430549352,3.31113778546957e-09,2.72175525965598e-07,TRUE,NA
"PT17","TRB:CASSYRRPSSYNEQFF;TRA:CAGRKGGSEKLVF",22,0,0,0.00982581509602501,7.73880483758923e-09,5.9637164779672e-07,TRUE,NA
"PT17","TRB:CASSYRRPSSYNEQFF;TRA:CAVSHRLIQGAQKLVF",1,0,0,0.000446627958910228,0.427861647238678,1,FALSE,NA
"PT17","TRB:CASSYSGVAGSEQYF;TRA:CGTDNTGANSKLTF",1,0,0,0.000446627958910228,0.427861647238678,1,FALSE,NA
"PT17","TRB:CASSYSSTSGRADTQYF;TRA:CASDLVGQNFVF",1,0,0,0.000446627958910228,0.427861647238678,1,FALSE,NA
"PT17","TRB:CASSYTGNTEAFF",1,0,0,0.000446627958910228,0.427861647238678,1,FALSE,NA
"PT17","TRB:CASSYTWPLGGTEAFF;TRA:CAVGARGFGNVLHC",14,0,0,0.00625279142474319,6.89044108511852e-06,0.000326765917613505,TRUE,NA
"PT17","TRB:CASSYVRESEAFF;TRA:CAVDSGNQFYF",11,0,0,0.00491290754801251,8.79704770794681e-05,0.00319022347761718,TRUE,NA
"PT17","TRB:CASTMTGSNEQFF;TRA:CAPHEPDTGRRALTF",5,4,0.00133600534402138,0.00223313979455114,0.510346787788891,1,FALSE,"clonotype70"
"PT17","TRB:CASTTPTPGKETQYF;TRA:CAMSKGSNYQLIW",1,0,0,0.000446627958910228,0.427861647238678,1,FALSE,NA
"PT17","TRB:CASTTRKGYTEAFF",1,0,0,0.000446627958910228,0.427861647238678,1,FALSE,NA
"PT17","TRB:CASTYSPGQGSSGYTF;TRA:CALSEWGRGNKLVF",1,0,0,0.000446627958910228,0.427861647238678,1,FALSE,NA
"PT17","TRB:CATNDLSHQPQHF;TRA:CAVYDYKLSF",4,0,0,0.00178651183564091,0.033513009941013,0.566048510373549,FALSE,NA
"PT17","TRB:CATNIGRGGRFKNEQFF;TRA:CAASRNSGYALNF",218,7,0.00233800935203741,0.0973648950424296,4.56063949931135e-70,2.81163425132545e-67,TRUE,"clonotype45"
"PT17","TRB:CATSDHRGSEGTQYF;TRA:CAVDYDMRF",1,14,0.00467601870407482,0.000446627958910228,0.00343071846683313,0.088126580616776,FALSE,"clonotype25"
"PT17","TRB:CATSDHTDTQYF;TRA:CAMSAGGGTSYGKLTF;TRA:CLPTGANNLFF",3,0,0,0.00133988387673068,0.0783267445383302,0.928623807843857,FALSE,NA
"PT17","TRB:CATSDLYRGRETQYF;TRA:CAATTHGSSNTGKLIF",6,0,0,0.00267976775346137,0.00613507890997284,0.137537314472664,FALSE,NA
"PT17","TRB:CATSDRTGLEQYF;TRA:CAVTGVGGSEKLVF",1,0,0,0.000446627958910228,0.427861647238678,1,FALSE,NA
"PT17","TRB:CATSFISNTEAFF;TRA:CAWRGDDKIIF",7,0,0,0.00312639571237159,0.00262496496836025,0.0688634426805998,FALSE,NA
"PT17","TRB:CATSFNIAKNIQYF;TRA:CALKDSNYQLIW",3,0,0,0.00133988387673068,0.0783267445383302,0.928623807843857,FALSE,NA
"PT17","TRB:CATSIHSYNEQFF;TRA:CALSRPISSGSARQLTF",1,0,0,0.000446627958910228,0.427861647238678,1,FALSE,NA
"PT17","TRB:CATSNLFLPGRAFF;TRA:CAYRSAKGNQFYF",1,0,0,0.000446627958910228,0.427861647238678,1,FALSE,NA
"PT17","TRB:CATSRDLGRRYKYGYTF;TRA:CALSGGSGAGSYQLTF",2,0,0,0.000893255917820456,0.183065589177795,1,FALSE,NA
"PT17","TRB:CATSRDNRADTQYF;TRA:CAGEDNTDKLIF",2,0,0,0.000893255917820456,0.183065589177795,1,FALSE,NA
"PT17","TRB:CATSRDTAAGYTF;TRA:CALRNTGRRALTF",1,0,0,0.000446627958910228,0.427861647238678,1,FALSE,NA
"PT17","TRB:CATSSSRDFNYNEQFF;TRA:CALDGRGFKTIF",1,0,0,0.000446627958910228,0.427861647238678,1,FALSE,NA
"PT17","TRB:CATSTDRVNEQFF;TRA:CALSEALWNRDDKIIF",3,0,0,0.00133988387673068,0.0783267445383302,0.928623807843857,FALSE,NA
"PT17","TRB:CATSTSGNRWNEQFF;TRA:CVVIPSTGKLIF",1,0,0,0.000446627958910228,0.427861647238678,1,FALSE,NA
"PT17","TRB:CAWDDEGASYNEQFF",1,1,0.000334001336005344,0.000446627958910228,1,1,FALSE,"clonotype324"
"PT17","TRB:CAWDTGTGGGSNQPQHF;TRA:CAAQIPHTGANSKLTF",1,0,0,0.000446627958910228,0.427861647238678,1,FALSE,NA
"PT17","TRB:CAWRDWTDWNTEAFF;TRA:CAEAKLTF",1,0,0,0.000446627958910228,0.427861647238678,1,FALSE,NA
"PT17","TRB:CAWRGHYNSPLHF;TRA:CAVERGNAGGTSYGKLTF",1,0,0,0.000446627958910228,0.427861647238678,1,FALSE,NA
"PT17","TRB:CAWSAGQGNSPLHF;TRA:CALTGGTSYGKLTF",1,0,0,0.000446627958910228,0.427861647238678,1,FALSE,NA
"PT17","TRB:CAWSQLGGYNEQFF;TRA:CAGRRDYKLSF",1,6,0.00200400801603206,0.000446627958910228,0.250885263695767,1,FALSE,"clonotype47"
"PT17","TRB:CAWSRLRAGELFF",1,0,0,0.000446627958910228,0.427861647238678,1,FALSE,NA
"PT17","TRB:CAWSTRVGQPQHF;TRA:CAERSNDYKLSF",2,0,0,0.000893255917820456,0.183065589177795,1,FALSE,NA
"PT17","TRB:CAWSVLAGGPTGELFF;TRA:CLNNAGNMLTF",1,4,0.00133600534402138,0.000446627958910228,0.400748899578528,1,FALSE,"clonotype72"
"PT17","TRB:CAWSVPGDLRYNEQFF;TRA:CAVHPTSGTYKYIF",2,0,0,0.000893255917820456,0.183065589177795,1,FALSE,NA
"PT17","TRB:CAWSVPGRFETQYF;TRA:CLVGPNQAGTALIF",1,0,0,0.000446627958910228,0.427861647238678,1,FALSE,NA
"PT17","TRB:CKQAASNYGYTF;TRA:CVVSLSQNAGNMLTF",1,0,0,0.000446627958910228,0.427861647238678,1,FALSE,NA
"PT17","TRB:CSAADGSNEQFF;TRA:CALSRGGGYQKVTF",1,0,0,0.000446627958910228,0.427861647238678,1,FALSE,NA
"PT17","TRB:CSAGKGLAGGTDTQYF;TRA:CVVDPGTYKYIF",2,0,0,0.000893255917820456,0.183065589177795,1,FALSE,NA
"PT17","TRB:CSALEAMRNYEQYF",1,0,0,0.000446627958910228,0.427861647238678,1,FALSE,NA
"PT17","TRB:CSAPSLRGVADTQYF;TRA:CAVLIQGAQKLVF",1,0,0,0.000446627958910228,0.427861647238678,1,FALSE,NA
"PT17","TRB:CSARATAFDEKLFF",1,0,0,0.000446627958910228,0.427861647238678,1,FALSE,NA
"PT17","TRB:CSARDLLQGRMGEKLFF",1,0,0,0.000446627958910228,0.427861647238678,1,FALSE,NA
"PT17","TRB:CSARDPFGQGGGYTF;TRA:CARVFGNEKLTF",1,0,0,0.000446627958910228,0.427861647238678,1,FALSE,NA
"PT17","TRB:CSAREPGGKAGYTF;TRA:CAVNSESSNYKLTF",1,0,0,0.000446627958910228,0.427861647238678,1,FALSE,NA
"PT17","TRB:CSARGPSGGGNEQFF;TRA:CALINNDMRF",1,0,0,0.000446627958910228,0.427861647238678,1,FALSE,NA
"PT17","TRB:CSARGTDPRGTGELFF",1,1,0.000334001336005344,0.000446627958910228,1,1,FALSE,"clonotype419"
"PT17","TRB:CSARQGAAHEQYF;TRA:CAPSNLRGGSNYKLTF",1,0,0,0.000446627958910228,0.427861647238678,1,FALSE,NA
"PT17","TRB:CSARRRGQPQHF;TRA:CALSVGGTNAGKSTF",1,0,0,0.000446627958910228,0.427861647238678,1,FALSE,NA
"PT17","TRB:CSARYRSSSYNEQFF",1,0,0,0.000446627958910228,0.427861647238678,1,FALSE,NA
"PT17","TRB:CSASDGGGAFF;TRA:CALPGDSNYQLIW",2,0,0,0.000893255917820456,0.183065589177795,1,FALSE,NA
"PT17","TRB:CSASDLWTSVVDEQFF;TRA:CAVEETSGSRLTF",2,0,0,0.000893255917820456,0.183065589177795,1,FALSE,NA
"PT17","TRB:CSASGVNTEAFF;TRA:CALSGPGTYKYIF",1,0,0,0.000446627958910228,0.427861647238678,1,FALSE,NA
"PT17","TRB:CSASRDANTGELFF;TRA:CAGRPYTGTASKLTF",4,0,0,0.00178651183564091,0.033513009941013,0.566048510373549,FALSE,NA
"PT17","TRB:CSASRSSGGIQYF;TRA:CAVDMEDSNYQLIW",1,1,0.000334001336005344,0.000446627958910228,1,1,FALSE,"clonotype259"
"PT17","TRB:CSASSAYEQYV;TRA:CAVQAYTGNQFYF",2,0,0,0.000893255917820456,0.183065589177795,1,FALSE,NA
"PT17","TRB:CSASTDMNTEAFF;TRA:CAVSDLSGGYNKLIF",1,0,0,0.000446627958910228,0.427861647238678,1,FALSE,NA
"PT17","TRB:CSATSRVTGNYGYTF;TRA:CAASENNARLMF",1,0,0,0.000446627958910228,0.427861647238678,1,FALSE,NA
"PT17","TRB:CSATTGFQGGYTF;TRA:CLVGDTLNDYKLSF;TRA:CVVSPNYGGSQGNLIF",1,0,0,0.000446627958910228,0.427861647238678,1,FALSE,NA
"PT17","TRB:CSGGGLAGKETQYF;TRA:CATDAISNFGNEKLTF",2,0,0,0.000893255917820456,0.183065589177795,1,FALSE,NA
"PT17","TRB:CSGGGRYGYTF;TRA:CAVTSQGGSEKLVF",3,0,0,0.00133988387673068,0.0783267445383302,0.928623807843857,FALSE,NA
"PT17","TRB:CSKISNTEAFF;TRA:CAAGDYKLSF",1,0,0,0.000446627958910228,0.427861647238678,1,FALSE,NA
"PT17","TRB:CSLTSGGDNEQFF;TRA:CAPEGGGYNKLIF",1,0,0,0.000446627958910228,0.427861647238678,1,FALSE,NA
"PT17","TRB:CSVDLPGDRNEQFF;TRA:CAAMDSNYQLIW",1,0,0,0.000446627958910228,0.427861647238678,1,FALSE,NA
"PT17","TRB:CSVEAYGGEGGTGELFF;TRA:CAVQARGDDKIIF",2,0,0,0.000893255917820456,0.183065589177795,1,FALSE,NA
"PT17","TRB:CSVGQGAGEQFF;TRA:CAVKGGGGSYIPTF",1,0,0,0.000446627958910228,0.427861647238678,1,FALSE,NA
"PT17","TRB:CSVIFWDRGENEQFF;TRA:CAGSSGTYKYIF",1,20,0.00668002672010688,0.000446627958910228,0.000199843429135237,0.00704019851782134,TRUE,"clonotype18"
"PT17","TRB:CSVLTGNTEAFF;TRA:CAVSRDGYNKLIF",1,0,0,0.000446627958910228,0.427861647238678,1,FALSE,NA
"PT17","TRB:CSVSTGGYTEAFF;TRA:CALISGTYKYIF",2,4,0.00133600534402138,0.000893255917820456,1,1,FALSE,"clonotype64"
"PT17","TRB:CTSGGQGDGYTF;TRA:CAFISLNTDKLIF",1,0,0,0.000446627958910228,0.427861647238678,1,FALSE,NA
"PT17","TRA:CAAKKWADGLTF",0,1,0.000334001336005344,0,1,1,FALSE,"clonotype276"
"PT17","TRA:CAAQGGSQGNLIF",0,1,0.000334001336005344,0,1,1,FALSE,"clonotype332"
"PT17","TRA:CAASEGHKIIF",0,1,0.000334001336005344,0,1,1,FALSE,"clonotype886"
"PT17","TRA:CAASSNTGKLIF",0,1,0.000334001336005344,0,1,1,FALSE,"clonotype277"
"PT17","TRA:CAATREEYGNKLVF",0,1,0.000334001336005344,0,1,1,FALSE,"clonotype551"
"PT17","TRA:CADNFNKFYF",0,1,0.000334001336005344,0,1,1,FALSE,"clonotype251"
"PT17","TRA:CAFFSGGYQKVTF",0,1,0.000334001336005344,0,1,1,FALSE,"clonotype333"
"PT17","TRA:CAFQGNKLVF",0,1,0.000334001336005344,0,1,1,FALSE,"clonotype330"
"PT17","TRA:CAGQPNNNARLMF",0,1,0.000334001336005344,0,1,1,FALSE,"clonotype243"
"PT17","TRA:CALSGNSGYSTLTF",0,1,0.000334001336005344,0,1,1,FALSE,"clonotype242"
"PT17","TRA:CAMKLNYGGSQGNLIF",0,1,0.000334001336005344,0,1,1,FALSE,"clonotype878"
"PT17","TRA:CATDAYTGANSKLTF",0,1,0.000334001336005344,0,1,1,FALSE,"clonotype558"
"PT17","TRA:CATGGSASKIIF",0,1,0.000334001336005344,0,1,1,FALSE,"clonotype281"
"PT17","TRA:CAVARAGPGFQKLVF",0,1,0.000334001336005344,0,1,1,FALSE,"clonotype696"
"PT17","TRA:CAVCGGGSYIPTF",0,1,0.000334001336005344,0,1,1,FALSE,"clonotype331"
"PT17","TRA:CAVKGAGSYQLTF",0,1,0.000334001336005344,0,1,1,FALSE,"clonotype215"
"PT17","TRA:CAVKSGYNFNKFYF",0,1,0.000334001336005344,0,1,1,FALSE,"clonotype415"
"PT17","TRA:CAVNALNFGNEKLTF",0,1,0.000334001336005344,0,1,1,FALSE,"clonotype705"
"PT17","TRA:CAVNMGFDNDMRF",0,1,0.000334001336005344,0,1,1,FALSE,"clonotype401"
"PT17","TRA:CAVPPPSGTYKYIF",0,1,0.000334001336005344,0,1,1,FALSE,"clonotype414"
"PT17","TRA:CAVRSFQKLVF",0,1,0.000334001336005344,0,1,1,FALSE,"clonotype214"
"PT17","TRA:CAVSAIGNEKLTF",0,1,0.000334001336005344,0,1,1,FALSE,"clonotype416"
"PT17","TRA:CAVSPPDKLIF",0,1,0.000334001336005344,0,1,1,FALSE,"clonotype278"
"PT17","TRA:CAVYSNSGYALNF",0,1,0.000334001336005344,0,1,1,FALSE,"clonotype402"
"PT17","TRB:CAAGGGTEQYF;TRA:CAASILGLTQGGSEKLVF",0,1,0.000334001336005344,0,1,1,FALSE,"clonotype274"
"PT17","TRB:CAGLWDSPYEQYV;TRB:CASSNPRTGNYGYTF;TRA:CAVGPRSGTASKLTF",0,1,0.000334001336005344,0,1,1,FALSE,"clonotype389"
"PT17","TRB:CAGPGRETQYF;TRB:CASSSGQGETAGYTF;TRA:CAVRGDTGRRALTF",0,1,0.000334001336005344,0,1,1,FALSE,"clonotype254"
"PT17","TRB:CAIFGQGAFGGYTF",0,1,0.000334001336005344,0,1,1,FALSE,"clonotype561"
"PT17","TRB:CAIGTLKGQETQYF;TRB:CASSLVGFGTDTQYF;TRA:CATTPPNAGGTSYGKLTF",0,1,0.000334001336005344,0,1,1,FALSE,"clonotype536"
"PT17","TRB:CAIRGSTDTQYF;TRA:CGVYGGATNKLIF",0,1,0.000334001336005344,0,1,1,FALSE,"clonotype296"
"PT17","TRB:CAIRTGTGGRGDYGYTF;TRA:CADPRGKLTF",0,1,0.000334001336005344,0,1,1,FALSE,"clonotype828"
"PT17","TRB:CAIRVGEQFF",0,2,0.000668002672010688,0,0.510407883878234,1,FALSE,"clonotype249"
"PT17","TRB:CAIRVGEQFF",0,2,0.000668002672010688,0,0.510407883878234,1,FALSE,"clonotype250"
"PT17","TRB:CAIRVGEQFF;TRB:CSVEDKGQSPGQYV;TRA:CLLSNSGYALNF;TRA:CLVVGAGSNYQLIW",0,1,0.000334001336005344,0,1,1,FALSE,"clonotype252"
"PT17","TRB:CAISEILDQETQYF;TRA:CALSIGIGNTGKLIF",0,1,0.000334001336005344,0,1,1,FALSE,"clonotype534"
"PT17","TRB:CAISESTGSNYGYTF",0,1,0.000334001336005344,0,1,1,FALSE,"clonotype566"
"PT17","TRB:CAPERLAGGLNEQYV;TRB:CASSDGLAGWEQYF;TRA:CAVSPNRDDKIIF",0,1,0.000334001336005344,0,1,1,FALSE,"clonotype633"
"PT17","TRB:CASAALLQETQYF;TRA:CAVATNAGKSTF",0,1,0.000334001336005344,0,1,1,FALSE,"clonotype349"
"PT17","TRB:CASAPGGDSSHTQYF;TRA:CAPSGAGSYQLTF;TRA:CAVETGANNLFF",0,6,0.00200400801603206,0,0.0412107805796623,0.635161155684045,FALSE,"clonotype51"
"PT17","TRB:CASAPKIRGSFDTEAFF;TRB:CASSPRDLDTQYF;TRA:CVNSGGSNYKLTF",0,1,0.000334001336005344,0,1,1,FALSE,"clonotype366"
"PT17","TRB:CASEDGVKDTQYF;TRA:CAVIPGGGADGLTF",0,3,0.00100200400801603,0,0.265611825817351,1,FALSE,"clonotype99"
"PT17","TRB:CASESVANTGELFF;TRA:CAVGAAGYGGSQGNLIF",0,3,0.00100200400801603,0,0.265611825817351,1,FALSE,"clonotype100"
"PT17","TRB:CASEWSMNTEAFF;TRA:CLVGDRGGATNKLIF",0,1,0.000334001336005344,0,1,1,FALSE,"clonotype456"
"PT17","TRB:CASGFGQGISSYNEQFF;TRA:CAYRRGSGTYKYIF",0,3,0.00100200400801603,0,0.265611825817351,1,FALSE,"clonotype126"
"PT17","TRB:CASGLATGGTGELFF",0,1,0.000334001336005344,0,1,1,FALSE,"clonotype709"
"PT17","TRB:CASGNGDSLMDGYTF;TRA:CAYRRGAQKLVF",0,1,0.000334001336005344,0,1,1,FALSE,"clonotype768"
"PT17","TRB:CASGPGGQDNEQFF;TRA:CALGNAGNMLTF",0,2,0.000668002672010688,0,0.510407883878234,1,FALSE,"clonotype167"
"PT17","TRB:CASGRAGDNEKLFF;TRA:CAVKGTGFQKLVF",0,1,0.000334001336005344,0,1,1,FALSE,"clonotype442"
"PT17","TRB:CASGSGTGLQYV;TRA:CAARLTGNQFYF",0,1,0.000334001336005344,0,1,1,FALSE,"clonotype313"
"PT17","TRB:CASHPGRDRKNQPQHF",0,1,0.000334001336005344,0,1,1,FALSE,"clonotype699"
"PT17","TRB:CASIHRGGQSPNTEAFF;TRA:CALSGGGKLIF",0,5,0.00167000668002672,0,0.075645259906321,0.928623807843857,FALSE,"clonotype62"
"PT17","TRB:CASIPRTGWTEAFF;TRA:CAVEDHGGANNLFF",0,1,0.000334001336005344,0,1,1,FALSE,"clonotype481"
"PT17","TRB:CASIRDSQETQYF;TRA:CALPGETSGSRLTF",0,1,0.000334001336005344,0,1,1,FALSE,"clonotype529"
"PT17","TRB:CASIYSGANVLTF;TRA:CATEETGANSKLTF;TRA:CAYSLYSGGGADGLTF",0,20,0.00668002672010688,0,1.52989024925039e-05,0.000673698099044905,TRUE,"clonotype19"
"PT17","TRB:CASKDGPNAEAFF;TRA:CAVRLVSGGYNKLIF",0,1,0.000334001336005344,0,1,1,FALSE,"clonotype380"
"PT17","TRB:CASKPSGQGRTDTQYF;TRA:CAMTQGGSYIPTF",0,3,0.00100200400801603,0,0.265611825817351,1,FALSE,"clonotype115"
"PT17","TRB:CASKRDFNPYGYTF;TRA:CAGVYTGNQFYF",0,1,0.000334001336005344,0,1,1,FALSE,"clonotype445"
"PT17","TRB:CASKTGLGTEAFF",0,1,0.000334001336005344,0,1,1,FALSE,"clonotype318"
"PT17","TRB:CASKTTGFHEQYF;TRA:CAVDEGKSSGDKLTF",0,3,0.00100200400801603,0,0.265611825817351,1,FALSE,"clonotype90"
"PT17","TRB:CASKVAGETSTDTQYF;TRA:CAVRESHNARLMF",0,1,0.000334001336005344,0,1,1,FALSE,"clonotype728"
"PT17","TRB:CASMGRSNGVMNTEAFF;TRA:CAYSGAGSYQLTF",0,1,0.000334001336005344,0,1,1,FALSE,"clonotype892"
"PT17","TRB:CASMLWESTGELFF",0,1,0.000334001336005344,0,1,1,FALSE,"clonotype412"
"PT17","TRB:CASMVWGLNQPQHF;TRA:CAVSEGSGGYNKLIF",0,1,0.000334001336005344,0,1,1,FALSE,"clonotype519"
"PT17","TRB:CASNGREGLSQPQHF;TRA:CAVPGNTGNQFYF",0,1,0.000334001336005344,0,1,1,FALSE,"clonotype615"
"PT17","TRB:CASNLHNQPQHF;TRA:CAVQAADSGYALNF",0,1,0.000334001336005344,0,1,1,FALSE,"clonotype300"
"PT17","TRB:CASNPQGEGEQYV;TRA:CAVRDPDNYGQNFVF",0,1,0.000334001336005344,0,1,1,FALSE,"clonotype384"
"PT17","TRB:CASNSHNQPQHF;TRA:CAEILGNQFYF",0,3,0.00100200400801603,0,0.265611825817351,1,FALSE,"clonotype86"
"PT17","TRB:CASNSYNSPLHF;TRA:CAEIGGNQFYF",0,7,0.00233800935203741,0,0.0226931191436039,0.417621132896472,FALSE,"clonotype40"
"PT17","TRB:CASNTGQLSNQPQHF;TRA:CAVRIPGGYNKLIF",0,1,0.000334001336005344,0,1,1,FALSE,"clonotype590"
"PT17","TRB:CASQGWGMNTGELFF;TRA:CAVNVGGSQGNLIF",0,1,0.000334001336005344,0,1,1,FALSE,"clonotype934"
"PT17","TRB:CASQRGRGGEKLFF",0,1,0.000334001336005344,0,1,1,FALSE,"clonotype411"
"PT17","TRB:CASRAGGFEAFF;TRA:CGTPGGGADGLTF",0,6,0.00200400801603206,0,0.0412107805796623,0.635161155684045,FALSE,"clonotype46"
"PT17","TRB:CASRAGQGISGANVLTF;TRA:CAENTAGNNRKLIW",0,1,0.000334001336005344,0,1,1,FALSE,"clonotype897"
"PT17","TRB:CASRAGTGGTGELFF",0,1,0.000334001336005344,0,1,1,FALSE,"clonotype714"
"PT17","TRB:CASRARWNSPLHF;TRA:CAVGNSGGSNYKLTF",0,1,0.000334001336005344,0,1,1,FALSE,"clonotype506"
"PT17","TRB:CASRDILNEKLFF;TRB:CASSLVGARRDEQYF;TRA:CAASKRGQGGKLIF",0,1,0.000334001336005344,0,1,1,FALSE,"clonotype547"
"PT17","TRB:CASRDREVHYGYTF;TRA:CALTSANAGGTSYGKLTF",0,1,0.000334001336005344,0,1,1,FALSE,"clonotype543"
"PT17","TRB:CASREGGDHTQYF;TRA:CAGRGDSSYKLIF;TRA:CARAGNNRKLIW",0,1,0.000334001336005344,0,1,1,FALSE,"clonotype346"
"PT17","TRB:CASRETSGGQETQYF;TRA:CAVRRGGADGLTF",0,1,0.000334001336005344,0,1,1,FALSE,"clonotype586"
"PT17","TRB:CASRGAISDTQYF",0,1,0.000334001336005344,0,1,1,FALSE,"clonotype421"
"PT17","TRB:CASRGGFDEAFF;TRA:CAEVGSSNTGKLIF",0,2,0.000668002672010688,0,0.510407883878234,1,FALSE,"clonotype140"
"PT17","TRB:CASRGGGFNYGYTF;TRA:CALSEGGWRGGSNYKLTF",0,1,0.000334001336005344,0,1,1,FALSE,"clonotype690"
"PT17","TRB:CASRGGPGELFF;TRA:CAASPDLNSGGSNYKLTF",0,4,0.00133600534402138,0,0.140665987840762,1,FALSE,"clonotype66"
"PT17","TRB:CASRGGSSYEQYF;TRA:CAANRGGSNYKLTF",0,1,0.000334001336005344,0,1,1,FALSE,"clonotype400"
"PT17","TRB:CASRGLGETQYF;TRA:CAVDLGGATNKLIF",0,14,0.00467601870407482,0,0.000538616218930072,0.0166028449485195,TRUE,"clonotype24"
"PT17","TRB:CASRGNEQFF;TRA:CAPDPGGGADGLTF",0,1,0.000334001336005344,0,1,1,FALSE,"clonotype233"
"PT17","TRB:CASRGNYGYTF;TRA:CAVNINTNAGKSTF",0,1,0.000334001336005344,0,1,1,FALSE,"clonotype271"
"PT17","TRB:CASRGPGPPYEQYF;TRA:CAENMGNYGQNFVF",0,1,0.000334001336005344,0,1,1,FALSE,"clonotype648"
"PT17","TRB:CASRGRGHNQPQHF;TRA:CAGVLGSQGNLIF",0,1,0.000334001336005344,0,1,1,FALSE,"clonotype451"
"PT17","TRB:CASRGRGSSQPQHF;TRA:CAGAWNAGNMLTF",0,2,0.000668002672010688,0,0.510407883878234,1,FALSE,"clonotype154"
"PT17","TRB:CASRGTGTTEAFF",0,1,0.000334001336005344,0,1,1,FALSE,"clonotype317"
"PT17","TRB:CASRGTGVTNEKLFF;TRA:CAAPHPGGRRALTF",0,1,0.000334001336005344,0,1,1,FALSE,"clonotype689"
"PT17","TRB:CASRGVVGTGELFF;TRA:CAGSGNQFYF",0,8,0.00267201068804275,0,0.0126048825080906,0.259030335541262,FALSE,"clonotype37"
"PT17","TRB:CASRKQGAGDNQPQHF",0,1,0.000334001336005344,0,1,1,FALSE,"clonotype701"
"PT17","TRB:CASRKQGLFGYEQFF;TRA:CAYNGRETSGSRLTF",0,1,0.000334001336005344,0,1,1,FALSE,"clonotype677"
"PT17","TRB:CASRKQTGTGYTF",0,1,0.000334001336005344,0,1,1,FALSE,"clonotype319"
"PT17","TRB:CASRKSFGTVYNEQFF;TRA:CAVPPGTDSNYQLIW;TRA:CVVSDKTPSGYSTLTF",0,2,0.000668002672010688,0,0.510407883878234,1,FALSE,"clonotype192"
"PT17","TRB:CASRLLAGAVETQYF;TRA:CAASINNNDMRF",0,1,0.000334001336005344,0,1,1,FALSE,"clonotype604"
"PT17","TRB:CASRLLAGGDTQYF;TRA:CALPRDTGRRALTF",0,1,0.000334001336005344,0,1,1,FALSE,"clonotype695"
"PT17","TRB:CASRLTGGNSPLHF;TRA:CAGLNWDNRKLIW",0,4,0.00133600534402138,0,0.140665987840762,1,FALSE,"clonotype71"
"PT17","TRB:CASRLTGVSLSYNEQFF;TRA:CAVTRFSDGQKLLF",0,1,0.000334001336005344,0,1,1,FALSE,"clonotype900"
"PT17","TRB:CASRNGQASTDTQYF;TRA:CAVIYEHSNNDMRF",0,1,0.000334001336005344,0,1,1,FALSE,"clonotype657"
"PT17","TRB:CASRPFSAGEQFF;TRA:CGTERENDYKLSF",0,1,0.000334001336005344,0,1,1,FALSE,"clonotype470"
"PT17","TRB:CASRPGQTQETQYF",0,1,0.000334001336005344,0,1,1,FALSE,"clonotype433"
"PT17","TRB:CASRPGTQNTGELFF",0,1,0.000334001336005344,0,1,1,FALSE,"clonotype713"
"PT17","TRB:CASRQGASSPLHF",0,1,0.000334001336005344,0,1,1,FALSE,"clonotype420"
"PT17","TRB:CASRQGLGTDTQYF;TRA:CATDDNSGAGSYQLTF",0,1,0.000334001336005344,0,1,1,FALSE,"clonotype517"
"PT17","TRB:CASRQSSGGARQFF",0,1,0.000334001336005344,0,1,1,FALSE,"clonotype571"
"PT17","TRB:CASRQTGRNSPLHF;TRA:CAVGASKAAGNKLTF",0,1,0.000334001336005344,0,1,1,FALSE,"clonotype516"
"PT17","TRB:CASRRGGFEAFF;TRA:CIVRVGDNQGGKLIF",0,1,0.000334001336005344,0,1,1,FALSE,"clonotype289"
"PT17","TRB:CASRRSSGYEQYF",0,1,0.000334001336005344,0,1,1,FALSE,"clonotype428"
"PT17","TRB:CASRRTGRNQPQHF",0,1,0.000334001336005344,0,1,1,FALSE,"clonotype408"
"PT17","TRB:CASRSDSSGNTIYF",0,1,0.000334001336005344,0,1,1,FALSE,"clonotype409"
"PT17","TRB:CASRSLAGGLNTGELFF;TRA:CAVNVDTGKLIF",0,1,0.000334001336005344,0,1,1,FALSE,"clonotype836"
"PT17","TRB:CASRSQGATEAFF;TRA:CAVDMLMNTGNQFYF",0,2,0.000668002672010688,0,0.510407883878234,1,FALSE,"clonotype150"
"PT17","TRB:CASRSQTYGYTF;TRA:CAVKPRREYGNKLVF",0,1,0.000334001336005344,0,1,1,FALSE,"clonotype309"
"PT17","TRB:CASRSTGNSNQPQHF;TRA:CAVKGRRGGATNKLIF",0,1,0.000334001336005344,0,1,1,FALSE,"clonotype788"
"PT17","TRB:CASRTGESTNEKLFF;TRA:CAVRDMTGTYKYIF",0,1,0.000334001336005344,0,1,1,FALSE,"clonotype647"
"PT17","TRB:CASRTGLSSYNSPLHF;TRA:CAVKNDNYGQNFVF",0,1,0.000334001336005344,0,1,1,FALSE,"clonotype769"
"PT17","TRB:CASRTGTGYSSYNEQFF;TRA:CAMSGTGGGNKLTF",0,1,0.000334001336005344,0,1,1,FALSE,"clonotype862"
"PT17","TRB:CASRTGTTNFYEQYV;TRA:CALNSGYALNF",0,1,0.000334001336005344,0,1,1,FALSE,"clonotype598"
"PT17","TRB:CASRTGYGYTF;TRA:CAVRDAESGGGADGLTF",0,2,0.000668002672010688,0,0.510407883878234,1,FALSE,"clonotype138"
"PT17","TRB:CASRVAGLTDTQYF;TRA:CAVNRGGGSQGNLIF",0,1,0.000334001336005344,0,1,1,FALSE,"clonotype649"
"PT17","TRB:CASSAGPPTIGTEAFF;TRB:CASSQTGTGHPDTQYF;TRA:CAANTGGFKTIF",0,2,0.000668002672010688,0,0.510407883878234,1,FALSE,"clonotype205"
"PT17","TRB:CASSAGTAPNSPLHF;TRA:CAATSPGAGSYQLTF",0,1,0.000334001336005344,0,1,1,FALSE,"clonotype644"
"PT17","TRB:CASSAGTSAITDTQYF;TRA:CAETPLNNNDMRF",0,3,0.00100200400801603,0,0.265611825817351,1,FALSE,"clonotype108"
"PT17","TRB:CASSANTQGPLYEQYF;TRA:CAPYNFNKFYF",0,1,0.000334001336005344,0,1,1,FALSE,"clonotype801"
"PT17","TRB:CASSAQRTDTQYF",0,1,0.000334001336005344,0,1,1,FALSE,"clonotype341"
"PT17","TRB:CASSARGGSGYGYTF;TRA:CAVVGTDKLIF",0,1,0.000334001336005344,0,1,1,FALSE,"clonotype602"
"PT17","TRB:CASSASPGNEQFF;TRA:CVVKAAYNQGGKLIF",0,1,0.000334001336005344,0,1,1,FALSE,"clonotype383"
"PT17","TRB:CASSATLAKNIQYF;TRA:CAVNISPDYKLSF",0,1,0.000334001336005344,0,1,1,FALSE,"clonotype492"
"PT17","TRB:CASSAVQSGYEQYF;TRA:CALRGTYKYIF",0,2,0.000668002672010688,0,0.510407883878234,1,FALSE,"clonotype153"
"PT17","TRB:CASSAYDGGANEKLFF;TRA:CAVARFSDGQKLLF",0,1,0.000334001336005344,0,1,1,FALSE,"clonotype754"
"PT17","TRB:CASSDASSPSGDTQYF;TRA:CAQVSYNQGGKLIF",0,1,0.000334001336005344,0,1,1,FALSE,"clonotype793"
"PT17","TRB:CASSDDGTGGAGDTQYF",0,3,0.00100200400801603,0,0.265611825817351,1,FALSE,"clonotype883"
"PT17","TRB:CASSDDGTGGAGDTQYF",0,3,0.00100200400801603,0,0.265611825817351,1,FALSE,"clonotype884"
"PT17","TRB:CASSDDGTGGAGDTQYF",0,3,0.00100200400801603,0,0.265611825817351,1,FALSE,"clonotype885"
"PT17","TRB:CASSDDGTGGAGDTQYF;TRA:CALYSNSGYALNF",0,4,0.00133600534402138,0,0.140665987840762,1,FALSE,"clonotype82"
"PT17","TRB:CASSDDGTGGAGDTQYF;TRB:CASSLPESTDTQYF;TRA:CALYSNSGYALNF;TRA:CAVRGAGSYQLTF",0,1,0.000334001336005344,0,1,1,FALSE,"clonotype479"
"PT17","TRB:CASSDDRGETQYF;TRA:CAGFVMNRDDKIIF",0,1,0.000334001336005344,0,1,1,FALSE,"clonotype463"
"PT17","TRB:CASSDFLRGARDTQYF;TRA:CIVRPQGSSNTGKLIF",0,1,0.000334001336005344,0,1,1,FALSE,"clonotype835"
"PT17","TRB:CASSDLAGVNNEQFF;TRA:CAMKKIDISSGSARQLTF",0,2,0.000668002672010688,0,0.510407883878234,1,FALSE,"clonotype179"
"PT17","TRB:CASSDPGQGQPSTDTQYF;TRA:CAVYSNSGYALNF",0,3,0.00100200400801603,0,0.265611825817351,1,FALSE,"clonotype129"
"PT17","TRB:CASSDPGTGASTDTQYF",0,1,0.000334001336005344,0,1,1,FALSE,"clonotype882"
"PT17","TRB:CASSDPGTGASTDTQYF;TRB:CASSLAGTGSSYEQYF;TRA:CAVRTDKLIF;TRA:CAVYSNSGYALNF",0,1,0.000334001336005344,0,1,1,FALSE,"clonotype723"
"PT17","TRB:CASSDPKAGGPSDTQYF;TRA:CAPLDYNQGGKLIF",0,3,0.00100200400801603,0,0.265611825817351,1,FALSE,"clonotype117"
"PT17","TRB:CASSDPLLGASDTQYF;TRA:CAMRFGAGGTSYGKLTF",0,1,0.000334001336005344,0,1,1,FALSE,"clonotype872"
"PT17","TRB:CASSDPSDRPNTEAFF;TRA:CALSDLNTGNQFYF",0,1,0.000334001336005344,0,1,1,FALSE,"clonotype866"
"PT17","TRB:CASSDRIGNTIYF;TRA:CAYRSAPANTGNQFYF",0,1,0.000334001336005344,0,1,1,FALSE,"clonotype396"
"PT17","TRB:CASSDSGEGASTDTQYF;TRA:CAVYSNSGYALNF",0,100,0.0334001336005344,0,8.36789363124565e-25,1.71960214122098e-22,TRUE,"clonotype5"
"PT17","TRB:CASSDSGTGGVSDEQFF",0,1,0.000334001336005344,0,1,1,FALSE,"clonotype880"
"PT17","TRB:CASSDSSEISPTDTQYF;TRA:CAEYSNSGYALNF",0,5,0.00167000668002672,0,0.075645259906321,0.928623807843857,FALSE,"clonotype63"
"PT17","TRB:CASSEADRVGEKLFF;TRA:CAVGALFSGGYNKLIF",0,1,0.000334001336005344,0,1,1,FALSE,"clonotype671"
"PT17","TRB:CASSEAELSNTGELFF",0,1,0.000334001336005344,0,1,1,FALSE,"clonotype703"
"PT17","TRB:CASSEAGTANQPQHF;TRA:CAVRGPDGQKLLF",0,1,0.000334001336005344,0,1,1,FALSE,"clonotype587"
"PT17","TRB:CASSEAPRTGLYGYTF;TRA:CAASEGSASGGSYIPTF",0,1,0.000334001336005344,0,1,1,FALSE,"clonotype865"
"PT17","TRB:CASSEDSQETQYF;TRA:CAGQTDAGNMLTF",0,1,0.000334001336005344,0,1,1,FALSE,"clonotype454"
"PT17","TRB:CASSEDSQETQYF;TRA:CALPGETSGSRLTF;TRA:CAVSSQGLVF",0,4,0.00133600534402138,0,0.140665987840762,1,FALSE,"clonotype76"
"PT17","TRB:CASSEEMGSTNEQFF",0,1,0.000334001336005344,0,1,1,FALSE,"clonotype554"
"PT17","TRB:CASSEGAGGETQYF;TRA:CAMRLLYGNNRLAF",0,1,0.000334001336005344,0,1,1,FALSE,"clonotype673"
"PT17","TRB:CASSEGGSGYTF;TRA:CAGQSANSKLTF",0,1,0.000334001336005344,0,1,1,FALSE,"clonotype288"
"PT17","TRB:CASSELNEKLFF;TRA:CAEIAGNQFYF",0,18,0.00601202404809619,0,4.89428803833574e-05,0.00201155238375599,TRUE,"clonotype23"
"PT17","TRB:CASSELQTGNEQFF;TRB:CASSELREGAYGYTF;TRA:CAYRSAHGQNFVF",0,1,0.000334001336005344,0,1,1,FALSE,"clonotype661"
"PT17","TRB:CASSENVQYF;TRA:CAVVQTGANNLFF",0,1,0.000334001336005344,0,1,1,FALSE,"clonotype234"
"PT17","TRB:CASSEPDFLAKNIQYF;TRA:CALKDNNDMRF;TRA:CATDANDYKLSF",0,1,0.000334001336005344,0,1,1,FALSE,"clonotype724"
"PT17","TRB:CASSEPPTRGSSGEQYF",0,1,0.000334001336005344,0,1,1,FALSE,"clonotype812"
"PT17","TRB:CASSEQGADTQYF;TRA:CAPYSLDTGRRALTF",0,2,0.000668002672010688,0,0.510407883878234,1,FALSE,"clonotype141"
"PT17","TRB:CASSERAGSSYNEQFF;TRA:CAASTPGYQGGKLIF",0,1,0.000334001336005344,0,1,1,FALSE,"clonotype800"
"PT17","TRB:CASSEREAETQYF;TRA:CAAPGSTLGRLYF",0,1,0.000334001336005344,0,1,1,FALSE,"clonotype360"
"PT17","TRB:CASSERFRTLDTDTQYF",0,1,0.000334001336005344,0,1,1,FALSE,"clonotype881"
"PT17","TRB:CASSERIAGGHYEQYF;TRA:CAVRGDEDSSYKLIF",0,2,0.000668002672010688,0,0.510407883878234,1,FALSE,"clonotype190"
"PT17","TRB:CASSESGALSAGELFF;TRA:CAGPGARLMF",0,2,0.000668002672010688,0,0.510407883878234,1,FALSE,"clonotype183"
"PT17","TRB:CASSESGGPYNEQFF;TRA:CAEGAQKLVF",0,1,0.000334001336005344,0,1,1,FALSE,"clonotype618"
"PT17","TRB:CASSESGQPYEQYF;TRA:CAVNIGGNKLVF",0,1,0.000334001336005344,0,1,1,FALSE,"clonotype459"
"PT17","TRB:CASSESPSGYNEQFF",0,1,0.000334001336005344,0,1,1,FALSE,"clonotype708"
"PT17","TRB:CASSETAAPGELFF;TRA:CATEYDAGKSTF",0,1,0.000334001336005344,0,1,1,FALSE,"clonotype491"
"PT17","TRB:CASSETGRGPGAFF;TRA:CAGDRGSTLGRLYF",0,1,0.000334001336005344,0,1,1,FALSE,"clonotype460"
"PT17","TRB:CASSETSGGRNEQFF;TRA:CAVNPTGANNLFF",0,1,0.000334001336005344,0,1,1,FALSE,"clonotype610"
"PT17","TRB:CASSEYEESYTF;TRA:CAVSETGYQKVTF",0,1,0.000334001336005344,0,1,1,FALSE,"clonotype299"
"PT17","TRB:CASSEYGGSGKRNEQFF;TRA:CAASYGGSQGNLIF",0,1,0.000334001336005344,0,1,1,FALSE,"clonotype876"
"PT17","TRB:CASSEYRSGAGGYTF;TRA:CAVERSGGGADGLTF",0,2,0.000668002672010688,0,0.510407883878234,1,FALSE,"clonotype163"
"PT17","TRB:CASSFAGAETEAFF;TRA:CAVPRSNDYKLSF;TRA:CAVQAPSSASKIIF",0,11,0.00367401469605878,0,0.00353231227552098,0.0888845109330075,FALSE,"clonotype30"
"PT17","TRB:CASSFEEVDEQYF;TRA:CAVSDTSFQKLVF",0,1,0.000334001336005344,0,1,1,FALSE,"clonotype372"
"PT17","TRB:CASSFEVNAYNEQFF;TRA:CAVSDTFAGNQFYF",0,2,0.000668002672010688,0,0.510407883878234,1,FALSE,"clonotype198"
"PT17","TRB:CASSFFGRGDQPQHF;TRA:CAASRGTGNQFYF",0,1,0.000334001336005344,0,1,1,FALSE,"clonotype798"
"PT17","TRB:CASSFGGAGELFF;TRA:CATDAFSSGYALNF",0,1,0.000334001336005344,0,1,1,FALSE,"clonotype488"
"PT17","TRB:CASSFGGPLTDTQYF;TRB:CASSGSRAFGNTGELFF;TRA:CAVGAMDSNYQLIW",0,1,0.000334001336005344,0,1,1,FALSE,"clonotype771"
"PT17","TRB:CASSFGLQYEQYF;TRA:CAVNYGGSQGNLIF",0,1,0.000334001336005344,0,1,1,FALSE,"clonotype379"
"PT17","TRB:CASSFGQGHGYTF",0,1,0.000334001336005344,0,1,1,FALSE,"clonotype435"
"PT17","TRB:CASSFGQGTTEAFF;TRA:CAVRDLTYSGGGADGLTF;TRA:CAVSELDMRF",0,1,0.000334001336005344,0,1,1,FALSE,"clonotype595"
"PT17","TRB:CASSFGQGVDTIYF;TRA:CAMLGSGEYGNKLVF",0,1,0.000334001336005344,0,1,1,FALSE,"clonotype527"
"PT17","TRB:CASSFGTGAQETQYF;TRA:CAASALMGDGNKLVF",0,1,0.000334001336005344,0,1,1,FALSE,"clonotype693"
"PT17","TRB:CASSFGTLEAFF;TRA:CAENSVNRDDKIIF",0,3,0.00100200400801603,0,0.265611825817351,1,FALSE,"clonotype87"
"PT17","TRB:CASSFGTPETEKLFF;TRA:CAVTGGNKLTF",0,2,0.000668002672010688,0,0.510407883878234,1,FALSE,"clonotype191"
"PT17","TRB:CASSFGTSSTDTQYF",0,1,0.000334001336005344,0,1,1,FALSE,"clonotype721"
"PT17","TRB:CASSFGVGSPLHF;TRA:CAGAEYALNF",0,1,0.000334001336005344,0,1,1,FALSE,"clonotype344"
"PT17","TRB:CASSFHRVYGYTF;TRA:CALSAEVNNDMRF",0,2,0.000668002672010688,0,0.510407883878234,1,FALSE,"clonotype147"
"PT17","TRB:CASSFNQGMGTQYF;TRA:CAVGRSNDYKLSF",0,1,0.000334001336005344,0,1,1,FALSE,"clonotype638"
"PT17","TRB:CASSFNRDRVPDTQYF",0,1,0.000334001336005344,0,1,1,FALSE,"clonotype718"
"PT17","TRB:CASSFPAGNEQFF;TRA:CAVRDEGDYKLSF",0,1,0.000334001336005344,0,1,1,FALSE,"clonotype489"
"PT17","TRB:CASSFPRGEAGGNQPQHF;TRA:CAVKGFKTIF;TRA:CAVQGADSWGKFQF",0,1,0.000334001336005344,0,1,1,FALSE,"clonotype891"
"PT17","TRB:CASSFPTAARGYTF",0,1,0.000334001336005344,0,1,1,FALSE,"clonotype431"
"PT17","TRB:CASSFRAHSYNEQFF;TRA:CAVNDRTGGFKTIF",0,1,0.000334001336005344,0,1,1,FALSE,"clonotype650"
"PT17","TRB:CASSFRGFSGANVLTF;TRA:CAGLNAGGTSYGKLTF",0,1,0.000334001336005344,0,1,1,FALSE,"clonotype764"
"PT17","TRB:CASSFRGTFNTEAFF;TRA:CAVSSTGNQFYF",0,1,0.000334001336005344,0,1,1,FALSE,"clonotype685"
"PT17","TRB:CASSFRQGMQFF;TRA:CAVNNTGNQFYF",0,1,0.000334001336005344,0,1,1,FALSE,"clonotype298"
"PT17","TRB:CASSFRSGDTDTQYF;TRA:CAPEPNAGKSTF;TRA:CAVGDDKIIF",0,1,0.000334001336005344,0,1,1,FALSE,"clonotype727"
"PT17","TRB:CASSFRTLAAFTGELFF;TRA:CAGGTSGSRLTF",0,1,0.000334001336005344,0,1,1,FALSE,"clonotype870"
"PT17","TRB:CASSFSGGLYSNQPQHF;TRB:CSARELGESNSPLHF;TRA:CVVSAGFRAAGNKLTF",0,1,0.000334001336005344,0,1,1,FALSE,"clonotype393"
"PT17","TRB:CASSFSGVGVGQYF;TRA:CAMSAVAGGTSYGKLTF",0,1,0.000334001336005344,0,1,1,FALSE,"clonotype538"
"PT17","TRB:CASSFSVGLADTDTQYF",0,1,0.000334001336005344,0,1,1,FALSE,"clonotype806"
"PT17","TRB:CASSFTGTGTYNEQFF;TRA:CVVSANNAGNMLTF",0,3,0.00100200400801603,0,0.265611825817351,1,FALSE,"clonotype131"
"PT17","TRB:CASSFVAWETQYF",0,1,0.000334001336005344,0,1,1,FALSE,"clonotype334"
"PT17","TRB:CASSFWGAPSYEQYF;TRA:CAVPYGGSQGNLIF;TRA:CAVTRMGLYNNNDMRF",0,3,0.00100200400801603,0,0.265611825817351,1,FALSE,"clonotype106"
"PT17","TRB:CASSFYSYNEQFF",0,3,0.00100200400801603,0,0.265611825817351,1,FALSE,"clonotype321"
"PT17","TRB:CASSFYSYNEQFF",0,3,0.00100200400801603,0,0.265611825817351,1,FALSE,"clonotype322"
"PT17","TRB:CASSFYSYNEQFF",0,3,0.00100200400801603,0,0.265611825817351,1,FALSE,"clonotype323"
"PT17","TRB:CASSFYSYNEQFF;TRB:CASSGGGAYNEQFF;TRA:CARGDDKIIF",0,4,0.00133600534402138,0,0.140665987840762,1,FALSE,"clonotype77"
"PT17","TRB:CASSGDVGGTEGTGELFF;TRA:CAMREPYNTDKLIF",0,1,0.000334001336005344,0,1,1,FALSE,"clonotype906"
"PT17","TRB:CASSGGDRDNEQFF;TRA:CAEIRSYGSSNTGKLIF",0,1,0.000334001336005344,0,1,1,FALSE,"clonotype678"
"PT17","TRB:CASSGGLAGGRGNEQFF;TRB:CASSIFGYTQTDYGYTF;TRA:CALRGYGGATNKLIF;TRA:CAMREEMNRDDKIIF",0,1,0.000334001336005344,0,1,1,FALSE,"clonotype867"
"PT17","TRB:CASSGGPEETQYF;TRA:CAVRDSFGYNKLIF",0,2,0.000668002672010688,0,0.510407883878234,1,FALSE,"clonotype144"
"PT17","TRB:CASSGGQGAIDEQFF;TRA:CAVNTDSWGKLQF",0,1,0.000334001336005344,0,1,1,FALSE,"clonotype634"
"PT17","TRB:CASSGGRVNSGANVLTF",0,1,0.000334001336005344,0,1,1,FALSE,"clonotype803"
"PT17","TRB:CASSGGTGGAGYGYTF",0,1,0.000334001336005344,0,1,1,FALSE,"clonotype717"
"PT17","TRB:CASSGIRGRSYGYTF;TRA:CAVNTNAGKSTF",0,1,0.000334001336005344,0,1,1,FALSE,"clonotype751"
"PT17","TRB:CASSGISGYSNQPQHF;TRA:CLVYSSASKIIF",0,2,0.000668002672010688,0,0.510407883878234,1,FALSE,"clonotype188"
"PT17","TRB:CASSGPRDFDTEAFF;TRA:CAFSRLEYGNKLVF",0,2,0.000668002672010688,0,0.510407883878234,1,FALSE,"clonotype174"
"PT17","TRB:CASSGQLNTGELFF;TRA:CAMGNYGQNFVF",0,1,0.000334001336005344,0,1,1,FALSE,"clonotype509"
"PT17","TRB:CASSGRMGTGELFF;TRA:CAVAYGGSYQLTF;TRA:CAYRRTRNSNSGYALNF",0,1,0.000334001336005344,0,1,1,FALSE,"clonotype458"
"PT17","TRB:CASSGSGNTEAFF",0,1,0.000334001336005344,0,1,1,FALSE,"clonotype342"
"PT17","TRB:CASSGTANEQFF",0,1,0.000334001336005344,0,1,1,FALSE,"clonotype285"
"PT17","TRB:CASSGTENYGYTF;TRA:CAVEQWNDYKLSF",0,1,0.000334001336005344,0,1,1,FALSE,"clonotype455"
"PT17","TRB:CASSGTGGNQPQHF",0,1,0.000334001336005344,0,1,1,FALSE,"clonotype560"
"PT17","TRB:CASSGTGWAQYF;TRA:CVVEGNQFYF",0,5,0.00167000668002672,0,0.075645259906321,0.928623807843857,FALSE,"clonotype56"
"PT17","TRB:CASSGVEFNEKLFF;TRA:CIVGFGNEKLTF",0,1,0.000334001336005344,0,1,1,FALSE,"clonotype582"
"PT17","TRB:CASSGVSGGAHNEQFF;TRA:CAVFRPNDYKLSF;TRA:CAVRPGTDSWGKFQF",0,1,0.000334001336005344,0,1,1,FALSE,"clonotype841"
"PT17","TRB:CASSHEEETQYF",0,1,0.000334001336005344,0,1,1,FALSE,"clonotype335"
"PT17","TRB:CASSHFLSGGGAYEQYF;TRA:CAAQRRSGGSNYKLTF",0,4,0.00133600534402138,0,0.140665987840762,1,FALSE,"clonotype80"
"PT17","TRB:CASSHGDTSNQPQHF;TRA:CAVSEGNEKLTF",0,1,0.000334001336005344,0,1,1,FALSE,"clonotype623"
"PT17","TRB:CASSHGGGMNTEAFF;TRA:CAVRDTVSFMNRDDKIIF",0,1,0.000334001336005344,0,1,1,FALSE,"clonotype935"
"PT17","TRB:CASSHGINSATDTQYF;TRA:CAETREGNFNKFYF",0,1,0.000334001336005344,0,1,1,FALSE,"clonotype857"
"PT17","TRB:CASSHGRGVTDTQYF;TRB:CASSPGFSRHYEQYF;TRA:CAMSGAGNMLTF",0,1,0.000334001336005344,0,1,1,FALSE,"clonotype629"
"PT17","TRB:CASSHGTGGTDNEQFF;TRA:CAGPSGAGSYQLTF",0,3,0.00100200400801603,0,0.265611825817351,1,FALSE,"clonotype114"
"PT17","TRB:CASSHLATGELFF;TRA:CVVSPLEYGNKLVF",0,1,0.000334001336005344,0,1,1,FALSE,"clonotype390"
"PT17","TRB:CASSHLPYRSYEQYV;TRB:CASSPKEIMGYSNQPQHF;TRA:CVVSAETGGFKTIF",0,1,0.000334001336005344,0,1,1,FALSE,"clonotype775"
"PT17","TRB:CASSHMTGVPLYTGELFF;TRA:CAAKKKVIHTGANSKLTF;TRA:CAGQPITGTYKYIF",0,1,0.000334001336005344,0,1,1,FALSE,"clonotype893"
"PT17","TRB:CASSHPGPLADGYTF",0,19,0.00634602538410154,0,2.72989882096313e-05,0.00116067767111984,TRUE,"clonotype21"
"PT17","TRB:CASSHRTASYGYTF",0,1,0.000334001336005344,0,1,1,FALSE,"clonotype579"
"PT17","TRB:CASSHRVEGYEQYF",0,1,0.000334001336005344,0,1,1,FALSE,"clonotype434"
"PT17","TRB:CASSHTGPKNIQYF;TRA:CALSEANYGQNFVF",0,1,0.000334001336005344,0,1,1,FALSE,"clonotype526"
"PT17","TRB:CASSIALGDYGYTF;TRA:CAVQAVRDSSNTGKLIF",0,1,0.000334001336005344,0,1,1,FALSE,"clonotype524"
"PT17","TRB:CASSIDQIGNQPQHF;TRA:CALSLRNQGGKLIF",0,1,0.000334001336005344,0,1,1,FALSE,"clonotype626"
"PT17","TRB:CASSIEGSTEAFF;TRA:CVVSDWIGYQKVTF",0,1,0.000334001336005344,0,1,1,FALSE,"clonotype374"
"PT17","TRB:CASSIFGYTQTDYGYTF;TRA:CAMREEMNRDDKIIF;TRA:CAVRGQGAQKLVF",0,3,0.00100200400801603,0,0.265611825817351,1,FALSE,"clonotype119"
"PT17","TRB:CASSIFRNVGDQPQHF;TRA:CALWCNYGQNFVF;TRA:CAPSYNFNKFYF",0,1,0.000334001336005344,0,1,1,FALSE,"clonotype766"
"PT17","TRB:CASSIGGRNTEAFF;TRA:CAAGPSITGGGNKLTF",0,1,0.000334001336005344,0,1,1,FALSE,"clonotype550"
"PT17","TRB:CASSIGLAGVYNEQFF",0,1,0.000334001336005344,0,1,1,FALSE,"clonotype698"
"PT17","TRB:CASSIGLAPDTQYF;TRB:CASSLTGSGEQYF;TRA:CAASAPGYSGAGSYQLTF",0,2,0.000668002672010688,0,0.510407883878234,1,FALSE,"clonotype149"
"PT17","TRB:CASSIGQGTPLHF",0,1,0.000334001336005344,0,1,1,FALSE,"clonotype424"
"PT17","TRB:CASSILAGGYNEQFF;TRA:CAESHNYGQNFVF",0,1,0.000334001336005344,0,1,1,FALSE,"clonotype762"
"PT17","TRB:CASSILGAHQPQHF;TRA:CAENLSTGGFKTIF",0,1,0.000334001336005344,0,1,1,FALSE,"clonotype500"
"PT17","TRB:CASSILLTKGNQPQHF;TRA:CAVQDTDSWGKLQF",0,4,0.00133600534402138,0,0.140665987840762,1,FALSE,"clonotype73"
"PT17","TRB:CASSIPGQRLSGNTIYF;TRA:CVVRNSGGYQKVTF",0,1,0.000334001336005344,0,1,1,FALSE,"clonotype860"
"PT17","TRB:CASSIRGSYNEQFF;TRA:CGMDSSYKLIF",0,1,0.000334001336005344,0,1,1,FALSE,"clonotype450"
"PT17","TRB:CASSIRQAASETQYF;TRA:CALSEARDYSGAGSYQLTF",0,2,0.000668002672010688,0,0.510407883878234,1,FALSE,"clonotype180"
"PT17","TRB:CASSITGTGREQYF;TRA:CAARGGNKLTF",0,1,0.000334001336005344,0,1,1,FALSE,"clonotype597"
"PT17","TRB:CASSITLSDMAFYGYTF;TRA:CAVQARTGNQFYF;TRA:CGSGGSNYKLTF",0,1,0.000334001336005344,0,1,1,FALSE,"clonotype838"
"PT17","TRB:CASSITSALTFRGADTQYF;TRA:CAVQAITGGFKTIF",0,1,0.000334001336005344,0,1,1,FALSE,"clonotype917"
"PT17","TRB:CASSIVPGSEGNQPQHF;TRA:CAVFTGGGNKLTF;TRA:CAVRDTRYSTLTF",0,1,0.000334001336005344,0,1,1,FALSE,"clonotype822"
"PT17","TRB:CASSKEVGSVGEKLFF;TRA:CAFMTPGVTDKLIF",0,1,0.000334001336005344,0,1,1,FALSE,"clonotype864"
"PT17","TRB:CASSKGLAGARDTQYF;TRA:CALRERVGNQFYF",0,1,0.000334001336005344,0,1,1,FALSE,"clonotype937"
"PT17","TRB:CASSKIAGADEQFF;TRA:CAVGAADSWGKLQF",0,1,0.000334001336005344,0,1,1,FALSE,"clonotype511"
"PT17","TRB:CASSKSGRETQYF",0,29,0.00968603874415498,0,1.08351912439228e-07,7.03146884408255e-06,TRUE,"clonotype16"
"PT17","TRB:CASSKSGRETQYF;TRA:CAVSPASKIIF",0,1,0.000334001336005344,0,1,1,FALSE,"clonotype457"
"PT17","TRB:CASSKSGRETQYF;TRB:CASSSEGGGETQYF;TRA:CAEIHNQAGTALIF",0,2,0.000668002672010688,0,0.510407883878234,1,FALSE,"clonotype157"
"PT17","TRB:CASSKTGAGVGKLFF;TRA:CAANNNAGNMLTF",0,1,0.000334001336005344,0,1,1,FALSE,"clonotype628"
"PT17","TRB:CASSKTSGQWSHEQFF",0,1,0.000334001336005344,0,1,1,FALSE,"clonotype697"
"PT17","TRB:CASSLAAGSSYEQYF;TRA:CAGSRGDGQKLLF",0,1,0.000334001336005344,0,1,1,FALSE,"clonotype599"
"PT17","TRB:CASSLAASGGQETQYF;TRA:CAASRGSSNTGKLIF",0,1,0.000334001336005344,0,1,1,FALSE,"clonotype773"
"PT17","TRB:CASSLAFGGGTDTQYF;TRA:CAVRDFVAAGNKLTF",0,1,0.000334001336005344,0,1,1,FALSE,"clonotype863"
"PT17","TRB:CASSLAFGGGYEQYF;TRA:CAPHYGQNFVF",0,1,0.000334001336005344,0,1,1,FALSE,"clonotype761"
"PT17","TRB:CASSLAGAGYTF",0,1,0.000334001336005344,0,1,1,FALSE,"clonotype336"
"PT17","TRB:CASSLAGGLDEQYF;TRA:CAVPDMEYGNKLVF",0,1,0.000334001336005344,0,1,1,FALSE,"clonotype499"
"PT17","TRB:CASSLAGLAEQYV;TRA:CALTTTSGTYKYIF",0,1,0.000334001336005344,0,1,1,FALSE,"clonotype531"
"PT17","TRB:CASSLAGNYGYTF;TRA:CAASGVTQGGSEKLVF",0,20,0.00668002672010688,0,1.52989024925039e-05,0.000673698099044905,TRUE,"clonotype20"
"PT17","TRB:CASSLAGPYTSGNTIYF;TRA:CAVSEKAAGGTSYGKLTF",0,1,0.000334001336005344,0,1,1,FALSE,"clonotype871"
"PT17","TRB:CASSLAGTDTQYF;TRA:CAESIALRGGSQGNLIF",0,1,0.000334001336005344,0,1,1,FALSE,"clonotype535"
"PT17","TRB:CASSLAGYTEAFF;TRA:CAVQSRQEARLMF",0,1,0.000334001336005344,0,1,1,FALSE,"clonotype471"
"PT17","TRB:CASSLALYRANEKLFF;TRA:CAETGGATNKLIF",0,1,0.000334001336005344,0,1,1,FALSE,"clonotype849"
"PT17","TRB:CASSLAQGRQETQYF;TRA:CAPVTGGTSYGKLTF;TRA:CAVSDHNNARLMF",0,1,0.000334001336005344,0,1,1,FALSE,"clonotype932"
"PT17","TRB:CASSLARGSGSRAGELFF;TRA:CAVRDTNSGNTPLVF",0,1,0.000334001336005344,0,1,1,FALSE,"clonotype915"
"PT17","TRB:CASSLASANEQFF;TRA:CAVGGGGGFKTIF",0,1,0.000334001336005344,0,1,1,FALSE,"clonotype497"
"PT17","TRB:CASSLASGPRTNQPQHF;TRA:CAGRTGSYQLTF",0,1,0.000334001336005344,0,1,1,FALSE,"clonotype889"
"PT17","TRB:CASSLASYARQETQYF;TRA:CAMREGGDSGGGADGLTF;TRA:CAVLLGAQKLVF",0,8,0.00267201068804275,0,0.0126048825080906,0.259030335541262,FALSE,"clonotype39"
"PT17","TRB:CASSLASYARQETQYF;TRB:CSASETGILYEQYF;TRA:CAMREGGDSGGGADGLTF;TRA:CATDPGAQKLVF",0,1,0.000334001336005344,0,1,1,FALSE,"clonotype291"
"PT17","TRB:CASSLATGLGGEQYF;TRA:CASQGGGADGLTF",0,2,0.000668002672010688,0,0.510407883878234,1,FALSE,"clonotype184"
"PT17","TRB:CASSLATIYEQYF;TRA:CAVNPARDDKIIF",0,1,0.000334001336005344,0,1,1,FALSE,"clonotype443"
"PT17","TRB:CASSLATSGAPLDTQYF;TRA:CALSPGEANSKLTF",0,1,0.000334001336005344,0,1,1,FALSE,"clonotype904"
"PT17","TRB:CASSLAVGRQFTTNEQFF;TRA:CALSGSSGTYKYIF;TRA:CALTNSGYSTLTF",0,1,0.000334001336005344,0,1,1,FALSE,"clonotype914"
"PT17","TRB:CASSLAVGTGGIYEQYF;TRA:CALKEGGGSNYKLTF;TRA:CAQVSYNQGGKLIF",0,3,0.00100200400801603,0,0.265611825817351,1,FALSE,"clonotype128"
"PT17","TRB:CASSLAWGRTSTDTQYF;TRA:CIVRANAGNNRKLIW",0,2,0.000668002672010688,0,0.510407883878234,1,FALSE,"clonotype203"
"PT17","TRB:CASSLDEAGNTGELFF;TRA:CAVGSNRDDKIIF",0,2,0.000668002672010688,0,0.510407883878234,1,FALSE,"clonotype208"
"PT17","TRB:CASSLDFLTDTQYF;TRA:CAPAASGNTPLVF",0,3,0.00100200400801603,0,0.265611825817351,1,FALSE,"clonotype94"
"PT17","TRB:CASSLDGGGFAQPQHF;TRA:CAMRSNTGGFKTIF",0,7,0.00233800935203741,0,0.0226931191436039,0.417621132896472,FALSE,"clonotype44"
"PT17","TRB:CASSLDGGYTGELFF;TRA:CAMREGGDRDDKIIF",0,1,0.000334001336005344,0,1,1,FALSE,"clonotype679"
"PT17","TRB:CASSLDGGYTGELFF;TRB:CSAARDTGELFF;TRA:CAMREGGDRDDKIIF;TRA:CAVNMENTGNQFYF",0,1,0.000334001336005344,0,1,1,FALSE,"clonotype237"
"PT17","TRB:CASSLDGPAEDF;TRA:CAARGTGRRALTF;TRA:CAENFSDSWGKLQF",0,1,0.000334001336005344,0,1,1,FALSE,"clonotype297"
"PT17","TRB:CASSLDGSLSLSNQPQHF;TRA:CATDKELIQGAQKLVF",0,1,0.000334001336005344,0,1,1,FALSE,"clonotype902"
"PT17","TRB:CASSLDLASGNTIYF;TRA:CVVRENSGYSTLTF",0,2,0.000668002672010688,0,0.510407883878234,1,FALSE,"clonotype197"
"PT17","TRB:CASSLDPGTQETQYF;TRA:CAVKEGGFGNVLHC",0,1,0.000334001336005344,0,1,1,FALSE,"clonotype593"
"PT17","TRB:CASSLDRGQHEQFF;TRA:CAVARGSGTYKYIF",0,1,0.000334001336005344,0,1,1,FALSE,"clonotype652"
"PT17","TRB:CASSLDRQGGEQYF;TRA:CAAQSGTYKYIF;TRA:CAETLLSYNTDKLIF",0,1,0.000334001336005344,0,1,1,FALSE,"clonotype592"
"PT17","TRB:CASSLDSMGQEWGRNQPQHF",0,1,0.000334001336005344,0,1,1,FALSE,"clonotype930"
"PT17","TRB:CASSLDSTPFVGELFF;TRA:CAVRDIVKAAGNKLTF",0,1,0.000334001336005344,0,1,1,FALSE,"clonotype791"
"PT17","TRB:CASSLDTAGYTQYF;TRB:CASSYSTPSQPQHF;TRA:CAPWWGTASKLTF",0,1,0.000334001336005344,0,1,1,FALSE,"clonotype518"
"PT17","TRB:CASSLDTGQGPETQYF;TRA:CALSAPAPNSGAGSYQLTF",0,3,0.00100200400801603,0,0.265611825817351,1,FALSE,"clonotype109"
"PT17","TRB:CASSLEAGTLGAYEQYF;TRA:CAVRDNPGGSGGGADGLTF",0,1,0.000334001336005344,0,1,1,FALSE,"clonotype898"
"PT17","TRB:CASSLEAYPRYEQYF;TRB:CASSYVRESEAFF;TRA:CAVDSGNQFYF",0,8,0.00267201068804275,0,0.0126048825080906,0.259030335541262,FALSE,"clonotype35"
"PT17","TRB:CASSLEDQGYEQFF;TRA:CALSEAEDTGFQKLVF",0,1,0.000334001336005344,0,1,1,FALSE,"clonotype681"
"PT17","TRB:CASSLEGQLNTEAFF",0,1,0.000334001336005344,0,1,1,FALSE,"clonotype574"
"PT17","TRB:CASSLELLAGGSTDTQYF;TRA:CIVTGQGAQKLVF",0,1,0.000334001336005344,0,1,1,FALSE,"clonotype912"
"PT17","TRB:CASSLEPNTEAFF;TRA:CALSDLADSGYALNF",0,1,0.000334001336005344,0,1,1,FALSE,"clonotype508"
"PT17","TRB:CASSLEQRGPYNEQFF;TRA:CVVIVLSGGYNKLIF",0,1,0.000334001336005344,0,1,1,FALSE,"clonotype785"
"PT17","TRB:CASSLETNTEAFF;TRA:CADRDDKIIF",0,1,0.000334001336005344,0,1,1,FALSE,"clonotype441"
"PT17","TRB:CASSLETTIDTGELFF",0,1,0.000334001336005344,0,1,1,FALSE,"clonotype719"
"PT17","TRB:CASSLFMGLTNEQFF;TRA:CAMREGSGTYKYIF",0,10,0.00334001336005344,0,0.00671342882638046,0.147815316837984,FALSE,"clonotype32"
"PT17","TRB:CASSLGAGEYNEQFF;TRA:CAVQVRSNDYKLSF",0,3,0.00100200400801603,0,0.265611825817351,1,FALSE,"clonotype113"
"PT17","TRB:CASSLGAGGQETQYF;TRA:CAFMKHEDRDDKIIF",0,1,0.000334001336005344,0,1,1,FALSE,"clonotype796"
"PT17","TRB:CASSLGAGPSEAFF;TRA:CAASHIANTGNQFYF;TRA:CAASIPGNTGKLIF",0,1,0.000334001336005344,0,1,1,FALSE,"clonotype642"
"PT17","TRB:CASSLGDYGYTF;TRA:CAPLIGYALNF",0,1,0.000334001336005344,0,1,1,FALSE,"clonotype397"
"PT17","TRB:CASSLGEGRVGELFF",0,1,0.000334001336005344,0,1,1,FALSE,"clonotype555"
"PT17","TRB:CASSLGGAGNTIYF",0,1,0.000334001336005344,0,1,1,FALSE,"clonotype568"
"PT17","TRB:CASSLGGEAFF;TRA:CAENRFSDGQKLLF",0,1,0.000334001336005344,0,1,1,FALSE,"clonotype269"
"PT17","TRB:CASSLGGGADEQYF;TRA:CVVSDRRNARLMF",0,1,0.000334001336005344,0,1,1,FALSE,"clonotype631"
"PT17","TRB:CASSLGGGAYEQYV;TRA:CAVTPPPGGFKTIF",0,1,0.000334001336005344,0,1,1,FALSE,"clonotype653"
"PT17","TRB:CASSLGGLKDTQYF",0,1,0.000334001336005344,0,1,1,FALSE,"clonotype432"
"PT17","TRB:CASSLGGLSRESYGYTF;TRA:CALPSPSNTGNQFYF",0,1,0.000334001336005344,0,1,1,FALSE,"clonotype869"
"PT17","TRB:CASSLGGNNEQFF;TRA:CAEKGKAGSQGNLIF",0,1,0.000334001336005344,0,1,1,FALSE,"clonotype520"
"PT17","TRB:CASSLGGSGNTIYF;TRA:CAVKISDGNKLVF",0,1,0.000334001336005344,0,1,1,FALSE,"clonotype637"
"PT17","TRB:CASSLGGSQETQYF;TRA:CALMENQGAQKLVF",0,2,0.000668002672010688,0,0.510407883878234,1,FALSE,"clonotype152"
"PT17","TRB:CASSLGGSSYEQYF;TRA:CAAARNTGNQFYF;TRA:CATNRGGSNYKLTF",0,3,0.00100200400801603,0,0.265611825817351,1,FALSE,"clonotype130"
"PT17","TRB:CASSLGGTAARSGNTIYF;TRA:CAMSLIQGAQKLVF",0,1,0.000334001336005344,0,1,1,FALSE,"clonotype903"
"PT17","TRB:CASSLGGTEAFF;TRA:CAVDPGPGAGSYQLTF",0,7,0.00233800935203741,0,0.0226931191436039,0.417621132896472,FALSE,"clonotype41"
"PT17","TRB:CASSLGHLNTEAFF;TRA:CGVLNAGNNRKLIW",0,1,0.000334001336005344,0,1,1,FALSE,"clonotype636"
"PT17","TRB:CASSLGIKKAGVSYNEQFF",0,1,0.000334001336005344,0,1,1,FALSE,"clonotype922"
"PT17","TRB:CASSLGIPGTGGYTF;TRA:CAERAGGYQKVTF",0,3,0.00100200400801603,0,0.265611825817351,1,FALSE,"clonotype104"
"PT17","TRB:CASSLGLAGAADTQYF;TRA:CATVNAGNNRKLIW",0,1,0.000334001336005344,0,1,1,FALSE,"clonotype850"
"PT17","TRB:CASSLGLVGEKLFF;TRA:CAMRENYGQNFVF",0,3,0.00100200400801603,0,0.265611825817351,1,FALSE,"clonotype161"
"PT17","TRB:CASSLGLVGEKLFF;TRA:CAMRENYGQNFVF",0,3,0.00100200400801603,0,0.265611825817351,1,FALSE,"clonotype522"
"PT17","TRB:CASSLGQLYEQYF",0,1,0.000334001336005344,0,1,1,FALSE,"clonotype339"
"PT17","TRB:CASSLGRDNEQFF;TRA:CAVEPWGGGETSGSRLTF",0,1,0.000334001336005344,0,1,1,FALSE,"clonotype521"
"PT17","TRB:CASSLGRGDSPLHF;TRA:CALYNQGGKLIF",0,1,0.000334001336005344,0,1,1,FALSE,"clonotype585"
"PT17","TRB:CASSLGRGERYEQFF",0,1,0.000334001336005344,0,1,1,FALSE,"clonotype716"
"PT17","TRB:CASSLGRSTDTQYF;TRA:CAASSYNFNKFYF",0,1,0.000334001336005344,0,1,1,FALSE,"clonotype614"
"PT17","TRB:CASSLGRTGVGNSPLHF;TRA:CVVGREGNNYQLIW",0,1,0.000334001336005344,0,1,1,FALSE,"clonotype856"
"PT17","TRB:CASSLGSGGVNTGELFF;TRA:CAMSLSNDYKLSF",0,3,0.00100200400801603,0,0.265611825817351,1,FALSE,"clonotype110"
"PT17","TRB:CASSLGSQGDTEAFF;TRA:CAVNKGYSSASKIIF",0,1,0.000334001336005344,0,1,1,FALSE,"clonotype779"
"PT17","TRB:CASSLGSSLLYGYTF",0,2,0.000668002672010688,0,0.510407883878234,1,FALSE,"clonotype552"
"PT17","TRB:CASSLGSSLLYGYTF",0,2,0.000668002672010688,0,0.510407883878234,1,FALSE,"clonotype553"
"PT17","TRB:CASSLGTDTEAFF;TRA:CALSHQTTQGGSEKLVF",0,4,0.00133600534402138,0,0.140665987840762,1,FALSE,"clonotype67"
"PT17","TRB:CASSLGTETEAFF;TRA:CATETGANNLFF",0,1,0.000334001336005344,0,1,1,FALSE,"clonotype373"
"PT17","TRB:CASSLGTGLNYGYTF;TRA:CAMRPAGNQFYF",0,2,0.000668002672010688,0,0.510407883878234,1,FALSE,"clonotype171"
"PT17","TRB:CASSLGTGWSEAFF;TRA:CAVTLNSNSGYALNF",0,1,0.000334001336005344,0,1,1,FALSE,"clonotype513"
"PT17","TRB:CASSLGTPDNSPLHF;TRA:CAAIRPGAGSYQLTF",0,2,0.000668002672010688,0,0.510407883878234,1,FALSE,"clonotype142"
"PT17","TRB:CASSLGTVGGDSPLHF;TRA:CAEYPRGSARQLTF;TRA:CALSGLGGYQKVTF",0,2,0.000668002672010688,0,0.510407883878234,1,FALSE,"clonotype209"
"PT17","TRB:CASSLGVGGNQPQHF;TRA:CAAKKGNYQLIW",0,1,0.000334001336005344,0,1,1,FALSE,"clonotype684"
"PT17","TRB:CASSLGWLAGADTQYF;TRA:CGTEYTGTASKLTF",0,1,0.000334001336005344,0,1,1,FALSE,"clonotype848"
"PT17","TRB:CASSLILAGGYNEQFF;TRA:CALFFLMDSNYQLIW",0,3,0.00100200400801603,0,0.265611825817351,1,FALSE,"clonotype122"
"PT17","TRB:CASSLLGEETQYF",0,1,0.000334001336005344,0,1,1,FALSE,"clonotype338"
"PT17","TRB:CASSLLLNGLSDTGRGYTF;TRA:CLVYSSASKIIF",0,1,0.000334001336005344,0,1,1,FALSE,"clonotype924"
"PT17","TRB:CASSLLSTGEVNEQYF",0,1,0.000334001336005344,0,1,1,FALSE,"clonotype811"
"PT17","TRB:CASSLLTGDGPQHF",0,1,0.000334001336005344,0,1,1,FALSE,"clonotype422"
"PT17","TRB:CASSLMGQGPGELFF",0,1,0.000334001336005344,0,1,1,FALSE,"clonotype573"
"PT17","TRB:CASSLNGGGQETQYF;TRA:CVVSPTDKLIF",0,1,0.000334001336005344,0,1,1,FALSE,"clonotype745"
"PT17","TRB:CASSLNGGLGEKLFF;TRA:CAVRDNNAGNMLTF",0,4,0.00133600534402138,0,0.140665987840762,1,FALSE,"clonotype105"
"PT17","TRB:CASSLNGGLGEKLFF;TRA:CAVRDNNAGNMLTF",0,4,0.00133600534402138,0,0.140665987840762,1,FALSE,"clonotype640"
"PT17","TRB:CASSLNLAANTIYF;TRA:CAMREGLGNNDMRF",0,6,0.00200400801603206,0,0.0412107805796623,0.635161155684045,FALSE,"clonotype50"
"PT17","TRB:CASSLNPWAGKEADTQYF;TRA:CAMRENNAGNMLTF;TRA:CAVSEGAGNTGKLIF",0,1,0.000334001336005344,0,1,1,FALSE,"clonotype920"
"PT17","TRB:CASSLPRSTSAAPAEQFF;TRA:CAARPGGSNYKLTF",0,1,0.000334001336005344,0,1,1,FALSE,"clonotype910"
"PT17","TRB:CASSLQAGTETQYF;TRA:CIVRDYYGGSQGNLIF",0,1,0.000334001336005344,0,1,1,FALSE,"clonotype466"
"PT17","TRB:CASSLQGEGYNEQFF;TRA:CVQGYSTLTF",0,2,0.000668002672010688,0,0.510407883878234,1,FALSE,"clonotype193"
"PT17","TRB:CASSLQGWYEQYF;TRA:CAGTEYGNKLVF",0,1,0.000334001336005344,0,1,1,FALSE,"clonotype474"
"PT17","TRB:CASSLRGAHNEQFF;TRA:CAASKGGNTPLVF;TRA:CAENKYSGGGADGLTF",0,90,0.030060120240481,0,1.89627466685014e-22,3.34015237746603e-20,TRUE,"clonotype7"
"PT17","TRB:CASSLRGAHNEQFF;TRA:CAASRGGNTPLVF",0,7,0.00233800935203741,0,0.0226931191436039,0.417621132896472,FALSE,"clonotype42"
"PT17","TRB:CASSLRGFSYEQYF;TRA:CAGGDYGNKLVF;TRA:CAVDVSNQAGTALIF",0,1,0.000334001336005344,0,1,1,FALSE,"clonotype448"
"PT17","TRB:CASSLRGGHETQYF;TRA:CAENRGYAGNMLTF",0,1,0.000334001336005344,0,1,1,FALSE,"clonotype656"
"PT17","TRB:CASSLRGLAGDLHDTQYF;TRA:CLAAGNKLTF",0,3,0.00100200400801603,0,0.265611825817351,1,FALSE,"clonotype125"
"PT17","TRB:CASSLRGRGEAKNIQYF",0,1,0.000334001336005344,0,1,1,FALSE,"clonotype887"
"PT17","TRB:CASSLRPTNEKLFF;TRA:CAVGRISSGSARQLTF",0,1,0.000334001336005344,0,1,1,FALSE,"clonotype674"
"PT17","TRB:CASSLRTGGNTEAFF;TRA:CATDPGNGNQFYF",0,2,0.000668002672010688,0,0.510407883878234,1,FALSE,"clonotype196"
"PT17","TRB:CASSLSGAEGYTF;TRA:CAETPPTGANNLFF",0,1,0.000334001336005344,0,1,1,FALSE,"clonotype505"
"PT17","TRB:CASSLSGRETQYF",0,3,0.00100200400801603,0,0.265611825817351,1,FALSE,"clonotype425"
"PT17","TRB:CASSLSGRETQYF",0,3,0.00100200400801603,0,0.265611825817351,1,FALSE,"clonotype426"
"PT17","TRB:CASSLSGRETQYF",0,3,0.00100200400801603,0,0.265611825817351,1,FALSE,"clonotype427"
"PT17","TRB:CASSLSGRETQYF;TRA:CAVRGTSGTYKYIF;TRA:CAVTRGYGQNFVF",0,3,0.00100200400801603,0,0.265611825817351,1,FALSE,"clonotype97"
"PT17","TRB:CASSLSGTEAFF;TRA:CAETPGAGGTSYGKLTF",0,1,0.000334001336005344,0,1,1,FALSE,"clonotype394"
"PT17","TRB:CASSLSGTGIYNEQFF;TRA:CAASEGREYGNKLVF",0,1,0.000334001336005344,0,1,1,FALSE,"clonotype875"
"PT17","TRB:CASSLSGTYEQYV;TRA:CALSEGYGGSQGNLIF",0,2,0.000668002672010688,0,0.510407883878234,1,FALSE,"clonotype146"
"PT17","TRB:CASSLSGVGQPQHF;TRA:CAMTYSSASKIIF",0,1,0.000334001336005344,0,1,1,FALSE,"clonotype655"
"PT17","TRB:CASSLSGVNTIYF;TRB:CASSPEGGWETQYF;TRA:CAMREGTDKLIF",0,2,0.000668002672010688,0,0.510407883878234,1,FALSE,"clonotype159"
"PT17","TRB:CASSLSGVYNEQFF;TRA:CAVSGNNRLAF",0,2,0.000668002672010688,0,0.510407883878234,1,FALSE,"clonotype165"
"PT17","TRB:CASSLSHGQPNEKLFF",0,1,0.000334001336005344,0,1,1,FALSE,"clonotype710"
"PT17","TRB:CASSLSPSGADTQYF;TRA:CARDRGSTLGRLYF",0,1,0.000334001336005344,0,1,1,FALSE,"clonotype639"
"PT17","TRB:CASSLSRLNTEAFF;TRA:CALKDDPRLMF",0,1,0.000334001336005344,0,1,1,FALSE,"clonotype583"
"PT17","TRB:CASSLSSGAHTQYF;TRA:CAETRSINAGKSTF",0,1,0.000334001336005344,0,1,1,FALSE,"clonotype651"
"PT17","TRB:CASSLSTGRSTEAFF;TRA:CAMRELGGGSNYKLTF",0,1,0.000334001336005344,0,1,1,FALSE,"clonotype683"
"PT17","TRB:CASSLSVGAGQPQHF;TRA:CAVQASGRQGAQKLVF",0,1,0.000334001336005344,0,1,1,FALSE,"clonotype781"
"PT17","TRB:CASSLSWPGPSYEQYF;TRA:CAVNARATTGNQFYF",0,1,0.000334001336005344,0,1,1,FALSE,"clonotype783"
"PT17","TRB:CASSLSYEQYV;TRA:CVVSSGAAGNKLTF",0,1,0.000334001336005344,0,1,1,FALSE,"clonotype305"
"PT17","TRB:CASSLTAQETQYF;TRA:CAAAGANFGNEKLTF",0,1,0.000334001336005344,0,1,1,FALSE,"clonotype546"
"PT17","TRB:CASSLTDNYEQYF;TRA:CAGEEAAGNKLTF",0,1,0.000334001336005344,0,1,1,FALSE,"clonotype453"
"PT17","TRB:CASSLTGVGYNEQFF;TRA:CATDGNARLMF",0,1,0.000334001336005344,0,1,1,FALSE,"clonotype737"
"PT17","TRB:CASSLTGVPYEQYF;TRA:CAVGPRARNTDKLIF",0,1,0.000334001336005344,0,1,1,FALSE,"clonotype666"
"PT17","TRB:CASSLTQSPYGYTF;TRA:CAPSNTGNQFYF",0,1,0.000334001336005344,0,1,1,FALSE,"clonotype449"
"PT17","TRB:CASSLTSASQTQYF;TRA:CAAKNNNNDMRF",0,1,0.000334001336005344,0,1,1,FALSE,"clonotype465"
"PT17","TRB:CASSLTSGRAVLSYNEQFF;TRA:CAVKLGLTGGGNKLTF",0,1,0.000334001336005344,0,1,1,FALSE,"clonotype928"
"PT17","TRB:CASSLTSPEVEKLFF;TRA:CAGQGINNAGNMLTF",0,1,0.000334001336005344,0,1,1,FALSE,"clonotype622"
"PT17","TRB:CASSLVAANTGELFF;TRA:CAMSWGEDDKIIF",0,3,0.00100200400801603,0,0.265611825817351,1,FALSE,"clonotype116"
"PT17","TRB:CASSLVAVGEMNTEAFF",0,1,0.000334001336005344,0,1,1,FALSE,"clonotype813"
"PT17","TRB:CASSLVEAFF;TRB:CASSVGGGTDTQYF;TRA:CAVVGDYKLSF",0,2,0.000668002672010688,0,0.510407883878234,1,FALSE,"clonotype136"
"PT17","TRB:CASSLVGARRDEQYF",0,5,0.00167000668002672,0,0.075645259906321,0.928623807843857,FALSE,"clonotype60"
"PT17","TRB:CASSLVGDGTEAFF;TRA:CAVSESSGAGSYQLTF",0,1,0.000334001336005344,0,1,1,FALSE,"clonotype675"
"PT17","TRB:CASSLVGDTQETQYF;TRA:CAVPDGATNKLIF",0,1,0.000334001336005344,0,1,1,FALSE,"clonotype641"
"PT17","TRB:CASSLVGGADSPLHF;TRA:CALSADTNAGKSTF;TRA:CAVELYNTDKLIF",0,1,0.000334001336005344,0,1,1,FALSE,"clonotype739"
"PT17","TRB:CASSLVGNTIYF;TRA:CAASVRGGADGLTF;TRA:CAAVPGSDRGSTLGRLYF",0,1,0.000334001336005344,0,1,1,FALSE,"clonotype398"
"PT17","TRB:CASSLVHRVETQYF",0,1,0.000334001336005344,0,1,1,FALSE,"clonotype570"
"PT17","TRB:CASSLVPAGGSTGELFF;TRA:CAVGRSGSARQLTF",0,1,0.000334001336005344,0,1,1,FALSE,"clonotype896"
"PT17","TRB:CASSLVPLTGELFF;TRA:CACRNSNSGYALNF",0,1,0.000334001336005344,0,1,1,FALSE,"clonotype608"
"PT17","TRB:CASSLVPYTEAFF",0,1,0.000334001336005344,0,1,1,FALSE,"clonotype423"
"PT17","TRB:CASSLVSGRGDTQYF;TRA:CALYNAGNNRKLIW;TRA:CAVGWSRSQGNLIF",0,1,0.000334001336005344,0,1,1,FALSE,"clonotype740"
"PT17","TRB:CASSLVSRTSGNTIYF;TRA:CAAARYSGNTPLVF",0,3,0.00100200400801603,0,0.265611825817351,1,FALSE,"clonotype121"
"PT17","TRB:CASSLVYGDRGNGYTF;TRA:CAVRISSGSARQLTF",0,1,0.000334001336005344,0,1,1,FALSE,"clonotype770"
"PT17","TRB:CASSLVYWGSSTDTQYF;TRA:CAGTLYYGGATNKLIF",0,1,0.000334001336005344,0,1,1,FALSE,"clonotype894"
"PT17","TRB:CASSLWGESYEQYF;TRA:CAVCRSQTSGSRLTF",0,1,0.000334001336005344,0,1,1,FALSE,"clonotype654"
"PT17","TRB:CASSLWGGSYNEQFF;TRA:CAVGGSDGQKLLF",0,1,0.000334001336005344,0,1,1,FALSE,"clonotype620"
"PT17","TRB:CASSLWGHGNQPQHF;TRB:CASSWQENTEAFF;TRA:CATASGTNAGKSTF",0,1,0.000334001336005344,0,1,1,FALSE,"clonotype487"
"PT17","TRB:CASSLWWDASSGNTIYF;TRA:CAASYGSGGGADGLTF",0,1,0.000334001336005344,0,1,1,FALSE,"clonotype911"
"PT17","TRB:CASSLWWGETQYF;TRA:CATAITNFGNEKLTF",0,1,0.000334001336005344,0,1,1,FALSE,"clonotype378"
"PT17","TRB:CASSLYEGTLDGYTF;TRA:CAGGPHTGFQKLVF",0,1,0.000334001336005344,0,1,1,FALSE,"clonotype627"
"PT17","TRB:CASSLYGGHPNTEAFF;TRA:CAMREGQVTGRRALTF;TRA:CATEGGNNRLAF",0,2,0.000668002672010688,0,0.510407883878234,1,FALSE,"clonotype204"
"PT17","TRB:CASSLYRRNTEAFF",0,1,0.000334001336005344,0,1,1,FALSE,"clonotype569"
"PT17","TRB:CASSMAWGGAQLRGEQFF;TRA:CAENIPLDSGSARQLTF;TRA:CAVVPSGGYNKLIF",0,2,0.000668002672010688,0,0.510407883878234,1,FALSE,"clonotype212"
"PT17","TRB:CASSMGGSGYTF;TRA:CGGSGANSKLTF",0,1,0.000334001336005344,0,1,1,FALSE,"clonotype287"
"PT17","TRB:CASSMTASYEQYF;TRA:CAVFPSGGYNKLIF",0,1,0.000334001336005344,0,1,1,FALSE,"clonotype377"
"PT17","TRB:CASSMTGTGGSTDTQYF;TRA:CAVNPSFTLTF",0,1,0.000334001336005344,0,1,1,FALSE,"clonotype827"
"PT17","TRB:CASSNEHYPSYNEQFF;TRA:CAPMGGGGNKLTF",0,1,0.000334001336005344,0,1,1,FALSE,"clonotype729"
"PT17","TRB:CASSNLAGTQETQYF;TRA:CAFIGDGGATNKLIF",0,3,0.00100200400801603,0,0.265611825817351,1,FALSE,"clonotype107"
"PT17","TRB:CASSNRDVETQYF;TRA:CAVGDTGGFKTIF",0,1,0.000334001336005344,0,1,1,FALSE,"clonotype350"
"PT17","TRB:CASSNRGAGELFF",0,1,0.000334001336005344,0,1,1,FALSE,"clonotype320"
"PT17","TRB:CASSNWGRGGNNSPLHF;TRA:CIVTSGGSNYKLTF",0,1,0.000334001336005344,0,1,1,FALSE,"clonotype888"
"PT17","TRB:CASSPAAGGLNQPQHF;TRA:CAMSLRDDKIIF",0,2,0.000668002672010688,0,0.510407883878234,1,FALSE,"clonotype210"
"PT17","TRB:CASSPAGLSGANVLTF;TRA:CVLGGSQGNLIF",0,1,0.000334001336005344,0,1,1,FALSE,"clonotype840"
"PT17","TRB:CASSPAGRGTEAFF;TRA:CAVFRTGGGADGLTF",0,2,0.000668002672010688,0,0.510407883878234,1,FALSE,"clonotype155"
"PT17","TRB:CASSPDGSSYEQYF;TRA:CAASRNLIKAAGNKLTF",0,5,0.00167000668002672,0,0.075645259906321,0.928623807843857,FALSE,"clonotype59"
"PT17","TRB:CASSPDLSSYNEQFF;TRA:CAGAVFQGAQKLVF",0,2,0.000668002672010688,0,0.510407883878234,1,FALSE,"clonotype194"
"PT17","TRB:CASSPDRDTEAFF;TRA:CAANMRTDKLIF",0,1,0.000334001336005344,0,1,1,FALSE,"clonotype462"
"PT17","TRB:CASSPDWTNYGYTF",0,1,0.000334001336005344,0,1,1,FALSE,"clonotype559"
"PT17","TRB:CASSPEAGTDTQYF;TRA:CALREWGGSEKLVF",0,1,0.000334001336005344,0,1,1,FALSE,"clonotype635"
"PT17","TRB:CASSPEEGQPQHF;TRA:CAANSGSARQLTF",0,1,0.000334001336005344,0,1,1,FALSE,"clonotype399"
"PT17","TRB:CASSPEGGGETQFF;TRA:CAEIANQAGTALIF",0,1,0.000334001336005344,0,1,1,FALSE,"clonotype510"
"PT17","TRB:CASSPEGGRDGQPQHF",0,1,0.000334001336005344,0,1,1,FALSE,"clonotype808"
"PT17","TRB:CASSPEGGWETQYF;TRA:CAMREGTDKLIF",0,1,0.000334001336005344,0,1,1,FALSE,"clonotype515"
"PT17","TRB:CASSPFIGGRDTEAFF;TRA:CAEINTGTASKLTF;TRA:CAVNIENRDDKIIF",0,1,0.000334001336005344,0,1,1,FALSE,"clonotype854"
"PT17","TRB:CASSPGALLGNEQFF;TRA:CAVGLYNQGGKLIF;TRA:CAVNRDGQKLLF",0,1,0.000334001336005344,0,1,1,FALSE,"clonotype732"
"PT17","TRB:CASSPGDGSPLHF;TRA:CAPLVDGGSEKLVF",0,1,0.000334001336005344,0,1,1,FALSE,"clonotype528"
"PT17","TRB:CASSPGFSRHYEQYF;TRA:CAMSATGTALIF",0,1,0.000334001336005344,0,1,1,FALSE,"clonotype757"
"PT17","TRB:CASSPGGDQDTQYF;TRA:CAVASWGRDDKIIF;TRA:CVVRVSGGGADGLTF",0,7,0.00233800935203741,0,0.0226931191436039,0.417621132896472,FALSE,"clonotype43"
"PT17","TRB:CASSPGGRAGDTQYF",0,1,0.000334001336005344,0,1,1,FALSE,"clonotype564"
"PT17","TRB:CASSPGGSNQPQHF",0,1,0.000334001336005344,0,1,1,FALSE,"clonotype439"
"PT17","TRB:CASSPGGYTEAFF;TRA:CGTEERPGGGADGLTF",0,1,0.000334001336005344,0,1,1,FALSE,"clonotype382"
"PT17","TRB:CASSPGLVAGELFF",0,1,0.000334001336005344,0,1,1,FALSE,"clonotype430"
"PT17","TRB:CASSPGLYNEQFF;TRA:CIVRVDSLSGYGGSQGNLIF",0,1,0.000334001336005344,0,1,1,FALSE,"clonotype391"
"PT17","TRB:CASSPGQGAYDYGYTF;TRA:CAPGGGADGLTF",0,1,0.000334001336005344,0,1,1,FALSE,"clonotype743"
"PT17","TRB:CASSPGRGGGAHSEQFF",0,1,0.000334001336005344,0,1,1,FALSE,"clonotype879"
"PT17","TRB:CASSPGSTSSGNTIYF",0,1,0.000334001336005344,0,1,1,FALSE,"clonotype700"
"PT17","TRB:CASSPGTAEAFF",0,2,0.000668002672010688,0,0.510407883878234,1,FALSE,"clonotype282"
"PT17","TRB:CASSPGTAEAFF",0,2,0.000668002672010688,0,0.510407883878234,1,FALSE,"clonotype283"
"PT17","TRB:CASSPGTAEAFF;TRA:CAVSDKVRGGKLIF",0,1,0.000334001336005344,0,1,1,FALSE,"clonotype307"
"PT17","TRB:CASSPGTAEAFF;TRA:CAVVEIGFGNVLHC",0,1,0.000334001336005344,0,1,1,FALSE,"clonotype308"
"PT17","TRB:CASSPGTGGRAGELFF;TRA:CAVRVDYGGATNKLIF",0,3,0.00100200400801603,0,0.265611825817351,1,FALSE,"clonotype123"
"PT17","TRB:CASSPGTGIGETQYF",0,1,0.000334001336005344,0,1,1,FALSE,"clonotype712"
"PT17","TRB:CASSPGTGSYGYTF;TRA:CAAGIDNAGNMLTF;TRA:CAGPVLSGSARQLTF",0,1,0.000334001336005344,0,1,1,FALSE,"clonotype613"
"PT17","TRB:CASSPGTGYAGELFF;TRA:CALSGRTGANNLFF;TRA:CAVEKLVF",0,1,0.000334001336005344,0,1,1,FALSE,"clonotype931"
"PT17","TRB:CASSPITGGAETQYF;TRA:CALAPGGGDMRF",0,1,0.000334001336005344,0,1,1,FALSE,"clonotype694"
"PT17","TRB:CASSPKDSQETQYF;TRA:CAMREEISSGSARQLTF",0,1,0.000334001336005344,0,1,1,FALSE,"clonotype923"
"PT17","TRB:CASSPLAGDSYEQYF;TRA:CAASNRGNTPLVF",0,1,0.000334001336005344,0,1,1,FALSE,"clonotype799"
"PT17","TRB:CASSPLAGGLNEQYF;TRB:CASSTGQSNTEAFF;TRA:CAALYGNKLVF",0,2,0.000668002672010688,0,0.510407883878234,1,FALSE,"clonotype189"
"PT17","TRB:CASSPLGQHHGYTF;TRA:CLVGDKNDYKLSF",0,1,0.000334001336005344,0,1,1,FALSE,"clonotype444"
"PT17","TRB:CASSPLWPGANVLTF;TRA:CALRGVQGAQKLVF",0,1,0.000334001336005344,0,1,1,FALSE,"clonotype738"
"PT17","TRB:CASSPMGGNYGYTF;TRA:CASEGSSNTGKLIF;TRA:CAVRYTGGGNKLTF",0,2,0.000668002672010688,0,0.510407883878234,1,FALSE,"clonotype168"
"PT17","TRB:CASSPMGQALGEQYF",0,1,0.000334001336005344,0,1,1,FALSE,"clonotype715"
"PT17","TRB:CASSPNQGKTANYGYTF;TRA:CAGQSGNTPLVF",0,1,0.000334001336005344,0,1,1,FALSE,"clonotype825"
"PT17","TRB:CASSPPQAGEGQPQHF;TRA:CAFEQNTPLVF;TRA:CAMSEYGNKLVF",0,1,0.000334001336005344,0,1,1,FALSE,"clonotype760"
"PT17","TRB:CASSPPQGGQSTGELFF;TRA:CAAKSGLDAGNNRKLIW;TRA:CAVLDTGGFKTIF",0,2,0.000668002672010688,0,0.510407883878234,1,FALSE,"clonotype206"
"PT17","TRB:CASSPPYPQIVNTEAFF",0,1,0.000334001336005344,0,1,1,FALSE,"clonotype818"
"PT17","TRB:CASSPQRGTGELFF;TRA:CAVRGQGGSEKLVF",0,1,0.000334001336005344,0,1,1,FALSE,"clonotype630"
"PT17","TRB:CASSPQTGSRYGYTF",0,1,0.000334001336005344,0,1,1,FALSE,"clonotype711"
"PT17","TRB:CASSPRDFPSSYNSPLHF;TRA:CALSEEPGGSYIPTF",0,2,0.000668002672010688,0,0.510407883878234,1,FALSE,"clonotype213"
"PT17","TRB:CASSPRGQGSNTEAFF;TRA:CAVNALNFGNEKLTF",0,1,0.000334001336005344,0,1,1,FALSE,"clonotype861"
"PT17","TRB:CASSPRGQRNEKLFF",0,1,0.000334001336005344,0,1,1,FALSE,"clonotype707"
"PT17","TRB:CASSPRLAGENTGELFF;TRA:CAFMNLSFNTNAGKSTF;TRA:CATVPAGGTSYGKLTF",0,2,0.000668002672010688,0,0.510407883878234,1,FALSE,"clonotype211"
"PT17","TRB:CASSPRLGGALYNEQFF;TRA:CAVTLPREAAGNKLTF",0,3,0.00100200400801603,0,0.265611825817351,1,FALSE,"clonotype118"
"PT17","TRB:CASSPRQDSNQPQHF;TRA:CALNTGGFKTIF",0,1,0.000334001336005344,0,1,1,FALSE,"clonotype802"
"PT17","TRB:CASSPRTIQETQYF;TRA:CAGPSGGSYIPTF",0,3,0.00100200400801603,0,0.265611825817351,1,FALSE,"clonotype98"
"PT17","TRB:CASSPRVAGGDPNHSGTQYF;TRA:CAVTPMYSGGGADGLTF",0,1,0.000334001336005344,0,1,1,FALSE,"clonotype925"
"PT17","TRB:CASSPRWGQGTTEAFF",0,1,0.000334001336005344,0,1,1,FALSE,"clonotype804"
"PT17","TRB:CASSPSASGYNEQFF;TRA:CAGQFMDSNYQLIW",0,1,0.000334001336005344,0,1,1,FALSE,"clonotype744"
"PT17","TRB:CASSPSFGRFMGELFF;TRA:CAESIGAGNNRKLIW",0,1,0.000334001336005344,0,1,1,FALSE,"clonotype787"
"PT17","TRB:CASSPSGASSYNEQFF",0,1,0.000334001336005344,0,1,1,FALSE,"clonotype809"
"PT17","TRB:CASSPSGLAGSGELFF;TRA:CALSRSNDYKLSF;TRA:CGTGEKKTSYDKVIF",0,5,0.00167000668002672,0,0.075645259906321,0.928623807843857,FALSE,"clonotype61"
"PT17","TRB:CASSPSGTGDEKLFF;TRA:CAASKGGNTPLVF",0,1,0.000334001336005344,0,1,1,FALSE,"clonotype750"
"PT17","TRB:CASSPSPTGYEQYF;TRA:CAVLDSGGSNYKLTF",0,1,0.000334001336005344,0,1,1,FALSE,"clonotype514"
"PT17","TRB:CASSPSQESSYNEQFF;TRA:CAHLGNQGGKLIF",0,1,0.000334001336005344,0,1,1,FALSE,"clonotype823"
"PT17","TRB:CASSPSSLYNEQFF;TRA:CAYKGHRDDKIIF",0,1,0.000334001336005344,0,1,1,FALSE,"clonotype664"
"PT17","TRB:CASSPTDYGNTIYF;TRA:CAIPNAGKSTF",0,1,0.000334001336005344,0,1,1,FALSE,"clonotype612"
"PT17","TRB:CASSPTGEKLFF;TRA:CAGALGTGTASKLTF",0,1,0.000334001336005344,0,1,1,FALSE,"clonotype362"
"PT17","TRB:CASSPTGESVGSPLHF;TRA:CVVSDPRMLIF",0,1,0.000334001336005344,0,1,1,FALSE,"clonotype833"
"PT17","TRB:CASSPTGFSGANVLTF;TRA:CVVTTGGGNKLTF",0,1,0.000334001336005344,0,1,1,FALSE,"clonotype847"
"PT17","TRB:CASSPTLAGSSYNEQFF;TRA:CAVRDSGANAGKSTF;TRA:CVVSDVVGSGGYNKLIF",0,2,0.000668002672010688,0,0.510407883878234,1,FALSE,"clonotype202"
"PT17","TRB:CASSPTLAKNIQYF;TRA:CAVAEAGDDKIIF",0,1,0.000334001336005344,0,1,1,FALSE,"clonotype476"
"PT17","TRB:CASSPTPDEQFF;TRA:CAVNDARLMF",0,2,0.000668002672010688,0,0.510407883878234,1,FALSE,"clonotype143"
"PT17","TRB:CASSPTSGEYNEQFF;TRA:CALSERGGGATNKLIF;TRA:CVVTPNNARLMF",0,1,0.000334001336005344,0,1,1,FALSE,"clonotype933"
"PT17","TRB:CASSPTSGNYGYTF",0,4,0.00133600534402138,0,0.140665987840762,1,FALSE,"clonotype74"
"PT17","TRB:CASSPVGLPSGTEAFF;TRA:CALPSAGGNNRLAF;TRA:CVVSEGGQKLLF",0,1,0.000334001336005344,0,1,1,FALSE,"clonotype839"
"PT17","TRB:CASSPVGQGGQETQYF;TRB:CASSYSGTEAFF;TRA:CAPARGGGADGLTF;TRA:CAVASLYNFNKFYF",0,1,0.000334001336005344,0,1,1,FALSE,"clonotype304"
"PT17","TRB:CASSPVGSSSNYGYTF;TRA:CAGEGNSGGSNYKLTF;TRA:CVVINNARLMF",0,1,0.000334001336005344,0,1,1,FALSE,"clonotype832"
"PT17","TRB:CASSPWDTSNSPLHF;TRA:CAFMNQGTNAGKSTF",0,2,0.000668002672010688,0,0.510407883878234,1,FALSE,"clonotype178"
"PT17","TRB:CASSPYFDGREQYF;TRA:CAMREGVQGGSEKLVF",0,1,0.000334001336005344,0,1,1,FALSE,"clonotype682"
"PT17","TRB:CASSQAFGGSSYNEQFF",0,2,0.000668002672010688,0,0.510407883878234,1,FALSE,"clonotype816"
"PT17","TRB:CASSQAFGGSSYNEQFF",0,2,0.000668002672010688,0,0.510407883878234,1,FALSE,"clonotype817"
"PT17","TRB:CASSQAFGGSSYNEQFF;TRA:CAFHMEYGNKLVF",0,6,0.00200400801603206,0,0.0412107805796623,0.635161155684045,FALSE,"clonotype52"
"PT17","TRB:CASSQAFGGSSYNEQFF;TRB:CASSQDRRAAFF;TRA:CAASRPSNTGKLIF;TRA:CAMRERTGANSKLTF",0,4,0.00133600534402138,0,0.140665987840762,1,FALSE,"clonotype69"
"PT17","TRB:CASSQATGVTEAFF",0,1,0.000334001336005344,0,1,1,FALSE,"clonotype438"
"PT17","TRB:CASSQDAGDRFYEQFF;TRA:CVLRNNNARLMF",0,2,0.000668002672010688,0,0.510407883878234,1,FALSE,"clonotype186"
"PT17","TRB:CASSQDAQGGELFF",0,1,0.000334001336005344,0,1,1,FALSE,"clonotype436"
"PT17","TRB:CASSQDGTRSSTDTQYF;TRA:CATDQGGGSEKLVF",0,1,0.000334001336005344,0,1,1,FALSE,"clonotype852"
"PT17","TRB:CASSQDHGTGVTEAFF;TRA:CAVLRGNAGNMLTF",0,1,0.000334001336005344,0,1,1,FALSE,"clonotype734"
"PT17","TRB:CASSQDPGLATYNEQFF;TRA:CAYRSTFYGGATNKLIF",0,1,0.000334001336005344,0,1,1,FALSE,"clonotype909"
"PT17","TRB:CASSQDRENTEAFF",0,1,0.000334001336005344,0,1,1,FALSE,"clonotype437"
"PT17","TRB:CASSQDSAAANTGELFF;TRA:CAVPSGGYNKLIF",0,1,0.000334001336005344,0,1,1,FALSE,"clonotype843"
"PT17","TRB:CASSQDSGQNTEAFF;TRA:CAAKGFGNVLHC;TRA:CADVTTDSWGKLQF",0,1,0.000334001336005344,0,1,1,FALSE,"clonotype747"
"PT17","TRB:CASSQDSSGNTIYF;TRA:CAVGAYSGGGADGLTF",0,1,0.000334001336005344,0,1,1,FALSE,"clonotype532"
"PT17","TRB:CASSQDVGAGNTIYF;TRA:CAMSDVDSGYALNF",0,1,0.000334001336005344,0,1,1,FALSE,"clonotype669"
"PT17","TRB:CASSQDVSNQPQHF;TRA:CAVQGSNDYKLSF",0,1,0.000334001336005344,0,1,1,FALSE,"clonotype478"
"PT17","TRB:CASSQDWAGSGAGELFF;TRA:CAANDYKLSF;TRA:CALSEAADSWGKFQF",0,1,0.000334001336005344,0,1,1,FALSE,"clonotype819"
"PT17","TRB:CASSQDWLQQGSYTGELFF;TRA:CADLRVGTYKYIF",0,1,0.000334001336005344,0,1,1,FALSE,"clonotype916"
"PT17","TRB:CASSQDYASGGRTSTDTQYF;TRA:CAMRKSNFGNEKLTF",0,1,0.000334001336005344,0,1,1,FALSE,"clonotype929"
"PT17","TRB:CASSQEAGDPYNEQFF;TRA:CAFMNNNAGNMLTF",0,1,0.000334001336005344,0,1,1,FALSE,"clonotype792"
"PT17","TRB:CASSQEFGRGTYGYTF;TRA:CAVSNSNSGYALNF",0,1,0.000334001336005344,0,1,1,FALSE,"clonotype733"
"PT17","TRB:CASSQEGGAYNEQFF;TRA:CALSEHGQKLLF",0,1,0.000334001336005344,0,1,1,FALSE,"clonotype658"
"PT17","TRB:CASSQEGGGRDIQYF;TRA:CATDPGSSNTGKLIF;TRA:CAVSRRRGGADGLTF",0,1,0.000334001336005344,0,1,1,FALSE,"clonotype659"
"PT17","TRB:CASSQEGPASVADTQYF;TRB:CASSSGPKDRIYGYTF;TRA:CAVRDSNYQLIW;TRA:CVVSGGNYQLIW",0,1,0.000334001336005344,0,1,1,FALSE,"clonotype821"
"PT17","TRB:CASSQEGRTYGYTF;TRA:CALSKTGANNLFF",0,1,0.000334001336005344,0,1,1,FALSE,"clonotype480"
"PT17","TRB:CASSQEGSGDTQPQHF;TRA:CAGGGQKLLF",0,1,0.000334001336005344,0,1,1,FALSE,"clonotype742"
"PT17","TRB:CASSQEKLPSLNYGYTF",0,1,0.000334001336005344,0,1,1,FALSE,"clonotype815"
"PT17","TRB:CASSQELADIYNEQFF;TRA:CAVKRGGSYIPTF",0,2,0.000668002672010688,0,0.510407883878234,1,FALSE,"clonotype185"
"PT17","TRB:CASSQEQGTTYGYTF;TRA:CAARPGGSYIPTF",0,1,0.000334001336005344,0,1,1,FALSE,"clonotype625"
"PT17","TRB:CASSQERARTQYF;TRA:CAVNGGGNQGGKLIF",0,6,0.00200400801603206,0,0.0412107805796623,0.635161155684045,FALSE,"clonotype49"
"PT17","TRB:CASSQERLRGYTDTQYF;TRA:CAASPGTYKYIF",0,1,0.000334001336005344,0,1,1,FALSE,"clonotype874"
"PT17","TRB:CASSQEVRRIYGYTF;TRA:CAGQTDAGNMLTF",0,1,0.000334001336005344,0,1,1,FALSE,"clonotype600"
"PT17","TRB:CASSQFSGQGNYGYTF;TRA:CATDASTGNQFYF",0,2,0.000668002672010688,0,0.510407883878234,1,FALSE,"clonotype187"
"PT17","TRB:CASSQGAVNQPQHF;TRA:CAVENYGGATNKLIF;TRA:CAVRDSGANAGKSTF",0,2,0.000668002672010688,0,0.510407883878234,1,FALSE,"clonotype158"
"PT17","TRB:CASSQGDRSPLHF;TRA:CAASSGGSYIPTF",0,4,0.00133600534402138,0,0.140665987840762,1,FALSE,"clonotype68"
"PT17","TRB:CASSQGGETQYF;TRA:CAVGPSHGQNFVF",0,1,0.000334001336005344,0,1,1,FALSE,"clonotype303"
"PT17","TRB:CASSQGGGRAATGELFF;TRA:CAGDPNNARLMF",0,1,0.000334001336005344,0,1,1,FALSE,"clonotype837"
"PT17","TRB:CASSQGIQGETQYF;TRB:CASSVGGEKGEIDEQYV;TRA:CAPSGPGSGGGADGLTF",0,1,0.000334001336005344,0,1,1,FALSE,"clonotype542"
"PT17","TRB:CASSQGLAGGVTNEQFF;TRA:CALRGYGGATNKLIF",0,3,0.00100200400801603,0,0.265611825817351,1,FALSE,"clonotype132"
"PT17","TRB:CASSQGPGELFF;TRA:CAESRSNDYKLSF",0,1,0.000334001336005344,0,1,1,FALSE,"clonotype235"
"PT17","TRB:CASSQGQGAETQYF;TRB:CSVEDKGQSPGQYV;TRA:CLVVGAGSNYQLIW",0,4,0.00133600534402138,0,0.140665987840762,1,FALSE,"clonotype75"
"PT17","TRB:CASSQGTGGGYEQYF;TRA:CAYRSNGGTSYGKLTF",0,1,0.000334001336005344,0,1,1,FALSE,"clonotype686"
"PT17","TRB:CASSQGVGYEQYF",0,1,0.000334001336005344,0,1,1,FALSE,"clonotype429"
"PT17","TRB:CASSQQGPNYGYTF;TRA:CAMRGARAGNNRKLIW",0,1,0.000334001336005344,0,1,1,FALSE,"clonotype539"
"PT17","TRB:CASSQQGPSSGERETQYF;TRA:CAMREPRSTGNQFYF",0,1,0.000334001336005344,0,1,1,FALSE,"clonotype907"
"PT17","TRB:CASSQQTGVTYGYTF",0,1,0.000334001336005344,0,1,1,FALSE,"clonotype575"
"PT17","TRB:CASSQRAGAYNEQFF;TRA:CAVGARGYSTLTF",0,1,0.000334001336005344,0,1,1,FALSE,"clonotype643"
"PT17","TRB:CASSQRFGGAQQGEQFF",0,1,0.000334001336005344,0,1,1,FALSE,"clonotype814"
"PT17","TRB:CASSQRGQGTDTQYF",0,1,0.000334001336005344,0,1,1,FALSE,"clonotype577"
"PT17","TRB:CASSQRLGQGDSPLHF;TRA:CAASGGGGGADGLTF",0,2,0.000668002672010688,0,0.510407883878234,1,FALSE,"clonotype201"
"PT17","TRB:CASSQRLSEAAFF;TRA:CALSDNGNQFYF;TRA:CATSRKGNQGGKLIF",0,1,0.000334001336005344,0,1,1,FALSE,"clonotype461"
"PT17","TRB:CASSQRQGAVSNYGYTF;TRA:CAASQRDSNYQLIW;TRA:CAGENRDDKIIF",0,1,0.000334001336005344,0,1,1,FALSE,"clonotype842"
"PT17","TRB:CASSQRRNSGNTIYF;TRA:CAVSPVGFSGGYNKLIF",0,1,0.000334001336005344,0,1,1,FALSE,"clonotype680"
"PT17","TRB:CASSQRRSNPSTDTQYF;TRA:CALAVFTGGGNKLTF",0,1,0.000334001336005344,0,1,1,FALSE,"clonotype858"
"PT17","TRB:CASSQSPTSYNEQFF;TRA:CALSEYGTDKLIF",0,2,0.000668002672010688,0,0.510407883878234,1,FALSE,"clonotype173"
"PT17","TRB:CASSQSQGGSQYV",0,1,0.000334001336005344,0,1,1,FALSE,"clonotype340"
"PT17","TRB:CASSQSSQEDQAFF;TRA:CAAVPTIGFGNVLHC;TRA:CAMRPLSGNTPLVF",0,1,0.000334001336005344,0,1,1,FALSE,"clonotype662"
"PT17","TRB:CASSQTGGGTGELFF;TRA:CALNPTQGGSEKLVF;TRA:CGAEFISNFGNEKLTF",0,4,0.00133600534402138,0,0.140665987840762,1,FALSE,"clonotype79"
"PT17","TRB:CASSQTSGADTGELFF;TRA:CAETSPRGNLIF",0,1,0.000334001336005344,0,1,1,FALSE,"clonotype749"
"PT17","TRB:CASSQVASYTEAFF;TRA:CAVNSENQGGKLIF",0,1,0.000334001336005344,0,1,1,FALSE,"clonotype496"
"PT17","TRB:CASSQVGANTGELFF;TRA:CAVGSFQKLVF",0,1,0.000334001336005344,0,1,1,FALSE,"clonotype609"
"PT17","TRB:CASSQVGGGRPETQYF;TRA:CVVWGTGTASKLTF",0,1,0.000334001336005344,0,1,1,FALSE,"clonotype786"
"PT17","TRB:CASSQVLDTGYEQYV;TRA:CAWNTGFQKLVF",0,1,0.000334001336005344,0,1,1,FALSE,"clonotype588"
"PT17","TRB:CASSQVLGGRYNEQFF;TRA:CVVREDTNAGKSTF",0,2,0.000668002672010688,0,0.510407883878234,1,FALSE,"clonotype199"
"PT17","TRB:CASSQVLSNEQFF;TRA:CIVRVGQGGSEKLVF",0,1,0.000334001336005344,0,1,1,FALSE,"clonotype353"
"PT17","TRB:CASSQVYPINYGYTF;TRA:CAASDKAAGNKLTF",0,1,0.000334001336005344,0,1,1,FALSE,"clonotype692"
"PT17","TRB:CASSQYRGRRYEQYF;TRA:CAFPPQGGSEKLVF;TRA:CAYRDSYSGGGADGLTF",0,1,0.000334001336005344,0,1,1,FALSE,"clonotype790"
"PT17","TRB:CASSRGLTSTDTQYF;TRA:CAVPFGNEKLTF",0,1,0.000334001336005344,0,1,1,FALSE,"clonotype624"
"PT17","TRB:CASSRGRVSSGANVLTF;TRA:CAMGGTASKLTF",0,1,0.000334001336005344,0,1,1,FALSE,"clonotype859"
"PT17","TRB:CASSRGSSYEQYF;TRA:CAVKIGDDKIIF",0,1,0.000334001336005344,0,1,1,FALSE,"clonotype364"
"PT17","TRB:CASSRIAGATDTQYF;TRA:CAVITMDSNYQLIW;TRA:CLVGDATGGGNKLTF",0,1,0.000334001336005344,0,1,1,FALSE,"clonotype735"
"PT17","TRB:CASSRLTEQFF;TRA:CADHPTLNFGNEKLTF",0,1,0.000334001336005344,0,1,1,FALSE,"clonotype268"
"PT17","TRB:CASSRNSGRTPDTQYF;TRA:CAVGFSYDKVIF",0,1,0.000334001336005344,0,1,1,FALSE,"clonotype748"
"PT17","TRB:CASSRPGGQGTQYF;TRA:CAERNSSASKIIF",0,1,0.000334001336005344,0,1,1,FALSE,"clonotype446"
"PT17","TRB:CASSRQGKEKLFF;TRA:CLVGRGMNSGYSTLTF",0,1,0.000334001336005344,0,1,1,FALSE,"clonotype464"
"PT17","TRB:CASSRQGNVGANVLTF",0,1,0.000334001336005344,0,1,1,FALSE,"clonotype720"
"PT17","TRB:CASSRRETEAFF;TRA:CAENRASKIIF",0,1,0.000334001336005344,0,1,1,FALSE,"clonotype354"
"PT17","TRB:CASSRRQEGTEAFF;TRA:CAVRFGSNYKLTF",0,1,0.000334001336005344,0,1,1,FALSE,"clonotype495"
"PT17","TRB:CASSRRTSGGSTDTQYF;TRA:CIVRVVTNAGKSTF",0,1,0.000334001336005344,0,1,1,FALSE,"clonotype826"
"PT17","TRB:CASSRSDTGELFF;TRA:CALSGGGKLIF",0,1,0.000334001336005344,0,1,1,FALSE,"clonotype365"
"PT17","TRB:CASSRTDSSTDTQYF;TRA:CAVSEGDSGGYQKVTF",0,1,0.000334001336005344,0,1,1,FALSE,"clonotype676"
"PT17","TRB:CASSRTGDSGNTIYF;TRA:CALGTQGGSEKLVF",0,1,0.000334001336005344,0,1,1,FALSE,"clonotype601"
"PT17","TRB:CASSRTGINQPQHF",0,1,0.000334001336005344,0,1,1,FALSE,"clonotype405"
"PT17","TRB:CASSRTGRNTEAFF;TRA:CAATARYYGGSQGNLIF",0,1,0.000334001336005344,0,1,1,FALSE,"clonotype525"
"PT17","TRB:CASSRTSGGSSSYNEQFF;TRA:CAMRRSQGAQKLVF",0,1,0.000334001336005344,0,1,1,FALSE,"clonotype905"
"PT17","TRB:CASSRTVSGNTIYF;TRA:CAGQLLGGGADGLTF",0,1,0.000334001336005344,0,1,1,FALSE,"clonotype472"
"PT17","TRB:CASSRVGTGNTIYF;TRA:CALEYGNKLVF",0,1,0.000334001336005344,0,1,1,FALSE,"clonotype584"
"PT17","TRB:CASSRVKGFDNQPQHF;TRA:CAMRDARSYNTDKLIF;TRA:CIVRVQKLLF",0,1,0.000334001336005344,0,1,1,FALSE,"clonotype722"
"PT17","TRB:CASSRVVGTEQETQYF;TRA:CASLKYPGGNQFYF",0,1,0.000334001336005344,0,1,1,FALSE,"clonotype784"
"PT17","TRB:CASSSAGDYNEQFF;TRA:CAVKNQAGTALIF",0,1,0.000334001336005344,0,1,1,FALSE,"clonotype617"
"PT17","TRB:CASSSDLSSYEQYV;TRA:CAVYTYNFNKFYF",0,1,0.000334001336005344,0,1,1,FALSE,"clonotype477"
"PT17","TRB:CASSSDRPGADTQYF;TRA:CAAAFNKFYF",0,2,0.000668002672010688,0,0.510407883878234,1,FALSE,"clonotype175"
"PT17","TRB:CASSSDRSGSPLHF;TRA:CAVSDRSQFYF",0,1,0.000334001336005344,0,1,1,FALSE,"clonotype607"
"PT17","TRB:CASSSFGLAGGNLYNEQFF;TRA:CAVSFGTGTASKLTF",0,1,0.000334001336005344,0,1,1,FALSE,"clonotype927"
"PT17","TRB:CASSSFTGTVIHTQYF",0,1,0.000334001336005344,0,1,1,FALSE,"clonotype704"
"PT17","TRB:CASSSFVWLSNTGELFF;TRA:CAALNNAGNMLTF",0,1,0.000334001336005344,0,1,1,FALSE,"clonotype851"
"PT17","TRB:CASSSGADSSGNTIYF;TRA:CALGLSGYSTLTF",0,1,0.000334001336005344,0,1,1,FALSE,"clonotype731"
"PT17","TRB:CASSSGGTGEKLFF;TRA:CAVGRSNTGNQFYF",0,1,0.000334001336005344,0,1,1,FALSE,"clonotype512"
"PT17","TRB:CASSSGQGLQETQYF;TRA:CALSFHSWGKFQF",0,1,0.000334001336005344,0,1,1,FALSE,"clonotype621"
"PT17","TRB:CASSSGQGTYGYTF;TRA:CAASPENAGNMLTF",0,1,0.000334001336005344,0,1,1,FALSE,"clonotype691"
"PT17","TRB:CASSSGQGTYGYTF;TRA:CAEILGNQFYF",0,2,0.000668002672010688,0,0.510407883878234,1,FALSE,"clonotype166"
"PT17","TRB:CASSSGRPMNTEAFF;TRA:CALSELGTNAGKSTF",0,2,0.000668002672010688,0,0.510407883878234,1,FALSE,"clonotype182"
"PT17","TRB:CASSSGRQGDTEAFF;TRA:CAVNKGYSSASKIIF",0,1,0.000334001336005344,0,1,1,FALSE,"clonotype778"
"PT17","TRB:CASSSGRYSTDTQYF;TRA:CAAVFNAGKSTF",0,1,0.000334001336005344,0,1,1,FALSE,"clonotype797"
"PT17","TRB:CASSSGTAGDTQYF;TRA:CAVGAGGTSYGKLTF",0,2,0.000668002672010688,0,0.510407883878234,1,FALSE,"clonotype172"
"PT17","TRB:CASSSGTPGTEAFF",0,1,0.000334001336005344,0,1,1,FALSE,"clonotype567"
"PT17","TRB:CASSSGTVSNNEQFF;TRA:CAVDRGSTLGRLYF",0,1,0.000334001336005344,0,1,1,FALSE,"clonotype646"
"PT17","TRB:CASSSHLAGGRIGETQYF;TRA:CAARTPYKLSF",0,1,0.000334001336005344,0,1,1,FALSE,"clonotype890"
"PT17","TRB:CASSSIDKRGNTIYF;TRA:CAVQADWNSGGATNKLIF",0,1,0.000334001336005344,0,1,1,FALSE,"clonotype795"
"PT17","TRB:CASSSLDRSAYNEQFF",0,1,0.000334001336005344,0,1,1,FALSE,"clonotype807"
"PT17","TRB:CASSSLEGERNNEQFF;TRA:CAVKANTGFQKLVF",0,1,0.000334001336005344,0,1,1,FALSE,"clonotype855"
"PT17","TRB:CASSSLQGSDTEAFF;TRA:CGTARGSTLGRLYF",0,1,0.000334001336005344,0,1,1,FALSE,"clonotype759"
"PT17","TRB:CASSSLRGPDEAFF",0,1,0.000334001336005344,0,1,1,FALSE,"clonotype407"
"PT17","TRB:CASSSMDGSEDYGYTF;TRA:CAPRPSGTYKYIF",0,1,0.000334001336005344,0,1,1,FALSE,"clonotype877"
"PT17","TRB:CASSSNPGTDNEKLFF;TRA:CAGLKFQGAQKLVF",0,2,0.000668002672010688,0,0.510407883878234,1,FALSE,"clonotype195"
"PT17","TRB:CASSSNYGYTF;TRA:CAVASGGSYIPTF",0,1,0.000334001336005344,0,1,1,FALSE,"clonotype264"
"PT17","TRB:CASSSPAGFFGGYTF",0,1,0.000334001336005344,0,1,1,FALSE,"clonotype565"
"PT17","TRB:CASSSPGANYGYTF;TRA:CAGSRNFNKFYF",0,1,0.000334001336005344,0,1,1,FALSE,"clonotype468"
"PT17","TRB:CASSSPQDYEQYF;TRA:CAPLGESNTGKLIF",0,1,0.000334001336005344,0,1,1,FALSE,"clonotype490"
"PT17","TRB:CASSSPQDYEQYF;TRA:CAVNTPGTYKYIF",0,1,0.000334001336005344,0,1,1,FALSE,"clonotype475"
"PT17","TRB:CASSSPRKGVNTEAFF;TRA:CAVKNEKLTF",0,1,0.000334001336005344,0,1,1,FALSE,"clonotype730"
"PT17","TRB:CASSSPRTGALWETQYF;TRA:CATDGYSSASKIIF",0,1,0.000334001336005344,0,1,1,FALSE,"clonotype895"
"PT17","TRB:CASSSQGASDEQFF;TRA:CAVSSNRDDKIIF",0,1,0.000334001336005344,0,1,1,FALSE,"clonotype482"
"PT17","TRB:CASSSQGQGEEAFF;TRA:CAVNRGSTLGRLYF",0,1,0.000334001336005344,0,1,1,FALSE,"clonotype483"
"PT17","TRB:CASSSQGRTQETQYF;TRA:CAMKKGGFGNVLHC",0,1,0.000334001336005344,0,1,1,FALSE,"clonotype668"
"PT17","TRB:CASSSQTDYEQYV;TRA:CAVNSPGAGSYQLTF",0,1,0.000334001336005344,0,1,1,FALSE,"clonotype507"
"PT17","TRB:CASSSRAGSSTDTQYF;TRA:CAASKGSNYQLIW",0,4,0.00133600534402138,0,0.140665987840762,1,FALSE,"clonotype81"
"PT17","TRB:CASSSRDRALGFHTDTQYF;TRA:CATQGGSEKLVF",0,1,0.000334001336005344,0,1,1,FALSE,"clonotype918"
"PT17","TRB:CASSSRQGPMYEQYF;TRA:CALSEAGYSTLTF",0,1,0.000334001336005344,0,1,1,FALSE,"clonotype777"
"PT17","TRB:CASSSSGANVLTF;TRB:CASSVRTASYEQYV;TRA:CAVSGGGADGLTF",0,1,0.000334001336005344,0,1,1,FALSE,"clonotype493"
"PT17","TRB:CASSSSQGGSYNEQFF;TRA:CVVTRISGYSTLTF",0,1,0.000334001336005344,0,1,1,FALSE,"clonotype772"
"PT17","TRB:CASSSSWGEGYTF;TRA:CAGNYGGSQGNLIF",0,1,0.000334001336005344,0,1,1,FALSE,"clonotype356"
"PT17","TRB:CASSSTGAALNTEAFF;TRA:CAALGAGSYQLTF",0,1,0.000334001336005344,0,1,1,FALSE,"clonotype741"
"PT17","TRB:CASSSTGAPNEKLFF;TRA:CAASMRGSSNTGKLIF",0,1,0.000334001336005344,0,1,1,FALSE,"clonotype936"
"PT17","TRB:CASSSTGGSGANVLTF;TRA:CAASINTDKLIF",0,1,0.000334001336005344,0,1,1,FALSE,"clonotype834"
"PT17","TRB:CASSSTGIGAGELFF;TRA:CAASRGFGNVLHC;TRA:CAATSYGKLTF",0,1,0.000334001336005344,0,1,1,FALSE,"clonotype736"
"PT17","TRB:CASSSTGILAYSNQPQHF;TRA:CATDGVDQTGANNLFF",0,1,0.000334001336005344,0,1,1,FALSE,"clonotype901"
"PT17","TRB:CASSSTGPGTYEKLFF;TRA:CATDEGTYKYIF",0,1,0.000334001336005344,0,1,1,FALSE,"clonotype746"
"PT17","TRB:CASSSTPGNTIYF;TRA:CAVTLNTGFQKLVF",0,1,0.000334001336005344,0,1,1,FALSE,"clonotype367"
"PT17","TRB:CASSSTSGGPTDTQYF;TRA:CAVNHNTDKLIF",0,2,0.000668002672010688,0,0.510407883878234,1,FALSE,"clonotype207"
"PT17","TRB:CASSSVRGDQPQHF;TRA:CAARISGSARQLTF",0,1,0.000334001336005344,0,1,1,FALSE,"clonotype548"
"PT17","TRB:CASSSYYTDRETQYF;TRA:CAESPNTGKLIF",0,1,0.000334001336005344,0,1,1,FALSE,"clonotype619"
"PT17","TRB:CASSTGDAGAYGYTF;TRA:CALLTLNAGGTSYGKLTF",0,1,0.000334001336005344,0,1,1,FALSE,"clonotype645"
"PT17","TRB:CASSTGISGDTEAFF;TRA:CAVRPNWNTGNQFYF",0,1,0.000334001336005344,0,1,1,FALSE,"clonotype660"
"PT17","TRB:CASSTGQNQETQYF;TRA:CAVRAYNFNKFYF",0,2,0.000668002672010688,0,0.510407883878234,1,FALSE,"clonotype156"
"PT17","TRB:CASSTGTSAQETQYF;TRA:CALIGGYGGSQGNLIF",0,1,0.000334001336005344,0,1,1,FALSE,"clonotype780"
"PT17","TRB:CASSTGVSGGSTDTQYF;TRA:CAVGRLNQGGKLIF",0,1,0.000334001336005344,0,1,1,FALSE,"clonotype899"
"PT17","TRB:CASSTMFQVEEAFF;TRA:CALSGRAFTGANSKLTF",0,1,0.000334001336005344,0,1,1,FALSE,"clonotype541"
"PT17","TRB:CASSTNRLAGDVTGELFF;TRA:CAVEAFSNSGYALNF",0,1,0.000334001336005344,0,1,1,FALSE,"clonotype919"
"PT17","TRB:CASSTNSRDRAHYGYTF;TRA:CAVMEYGNKLVF",0,1,0.000334001336005344,0,1,1,FALSE,"clonotype844"
"PT17","TRB:CASSTQDRGTDEQFF;TRA:CALFHTGKLIF",0,1,0.000334001336005344,0,1,1,FALSE,"clonotype763"
"PT17","TRB:CASSTTTHGPEAFF",0,1,0.000334001336005344,0,1,1,FALSE,"clonotype404"
"PT17","TRB:CASSTYPGTGAYNEQFF;TRA:CAEKRVHGNQFYF;TRA:CAVNMRTSGTYKYIF",0,1,0.000334001336005344,0,1,1,FALSE,"clonotype846"
"PT17","TRB:CASSVASMTALNTEAFF;TRA:CAYERDDKIIF",0,1,0.000334001336005344,0,1,1,FALSE,"clonotype853"
"PT17","TRB:CASSVDLASSEQYF",0,1,0.000334001336005344,0,1,1,FALSE,"clonotype440"
"PT17","TRB:CASSVEDQNTGELFF;TRA:CAVSGDNFNKFYF;TRA:CVVSERGFNKFYF",0,1,0.000334001336005344,0,1,1,FALSE,"clonotype589"
"PT17","TRB:CASSVEDRGTQYF;TRA:CALSDRGVERRGAQKLVF",0,1,0.000334001336005344,0,1,1,FALSE,"clonotype395"
"PT17","TRB:CASSVETSGAYNEQFF;TRA:CAVYLYGQNFVF",0,1,0.000334001336005344,0,1,1,FALSE,"clonotype726"
"PT17","TRB:CASSVFVSGTPTEAFF;TRA:CAERGSGGYNKLIF",0,1,0.000334001336005344,0,1,1,FALSE,"clonotype765"
"PT17","TRB:CASSVGGAGGYNEQFF;TRA:CAVSDLINTDKLIF",0,1,0.000334001336005344,0,1,1,FALSE,"clonotype774"
"PT17","TRB:CASSVGGQVETQYF",0,1,0.000334001336005344,0,1,1,FALSE,"clonotype572"
"PT17","TRB:CASSVGLAGGPRDNEQFF;TRA:CAMREYNTGFQKLVF",0,1,0.000334001336005344,0,1,1,FALSE,"clonotype908"
"PT17","TRB:CASSVGVRLDNTGELFF;TRA:CAAYSGYSTLTF",0,1,0.000334001336005344,0,1,1,FALSE,"clonotype845"
"PT17","TRB:CASSVLGNSGNTIYF",0,1,0.000334001336005344,0,1,1,FALSE,"clonotype706"
"PT17","TRB:CASSVQAYNEQFF;TRA:CAVAVTSGSRLTF",0,2,0.000668002672010688,0,0.510407883878234,1,FALSE,"clonotype151"
"PT17","TRB:CASSVRTTENEKLFF;TRA:CALRGSSASKIIF",0,1,0.000334001336005344,0,1,1,FALSE,"clonotype663"
"PT17","TRB:CASSVSEGGGETQYF;TRA:CALPSLYNFNKFYF",0,1,0.000334001336005344,0,1,1,FALSE,"clonotype603"
"PT17","TRB:CASSVSRGGYTF;TRA:CATDWYNNDMRF",0,1,0.000334001336005344,0,1,1,FALSE,"clonotype292"
"PT17","TRB:CASSVTHTGEETQYF;TRA:CAVAEGNSGGSNYKLTF",0,1,0.000334001336005344,0,1,1,FALSE,"clonotype794"
"PT17","TRB:CASSVTRDTEAFF;TRA:CALSEARTGANNLFF",0,1,0.000334001336005344,0,1,1,FALSE,"clonotype533"
"PT17","TRB:CASSVVQGYEQYV;TRA:CAVIAAGGTSYGKLTF",0,1,0.000334001336005344,0,1,1,FALSE,"clonotype385"
"PT17","TRB:CASSVWAGEKSYEQYF;TRA:CALIRAYSGAGSYQLTF",0,1,0.000334001336005344,0,1,1,FALSE,"clonotype873"
"PT17","TRB:CASSWASGGADTQYF;TRA:CAARDTGRRALTF",0,5,0.00167000668002672,0,0.075645259906321,0.928623807843857,FALSE,"clonotype54"
"PT17","TRB:CASSWDRDTQYF",0,1,0.000334001336005344,0,1,1,FALSE,"clonotype284"
"PT17","TRB:CASSWDRGSGELFF;TRA:CAASAGGGSQGNLIF",0,1,0.000334001336005344,0,1,1,FALSE,"clonotype545"
"PT17","TRB:CASSWGPGELFF;TRA:CGSFGNEKLTF",0,1,0.000334001336005344,0,1,1,FALSE,"clonotype286"
"PT17","TRB:CASSWGPGPNEQFF",0,1,0.000334001336005344,0,1,1,FALSE,"clonotype406"
"PT17","TRB:CASSWGVGGTEAFF",0,1,0.000334001336005344,0,1,1,FALSE,"clonotype410"
"PT17","TRB:CASSWTGNTGELFF;TRA:CAVSEWSGAGSYQLTF",0,1,0.000334001336005344,0,1,1,FALSE,"clonotype523"
"PT17","TRB:CASSWVTGELFF;TRA:CALSGGGKLIF;TRA:CAVRDEAGGSYIPTF",0,3,0.00100200400801603,0,0.265611825817351,1,FALSE,"clonotype88"
"PT17","TRB:CASSYELADHTGELFF;TRA:CAYRSARNAGNMLTF",0,1,0.000334001336005344,0,1,1,FALSE,"clonotype868"
"PT17","TRB:CASSYGGINEQFF",0,1,0.000334001336005344,0,1,1,FALSE,"clonotype337"
"PT17","TRB:CASSYHGELFF;TRA:CAASLTEGYQGGSEKLVF",0,12,0.00400801603206413,0,0.00187191944702714,0.0536762018182434,FALSE,"clonotype28"
"PT17","TRB:CASSYIRGATEAFF",0,1,0.000334001336005344,0,1,1,FALSE,"clonotype413"
"PT17","TRB:CASSYIRGSPLHF;TRA:CAVQAGSGNKLVF",0,1,0.000334001336005344,0,1,1,FALSE,"clonotype363"
"PT17","TRB:CASSYLGVGDQPQHF;TRA:CAEVRGQKLLF",0,1,0.000334001336005344,0,1,1,FALSE,"clonotype605"
"PT17","TRB:CASSYNREQPQHF;TRA:CAVNIVTGNQFYF",0,1,0.000334001336005344,0,1,1,FALSE,"clonotype369"
"PT17","TRB:CASSYPGGGQPQHF;TRA:CAATSGGSYIPTF",0,1,0.000334001336005344,0,1,1,FALSE,"clonotype467"
"PT17","TRB:CASSYPSIIGGSGELFF;TRA:CAVDRPGNTPLVF",0,1,0.000334001336005344,0,1,1,FALSE,"clonotype830"
"PT17","TRB:CASSYQGGLGMTEAFF",0,1,0.000334001336005344,0,1,1,FALSE,"clonotype702"
"PT17","TRB:CASSYRGGATEAFF;TRA:CAASLGGSNYKLTF",0,1,0.000334001336005344,0,1,1,FALSE,"clonotype544"
"PT17","TRB:CASSYRGGDTEAFF;TRA:CVVRQYGNKLVF",0,1,0.000334001336005344,0,1,1,FALSE,"clonotype616"
"PT17","TRB:CASSYRGTHNEQFF;TRA:CAASKGGNTPLVF",0,30,0.0100200400801603,0,6.02103051083646e-08,4.12440589992298e-06,TRUE,"clonotype15"
"PT17","TRB:CASSYRPDYNEQFF;TRA:CAVQGRGNTPLVF",0,1,0.000334001336005344,0,1,1,FALSE,"clonotype469"
"PT17","TRB:CASSYRRISSGNTIYF;TRA:CAVRSQSGSEKLVF",0,1,0.000334001336005344,0,1,1,FALSE,"clonotype753"
"PT17","TRB:CASSYRVNQPQHF;TRA:CAENMNSGGYQKVTF;TRA:CAVRPNTNAGKSTF",0,1,0.000334001336005344,0,1,1,FALSE,"clonotype371"
"PT17","TRB:CASSYSAGESYEQYF;TRA:CAVADSNYQLIW",0,1,0.000334001336005344,0,1,1,FALSE,"clonotype581"
"PT17","TRB:CASSYSERDPRTQYF;TRA:CVVSRSGSSNTGKLIF",0,1,0.000334001336005344,0,1,1,FALSE,"clonotype670"
"PT17","TRB:CASSYSGTEAFF",0,4,0.00133600534402138,0,0.140665987840762,1,FALSE,"clonotype65"
"PT17","TRB:CASSYSGTEAFF;TRA:CAPARGGGADGLTF",0,6,0.00200400801603206,0,0.0412107805796623,0.635161155684045,FALSE,"clonotype48"
"PT17","TRB:CASSYSHDLQGEAFF;TRA:CALSEEGAQKLVF",0,1,0.000334001336005344,0,1,1,FALSE,"clonotype665"
"PT17","TRB:CASSYSKRDGSYEQYF;TRA:CATEAMNRDDKIIF",0,1,0.000334001336005344,0,1,1,FALSE,"clonotype755"
"PT17","TRB:CASSYSMASGDNEQFF;TRA:CATEEMNRDDKIIF",0,1,0.000334001336005344,0,1,1,FALSE,"clonotype752"
"PT17","TRB:CASSYSRGTNYGYTF;TRA:CAYRSAYYEAGGGADGLTF",0,2,0.000668002672010688,0,0.510407883878234,1,FALSE,"clonotype181"
"PT17","TRB:CASSYSRNNEQFF;TRA:CAVEDPILPGNTPLVF;TRA:CAVGSGNTPLVF",0,1,0.000334001336005344,0,1,1,FALSE,"clonotype359"
"PT17","TRB:CASSYSRTGDTGELFF;TRA:CAVEDMNRDDKIIF",0,1,0.000334001336005344,0,1,1,FALSE,"clonotype756"
"PT17","TRB:CASSYTGTEGNQPQHF;TRA:CAAQGADSWGKLQF;TRA:CAENFWMDSSYKLIF",0,2,0.000668002672010688,0,0.510407883878234,1,FALSE,"clonotype200"
"PT17","TRB:CASSYWAGEGNEQFF;TRA:CAVSISNARLMF",0,1,0.000334001336005344,0,1,1,FALSE,"clonotype606"
"PT17","TRB:CASTDGNTGELFF;TRA:CAFYSSASKIIF",0,1,0.000334001336005344,0,1,1,FALSE,"clonotype375"
"PT17","TRB:CASTESGGGTYEQYF;TRA:CAVENTGNQFYF",0,2,0.000668002672010688,0,0.510407883878234,1,FALSE,"clonotype169"
"PT17","TRB:CASTGGGSTDTQYF;TRA:CAVGAAGNNRKLIW",0,3,0.00100200400801603,0,0.265611825817351,1,FALSE,"clonotype101"
"PT17","TRB:CASTKGTGFYEKLFF",0,1,0.000334001336005344,0,1,1,FALSE,"clonotype563"
"PT17","TRB:CASTLAGGFYNEQFF;TRA:CAGDGNKLVF;TRA:CIVRVGSFGNEKLTF",0,1,0.000334001336005344,0,1,1,FALSE,"clonotype725"
"PT17","TRB:CASTLQGASTDTQYF;TRA:CAMRETTGGFKTIF",0,1,0.000334001336005344,0,1,1,FALSE,"clonotype789"
"PT17","TRB:CASTLYRGTDQPQHF;TRA:CAASMRGNAGKSTF;TRA:CAVERAGNNRKLIW",0,2,0.000668002672010688,0,0.510407883878234,1,FALSE,"clonotype170"
"PT17","TRB:CASTMGLANTGELFF;TRA:CAVSHYSSASKIIF",0,1,0.000334001336005344,0,1,1,FALSE,"clonotype767"
"PT17","TRB:CASTPSRQETQYF;TRA:CAYSSSGTYKYIF",0,1,0.000334001336005344,0,1,1,FALSE,"clonotype381"
"PT17","TRB:CASTPTGGADTQYF;TRA:CAYRTPPYNTDKLIF",0,3,0.00100200400801603,0,0.265611825817351,1,FALSE,"clonotype96"
"PT17","TRB:CASTQGANLQETQYF;TRA:CAAISNTGNQFYF",0,1,0.000334001336005344,0,1,1,FALSE,"clonotype688"
"PT17","TRB:CASTRDGSNEKLFF;TRA:CAVNSIPGANNLFF",0,1,0.000334001336005344,0,1,1,FALSE,"clonotype632"
"PT17","TRB:CASTRLAGATDTQYF;TRA:CVVSDGGNYQLIW",0,1,0.000334001336005344,0,1,1,FALSE,"clonotype758"
"PT17","TRB:CASTRSDTGELFF;TRA:CATYDDMRF",0,1,0.000334001336005344,0,1,1,FALSE,"clonotype345"
"PT17","TRB:CASTRTDTGELFF;TRA:CIVRGQGGSEKLVF",0,1,0.000334001336005344,0,1,1,FALSE,"clonotype347"
"PT17","TRB:CASTSAGVETQYF;TRA:CAVEDNARLMF",0,1,0.000334001336005344,0,1,1,FALSE,"clonotype351"
"PT17","TRB:CASTVGQGAYEQYF;TRA:CAVLVSGTYKYIF",0,1,0.000334001336005344,0,1,1,FALSE,"clonotype494"
"PT17","TRB:CASTYRVNQPQHF;TRA:CAENIDKAAGNKLTF",0,3,0.00100200400801603,0,0.265611825817351,1,FALSE,"clonotype93"
"PT17","TRB:CATHRDHNEKLFF;TRA:CAASKGTGTASKLTF",0,1,0.000334001336005344,0,1,1,FALSE,"clonotype549"
"PT17","TRB:CATKGIGGDRNTEAFF;TRA:CAVGPPYSSASKIIF",0,1,0.000334001336005344,0,1,1,FALSE,"clonotype782"
"PT17","TRB:CATKTRYNQPQHF;TRA:CAENIGNDMRF",0,3,0.00100200400801603,0,0.265611825817351,1,FALSE,"clonotype92"
"PT17","TRB:CATLSGTEGFGQYF;TRA:CAVNMNRDDKIIF",0,1,0.000334001336005344,0,1,1,FALSE,"clonotype473"
"PT17","TRB:CATSDLLGRGLEEQFF;TRA:CGTERDRGSTLGRLYF",0,1,0.000334001336005344,0,1,1,FALSE,"clonotype776"
"PT17","TRB:CATSDPTNKETQYF;TRA:CAVVLVSYYGNNRLAF",0,1,0.000334001336005344,0,1,1,FALSE,"clonotype530"
"PT17","TRB:CATSDRKQDTGELFF",0,1,0.000334001336005344,0,1,1,FALSE,"clonotype562"
"PT17","TRB:CATSDRTGLEAFF;TRA:CAFMKLQGAQKLVF",0,1,0.000334001336005344,0,1,1,FALSE,"clonotype392"
"PT17","TRB:CATSDRTSGLDTQYF;TRA:CAASSGYALNF",0,1,0.000334001336005344,0,1,1,FALSE,"clonotype687"
"PT17","TRB:CATSDSTTGGNNQPQHF",0,1,0.000334001336005344,0,1,1,FALSE,"clonotype805"
"PT17","TRB:CATSEGTGHSNQETQYF;TRA:CAASPLTIGFGNVLHC;TRA:CLVGRSNYQLIW",0,1,0.000334001336005344,0,1,1,FALSE,"clonotype820"
"PT17","TRB:CATSLDSYEQYV;TRA:CAVGPNNARLMF",0,1,0.000334001336005344,0,1,1,FALSE,"clonotype293"
"PT17","TRB:CATSRDDYNSPLHF;TRA:CAVNRAAGNKLTF",0,1,0.000334001336005344,0,1,1,FALSE,"clonotype498"
"PT17","TRB:CATSRDFLDGSNYGYTF;TRA:CAVRDVYGNKLVF",0,1,0.000334001336005344,0,1,1,FALSE,"clonotype824"
"PT17","TRB:CATSRPDRDGQPQHF;TRA:CALVADSNYQLIW",0,3,0.00100200400801603,0,0.265611825817351,1,FALSE,"clonotype102"
"PT17","TRB:CATSSEFNQPQHF;TRA:CALSNYGQNFVF",0,1,0.000334001336005344,0,1,1,FALSE,"clonotype357"
"PT17","TRB:CATSSFPSYEQYF;TRA:CARASGGATNKLIF",0,1,0.000334001336005344,0,1,1,FALSE,"clonotype358"
"PT17","TRB:CATSSLRPGTILPYEQYF;TRA:CAFMSQGGSEKLVF",0,3,0.00100200400801603,0,0.265611825817351,1,FALSE,"clonotype127"
"PT17","TRB:CATSSQGGSSGSWPDTQYF;TRA:CVVSEGTGGYNKLIF",0,1,0.000334001336005344,0,1,1,FALSE,"clonotype921"
"PT17","TRB:CATSTHSGTMWTGELFF;TRA:CAARHGQNFVF",0,1,0.000334001336005344,0,1,1,FALSE,"clonotype831"
"PT17","TRB:CATSTRDTLRETQYF",0,1,0.000334001336005344,0,1,1,FALSE,"clonotype578"
"PT17","TRB:CATSVPPGLAAYEQYV;TRB:CSARGSETQYF;TRA:CAVDSNYQLIW",0,1,0.000334001336005344,0,1,1,FALSE,"clonotype216"
"PT17","TRB:CATSYNEQFF;TRA:CAVSRYSGGYNKLIF",0,1,0.000334001336005344,0,1,1,FALSE,"clonotype239"
"PT17","TRB:CAVRVGEQYF;TRA:CATDSDRDDKIIF",0,1,0.000334001336005344,0,1,1,FALSE,"clonotype263"
"PT17","TRB:CAWDDEGASYNEQFF;TRA:CAVDIGPGGSNYKLTF",0,8,0.00267201068804275,0,0.0126048825080906,0.259030335541262,FALSE,"clonotype36"
"PT17","TRB:CAWGQGPEAFF;TRA:CAEGKSGNTPLVF",0,1,0.000334001336005344,0,1,1,FALSE,"clonotype220"
"PT17","TRB:CAWKGRVTGELFF;TRA:CAVSPDSSASKIIF",0,1,0.000334001336005344,0,1,1,FALSE,"clonotype270"
"PT17","TRB:CAWRASSGYGELFF;TRA:CATDGVAGANNLFF",0,1,0.000334001336005344,0,1,1,FALSE,"clonotype301"
"PT17","TRB:CAWRDYNEQFF;TRA:CAGAPWNQGGKLIF;TRA:CAVPPQGSNYKLTF",0,1,0.000334001336005344,0,1,1,FALSE,"clonotype218"
"PT17","TRB:CAWRPSGANVLTF;TRA:CAVQDSGNTPLVF",0,1,0.000334001336005344,0,1,1,FALSE,"clonotype260"
"PT17","TRB:CAWSAYTGTAFYEQYF",0,1,0.000334001336005344,0,1,1,FALSE,"clonotype417"
"PT17","TRB:CAWSDATGNTIYF;TRA:CAVAQGGKLIF",0,1,0.000334001336005344,0,1,1,FALSE,"clonotype255"
"PT17","TRB:CAWSGGWAPDTQYF;TRA:CAASIFGSARQLTF",0,1,0.000334001336005344,0,1,1,FALSE,"clonotype316"
"PT17","TRB:CAWSGVGRQYTDTQYF;TRA:CAASGNSGYALNF",0,1,0.000334001336005344,0,1,1,FALSE,"clonotype540"
"PT17","TRB:CAWSIGYNEQFF;TRA:CAVRDETGGSYIPTF",0,1,0.000334001336005344,0,1,1,FALSE,"clonotype230"
"PT17","TRB:CAWSITGTDNSPLHF;TRA:CAYRRGNDYKLSF",0,1,0.000334001336005344,0,1,1,FALSE,"clonotype386"
"PT17","TRB:CAWSNYTGRSGNTIYF;TRA:CAFMKQDKRRFNDMRF",0,2,0.000668002672010688,0,0.510407883878234,1,FALSE,"clonotype162"
"PT17","TRB:CAWSPGLAGPQYF",0,1,0.000334001336005344,0,1,1,FALSE,"clonotype244"
"PT17","TRB:CAWSSGQDNSPLHF;TRA:CAVGRGGYNKLIF",0,2,0.000668002672010688,0,0.510407883878234,1,FALSE,"clonotype139"
"PT17","TRB:CAWSSRGSGANVLTF;TRA:CIVSVRGTSYGKLTF",0,1,0.000334001336005344,0,1,1,FALSE,"clonotype352"
"PT17","TRB:CAWSSWGASPLHF;TRA:CAVISPDKRRYQKVTF",0,1,0.000334001336005344,0,1,1,FALSE,"clonotype273"
"PT17","TRB:CAWSTRDRIFQPQHF;TRA:CALSEALNRDDKIIF",0,3,0.00100200400801603,0,0.265611825817351,1,FALSE,"clonotype124"
"PT17","TRB:CAWSVLGAGGQETQYF;TRA:CATEHGQKLLF",0,1,0.000334001336005344,0,1,1,FALSE,"clonotype452"
"PT17","TRB:CAWSVLLRDENTEAFF;TRA:CAVNARSNTGKLIF",0,1,0.000334001336005344,0,1,1,FALSE,"clonotype501"
"PT17","TRB:CAWSVPGGAYGYTF",0,1,0.000334001336005344,0,1,1,FALSE,"clonotype279"
"PT17","TRB:CAWTAYTEAFF;TRA:CAGQLSGTASKLTF",0,1,0.000334001336005344,0,1,1,FALSE,"clonotype217"
"PT17","TRB:CRTMDSYNEQFF;TRA:CAVEDPNSNSGYALNF",0,1,0.000334001336005344,0,1,1,FALSE,"clonotype236"
"PT17","TRB:CSAARDRGLQETQYF;TRA:CAMRVDFNKFYF",0,2,0.000668002672010688,0,0.510407883878234,1,FALSE,"clonotype145"
"PT17","TRB:CSAETSGGASYEQYF",0,1,0.000334001336005344,0,1,1,FALSE,"clonotype329"
"PT17","TRB:CSAGDREDYGYTF",0,1,0.000334001336005344,0,1,1,FALSE,"clonotype245"
"PT17","TRB:CSAGDRNQETQYF",0,2,0.000668002672010688,0,0.510407883878234,1,FALSE,"clonotype247"
"PT17","TRB:CSAGDRNQETQYF",0,2,0.000668002672010688,0,0.510407883878234,1,FALSE,"clonotype248"
"PT17","TRB:CSAGQGPETQYF;TRA:CAVKYSGAGSYQLTF",0,1,0.000334001336005344,0,1,1,FALSE,"clonotype240"
"PT17","TRB:CSAGRRRGGASNQPQHF;TRA:CAVDKNIF",0,1,0.000334001336005344,0,1,1,FALSE,"clonotype580"
"PT17","TRB:CSAGSASYGYTF;TRA:CAVWEAFGNEKLTF",0,1,0.000334001336005344,0,1,1,FALSE,"clonotype238"
"PT17","TRB:CSAIQGGTEAFF",0,1,0.000334001336005344,0,1,1,FALSE,"clonotype227"
"PT17","TRB:CSAITQNTEAFF;TRA:CLLLSYNTDKLIF",0,1,0.000334001336005344,0,1,1,FALSE,"clonotype228"
"PT17","TRB:CSAKGTEIATNEKLFF;TRA:CAASRANFGNEKLTF",0,1,0.000334001336005344,0,1,1,FALSE,"clonotype503"
"PT17","TRB:CSAKTEYGYTF;TRA:CAVQAAGNKLTF",0,1,0.000334001336005344,0,1,1,FALSE,"clonotype221"
"PT17","TRB:CSALNGNGYGYTF;TRA:CAATDNTGGFKTIF",0,1,0.000334001336005344,0,1,1,FALSE,"clonotype265"
"PT17","TRB:CSALRTSGGVNEQFF",0,1,0.000334001336005344,0,1,1,FALSE,"clonotype325"
"PT17","TRB:CSAPFSGSHLNEQFF;TRA:CAASGWGGGNKLTF",0,1,0.000334001336005344,0,1,1,FALSE,"clonotype370"
"PT17","TRB:CSAPNAGKYNEQFF;TRA:CAASRGQAGTALIF;TRA:CAGGYSGNTPLVF",0,1,0.000334001336005344,0,1,1,FALSE,"clonotype295"
"PT17","TRB:CSAPNSVFGFF;TRA:CATAPYPSGSARQLTF",0,1,0.000334001336005344,0,1,1,FALSE,"clonotype224"
"PT17","TRB:CSAPQQGSTQPYAYTF;TRA:CAMREGRNNAGNMLTF",0,1,0.000334001336005344,0,1,1,FALSE,"clonotype537"
"PT17","TRB:CSAPVGGGTDTQYF;TRA:CAYRSAFRSGSEKLVF",0,3,0.00100200400801603,0,0.265611825817351,1,FALSE,"clonotype89"
"PT17","TRB:CSAQEVGRTEAFF;TRA:CAVRLYNQGGKLIF",0,2,0.000668002672010688,0,0.510407883878234,1,FALSE,"clonotype137"
"PT17","TRB:CSAQTSGRPDTQYF;TRA:CATDPYGNNRLAF",0,3,0.00100200400801603,0,0.265611825817351,1,FALSE,"clonotype85"
"PT17","TRB:CSARAGDTQYF;TRA:CAYRSALMGRDDKIIF",0,2,0.000668002672010688,0,0.510407883878234,1,FALSE,"clonotype135"
"PT17","TRB:CSARDLLQGRMGEKLFF;TRA:CAETGEGGTSYGKLTF",0,2,0.000668002672010688,0,0.510407883878234,1,FALSE,"clonotype164"
"PT17","TRB:CSARDPFGGGQADTQYF;TRA:CAVHNNARLMF",0,3,0.00100200400801603,0,0.265611825817351,1,FALSE,"clonotype103"
"PT17","TRB:CSARDRDGYTF;TRA:CAVNSRGFQKLVF",0,2,0.000668002672010688,0,0.510407883878234,1,FALSE,"clonotype133"
"PT17","TRB:CSARDRVNEKLFF;TRA:CAASIRGWGGKLIF",0,1,0.000334001336005344,0,1,1,FALSE,"clonotype275"
"PT17","TRB:CSARDSGGADEQYF;TRA:CAVNNNYKLSF",0,1,0.000334001336005344,0,1,1,FALSE,"clonotype290"
"PT17","TRB:CSARDSLDVRRGETQYF",0,1,0.000334001336005344,0,1,1,FALSE,"clonotype557"
"PT17","TRB:CSARDSRQHMHNEQFF",0,1,0.000334001336005344,0,1,1,FALSE,"clonotype418"
"PT17","TRB:CSARDSYNEQFF;TRA:CAVDNTGGFKTIF",0,1,0.000334001336005344,0,1,1,FALSE,"clonotype232"
"PT17","TRB:CSARGGAPETQYF;TRA:CAVKGTGANNLFF",0,1,0.000334001336005344,0,1,1,FALSE,"clonotype262"
"PT17","TRB:CSARGPNTEAFF",0,1,0.000334001336005344,0,1,1,FALSE,"clonotype226"
"PT17","TRB:CSARGQDGTIYF;TRA:CAVRDPEGGASKIIF;TRA:CAVSPPSNDYKLSF",0,1,0.000334001336005344,0,1,1,FALSE,"clonotype229"
"PT17","TRB:CSARGQQYSTDTQYF;TRA:CAPDGSSNTGKLIF;TRA:CLVGGETGANNLFF",0,3,0.00100200400801603,0,0.265611825817351,1,FALSE,"clonotype91"
"PT17","TRB:CSARLSNQPQHF;TRA:CALDNNAGNMLTF",0,1,0.000334001336005344,0,1,1,FALSE,"clonotype241"
"PT17","TRB:CSARPIRDDSGNTIYF;TRA:CIVRVGNYGQNFVF",0,2,0.000668002672010688,0,0.510407883878234,1,FALSE,"clonotype447"
"PT17","TRB:CSARPIRDDSGNTIYF;TRA:CIVRVGNYGQNFVF",0,2,0.000668002672010688,0,0.510407883878234,1,FALSE,"clonotype591"
"PT17","TRB:CSARPPEGTSRQPQHF;TRA:CAGGGGSNYKLTF",0,1,0.000334001336005344,0,1,1,FALSE,"clonotype486"
"PT17","TRB:CSARPRTSGDYNEQFF;TRA:CAGADAGGTSYGKLTF",0,1,0.000334001336005344,0,1,1,FALSE,"clonotype485"
"PT17","TRB:CSARRQGAGNEKLFF;TRA:CAVNTDAGNNRKLIW",0,1,0.000334001336005344,0,1,1,FALSE,"clonotype387"
"PT17","TRB:CSARRQGSYNEQFF;TRA:CAFMKPYGGSQGNLIF",0,1,0.000334001336005344,0,1,1,FALSE,"clonotype312"
"PT17","TRB:CSARRWDRDITEAFF;TRA:CALSGGDGNKLVF",0,1,0.000334001336005344,0,1,1,FALSE,"clonotype388"
"PT17","TRB:CSARSASGGYRPDTQYF;TRA:CAVSARNDYKLSF",0,1,0.000334001336005344,0,1,1,FALSE,"clonotype594"
"PT17","TRB:CSARSGPVNSPLHF;TRA:CAVSTITPSDYGGSQGNLIF",0,1,0.000334001336005344,0,1,1,FALSE,"clonotype315"
"PT17","TRB:CSARTGIGTEAFF;TRA:CAYEGPGGSYIPTF",0,1,0.000334001336005344,0,1,1,FALSE,"clonotype266"
"PT17","TRB:CSARTTGNVETQYF;TRA:CAMRDYSGGYQKVTF;TRA:CAVNFNHAGGTSYGKLTF",0,1,0.000334001336005344,0,1,1,FALSE,"clonotype311"
"PT17","TRB:CSARVGSLEEQYF;TRA:CLVGGNAGNMLTF",0,1,0.000334001336005344,0,1,1,FALSE,"clonotype253"
"PT17","TRB:CSARVPGRTQETQYF",0,1,0.000334001336005344,0,1,1,FALSE,"clonotype328"
"PT17","TRB:CSARVQTNYGYTF;TRA:CAVAGNNDMRF",0,1,0.000334001336005344,0,1,1,FALSE,"clonotype258"
"PT17","TRB:CSASDVQRGETQYF",0,1,0.000334001336005344,0,1,1,FALSE,"clonotype280"
"PT17","TRB:CSASGQVGNEQFF;TRA:CAEGGNQGGKLIF",0,1,0.000334001336005344,0,1,1,FALSE,"clonotype267"
"PT17","TRB:CSASLGRRVTEAFF;TRA:CATESYNTDKLIF",0,1,0.000334001336005344,0,1,1,FALSE,"clonotype294"
"PT17","TRB:CSASPGIQGGTGELFF;TRA:CAVRDKAGRRALTF",0,1,0.000334001336005344,0,1,1,FALSE,"clonotype504"
"PT17","TRB:CSASRPGTRKETQYF;TRA:CAVGARSNMLTF",0,1,0.000334001336005344,0,1,1,FALSE,"clonotype361"
"PT17","TRB:CSASRTGIQETQYF;TRA:CAVRSSGGSYIPTF",0,1,0.000334001336005344,0,1,1,FALSE,"clonotype306"
"PT17","TRB:CSATANYGYTF;TRA:CAVRNLINDMRF",0,1,0.000334001336005344,0,1,1,FALSE,"clonotype219"
"PT17","TRB:CSATGLAGGTWGDEQFF;TRA:CIVRVGSGAGSYQLTF",0,4,0.00133600534402138,0,0.140665987840762,1,FALSE,"clonotype78"
"PT17","TRB:CSATIEFGGNTEAFF;TRA:CAASDNAGGTSYGKLTF",0,2,0.000668002672010688,0,0.510407883878234,1,FALSE,"clonotype148"
"PT17","TRB:CSATLAGGVTGELFF",0,1,0.000334001336005344,0,1,1,FALSE,"clonotype327"
"PT17","TRB:CSATLKGWSSGNTIYF;TRA:CATDFVGSNYKLTF",0,1,0.000334001336005344,0,1,1,FALSE,"clonotype484"
"PT17","TRB:CSATPGQGAPGYTF;TRA:CAVSELDDTGTASKLTF",0,1,0.000334001336005344,0,1,1,FALSE,"clonotype310"
"PT17","TRB:CSAWDATSSYNEQFF;TRA:CAALYNFNKFYF",0,1,0.000334001336005344,0,1,1,FALSE,"clonotype343"
"PT17","TRB:CSAYPQQGSSYEQYF",0,1,0.000334001336005344,0,1,1,FALSE,"clonotype326"
"PT17","TRB:CSIDRGDTGELFF",0,1,0.000334001336005344,0,1,1,FALSE,"clonotype246"
"PT17","TRB:CSLEAGNEQFF;TRA:CAVGTNRDDKIIF",0,1,0.000334001336005344,0,1,1,FALSE,"clonotype223"
"PT17","TRB:CSSRAGRSSYNEQFF;TRA:CATSANAGGTSYGKLTF",0,5,0.00167000668002672,0,0.075645259906321,0.928623807843857,FALSE,"clonotype58"
"PT17","TRB:CSTQGKAGVEQETQYF;TRA:CAASPPYNQGGKLIF",0,1,0.000334001336005344,0,1,1,FALSE,"clonotype502"
"PT17","TRB:CSVAGGGLNEQFF;TRA:CAVANNNAGNMLTF;TRA:CAVRGREGGYQKVTF",0,1,0.000334001336005344,0,1,1,FALSE,"clonotype257"
"PT17","TRB:CSVDRASYYGYTF;TRA:CAMGLNRDDKIIF",0,1,0.000334001336005344,0,1,1,FALSE,"clonotype272"
"PT17","TRB:CSVDRGNEQFF;TRA:CALSGGFGNVLHC",0,1,0.000334001336005344,0,1,1,FALSE,"clonotype222"
"PT17","TRB:CSVDRRGEGQETQYF;TRA:CAERYPGGYQKVTF",0,1,0.000334001336005344,0,1,1,FALSE,"clonotype376"
"PT17","TRB:CSVEDRRSPQSFF;TRA:CATAYSSASKIIF",0,1,0.000334001336005344,0,1,1,FALSE,"clonotype261"
"PT17","TRB:CSVEGENRARNTGELFF;TRA:CIVRLHPADGGYNKLIF",0,1,0.000334001336005344,0,1,1,FALSE,"clonotype611"
"PT17","TRB:CSVEGLAGKMTYNEQFF",0,1,0.000334001336005344,0,1,1,FALSE,"clonotype556"
"PT17","TRB:CSVEHYNEQFF;TRA:CALSEAGISGTYKYIF",0,2,0.000668002672010688,0,0.510407883878234,1,FALSE,"clonotype134"
"PT17","TRB:CSVETSGGARYEQYF;TRA:CAASESNMLTF",0,5,0.00167000668002672,0,0.075645259906321,0.928623807843857,FALSE,"clonotype55"
"PT17","TRB:CSVGGGGLNYGYTF;TRA:CAAIVAAGNKLTF",0,3,0.00100200400801603,0,0.265611825817351,1,FALSE,"clonotype84"
"PT17","TRB:CSVGGGGQNYGYTF;TRA:CAAIVAAGNKLTF",0,1,0.000334001336005344,0,1,1,FALSE,"clonotype314"
"PT17","TRB:CSVGKGNYGYTF;TRA:CIVRGLTGANSKLTF",0,1,0.000334001336005344,0,1,1,FALSE,"clonotype231"
"PT17","TRB:CSVKDSGDYNEQFF;TRA:CAVPHSNSGYALNF",0,1,0.000334001336005344,0,1,1,FALSE,"clonotype302"
"PT17","TRB:CSVPGVNTGELFF;TRA:CAVRVEGDMRF",0,1,0.000334001336005344,0,1,1,FALSE,"clonotype256"
"PT17","TRB:CSVQLEGRRGSPLHF;TRA:CAFVTTDSWGKFQF",0,1,0.000334001336005344,0,1,1,FALSE,"clonotype348"
"PT17","TRB:CTAGQFFNQPQHF;TRA:CAENMEYGNKLVF",0,1,0.000334001336005344,0,1,1,FALSE,"clonotype368"
