"pt","raw_clonotype_id","CD8A","nonvir10_UCell","exp"
"PT16","clonotype22",0,0.160766666666667,FALSE
"PT16","clonotype121",0,0.1805,FALSE
"PT16","clonotype13",0,0.652666666666667,TRUE
"PT16","clonotype770",0,0.3199,FALSE
"PT16","clonotype102",0,0.0921333333333333,FALSE
"PT16","clonotype128",1.90976595358709,0.325366666666667,FALSE
"PT16","clonotype83",3.43422053752304,0.388666666666667,FALSE
"PT16","clonotype104",0,0.4133,FALSE
"PT16","clonotype27",0.929278446776528,0.135033333333333,FALSE
"PT16","clonotype98",0,0.530133333333333,FALSE
"PT16","clonotype1",1.59312597264154,0.463133333333333,FALSE
"PT16","clonotype245",0,0.259433333333333,FALSE
"PT16","clonotype11",1.07083236610486,0.176866666666667,FALSE
"PT16","clonotype64",0,0.323733333333333,FALSE
"PT16","clonotype400",0,0.1629,FALSE
"PT16","clonotype521",2.92263874257483,0.144133333333333,FALSE
"PT16","clonotype281",0,0.6889,FALSE
"PT16","clonotype6",1.03661850718512,0.34,FALSE
"PT16","clonotype15",2.25317118497802,0.403166666666667,FALSE
"PT16","clonotype663",0,0.438033333333333,FALSE
"PT16","clonotype29",1.14149093706549,0.4846,FALSE
"PT16","clonotype569",0,0.288866666666667,FALSE
"PT16","clonotype19",1.71627479533186,0.5083,FALSE
"PT16","clonotype6",1.70711568414176,0.325433333333333,FALSE
"PT16","clonotype8",1.4743075583924,0.0971333333333333,FALSE
"PT16","clonotype554",0,0.232533333333333,FALSE
"PT16","clonotype26",0.717266424559116,0.276966666666667,FALSE
"PT16","clonotype223",0,0.1828,FALSE
"PT16","clonotype6",0.618313429724714,0.321066666666667,FALSE
"PT16","clonotype2",1.15119919930887,0.462466666666667,FALSE
"PT16","clonotype152",0,0.235733333333333,FALSE
"PT16","clonotype81",0,0.3538,FALSE
"PT16","clonotype1",2.13147746086509,0.4947,FALSE
"PT16","clonotype195",0,0.2535,FALSE
"PT16","clonotype102",0,0.546533333333333,FALSE
"PT16","clonotype6",0.739498683934923,0.3095,FALSE
"PT16","clonotype69",1.36479424690751,0.459766666666667,FALSE
"PT16","clonotype8",0,0.2541,FALSE
"PT16","clonotype14",1.73318023205183,0.313033333333333,FALSE
"PT16","clonotype392",0,0.388733333333333,FALSE
"PT16","clonotype4",0,0.487366666666667,FALSE
"PT16","clonotype84",1.7670418565781,0.6071,FALSE
"PT16","clonotype642",1.8229992605737,0.515466666666667,FALSE
"PT16","clonotype84",1.67541201583283,0.573333333333333,FALSE
"PT16","clonotype2",3.15528057315326,0.597466666666667,FALSE
"PT16","clonotype30",2.70877804986704,0.1692,FALSE
"PT16","clonotype2",0.57139310231162,0.648133333333333,FALSE
"PT16","clonotype7",1.58908591947953,0.476366666666667,FALSE
"PT16","clonotype1",0,0.4219,FALSE
"PT16","clonotype549",0,0.3768,FALSE
"PT16","clonotype43",2.54751536535948,0.2796,FALSE
"PT16","clonotype8",1.04056600991575,0.372133333333333,FALSE
"PT16","clonotype3",0,0.245166666666667,FALSE
"PT16","clonotype178",0,0.0676666666666667,FALSE
"PT16","clonotype792",0,0.266233333333333,FALSE
"PT16","clonotype1",1.04290275375533,0.2998,FALSE
"PT16","clonotype1",2.37789469249904,0.473333333333333,FALSE
"PT16","clonotype63",1.62446519015501,0.2277,FALSE
"PT16","clonotype2",0,0.3268,FALSE
"PT16","clonotype45",2.7760892524082,0.287633333333333,FALSE
"PT16","clonotype15",0.697480287486203,0.412533333333333,FALSE
"PT16","clonotype755",0.692807269221109,0.4737,FALSE
"PT16","clonotype28",1.69308246857026,0.326233333333333,FALSE
"PT16","clonotype462",0,0.294033333333333,FALSE
"PT16","clonotype1",1.90457093452416,0.243233333333333,FALSE
"PT16","clonotype173",1.92025376181114,0.286266666666667,FALSE
"PT16","clonotype57",1.32199113823299,0.593,FALSE
"PT16","clonotype274",0,0.253,FALSE
"PT16","clonotype2",2.65052274138207,0.437,FALSE
"PT16","clonotype98",0,0.378666666666667,FALSE
"PT16","clonotype5",0,0.327466666666667,FALSE
"PT16","clonotype473",0,0.255533333333333,FALSE
"PT16","clonotype377",0,0.459133333333333,FALSE
"PT16","clonotype4",0,0.576733333333333,FALSE
"PT16","clonotype11",1.28226095620719,0.192,FALSE
"PT16","clonotype38",2.12998514559902,0.582233333333333,FALSE
"PT16","clonotype9",2.23785701885989,0.398333333333333,FALSE
"PT16","clonotype487",0,0.327233333333333,FALSE
"PT16","clonotype8",2.38923687118612,0.307933333333333,FALSE
"PT16","clonotype2",0,0.550233333333333,FALSE
"PT16","clonotype17",1.62597710035462,0.233333333333333,FALSE
"PT16","clonotype3",2.26151333768177,0.309133333333333,FALSE
"PT16","clonotype29",1.83957916187888,0.4424,FALSE
"PT16","clonotype18",1.60626636061711,0.3079,FALSE
"PT16","clonotype16",1.92678718957177,0.492966666666667,FALSE
"PT16","clonotype13",1.03684984857481,0.4538,TRUE
"PT16","clonotype235",0,0.5011,FALSE
"PT16","clonotype661",2.08988496802408,0.785766666666667,FALSE
"PT16","clonotype14",2.47370941775082,0.255366666666667,FALSE
"PT16","clonotype33",0.983416769900626,0.499266666666667,FALSE
"PT16","clonotype779",0.753240048920371,0.461733333333333,FALSE
"PT16","clonotype15",1.90918713163332,0.3865,FALSE
"PT16","clonotype11",3.86333493635414,0.0845666666666667,FALSE
"PT16","clonotype47",1.4003699246979,0.2895,FALSE
"PT16","clonotype485",0,0.304833333333333,FALSE
"PT16","clonotype539",3.10804828660774,0.342633333333333,FALSE
"PT16","clonotype53",0,0.380166666666667,FALSE
"PT16","clonotype19",0,0.158666666666667,FALSE
"PT16","clonotype34",0.744722750725141,0.3708,FALSE
"PT16","clonotype32",1.76983942540357,0.2863,TRUE
"PT16","clonotype133",2.91815155553238,0.573933333333333,FALSE
"PT16","clonotype119",2.87191151259685,0.349566666666667,FALSE
"PT16","clonotype436",1.40321762080956,0.4236,FALSE
"PT16","clonotype2",2.68292475753929,0.5521,FALSE
"PT16","clonotype2",1.63388939636504,0.4449,FALSE
"PT16","clonotype149",0,0.3554,FALSE
"PT16","clonotype25",2.80491851920479,0.622266666666667,FALSE
"PT16","clonotype206",0,0.1604,FALSE
"PT16","clonotype9",1.01667319493135,0.218666666666667,FALSE
"PT16","clonotype703",1.06272899823301,0.431066666666667,FALSE
"PT16","clonotype2",3.14428358691031,0.2902,FALSE
"PT16","clonotype6",1.8942769909888,0.308933333333333,FALSE
"PT16","clonotype761",0,0.5022,FALSE
"PT16","clonotype2",1.77436079006437,0.256933333333333,FALSE
"PT16","clonotype60",1.67444231845787,0.339833333333333,FALSE
"PT16","clonotype13",0.980523856051278,0.484366666666667,TRUE
"PT16","clonotype7",1.72935282276498,0.534233333333333,FALSE
"PT16","clonotype6",1.5614230992647,0.182366666666667,FALSE
"PT16","clonotype1",1.6950714816351,0.508566666666667,FALSE
"PT16","clonotype728",0,0,FALSE
"PT16","clonotype614",1.58325815583595,0.264133333333333,FALSE
"PT16","clonotype13",1.89144002450821,0.498033333333333,TRUE
"PT16","clonotype2",1.87364852363421,0.299433333333333,FALSE
"PT16","clonotype143",0,0,FALSE
"PT16","clonotype37",1.46140186255258,0.225433333333333,FALSE
"PT16","clonotype552",0,0.214266666666667,FALSE
"PT16","clonotype4",0,0.525866666666667,FALSE
"PT16","clonotype623",0,0.0834,FALSE
"PT16","clonotype104",0,0.349533333333333,FALSE
"PT16","clonotype27",2.99631434100434,0.247066666666667,FALSE
"PT16","clonotype254",0,0.250733333333333,FALSE
"PT16","clonotype28",2.018666652505,0.4305,FALSE
"PT16","clonotype155",1.25571148825315,0.3108,FALSE
"PT16","clonotype8",1.63450155965234,0.1582,FALSE
"PT16","clonotype28",0,0.536733333333333,FALSE
"PT16","clonotype43",2.1129981809237,0.303933333333333,FALSE
"PT16","clonotype2",2.36740213804754,0.374466666666667,FALSE
"PT16","clonotype6",2.42140585178179,0.292433333333333,FALSE
"PT16","clonotype31",0,0.2342,FALSE
"PT16","clonotype350",0,0.198333333333333,FALSE
"PT16","clonotype139",0,0.358,FALSE
"PT16","clonotype699",0,0.1452,FALSE
"PT16","clonotype114",1.23396153636115,0.1868,FALSE
"PT16","clonotype139",0,0.464233333333333,FALSE
"PT16","clonotype153",0,0.639933333333333,FALSE
"PT16","clonotype793",0,0.184133333333333,FALSE
"PT16","clonotype32",0,0.3609,TRUE
"PT16","clonotype652",0,0.220366666666667,FALSE
"PT16","clonotype19",1.5109395751153,0.5669,FALSE
"PT16","clonotype30",3.23211234738102,0.164666666666667,FALSE
"PT16","clonotype329",0,0.409866666666667,FALSE
"PT16","clonotype40",3.06919381358824,0.209433333333333,FALSE
"PT16","clonotype1",1.6211498823017,0.412766666666667,FALSE
"PT16","clonotype23",2.6557742948093,0.562666666666667,FALSE
"PT16","clonotype18",1.76740619397656,0.3417,FALSE
"PT16","clonotype1",2.00044104877695,0.419166666666667,FALSE
"PT16","clonotype49",0,0.174666666666667,FALSE
"PT16","clonotype49",0,0.155,FALSE
"PT16","clonotype505",0,0.254166666666667,FALSE
"PT16","clonotype12",2.87113108556033,0.596533333333333,FALSE
"PT16","clonotype701",0,0.231866666666667,FALSE
"PT16","clonotype524",0.826767660077844,0.760366666666667,FALSE
"PT16","clonotype503",0,0.1898,FALSE
"PT16","clonotype58",0,0.3844,FALSE
"PT16","clonotype3",0,0.4522,FALSE
"PT16","clonotype582",0,0.327433333333333,FALSE
"PT16","clonotype138",3.3509114598891,0.4076,FALSE
"PT16","clonotype672",0,0.500266666666667,FALSE
"PT16","clonotype457",0,0.358733333333333,FALSE
"PT16","clonotype536",0,0.126933333333333,FALSE
"PT16","clonotype23",2.69279361656955,0.517266666666667,FALSE
"PT16","clonotype10",2.5747730500418,0.177066666666667,FALSE
"PT16","clonotype231",0,0.6677,FALSE
"PT16","clonotype18",0,0.245033333333333,FALSE
"PT16","clonotype16",2.51404665748577,0.4098,FALSE
"PT16","clonotype19",0.916439438789785,0.695066666666667,FALSE
"PT16","clonotype451",0,0.274066666666667,FALSE
"PT16","clonotype13",3.04887998820986,0.487133333333333,TRUE
"PT16","clonotype9",1.90141204460782,0.441066666666667,FALSE
"PT16","clonotype6",1.36465639101534,0.3412,FALSE
"PT16","clonotype27",1.82691615483031,0.654866666666667,FALSE
"PT16","clonotype439",0,0.383633333333333,FALSE
"PT16","clonotype6",1.00939810377194,0.279666666666667,FALSE
"PT16","clonotype71",2.12886751981386,0.605866666666667,FALSE
"PT16","clonotype198",2.17801218277182,0.507166666666667,FALSE
"PT16","clonotype386",0,0.175433333333333,FALSE
"PT16","clonotype797",0,0.377266666666667,FALSE
"PT16","clonotype668",0,0.2566,FALSE
"PT16","clonotype136",0,0.181966666666667,FALSE
"PT16","clonotype41",1.04103248453682,0.596633333333333,FALSE
"PT16","clonotype1",2.2450077837056,0.2463,FALSE
"PT16","clonotype783",1.44047921665719,0.586866666666667,FALSE
"PT16","clonotype246",0,0.237366666666667,FALSE
"PT16","clonotype777",0,0.241833333333333,FALSE
"PT16","clonotype21",2.7401047393688,0.670433333333333,FALSE
"PT16","clonotype676",0,0.4465,FALSE
"PT16","clonotype61",0,0.2878,FALSE
"PT16","clonotype2",3.2812188642278,0.509033333333333,FALSE
"PT16","clonotype239",0,0.1971,FALSE
"PT16","clonotype696",0,0.2238,FALSE
"PT16","clonotype216",1.7880820312843,0.3951,FALSE
"PT16","clonotype16",1.9975473253246,0.155133333333333,FALSE
"PT16","clonotype490",0,0.0923,FALSE
"PT16","clonotype53",0,0.436566666666667,FALSE
"PT16","clonotype23",1.70307982311955,0.3251,FALSE
"PT16","clonotype300",0,0,FALSE
"PT16","clonotype4",0,0.435866666666667,FALSE
"PT16","clonotype13",1.18936397885374,0.644,TRUE
"PT16","clonotype322",0,0.116933333333333,FALSE
"PT16","clonotype157",0,0.338366666666667,FALSE
"PT16","clonotype651",0.397376231460389,0.641666666666667,FALSE
"PT16","clonotype559",0,0.139933333333333,FALSE
"PT16","clonotype7",1.05547266733951,0.549233333333333,FALSE
"PT16","clonotype244",0,0.4157,FALSE
"PT16","clonotype17",0,0.177533333333333,FALSE
"PT16","clonotype9",2.18927839455434,0.5494,FALSE
"PT16","clonotype568",0,0.224533333333333,FALSE
"PT16","clonotype189",0,0.319533333333333,FALSE
"PT16","clonotype438",0.588904946656023,0.351366666666667,FALSE
"PT16","clonotype7",2.40444220045521,0.4947,FALSE
"PT16","clonotype29",2.30740105701302,0.4174,FALSE
"PT16","clonotype23",1.60215273612001,0.4449,FALSE
"PT16","clonotype103",0,0.421066666666667,FALSE
"PT16","clonotype16",2.37173020717434,0.587533333333333,FALSE
"PT16","clonotype82",1.02237008418319,0.544933333333333,FALSE
"PT16","clonotype229",0,0.285266666666667,FALSE
"PT16","clonotype49",0,0.178333333333333,FALSE
"PT16","clonotype186",0.932608448412234,0.352066666666667,FALSE
"PT16","clonotype14",0,0.155833333333333,FALSE
"PT16","clonotype9",2.30841619753057,0.317633333333333,FALSE
"PT16","clonotype63",2.30807769781117,0.158933333333333,FALSE
"PT16","clonotype6",0.97215246761148,0.186233333333333,FALSE
"PT16","clonotype8",1.24609651210519,0.323733333333333,FALSE
"PT16","clonotype3",2.23159247196002,0.278566666666667,FALSE
"PT16","clonotype683",1.3696381158588,0.279733333333333,FALSE
"PT16","clonotype236",0,0.262933333333333,FALSE
"PT16","clonotype4",0,0.617933333333333,FALSE
"PT16","clonotype50",0,0.591133333333333,FALSE
"PT16","clonotype763",0,0.263566666666667,FALSE
"PT16","clonotype252",0,0.169,FALSE
"PT16","clonotype28",1.20659696160314,0.379133333333333,FALSE
"PT16","clonotype11",1.20121428552546,0.287233333333333,FALSE
"PT16","clonotype54",2.13596919812674,0.293633333333333,FALSE
"PT16","clonotype416",0,0.424233333333333,FALSE
"PT16","clonotype255",0,0.559866666666667,FALSE
"PT16","clonotype6",1.08462912538297,0.367166666666667,FALSE
"PT16","clonotype7",1.12945657802256,0.615266666666667,FALSE
"PT16","clonotype1",1.73562573048093,0.537533333333333,FALSE
"PT16","clonotype16",0,0.4482,FALSE
"PT16","clonotype171",0,0.202666666666667,FALSE
"PT16","clonotype2",1.02881642192007,0.503833333333333,FALSE
"PT16","clonotype2",2.60459423176917,0.4911,FALSE
"PT16","clonotype19",1.43746594792309,0.348066666666667,FALSE
"PT16","clonotype208",0.582948003264484,0.480166666666667,FALSE
"PT16","clonotype106",1.15947197800355,0.708366666666667,FALSE
"PT16","clonotype237",0,0.5418,FALSE
"PT16","clonotype110",0,0.3538,FALSE
"PT16","clonotype689",1.9598657555349,0.184033333333333,FALSE
"PT16","clonotype35",0,0.344066666666667,TRUE
"PT16","clonotype7",2.49859349147831,0.4007,FALSE
"PT16","clonotype180",0,0.126733333333333,FALSE
"PT16","clonotype67",2.05244612146957,0.374666666666667,FALSE
"PT16","clonotype249",0,0.264066666666667,FALSE
"PT16","clonotype3",1.4435839799186,0.498,FALSE
"PT16","clonotype161",0,0.5421,FALSE
"PT16","clonotype564",0,0.333933333333333,FALSE
"PT16","clonotype37",1.18797698231566,0.544,FALSE
"PT16","clonotype607",0,0.0637333333333333,FALSE
"PT16","clonotype326",0,0.267466666666667,FALSE
"PT16","clonotype32",1.80064970547526,0.2849,TRUE
"PT16","clonotype30",1.72658108830045,0.248166666666667,FALSE
"PT16","clonotype484",0,0.519866666666667,FALSE
"PT16","clonotype167",1.95940506881509,0.360466666666667,FALSE
"PT16","clonotype22",0,0.111266666666667,FALSE
"PT16","clonotype18",1.7688652310731,0.1152,FALSE
"PT16","clonotype12",1.4629215825195,0.357233333333333,FALSE
"PT16","clonotype31",0,0.4173,FALSE
"PT16","clonotype373",0,0.253133333333333,FALSE
"PT16","clonotype488",0,0.0691333333333334,FALSE
"PT16","clonotype113",1.08564705654005,0.405633333333333,FALSE
"PT16","clonotype89",0,0.0797333333333333,FALSE
"PT16","clonotype106",2.83831609359427,0.5338,FALSE
"PT16","clonotype598",0,0.251533333333333,FALSE
"PT16","clonotype493",0,0.1994,FALSE
"PT16","clonotype44",0,0.275,FALSE
"PT16","clonotype131",0,0.193766666666667,FALSE
"PT16","clonotype517",1.31881220561056,0.4415,FALSE
"PT16","clonotype4",0,0.653466666666667,FALSE
"PT16","clonotype2",1.22798750740181,0.440733333333333,FALSE
"PT16","clonotype8",2.14957916649949,0.097,FALSE
"PT16","clonotype407",0,0.0718,FALSE
"PT16","clonotype165",0,0.248866666666667,FALSE
"PT16","clonotype519",3.08443526251258,0.313633333333333,FALSE
"PT16","clonotype7",1.72313033704581,0.568,FALSE
"PT16","clonotype738",0,0.300433333333333,FALSE
"PT16","clonotype97",2.55547774370397,0.535833333333333,FALSE
"PT16","clonotype2",2.16610618811673,0.279166666666667,FALSE
"PT16","clonotype684",1.16225747452659,0.240166666666667,FALSE
"PT16","clonotype23",2.33763355976324,0.165533333333333,FALSE
"PT16","clonotype433",0,0.260133333333333,FALSE
"PT16","clonotype10",2.17311400475436,0.462966666666667,FALSE
"PT16","clonotype159",0,0.0920666666666666,FALSE
"PT16","clonotype10",1.03824016112821,0.503733333333333,FALSE
"PT16","clonotype2",1.46220128821677,0.251633333333333,FALSE
"PT16","clonotype15",1.30738882810045,0.605533333333333,FALSE
"PT16","clonotype222",0,0.4034,FALSE
"PT16","clonotype13",0,0.3202,TRUE
"PT16","clonotype12",2.07293375875512,0.297766666666667,FALSE
"PT16","clonotype72",2.30290229840376,0.230333333333333,FALSE
"PT16","clonotype390",0.7496670827527,0.526266666666667,FALSE
"PT16","clonotype1",0,0.382166666666667,FALSE
"PT16","clonotype613",0,0.0851333333333333,FALSE
"PT16","clonotype478",1.84907317299443,0.506733333333333,FALSE
"PT16","clonotype58",0,0.416866666666667,FALSE
"PT16","clonotype38",2.10825492182545,0.6243,FALSE
"PT16","clonotype1",0.822087289336431,0.5075,FALSE
"PT16","clonotype2",0,0.451166666666667,FALSE
"PT16","clonotype55",0,0.1648,FALSE
"PT16","clonotype117",2.07136100827422,0.285666666666667,FALSE
"PT16","clonotype475",1.97436542975064,0.793233333333333,FALSE
"PT16","clonotype14",1.50096159993086,0.591866666666667,FALSE
"PT16","clonotype125",2.67236917996282,0.512666666666667,FALSE
"PT16","clonotype228",1.46701783145247,0.152233333333333,FALSE
"PT16","clonotype577",0,0.5706,FALSE
"PT16","clonotype41",1.09308731763472,0.5489,FALSE
"PT16","clonotype382",0,0.230633333333333,FALSE
"PT16","clonotype360",0,0.0839333333333333,FALSE
"PT16","clonotype14",0,0.2921,FALSE
"PT16","clonotype1",2.15992166037867,0.3281,FALSE
"PT16","clonotype31",0,0.329,FALSE
"PT16","clonotype798",1.64126896868085,0.293466666666667,FALSE
"PT16","clonotype3",2.00285989580033,0.471633333333333,FALSE
"PT16","clonotype188",1.12285489550944,0.3218,FALSE
"PT16","clonotype10",1.11390873158953,0.200866666666667,FALSE
"PT16","clonotype11",1.78249070415707,0.1393,FALSE
"PT16","clonotype3",2.41571883772622,0.581633333333333,FALSE
"PT16","clonotype4",0,0.4618,FALSE
"PT16","clonotype49",0,0.297333333333333,FALSE
"PT16","clonotype24",1.47162554617594,0.329766666666667,FALSE
"PT16","clonotype8",2.26291089102682,0.1659,FALSE
"PT16","clonotype597",0,0.240766666666667,FALSE
"PT16","clonotype18",0,0.471633333333333,FALSE
"PT16","clonotype7",2.22702496309194,0.420466666666667,FALSE
"PT16","clonotype38",1.98511868016364,0.495333333333333,FALSE
"PT16","clonotype209",0,0.611833333333333,FALSE
"PT16","clonotype481",0,0.0742333333333334,FALSE
"PT16","clonotype107",2.0912229440782,0.340966666666667,FALSE
"PT16","clonotype5",0,0.3256,FALSE
"PT16","clonotype664",0.861760871642254,0.259766666666667,FALSE
"PT16","clonotype50",2.57654528693991,0.5544,FALSE
"PT16","clonotype2",2.11813438831751,0.588366666666667,FALSE
"PT16","clonotype57",2.95099814878331,0.237366666666667,FALSE
"PT16","clonotype381",0.874248683770312,0.685666666666667,FALSE
"PT16","clonotype535",0,0.125533333333333,FALSE
"PT16","clonotype150",0,0.2159,FALSE
"PT16","clonotype16",1.70341533310401,0.417866666666667,FALSE
"PT16","clonotype34",2.24142559452719,0.2666,FALSE
"PT16","clonotype61",1.06175547032499,0.6318,FALSE
"PT16","clonotype671",2.27634617145603,0.335,FALSE
"PT16","clonotype4",0,0.460733333333333,FALSE
"PT16","clonotype662",0,0.215533333333333,FALSE
"PT16","clonotype27",2.31691776494443,0.160466666666667,FALSE
"PT16","clonotype396",0,0.643033333333333,FALSE
"PT16","clonotype499",0,0.2392,FALSE
"PT16","clonotype3",1.43654152891818,0.3234,FALSE
"PT16","clonotype605",0,0.402666666666667,FALSE
"PT16","clonotype13",0,0.388966666666667,TRUE
"PT16","clonotype708",0,0.391333333333333,FALSE
"PT16","clonotype84",2.17194231487188,0.179733333333333,FALSE
"PT16","clonotype1",0.793773709847093,0.6168,FALSE
"PT16","clonotype2",2.78426838115223,0.422133333333333,FALSE
"PT16","clonotype76",1.19245847358134,0.3924,FALSE
"PT16","clonotype71",1.09179690329611,0.460433333333333,FALSE
"PT16","clonotype459",0.90751591317517,0.432033333333333,FALSE
"PT16","clonotype622",0,0.131266666666667,FALSE
"PT16","clonotype36",1.80128331630173,0.408,FALSE
"PT16","clonotype12",0,0.4868,FALSE
"PT16","clonotype66",1.73039478777593,0.536733333333333,FALSE
"PT16","clonotype2",1.47659154233422,0.4897,FALSE
"PT16","clonotype2",2.21713632152038,0.479,FALSE
"PT16","clonotype7",0,0.539933333333333,FALSE
"PT16","clonotype1",0.989570972326002,0.171333333333333,FALSE
"PT16","clonotype72",1.77276924949658,0.374366666666667,FALSE
"PT16","clonotype5",0,0.270066666666667,FALSE
"PT16","clonotype6",0.926705400507954,0.301266666666667,FALSE
"PT16","clonotype272",0,0.337133333333333,FALSE
"PT16","clonotype30",2.65529579099613,0.387333333333333,FALSE
"PT16","clonotype2",1.02360755411431,0.5695,FALSE
"PT16","clonotype690",1.40255935299931,0.2219,FALSE
"PT16","clonotype541",1.99226719019932,0.214666666666667,FALSE
"PT16","clonotype474",1.84024414060493,0.658433333333333,FALSE
"PT16","clonotype8",0.936899558740725,0.2438,FALSE
"PT16","clonotype3",1.5517973792915,0.2538,FALSE
"PT16","clonotype9",1.56003999320523,0.451233333333333,FALSE
"PT16","clonotype234",0,0.3345,FALSE
"PT16","clonotype266",0,0.366666666666667,FALSE
"PT16","clonotype8",1.6232578939083,0.399433333333333,FALSE
"PT16","clonotype85",0,0.584033333333333,FALSE
"PT16","clonotype21",2.70636494227865,0.675633333333333,FALSE
"PT16","clonotype77",0,0.2432,FALSE
"PT16","clonotype1",2.38997315556606,0.4138,FALSE
"PT16","clonotype273",0,0.0767666666666666,FALSE
"PT16","clonotype59",0,0.325366666666667,FALSE
"PT16","clonotype445",0,0.2344,FALSE
"PT16","clonotype99",0,0.327566666666667,FALSE
"PT16","clonotype29",0.92069826212551,0.480366666666667,FALSE
"PT16","clonotype5",0,0.3816,FALSE
"PT16","clonotype685",0,0.165933333333333,FALSE
"PT16","clonotype3",1.80662555455358,0.546433333333333,FALSE
"PT16","clonotype735",0,0.321066666666667,FALSE
"PT16","clonotype2",1.6165533648125,0.6363,FALSE
"PT16","clonotype589",0,0.278866666666667,FALSE
"PT16","clonotype105",1.07755915200087,0.652766666666667,FALSE
"PT16","clonotype7",1.71457040374192,0.356433333333333,FALSE
"PT16","clonotype59",0,0.668633333333333,FALSE
"PT16","clonotype118",1.07605668220753,0.183766666666667,FALSE
"PT16","clonotype314",0,0.0727666666666666,FALSE
"PT16","clonotype46",3.16334487571334,0.620166666666667,FALSE
"PT16","clonotype464",0,0.3629,FALSE
"PT16","clonotype215",2.56026763153712,0.226933333333333,FALSE
"PT16","clonotype4",0,0.496233333333333,FALSE
"PT16","clonotype11",1.78509508990223,0.281533333333333,FALSE
"PT16","clonotype17",0,0.300366666666667,FALSE
"PT16","clonotype18",1.83348677624932,0.4086,FALSE
"PT16","clonotype21",0,0.2427,FALSE
"PT16","clonotype318",0,0.146766666666667,FALSE
"PT16","clonotype787",0,0.2122,FALSE
"PT16","clonotype23",3.13684549847956,0.3297,FALSE
"PT16","clonotype656",0,0.241866666666667,FALSE
"PT16","clonotype263",0,0.3511,FALSE
"PT16","clonotype700",0,0.2035,FALSE
"PT16","clonotype47",2.39455049779408,0.3854,FALSE
"PT16","clonotype306",1.33123480558347,0.543533333333333,FALSE
"PT16","clonotype4",0,0.326566666666667,FALSE
"PT16","clonotype4",0,0.798,FALSE
"PT16","clonotype733",0.950504357939311,0.438733333333333,FALSE
"PT16","clonotype453",1.32305442645152,0.389866666666667,FALSE
"PT16","clonotype711",0,0.425533333333333,FALSE
"PT16","clonotype709",0,0.3716,FALSE
"PT16","clonotype587",0,0.2271,FALSE
"PT16","clonotype713",1.01357350310651,0.226066666666667,FALSE
"PT16","clonotype726",0,0.4199,FALSE
"PT16","clonotype753",0,0.163333333333333,FALSE
"PT16","clonotype3",1.44795506444636,0.2602,FALSE
"PT16","clonotype351",1.82065821627871,0.553566666666667,FALSE
"PT16","clonotype15",1.93087422363541,0.510666666666667,FALSE
"PT16","clonotype5",0,0.5638,FALSE
"PT16","clonotype120",0,0.316466666666667,FALSE
"PT16","clonotype2",1.00007936490092,0.2672,FALSE
"PT16","clonotype268",0,0.351666666666667,FALSE
"PT16","clonotype68",0,0.249033333333333,FALSE
"PT16","clonotype647",0,0.1896,FALSE
"PT16","clonotype202",0,0.0904666666666667,FALSE
"PT16","clonotype2",2.5732985162375,0.2222,FALSE
"PT16","clonotype2",1.90586666301387,0.416066666666667,FALSE
"PT16","clonotype8",1.7511760169371,0.1507,FALSE
"PT16","clonotype8",2.36989170947362,0.2716,FALSE
"PT16","clonotype620",0,0.388933333333333,FALSE
"PT16","clonotype4",0,0.417533333333333,FALSE
"PT16","clonotype61",1.02225774142079,0.274333333333333,FALSE
"PT16","clonotype86",1.74513111425539,0.344333333333333,FALSE
"PT16","clonotype91",1.25640430793318,0.176066666666667,FALSE
"PT16","clonotype204",0,0.208033333333333,FALSE
"PT16","clonotype43",1.26654229405685,0.652766666666667,FALSE
"PT16","clonotype21",2.25051296113156,0.190033333333333,FALSE
"PT16","clonotype790",0,0.572166666666667,FALSE
"PT16","clonotype73",1.40519642586079,0.584866666666667,FALSE
"PT16","clonotype596",0,0.133466666666667,FALSE
"PT16","clonotype402",1.35034589900513,0.175,FALSE
"PT16","clonotype1",1.22207444370106,0.5683,FALSE
"PT16","clonotype695",0,0.297166666666667,FALSE
"PT16","clonotype7",2.08561685841057,0.587466666666667,FALSE
"PT16","clonotype31",0,0.625266666666667,FALSE
"PT16","clonotype64",1.30063560918491,0.183866666666667,FALSE
"PT16","clonotype739",2.74843071544868,0.2544,FALSE
"PT16","clonotype57",1.8450481060481,0.542266666666667,FALSE
"PT16","clonotype359",0,0.175366666666667,FALSE
"PT16","clonotype1",1.96356023366676,0.435766666666667,FALSE
"PT16","clonotype330",0,0.205,FALSE
"PT16","clonotype58",0,0.344566666666667,FALSE
"PT16","clonotype79",0,0.578733333333333,FALSE
"PT16","clonotype177",0,0.258666666666667,FALSE
"PT16","clonotype65",0,0.2324,FALSE
"PT16","clonotype6",1.34431081472422,0.611366666666667,FALSE
"PT16","clonotype20",0.617434145455373,0.5739,FALSE
"PT16","clonotype101",0,0.6346,FALSE
"PT16","clonotype270",0,0.112666666666667,FALSE
"PT16","clonotype4",0,0.6243,FALSE
"PT16","clonotype6",0,0.1844,FALSE
"PT16","clonotype721",0,0.354366666666667,FALSE
"PT16","clonotype734",3.33110125167669,0.798933333333333,FALSE
"PT16","clonotype414",0,0.224433333333333,FALSE
"PT16","clonotype20",2.3684823550957,0.357166666666667,FALSE
"PT16","clonotype248",0,0.295366666666667,FALSE
"PT16","clonotype48",1.11069254576833,0.471566666666667,FALSE
"PT16","clonotype210",0,0.270466666666667,FALSE
"PT16","clonotype27",1.02881642192007,0.235466666666667,FALSE
"PT16","clonotype7",0,0.638766666666667,FALSE
"PT16","clonotype466",0,0.274433333333333,FALSE
"PT16","clonotype158",0,0.2786,FALSE
"PT16","clonotype7",1.80700851041906,0.5482,FALSE
"PT16","clonotype2",0.943698758383291,0.394566666666667,FALSE
"PT16","clonotype6",0,0.4494,FALSE
"PT16","clonotype88",1.86798573402279,0.559733333333333,FALSE
"PT16","clonotype13",2.55617306330013,0.2565,TRUE
"PT16","clonotype17",0,0.369333333333333,FALSE
"PT16","clonotype345",0,0.348666666666667,FALSE
"PT16","clonotype282",0,0.0658333333333333,FALSE
"PT16","clonotype56",0,0.318533333333333,FALSE
"PT16","clonotype9",2.24796810674102,0.4774,FALSE
"PT16","clonotype31",0,0.3749,FALSE
"PT16","clonotype11",1.46364264670303,0.2227,FALSE
"PT16","clonotype132",0,0.0602666666666667,FALSE
"PT16","clonotype507",0,0.417066666666667,FALSE
"PT16","clonotype1",1.3375405159966,0.6053,FALSE
"PT16","clonotype212",0,0.377033333333333,FALSE
"PT16","clonotype17",2.13559403628956,0.360633333333333,FALSE
"PT16","clonotype70",1.51507506145127,0.363,FALSE
"PT16","clonotype11",1.89257364849439,0.292866666666667,FALSE
"PT16","clonotype1",0,0.560333333333333,FALSE
"PT16","clonotype108",0.860343564152542,0.328366666666667,FALSE
"PT16","clonotype426",1.11958434324569,0.390733333333333,FALSE
"PT16","clonotype100",2.34863114720965,0.641833333333333,FALSE
"PT16","clonotype18",1.50862415624532,0.446233333333333,FALSE
"PT16","clonotype21",2.49927834760307,0.456166666666667,FALSE
"PT16","clonotype35",0.775431779962004,0.3689,TRUE
"PT16","clonotype66",0,0.3648,FALSE
"PT16","clonotype116",0,0.3237,FALSE
"PT16","clonotype796",0,0.0946,FALSE
"PT16","clonotype317",0.624949103440137,0.4134,FALSE
"PT16","clonotype324",0,0.2374,FALSE
"PT16","clonotype4",0,0.445433333333333,FALSE
"PT16","clonotype9",0,0.366933333333333,FALSE
"PT16","clonotype601",2.81339393089799,0.155666666666667,FALSE
"PT16","clonotype147",0,0.262133333333333,FALSE
"PT16","clonotype2",1.79220748764729,0.4361,FALSE
"PT16","clonotype1",1.98527689330718,0.629866666666667,FALSE
"PT16","clonotype241",0,0,FALSE
"PT16","clonotype631",0,0.1711,FALSE
"PT16","clonotype670",1.48812777261944,0.315466666666667,FALSE
"PT16","clonotype9",0,0.2226,FALSE
"PT16","clonotype5",0,0.424366666666667,FALSE
"PT16","clonotype2",1.33674880690642,0.291733333333333,FALSE
"PT16","clonotype3",0.865723185277879,0.6642,FALSE
"PT16","clonotype514",0,0.2166,FALSE
"PT16","clonotype7",2.0537288344121,0.6462,FALSE
"PT16","clonotype21",1.14290780852683,0.4795,FALSE
"PT16","clonotype1",1.03569421695854,0.1769,FALSE
"PT16","clonotype794",1.55152426708596,0.192833333333333,FALSE
"PT16","clonotype172",0,0.183633333333333,FALSE
"PT16","clonotype1",0,0.402166666666667,FALSE
"PT16","clonotype615",0,0.147233333333333,FALSE
"PT16","clonotype632",1.71986635005382,0.583066666666667,FALSE
"PT16","clonotype465",1.75678849890928,0.424033333333333,FALSE
"PT16","clonotype5",0,0.362933333333333,FALSE
"PT16","clonotype119",0,0.1706,FALSE
"PT16","clonotype33",0,0.0736666666666667,FALSE
"PT16","clonotype5",0,0.1932,FALSE
"PT16","clonotype1",1.72347471922209,0.741066666666667,FALSE
"PT16","clonotype10",2.5935354403378,0.300366666666667,FALSE
"PT16","clonotype18",1.54689740234071,0.160433333333333,FALSE
"PT16","clonotype7",0,0.264533333333333,FALSE
"PT16","clonotype3",2.04301162569973,0.3766,FALSE
"PT16","clonotype636",0,0.0881,FALSE
"PT16","clonotype616",0.903671675649264,0.6165,FALSE
"PT16","clonotype53",0,0.458533333333333,FALSE
"PT16","clonotype76",0,0.2985,FALSE
"PT16","clonotype750",0,0.361466666666667,FALSE
"PT16","clonotype93",0,0.0826333333333333,FALSE
"PT16","clonotype705",0,0.636033333333333,FALSE
"PT16","clonotype13",2.41988611160607,0.515533333333333,TRUE
"PT16","clonotype385",0,0.6693,FALSE
"PT16","clonotype617",0,0.3008,FALSE
"PT16","clonotype17",2.58769144862694,0.371333333333333,FALSE
"PT16","clonotype75",1.2891777981775,0.244033333333333,FALSE
"PT16","clonotype13",0,0.148066666666667,TRUE
"PT16","clonotype1",1.74406921085498,0.396666666666667,FALSE
"PT16","clonotype45",1.63818521022796,0.218733333333333,FALSE
"PT16","clonotype370",1.21946572805278,0.282566666666667,FALSE
"PT16","clonotype7",2.12552289512068,0.260033333333333,FALSE
"PT16","clonotype124",0,0.2895,FALSE
"PT16","clonotype538",0,0.260866666666667,FALSE
"PT16","clonotype2",3.59836118810755,0.306933333333333,FALSE
"PT16","clonotype732",0,0.1467,FALSE
"PT16","clonotype5",0,0.465733333333333,FALSE
"PT16","clonotype20",1.97333492605669,0.4314,FALSE
"PT16","clonotype1",2.07608763379275,0.343066666666667,FALSE
"PT16","clonotype4",0,0.708266666666667,FALSE
"PT16","clonotype546",1.09179690329611,0.4337,FALSE
"PT16","clonotype116",0,0.570366666666667,FALSE
"PT16","clonotype611",0,0.152533333333333,FALSE
"PT16","clonotype675",0.841894338895425,0.3616,FALSE
"PT16","clonotype460",2.09363635665684,0.0639666666666666,FALSE
"PT16","clonotype422",0,0.1494,FALSE
"PT16","clonotype15",1.86826106541978,0.638866666666667,FALSE
"PT16","clonotype628",0,0.1712,FALSE
"PT16","clonotype68",0,0.5276,FALSE
"PT16","clonotype24",2.11868643486935,0.5042,FALSE
"PT16","clonotype20",0,0.473,FALSE
"PT16","clonotype403",0,0.296333333333333,FALSE
"PT16","clonotype46",0,0.164733333333333,FALSE
"PT16","clonotype33",1.75942949627279,0.324133333333333,FALSE
"PT16","clonotype6",1.67800398149836,0.7511,FALSE
"PT16","clonotype1",1.44514179926671,0.346133333333333,FALSE
"PT16","clonotype17",2.20897517358065,0.273266666666667,FALSE
"PT16","clonotype673",0,0.288266666666667,FALSE
"PT16","clonotype66",2.44409712402868,0.475433333333333,FALSE
"PT16","clonotype11",2.25647782941613,0,FALSE
"PT16","clonotype1",2.46136305127458,0.362333333333333,FALSE
"PT16","clonotype7",1.67979112977555,0.5886,FALSE
"PT16","clonotype737",0,0.398,FALSE
"PT16","clonotype15",2.51543795278296,0.282966666666667,FALSE
"PT16","clonotype5",0,0.474366666666667,FALSE
"PT16","clonotype5",0,0.411566666666667,FALSE
"PT16","clonotype3",2.11208407293669,0.4392,FALSE
"PT16","clonotype220",1.22666825940129,0.3717,FALSE
"PT16","clonotype534",0.758786761828917,0.2674,FALSE
"PT16","clonotype7",0.855342878300048,0.7616,FALSE
"PT16","clonotype430",1.22321947779651,0.473,FALSE
"PT16","clonotype18",0.905414879244954,0.197133333333333,FALSE
"PT16","clonotype591",0,0.0945333333333334,FALSE
"PT16","clonotype83",1.75918903784718,0.712066666666667,FALSE
"PT16","clonotype508",0,0.3957,FALSE
"PT16","clonotype395",0.343442582051803,0.645233333333333,FALSE
"PT16","clonotype24",1.31498078640322,0.5631,FALSE
"PT16","clonotype48",1.98290674469619,0.3135,FALSE
"PT16","clonotype52",1.16343453813328,0.563066666666667,FALSE
"PT16","clonotype2",1.83348677624932,0.566266666666667,FALSE
"PT16","clonotype32",2.54725676424371,0.610233333333333,TRUE
"PT16","clonotype4",0,0.5348,FALSE
"PT16","clonotype30",1.81509310199146,0.271333333333333,FALSE
"PT16","clonotype79",0,0,FALSE
"PT16","clonotype472",0,0.223166666666667,FALSE
"PT16","clonotype15",2.43339191463916,0.3352,FALSE
"PT16","clonotype11",2.15722901251837,0.242566666666667,FALSE
"PT16","clonotype94",0,0.374866666666667,FALSE
"PT16","clonotype694",2.70375693068323,0.176033333333333,FALSE
"PT16","clonotype542",0,0.300966666666667,FALSE
"PT16","clonotype296",1.51042436849306,0.3131,FALSE
"PT16","clonotype4",1.13334536381491,0.656766666666667,FALSE
"PT16","clonotype630",0,0.2396,FALSE
"PT16","clonotype335",0,0.408266666666667,FALSE
"PT16","clonotype1",0,0.303766666666667,FALSE
"PT16","clonotype91",1.44654695131932,0.158266666666667,FALSE
"PT16","clonotype164",0,0.244533333333333,FALSE
"PT16","clonotype3",1.17055002740577,0.5489,FALSE
"PT16","clonotype16",3.01108432195583,0.629666666666667,FALSE
"PT16","clonotype2",1.19401210859732,0.271866666666667,FALSE
"PT16","clonotype528",0,0.213,FALSE
"PT16","clonotype11",1.71422997825543,0.4629,FALSE
"PT16","clonotype140",0.469007121242241,0.4833,FALSE
"PT16","clonotype4",0,0.385933333333333,FALSE
"PT16","clonotype148",2.79387170386672,0.5142,FALSE
"PT16","clonotype638",0,0.326533333333333,FALSE
"PT16","clonotype442",1.9335503955038,0.3132,FALSE
"PT16","clonotype289",0,0.2704,FALSE
"PT16","clonotype28",1.05715654011736,0.273,FALSE
"PT16","clonotype337",0,0.2556,FALSE
"PT16","clonotype276",0,0.450833333333333,FALSE
"PT16","clonotype51",0,0.562366666666667,FALSE
"PT16","clonotype21",1.822088046824,0.645266666666667,FALSE
"PT16","clonotype523",0,0.1472,FALSE
"PT16","clonotype629",1.04360591335444,0.236666666666667,FALSE
"PT16","clonotype635",0,0.362066666666667,FALSE
"PT16","clonotype435",0,0.3694,FALSE
"PT16","clonotype144",0,0.293566666666667,FALSE
"PT16","clonotype13",3.30919952082796,0.4325,TRUE
"PT16","clonotype4",1.16935774747511,0.568533333333333,FALSE
"PT16","clonotype38",0.989886036533343,0.4838,FALSE
"PT16","clonotype520",0,0.2878,FALSE
"PT16","clonotype73",0.912280265413799,0.613233333333333,FALSE
"PT16","clonotype12",2.78383634759326,0.238833333333333,FALSE
"PT16","clonotype3",2.72910356118367,0.5276,FALSE
"PT16","clonotype780",0,0.3115,FALSE
"PT16","clonotype765",0,0.4006,FALSE
"PT16","clonotype10",1.16846521634442,0.499333333333333,FALSE
"PT16","clonotype38",0,0.4961,FALSE
"PT16","clonotype1",0,0.411633333333333,FALSE
"PT16","clonotype5",0,0.457333333333333,FALSE
"PT16","clonotype751",0,0.238,FALSE
"PT16","clonotype37",0.878658741943697,0.441266666666667,FALSE
"PT16","clonotype81",0,0.4129,FALSE
"PT16","clonotype110",0,0.0868,FALSE
"PT16","clonotype9",1.41540504928913,0.184,FALSE
"PT16","clonotype3",2.65118965950305,0.268466666666667,FALSE
"PT16","clonotype567",0,0.406933333333333,FALSE
"PT16","clonotype95",1.75010586408702,0.4858,FALSE
"PT16","clonotype9",0,0.355066666666667,FALSE
"PT16","clonotype5",0,0.425833333333333,FALSE
"PT16","clonotype262",1.17972618016565,0.277333333333333,FALSE
"PT16","clonotype415",1.6165533648125,0.2205,FALSE
"PT16","clonotype19",2.4191271168344,0.4059,FALSE
"PT16","clonotype62",0,0.236133333333333,FALSE
"PT16","clonotype312",0,0.318533333333333,FALSE
"PT16","clonotype26",1.10431824802557,0.378933333333333,FALSE
"PT16","clonotype10",1.85555486051917,0.5232,FALSE
"PT16","clonotype286",1.1027366394447,0.4441,FALSE
"PT16","clonotype1",1.17685180090303,0.413166666666667,FALSE
"PT16","clonotype21",0,0.520966666666667,FALSE
"PT16","clonotype454",1.20675604808156,0.620233333333333,FALSE
"PT16","clonotype25",2.70175513022956,0.504233333333333,FALSE
"PT16","clonotype2",0,0.472166666666667,FALSE
"PT16","clonotype584",3.30590823418186,0.2804,FALSE
"PT16","clonotype333",1.22055125833732,0.599133333333333,FALSE
"PT16","clonotype8",0,0.154733333333333,FALSE
"PT16","clonotype10",2.67314745392284,0.561233333333333,FALSE
"PT16","clonotype126",2.70676674541971,0.265666666666667,FALSE
"PT16","clonotype23",2.12700786955252,0.437166666666667,FALSE
"PT16","clonotype432",0,0.328266666666667,FALSE
"PT16","clonotype412",0,0.1816,FALSE
"PT16","clonotype4",0,0.710333333333333,FALSE
"PT16","clonotype21",0,0.565733333333333,FALSE
"PT16","clonotype2",2.09668475496661,0.379833333333333,FALSE
"PT16","clonotype1",0,0.372733333333333,FALSE
"PT16","clonotype7",1.34311072584777,0.644866666666667,FALSE
"PT16","clonotype137",1.71525170721692,0.323,FALSE
"PT16","clonotype724",0,0.172533333333333,FALSE
"PT16","clonotype242",0,0.454266666666667,FALSE
"PT16","clonotype2",0,0.401066666666667,FALSE
"PT16","clonotype387",0.805404425192395,0.529466666666667,FALSE
"PT16","clonotype19",2.00859527743829,0.685266666666667,FALSE
"PT16","clonotype287",0,0.311033333333333,FALSE
"PT16","clonotype47",0.885944628692658,0.344266666666667,FALSE
"PT16","clonotype18",1.91615955954395,0.2592,FALSE
"PT16","clonotype50",0,0.533133333333333,FALSE
"PT16","clonotype1",2.16416903457903,0.4676,FALSE
"PT16","clonotype800",0.739498683934923,0.508133333333333,FALSE
"PT16","clonotype1",2.73631026412427,0.1648,FALSE
"PT16","clonotype19",1.17504400306035,0.272233333333333,FALSE
"PT16","clonotype2",1.38396768457388,0.541433333333333,FALSE
"PT16","clonotype227",0,0.275366666666667,FALSE
"PT16","clonotype162",0,0.0651666666666667,FALSE
"PT16","clonotype295",0,0.3537,FALSE
"PT16","clonotype21",2.21100876048103,0.232633333333333,FALSE
"PT16","clonotype1",2.89566594352417,0.3927,FALSE
"PT16","clonotype450",0,0.266366666666667,FALSE
"PT16","clonotype199",1.31478983962288,0.348066666666667,FALSE
"PT16","clonotype79",0,0.357566666666667,FALSE
"PT16","clonotype3",1.58707432557941,0.1757,FALSE
"PT16","clonotype10",1.14889929993563,0.478233333333333,FALSE
"PT16","clonotype11",3.54067779834374,0,FALSE
"PT16","clonotype62",3.05280877100518,0.3316,FALSE
"PT16","clonotype87",0,0.359733333333333,FALSE
"PT16","clonotype5",0,0.471066666666667,FALSE
"PT16","clonotype2",1.1239495428329,0.578333333333333,FALSE
"PT16","clonotype741",1.76631368713135,0.142033333333333,FALSE
"PT16","clonotype9",1.14746676671177,0.446633333333333,FALSE
"PT16","clonotype17",0,0.249633333333333,FALSE
"PT16","clonotype650",1.41787000134142,0.1794,FALSE
"PT16","clonotype648",0.86988399937479,0.1768,FALSE
"PT16","clonotype545",0,0.16,FALSE
"PT16","clonotype24",0,0.385766666666667,FALSE
"PT16","clonotype344",0.714462058429105,0.4486,FALSE
"PT16","clonotype452",0,0.2949,FALSE
"PT16","clonotype5",0,0.420333333333333,FALSE
"PT16","clonotype331",0,0.0790999999999999,FALSE
"PT16","clonotype15",0,0.186966666666667,FALSE
"PT16","clonotype111",2.11427949221286,0.1925,FALSE
"PT16","clonotype243",1.44164180836247,0.2134,FALSE
"PT16","clonotype78",1.46484613478921,0.415833333333333,FALSE
"PT16","clonotype497",0.912280265413799,0.514833333333333,FALSE
"PT16","clonotype51",1.66800935696236,0.412433333333333,FALSE
"PT16","clonotype736",2.0895285123618,0.223433333333333,FALSE
"PT16","clonotype17",1.80166372400626,0.2797,FALSE
"PT16","clonotype3",0,0.508133333333333,FALSE
"PT16","clonotype55",0,0.4078,FALSE
"PT16","clonotype10",1.97755847426498,0.604133333333333,FALSE
"PT16","clonotype1",3.38372248616006,0.218533333333333,FALSE
"PT16","clonotype134",0,0.313466666666667,FALSE
"PT16","clonotype7",2.45583685552582,0.4694,FALSE
"PT16","clonotype352",0,0.236066666666667,FALSE
"PT16","clonotype72",0.923055074057589,0.2942,FALSE
"PT16","clonotype710",0,0.506333333333333,FALSE
"PT16","clonotype480",1.2136390054345,0.269733333333333,FALSE
"PT16","clonotype492",0,0.2251,FALSE
"PT16","clonotype727",0.610022529255173,0.4374,FALSE
"PT16","clonotype399",0,0.137166666666667,FALSE
"PT16","clonotype22",0,0.473966666666667,FALSE
"PT16","clonotype594",0,0,FALSE
"PT16","clonotype29",2.33345462828499,0.2161,FALSE
"PT16","clonotype368",0,0.1687,FALSE
"PT16","clonotype28",0.578018198975419,0.530566666666667,FALSE
"PT16","clonotype130",1.30269118217348,0.1766,FALSE
"PT16","clonotype97",0,0.2712,FALSE
"PT16","clonotype22",0,0.607433333333333,FALSE
"PT16","clonotype5",0,0.382366666666667,FALSE
"PT16","clonotype8",1.47896521281367,0.374433333333333,FALSE
"PT16","clonotype26",1.01889937305445,0.4393,FALSE
"PT16","clonotype115",1.92289633206163,0.581866666666667,FALSE
"PT16","clonotype11",1.21074768277053,0.3456,FALSE
"PT16","clonotype10",2.1030841572942,0.2207,FALSE
"PT16","clonotype5",0,0.348333333333333,FALSE
"PT16","clonotype3",1.82993201677286,0.200566666666667,FALSE
"PT16","clonotype39",0.963928043249337,0.414566666666667,FALSE
"PT16","clonotype15",0.930755405692511,0.4189,FALSE
"PT16","clonotype11",1.06054117760414,0.260133333333333,FALSE
"PT16","clonotype1",1.50121565304573,0.441866666666667,FALSE
"PT16","clonotype570",1.29358746189192,0.415033333333333,FALSE
"PT16","clonotype26",0,0.2665,FALSE
"PT16","clonotype340",1.97411549689425,0.35,FALSE
"PT16","clonotype23",2.92849355067994,0.4522,FALSE
"PT16","clonotype32",0.932515614996673,0.490833333333333,TRUE
"PT16","clonotype10",1.4743075583924,0.510533333333333,FALSE
"PT16","clonotype28",1.6648133839973,0.4625,FALSE
"PT16","clonotype6",0.919254089600677,0.352833333333333,FALSE
"PT16","clonotype1",0,0.215633333333333,FALSE
"PT16","clonotype5",0,0.4679,FALSE
"PT16","clonotype29",1.0715754474091,0.435033333333333,FALSE
"PT16","clonotype1",1.22633891652932,0.284466666666667,FALSE
"PT16","clonotype7",1.4432728520444,0.404433333333333,FALSE
"PT16","clonotype778",0,0.314766666666667,FALSE
"PT16","clonotype15",0,0.0687666666666666,FALSE
"PT16","clonotype27",2.24680401118909,0.4344,FALSE
"PT16","clonotype52",2.29041727795047,0.691466666666667,FALSE
"PT16","clonotype674",0,0.139733333333333,FALSE
"PT16","clonotype181",2.31214760697842,0.2632,FALSE
"PT16","clonotype2",2.22826843714288,0.484466666666667,FALSE
"PT16","clonotype44",0,0.532533333333333,FALSE
"PT16","clonotype25",2.13784733581451,0.390966666666667,FALSE
"PT16","clonotype80",1.5409543064157,0.245766666666667,FALSE
"PT16","clonotype107",0,0.4369,FALSE
"PT16","clonotype334",1.90370823186495,0.212133333333333,FALSE
"PT16","clonotype637",0,0.445266666666667,FALSE
"PT16","clonotype17",1.46364264670303,0.3768,FALSE
"PT16","clonotype271",0,0.124766666666667,FALSE
"PT16","clonotype550",1.4675013796333,0.505866666666667,FALSE
"PT16","clonotype9",1.40622484313098,0.481166666666667,FALSE
"PT16","clonotype348",0,0.2223,FALSE
"PT16","clonotype31",0,0.7002,FALSE
"PT16","clonotype40",0,0.274366666666667,FALSE
"PT16","clonotype13",0.831356568373678,0.681833333333333,TRUE
"PT16","clonotype681",0,0.382,FALSE
"PT16","clonotype52",1.54961542367504,0.240066666666667,FALSE
"PT16","clonotype16",1.33952418878633,0.493033333333333,FALSE
"PT16","clonotype731",0.743438802500354,0.318033333333333,FALSE
"PT16","clonotype4",0,0.294733333333333,FALSE
"PT16","clonotype431",0,0.1546,FALSE
"PT16","clonotype250",0,0.229433333333333,FALSE
"PT16","clonotype3",2.20564969290483,0.545,FALSE
"PT16","clonotype7",1.42532078935112,0.589033333333333,FALSE
"PT16","clonotype1",1.53666331029353,0.308233333333333,FALSE
"PT16","clonotype303",1.50045377441155,0.4367,FALSE
"PT16","clonotype175",1.76507734293091,0.5047,FALSE
"PT16","clonotype1",2.45504989038114,0.264066666666667,FALSE
"PT16","clonotype449",0,0.207666666666667,FALSE
"PT16","clonotype418",0,0.284266666666667,FALSE
"PT16","clonotype16",2.83468826120844,0.431866666666667,FALSE
"PT16","clonotype166",0,0.218133333333333,FALSE
"PT16","clonotype319",0,0.330233333333333,FALSE
"PT16","clonotype1",2.04809880033195,0.540633333333333,FALSE
"PT16","clonotype6",1.64281566687306,0.355866666666667,FALSE
"PT16","clonotype565",0,0.234533333333333,FALSE
"PT16","clonotype657",0,0.227266666666667,FALSE
"PT16","clonotype30",0,0.186633333333333,FALSE
"PT16","clonotype411",0,0.241233333333333,FALSE
"PT16","clonotype8",0.771389257545492,0.201733333333333,FALSE
"PT16","clonotype659",0,0.150266666666667,FALSE
"PT16","clonotype109",0,0.1946,FALSE
"PT16","clonotype26",0,0.428333333333333,FALSE
"PT16","clonotype394",0,0.361433333333333,FALSE
"PT16","clonotype1",0,0.455933333333333,FALSE
"PT16","clonotype332",0,0.319266666666667,FALSE
"PT16","clonotype17",0.980523856051278,0.261233333333333,FALSE
"PT16","clonotype1",1.10326331438344,0.367066666666667,FALSE
"PT16","clonotype14",0,0.364933333333333,FALSE
"PT16","clonotype301",1.88889501787941,0.383533333333333,FALSE
"PT16","clonotype20",2.59047445512238,0.297266666666667,FALSE
"PT16","clonotype23",3.31321875269543,0.386533333333333,FALSE
"PT16","clonotype369",0,0.218,FALSE
"PT16","clonotype41",0.986744741908048,0.376266666666667,FALSE
"PT16","clonotype12",1.81703005460731,0.4941,FALSE
"PT16","clonotype40",1.56253152062679,0.4339,FALSE
"PT16","clonotype4",0,0.634666666666667,FALSE
"PT16","clonotype420",2.26054701030544,0.558933333333333,FALSE
"PT16","clonotype4",0,0.4524,FALSE
"PT16","clonotype65",0,0.3102,FALSE
"PT16","clonotype156",0,0.409266666666667,FALSE
"PT16","clonotype11",2.72910356118367,0.0607333333333333,FALSE
"PT16","clonotype339",1.00266189721208,0.3716,FALSE
"PT16","clonotype18",1.22600976097125,0.356566666666667,FALSE
"PT16","clonotype6",2.64719451369952,0.2056,FALSE
"PT16","clonotype136",2.14237076704638,0.4989,FALSE
"PT16","clonotype2",1.68517803813279,0.265833333333333,FALSE
"PT16","clonotype291",0,0.0963333333333334,FALSE
"PT16","clonotype232",0,0.3064,FALSE
"PT16","clonotype2",2.11409633616602,0.349133333333333,FALSE
"PT16","clonotype4",0,0.6688,FALSE
"PT16","clonotype12",1.78658715653798,0.527066666666667,FALSE
"PT16","clonotype51",1.55783259796108,0.476766666666667,FALSE
"PT16","clonotype643",2.53483522491257,0.602566666666667,FALSE
"PT16","clonotype44",0,0.528566666666667,FALSE
"PT16","clonotype458",0,0.412166666666667,FALSE
"PT16","clonotype88",1.56059291335097,0.2407,FALSE
"PT16","clonotype608",0.921784473627267,0.471933333333333,FALSE
"PT16","clonotype355",0,0.0747666666666666,FALSE
"PT16","clonotype6",1.01137145338003,0.219966666666667,FALSE
"PT16","clonotype540",0,0.315333333333333,FALSE
"PT16","clonotype16",1.09128163051226,0.3223,FALSE
"PT16","clonotype25",0,0.406066666666667,FALSE
"PT16","clonotype2",1.68419574655982,0.374633333333333,FALSE
"PT16","clonotype122",1.9682009217939,0.556333333333333,FALSE
"PT16","clonotype64",0,0.245,FALSE
"PT16","clonotype43",1.97755847426498,0.2211,FALSE
"PT16","clonotype405",1.58249733943942,0.3785,FALSE
"PT16","clonotype325",0,0,FALSE
"PT16","clonotype17",2.11592957336712,0.2736,FALSE
"PT16","clonotype365",0,0.239933333333333,FALSE
"PT16","clonotype2",1.20882821751505,0.322733333333333,FALSE
"PT16","clonotype28",0,0.456533333333333,FALSE
"PT16","clonotype133",1.67347386595458,0.413566666666667,FALSE
"PT16","clonotype39",1.6731513246397,0.562966666666667,FALSE
"PT16","clonotype2",1.10696485955154,0.428633333333333,FALSE
"PT16","clonotype585",0,0.2503,FALSE
"PT16","clonotype718",0,0.236833333333333,FALSE
"PT16","clonotype4",0,0.6476,FALSE
"PT16","clonotype3",1.09412195179959,0.525766666666667,FALSE
"PT16","clonotype511",0.99687058347909,0.4417,FALSE
"PT16","clonotype99",0.741115905713931,0.425166666666667,FALSE
"PT16","clonotype59",0,0.465166666666667,FALSE
"PT16","clonotype421",0,0.3028,FALSE
"PT16","clonotype44",0.679648071075893,0.731266666666667,FALSE
"PT16","clonotype10",2.04334985709425,0.577866666666667,FALSE
"PT16","clonotype625",0.659236746116907,0.425,FALSE
"PT16","clonotype24",2.31214760697842,0.676133333333333,FALSE
"PT16","clonotype401",0,0.213766666666667,FALSE
"PT16","clonotype440",0,0.323433333333333,FALSE
"PT16","clonotype1",0,0.1776,FALSE
"PT16","clonotype41",0.910156411015577,0.0912333333333334,FALSE
"PT16","clonotype12",1.13923161031221,0.513066666666667,FALSE
"PT16","clonotype6",0,0.148433333333333,FALSE
"PT16","clonotype36",1.07009036144733,0.256866666666667,FALSE
"PT16","clonotype343",0,0.309533333333333,FALSE
"PT16","clonotype1",3.15678833640524,0.454433333333333,FALSE
"PT16","clonotype9",2.68096202057064,0.506533333333333,FALSE
"PT16","clonotype560",0,0.2122,FALSE
"PT16","clonotype34",0,0.279933333333333,FALSE
"PT16","clonotype789",0,0.338533333333333,FALSE
"PT16","clonotype42",0,0.302133333333333,FALSE
"PT16","clonotype1",2.27025501559829,0.5636,FALSE
"PT16","clonotype5",0,0.467233333333333,FALSE
"PT16","clonotype533",0,0.6624,FALSE
"PT16","clonotype4",1.39384558653517,0.437766666666667,FALSE
"PT16","clonotype645",0,0.310266666666667,FALSE
"PT16","clonotype328",0,0,FALSE
"PT16","clonotype2",1.19588212596377,0.3298,FALSE
"PT16","clonotype479",0,0.161833333333333,FALSE
"PT16","clonotype123",0,0.493733333333333,FALSE
"PT16","clonotype14",1.08973886346175,0.2228,FALSE
"PT16","clonotype434",0,0.180866666666667,FALSE
"PT16","clonotype537",0,0.268133333333333,FALSE
"PT16","clonotype471",1.31574516641523,0.0608333333333333,FALSE
"PT16","clonotype742",0,0.362366666666667,FALSE
"PT16","clonotype14",0,0.417033333333333,FALSE
"PT16","clonotype297",0,0.4231,FALSE
"PT16","clonotype7",1.69010866248106,0.42,FALSE
"PT16","clonotype667",0,0.380666666666667,FALSE
"PT16","clonotype7",1.14404397221022,0.4569,FALSE
"PT16","clonotype13",1.71219058595266,0.590833333333333,TRUE
"PT16","clonotype2",1.23396153636115,0.2927,FALSE
"PT16","clonotype135",1.97881389874625,0.466166666666667,FALSE
"PT16","clonotype2",1.5352387752442,0.515,FALSE
"PT16","clonotype6",1.37047220387757,0.397333333333333,FALSE
"PT16","clonotype10",2.03627419883805,0.315766666666667,FALSE
"PT16","clonotype502",0,0.367066666666667,FALSE
"PT16","clonotype34",2.60095535145854,0.597866666666667,FALSE
"PT16","clonotype213",1.2008992380389,0.483033333333333,FALSE
"PT16","clonotype38",1.97099747089706,0.447066666666667,FALSE
"PT16","clonotype1",2.65492377243404,0.375566666666667,FALSE
"PT16","clonotype18",1.24219262021279,0.400266666666667,FALSE
"PT16","clonotype176",3.26146025830522,0.213966666666667,FALSE
"PT16","clonotype437",0.825249565666336,0.1925,FALSE
"PT16","clonotype134",0,0.1899,FALSE
"PT16","clonotype504",0.736057375714393,0.2849,FALSE
"PT16","clonotype6",1.01534234220945,0.0974333333333334,FALSE
"PT16","clonotype3",0.907867064970536,0.5095,FALSE
"PT16","clonotype35",1.02270726682748,0.310566666666667,TRUE
"PT16","clonotype16",1.25976442086453,0.589533333333333,FALSE
"PT16","clonotype10",2.32570206388403,0.332866666666667,FALSE
"PT16","clonotype3",1.19401210859732,0.356533333333333,FALSE
"PT16","clonotype22",0,0.362466666666667,FALSE
"PT16","clonotype25",1.0785632393376,0.4735,FALSE
"PT16","clonotype719",0.957216415957323,0.461766666666667,FALSE
"PT16","clonotype22",0,0.5529,FALSE
"PT16","clonotype11",0,0.2743,FALSE
"PT16","clonotype2",2.50039468053667,0.5373,FALSE
"PT16","clonotype62",3.48760590141499,0.255633333333333,FALSE
"PT16","clonotype75",0.899688485082738,0.315666666666667,FALSE
"PT16","clonotype749",0,0.277533333333333,FALSE
"PT16","clonotype27",0.915485319212876,0.138933333333333,FALSE
"PT16","clonotype22",0,0.495466666666667,FALSE
"PT16","clonotype10",1.81586732349355,0.420433333333333,FALSE
"PT16","clonotype12",1.99851082489971,0.5736,FALSE
"PT16","clonotype37",0,0.282433333333333,FALSE
"PT16","clonotype336",0,0.332,FALSE
"PT16","clonotype2",1.2149287342726,0.3249,FALSE
"PT16","clonotype24",1.07281631543872,0.6441,FALSE
"PT16","clonotype12",0,0.343133333333333,FALSE
"PT16","clonotype2",1.69076850405848,0.486166666666667,FALSE
"PT16","clonotype704",0,0.352333333333333,FALSE
"PT16","clonotype61",1.38482065083513,0.256,FALSE
"PT16","clonotype353",0,0,FALSE
"PT16","clonotype5",0,0.553533333333333,FALSE
"PT16","clonotype3",1.95925156187813,0.369566666666667,FALSE
"PT16","clonotype6",0,0.6174,FALSE
"PT16","clonotype5",0,0.4282,FALSE
"PT16","clonotype121",2.50397526378673,0.472166666666667,FALSE
"PT16","clonotype2",1.5409543064157,0.309533333333333,FALSE
"PT16","clonotype9",1.15815743439659,0.455066666666667,FALSE
"PT16","clonotype388",0,0.0908,FALSE
"PT16","clonotype7",0,0.252033333333333,FALSE
"PT16","clonotype261",1.71661612725094,0.280466666666667,FALSE
"PT16","clonotype45",1.9784998704994,0.173466666666667,FALSE
"PT16","clonotype423",1.31409020795629,0.543633333333333,FALSE
"PT16","clonotype2",1.79220748764729,0.257966666666667,FALSE
"PT16","clonotype21",1.99786837261394,0.535066666666667,FALSE
"PT16","clonotype1",1.69873154409383,0.319333333333333,FALSE
"PT16","clonotype19",2.6963691113487,0.4227,FALSE
"PT16","clonotype3",0.850094774692182,0.260033333333333,FALSE
"PT16","clonotype23",0,0.374733333333333,FALSE
"PT16","clonotype3",0,0.307333333333333,FALSE
"PT16","clonotype2",2.87347403586023,0.533933333333333,FALSE
"PT16","clonotype80",2.040310449643,0.3308,FALSE
"PT16","clonotype2",2.36932335246948,0.257566666666667,FALSE
"PT16","clonotype640",1.49943924465853,0.7408,FALSE
"PT16","clonotype660",0,0.325766666666667,FALSE
"PT16","clonotype574",1.38290306457451,0.573033333333333,FALSE
"PT16","clonotype17",1.00754172700458,0.621066666666667,FALSE
"PT16","clonotype48",2.51293499564112,0.406733333333333,FALSE
"PT16","clonotype51",2.4328789048638,0.3625,FALSE
"PT16","clonotype2",1.84866977090798,0.554633333333333,FALSE
"PT16","clonotype33",2.08313651903893,0.454733333333333,FALSE
"PT16","clonotype4",0,0.5814,FALSE
"PT16","clonotype214",0,0.177366666666667,FALSE
"PT16","clonotype23",1.63572740788611,0.326866666666667,FALSE
"PT16","clonotype12",0,0.5542,FALSE
"PT16","clonotype137",2.42216659874344,0.382066666666667,FALSE
"PT16","clonotype225",0.488806725716179,0.526933333333333,FALSE
"PT16","clonotype154",0,0.3469,FALSE
"PT16","clonotype618",1.07919178865223,0.2643,FALSE
"PT16","clonotype463",0,0.2386,FALSE
"PT16","clonotype5",0,0.622066666666667,FALSE
"PT16","clonotype367",0.707232235366535,0.446766666666667,FALSE
"PT16","clonotype11",3.70574798326785,0.0879666666666666,FALSE
"PT16","clonotype14",1.14675190865834,0.548066666666667,FALSE
"PT16","clonotype9",0,0.478566666666667,FALSE
"PT16","clonotype6",0,0.4563,FALSE
"PT16","clonotype1",2.53824676601806,0.161233333333333,FALSE
"PT16","clonotype740",0,0.0718666666666666,FALSE
"PT16","clonotype782",0.878822958304201,0.336033333333333,FALSE
"PT16","clonotype29",0.725150955731137,0.522033333333333,FALSE
"PT16","clonotype13",0,0.491866666666667,TRUE
"PT16","clonotype2",0,0.4089,FALSE
"PT16","clonotype707",0,0.0969,FALSE
"PT16","clonotype483",0.573309474968241,0.436633333333333,FALSE
"PT16","clonotype53",0,0.378866666666667,FALSE
"PT16","clonotype92",0.578787279434796,0.4437,FALSE
"PT16","clonotype455",1.25918372906419,0.4744,FALSE
"PT16","clonotype100",1.08768893116702,0.387433333333333,FALSE
"PT16","clonotype321",2.11537921069936,0.338033333333333,FALSE
"PT16","clonotype8",2.26377195214716,0.553433333333333,FALSE
"PT16","clonotype14",1.74018790258931,0.496533333333333,FALSE
"PT16","clonotype23",1.04867432360865,0.702333333333333,FALSE
"PT16","clonotype35",1.47921123808942,0.465733333333333,TRUE
"PT16","clonotype5",0,0.551133333333333,FALSE
"PT16","clonotype456",0,0.354066666666667,FALSE
"PT16","clonotype247",0,0.3746,FALSE
"PT16","clonotype5",0,0.304266666666667,FALSE
"PT16","clonotype323",0,0.357533333333333,FALSE
"PT16","clonotype745",0,0.352833333333333,FALSE
"PT16","clonotype2",1.07455858808457,0.4363,FALSE
"PT16","clonotype24",2.83771061453157,0.146933333333333,FALSE
"PT16","clonotype15",2.2581890310777,0.3135,FALSE
"PT16","clonotype562",0,0.527866666666667,FALSE
"PT16","clonotype722",0,0.405866666666667,FALSE
"PT16","clonotype578",0,0.591533333333333,FALSE
"PT16","clonotype3",1.92289633206163,0.375766666666667,FALSE
"PT16","clonotype299",0,0.3986,FALSE
"PT16","clonotype14",0.952342857114715,0.537433333333333,FALSE
"PT16","clonotype769",0,0.143466666666667,FALSE
"PT16","clonotype62",0,0.5464,FALSE
"PT16","clonotype2",1.9598657555349,0.304166666666667,FALSE
"PT16","clonotype10",1.14746676671177,0.2372,FALSE
"PT16","clonotype42",0,0.537066666666667,FALSE
"PT16","clonotype494",0,0.330066666666667,FALSE
"PT16","clonotype48",2.37862249078524,0.234433333333333,FALSE
"PT16","clonotype788",0,0.543266666666667,FALSE
"PT16","clonotype27",0.952148983963626,0.394733333333333,FALSE
"PT16","clonotype146",0,0.425,FALSE
"PT16","clonotype257",0,0.1609,FALSE
"PT16","clonotype16",1.93444434212895,0.5009,FALSE
"PT16","clonotype730",0,0.442833333333333,FALSE
"PT16","clonotype1",2.04775873919962,0.585066666666667,FALSE
"PT16","clonotype1",1.95024328779487,0.372733333333333,FALSE
"PT16","clonotype17",0,0.396133333333333,FALSE
"PT16","clonotype1",1.45646649153662,0.347466666666667,FALSE
"PT16","clonotype526",0.617753591280741,0.2944,FALSE
"PT16","clonotype364",1.50274194021923,0,FALSE
"PT16","clonotype527",0,0.159666666666667,FALSE
"PT16","clonotype491",0,0.2162,FALSE
"PT16","clonotype486",0,0.4197,FALSE
"PT16","clonotype1",2.02792455866411,0.243466666666667,FALSE
"PT16","clonotype308",0,0.0976,FALSE
"PT16","clonotype309",0,0.499,FALSE
"PT16","clonotype108",0,0.216633333333333,FALSE
"PT16","clonotype544",0,0.1312,FALSE
"PT16","clonotype1",1.04548585105398,0.522766666666667,FALSE
"PT16","clonotype3",2.33206566197551,0.345633333333333,FALSE
"PT16","clonotype43",0,0.469333333333333,FALSE
"PT16","clonotype56",0,0.451033333333333,FALSE
"PT16","clonotype2",2.63008778998855,0.348666666666667,FALSE
"PT16","clonotype11",2.4328789048638,0.1781,FALSE
"PT16","clonotype1",2.29130366804557,0.2768,FALSE
"PT16","clonotype34",1.91455657596662,0.416,FALSE
"PT16","clonotype10",0.710828393384998,0.410033333333333,FALSE
"PT16","clonotype6",1.2495124364614,0.328966666666667,FALSE
"PT16","clonotype31",0,0.169333333333333,FALSE
"PT16","clonotype22",0,0.402366666666667,FALSE
"PT16","clonotype313",2.75108085730694,0.466966666666667,FALSE
"PT16","clonotype32",0.935402371370635,0.1403,TRUE
"PT16","clonotype160",1.5697785279264,0.562066666666667,FALSE
"PT16","clonotype22",0,0.309833333333333,FALSE
"PT16","clonotype1",2.07293375875512,0.5239,FALSE
"PT16","clonotype522",1.5517973792915,0.2338,FALSE
"PT16","clonotype743",1.06959628860936,0.4471,FALSE
"PT16","clonotype32",1.3727715830488,0.4857,TRUE
"PT16","clonotype83",1.49918584549777,0.5367,FALSE
"PT16","clonotype240",0,0.2368,FALSE
"PT16","clonotype9",2.22371709749056,0.5473,FALSE
"PT16","clonotype39",1.56308637830656,0.400333333333333,FALSE
"PT16","clonotype20",1.77878493318449,0.356233333333333,FALSE
"PT16","clonotype649",0,0.0525333333333333,FALSE
"PT16","clonotype785",1.19463476083337,0.331966666666667,FALSE
"PT16","clonotype2",2.46699958624266,0.417133333333333,FALSE
"PT16","clonotype25",0,0.568833333333333,FALSE
"PT16","clonotype3",1.94501963899839,0.3555,FALSE
"PT16","clonotype419",0,0.299666666666667,FALSE
"PT16","clonotype55",0.940853380869308,0.3219,FALSE
"PT16","clonotype55",1.61158962380749,0.3893,FALSE
"PT16","clonotype1",1.7283122583365,0.4165,FALSE
"PT16","clonotype2",2.00885540124752,0.603533333333333,FALSE
"PT16","clonotype130",1.46871176437335,0.2941,FALSE
"PT16","clonotype60",1.91586787985039,0.434366666666667,FALSE
"PT16","clonotype766",1.83772011185494,0.312033333333333,FALSE
"PT16","clonotype15",1.79371297096515,0.322833333333333,FALSE
"PT16","clonotype75",1.00093867069164,0.232133333333333,FALSE
"PT16","clonotype15",2.47531364085038,0.4977,FALSE
"PT16","clonotype4",1.06787078303156,0.720933333333333,FALSE
"PT16","clonotype30",1.00244615653212,0.329633333333333,FALSE
"PT16","clonotype595",0,0.315166666666667,FALSE
"PT16","clonotype677",0,0.112666666666667,FALSE
"PT16","clonotype8",2.8016932342794,0.428,FALSE
"PT16","clonotype476",0,0.0842000000000001,FALSE
"PT16","clonotype2",2.45780698772898,0.515866666666667,FALSE
"PT16","clonotype22",0,0.270566666666667,FALSE
"PT16","clonotype7",2.3755935681744,0.6424,FALSE
"PT16","clonotype47",1.81936056748828,0.2139,FALSE
"PT16","clonotype561",0,0.470433333333333,FALSE
"PT16","clonotype363",0,0.377033333333333,FALSE
"PT16","clonotype90",0,0.380666666666667,FALSE
"PT16","clonotype3",1.2991449882385,0.445266666666667,FALSE
"PT16","clonotype1",1.81936056748828,0.452933333333333,FALSE
"PT16","clonotype7",1.85055402270023,0.4356,FALSE
"PT16","clonotype73",1.92672810274343,0.516033333333333,FALSE
"PT16","clonotype114",0.672544454762658,0.457633333333333,FALSE
"PT16","clonotype4",1.17084849800879,0.7016,FALSE
"PT16","clonotype218",0,0.2381,FALSE
"PT16","clonotype579",0,0.235833333333333,FALSE
"PT16","clonotype13",1.84117602573112,0.5042,TRUE
"PT16","clonotype14",0,0.211266666666667,FALSE
"PT16","clonotype129",2.65147561172319,0.143566666666667,FALSE
"PT16","clonotype196",0,0.2356,FALSE
"PT16","clonotype3",2.17978192921143,0.239833333333333,FALSE
"PT16","clonotype692",0.942084193938655,0.413733333333333,FALSE
"PT16","clonotype1",2.06146447784794,0.301066666666667,FALSE
"PT16","clonotype467",0,0.413133333333333,FALSE
"PT16","clonotype4",0,0.3326,FALSE
"PT16","clonotype1",2.78859827351781,0.633633333333333,FALSE
"PT16","clonotype31",0,0.337733333333333,FALSE
"PT16","clonotype655",0,0.188966666666667,FALSE
"PT16","clonotype603",0.966920184665351,0.527033333333333,FALSE
"PT16","clonotype290",1.69606793919857,0.622033333333333,FALSE
"PT16","clonotype4",1.1125662823698,0.584966666666667,FALSE
"PT16","clonotype28",0.978058241673254,0.3482,FALSE
"PT16","clonotype26",0.997510626285924,0.2643,FALSE
"PT16","clonotype190",0,0,FALSE
"PT16","clonotype4",0,0.4937,FALSE
"PT16","clonotype233",0,0.159733333333333,FALSE
"PT16","clonotype39",1.62084923068361,0.228,FALSE
"PT16","clonotype748",1.07331350448701,0.2206,FALSE
"PT16","clonotype19",1.71354957923642,0.23,FALSE
"PT16","clonotype23",2.20209408292211,0.2844,FALSE
"PT16","clonotype626",1.04831904692565,0.2735,FALSE
"PT16","clonotype40",2.41660133691576,0.386633333333333,FALSE
"PT16","clonotype14",0,0.3756,FALSE
"PT16","clonotype54",0,0.1807,FALSE
"PT16","clonotype21",0,0.685066666666667,FALSE
"PT16","clonotype21",1.89044937187067,0.464166666666667,FALSE
"PT16","clonotype7",1.73213451696249,0.618966666666667,FALSE
"PT16","clonotype2",0,0.268666666666667,FALSE
"PT16","clonotype142",0,0.1966,FALSE
"PT16","clonotype29",1.18261541447695,0.208833333333333,FALSE
"PT16","clonotype3",1.98940066895387,0.300266666666667,FALSE
"PT16","clonotype16",2.0600842961207,0.482866666666667,FALSE
"PT16","clonotype410",0,0.0817,FALSE
"PT16","clonotype20",1.01667319493135,0.536766666666667,FALSE
"PT16","clonotype391",0,0.3426,FALSE
"PT16","clonotype2",0,0.3979,FALSE
"PT16","clonotype4",0,0.180833333333333,FALSE
"PT16","clonotype563",0,0,FALSE
"PT16","clonotype680",0,0.317166666666667,FALSE
"PT16","clonotype77",0,0.0713,FALSE
"PT16","clonotype26",0,0.205866666666667,FALSE
"PT16","clonotype4",0,0.6054,FALSE
"PT16","clonotype5",0,0.455433333333333,FALSE
"PT16","clonotype356",1.87656412173619,0.456166666666667,FALSE
"PT16","clonotype583",0,0.207733333333333,FALSE
"PT16","clonotype1",1.46316185163965,0.121366666666667,FALSE
"PT16","clonotype366",0,0.192233333333333,FALSE
"PT16","clonotype37",0.944841905357191,0.398333333333333,FALSE
"PT16","clonotype627",0,0.226066666666667,FALSE
"PT16","clonotype192",0,0.3612,FALSE
"PT16","clonotype6",2.69081244760794,0.0861666666666666,FALSE
"PT16","clonotype278",0.847724178726368,0.387533333333333,FALSE
"PT16","clonotype34",1.0748079674181,0.575366666666667,FALSE
"PT16","clonotype1",2.44682404433692,0.408466666666667,FALSE
"PT16","clonotype264",0,0.300833333333333,FALSE
"PT16","clonotype293",0.709978886239462,0.2021,FALSE
"PT16","clonotype12",2.15148562703983,0.4622,FALSE
"PT16","clonotype1",1.11768573952552,0.240966666666667,FALSE
"PT16","clonotype558",2.08935033782852,0.335033333333333,FALSE
"PT16","clonotype33",0.970939809853915,0.4491,FALSE
"PT16","clonotype633",0,0.228166666666667,FALSE
"PT16","clonotype5",0,0.367166666666667,FALSE
"PT16","clonotype38",2.45308518941071,0.453033333333333,FALSE
"PT16","clonotype93",2.10064519899894,0.4144,FALSE
"PT16","clonotype25",3.06199620961639,0.4193,FALSE
"PT16","clonotype22",0,0.333866666666667,FALSE
"PT16","clonotype10",1.00330969906961,0.575766666666667,FALSE
"PT16","clonotype6",2.67965555781383,0.607133333333333,FALSE
"PT16","clonotype109",1.6427714307623,0.7284,FALSE
"PT16","clonotype200",0,0,FALSE
"PT16","clonotype3",4.03316906292604,0.1814,FALSE
"PT16","clonotype8",0.905764353667503,0.1616,FALSE
"PT16","clonotype14",0,0.5036,FALSE
"PT16","clonotype45",0.957020481236033,0.1746,FALSE
"PT16","clonotype31",0,0.345233333333333,FALSE
"PT16","clonotype19",0,0.4099,FALSE
"PT16","clonotype21",1.61307521547142,0.468266666666667,FALSE
"PT16","clonotype580",1.67735515569078,0.497833333333333,FALSE
"PT16","clonotype44",0,0.305666666666667,FALSE
"PT16","clonotype771",1.07881456712562,0.408066666666667,FALSE
"PT16","clonotype773",0,0.264166666666667,FALSE
"PT16","clonotype279",0,0.273,FALSE
"PT16","clonotype135",1.9672707663775,0.412933333333333,FALSE
"PT16","clonotype259",1.05093025906902,0.488866666666667,FALSE
"PT16","clonotype34",2.87093606561826,0.5904,FALSE
"PT16","clonotype498",1.3636234239158,0.394066666666667,FALSE
"PT16","clonotype482",0,0.7453,FALSE
"PT16","clonotype20",1.1471807109915,0.4531,FALSE
"PT16","clonotype723",0,0.1299,FALSE
"PT16","clonotype14",0,0.359,FALSE
"PT16","clonotype371",0.833118522861402,0.714733333333333,FALSE
"PT16","clonotype446",0.92360072642587,0.181066666666667,FALSE
"PT16","clonotype39",0,0.3917,FALSE
"PT16","clonotype2",0,0.195466666666667,FALSE
"PT16","clonotype3",1.14603798706648,0.4284,FALSE
"PT16","clonotype280",2.51738898133452,0.156566666666667,FALSE
"PT16","clonotype634",1.00547534043058,0.324433333333333,FALSE
"PT16","clonotype251",1.18536639658942,0.462766666666667,FALSE
"PT16","clonotype1",1.02091163110318,0.363533333333333,FALSE
"PT16","clonotype125",1.64809864641663,0.437233333333333,FALSE
"PT16","clonotype69",1.67347386595458,0.597766666666667,FALSE
"PT16","clonotype349",0,0.2649,FALSE
"PT16","clonotype2",1.19995514281061,0.591866666666667,FALSE
"PT16","clonotype2",2.58500534916829,0.3288,FALSE
"PT16","clonotype1",0,0.322133333333333,FALSE
"PT16","clonotype3",1.66545149194088,0.315566666666667,FALSE
"PT16","clonotype757",1.82325979649365,0.291033333333333,FALSE
"PT16","clonotype17",1.55728181779335,0.139533333333333,FALSE
"PT16","clonotype547",0,0.1226,FALSE
"PT16","clonotype118",0,0.261566666666667,FALSE
"PT16","clonotype39",0,0.566133333333333,FALSE
"PT16","clonotype13",0.856431659451303,0.454433333333333,TRUE
"PT16","clonotype1",1.7398360141709,0.6408,FALSE
"PT16","clonotype305",0,0.305066666666667,FALSE
"PT16","clonotype1",2.85583056982043,0.324733333333333,FALSE
"PT16","clonotype5",0,0.299633333333333,FALSE
"PT16","clonotype1",2.25540990242897,0.490366666666667,FALSE
"PT16","clonotype12",1.65751389735689,0.239466666666667,FALSE
"PT16","clonotype717",0,0.1678,FALSE
"PT16","clonotype170",0,0.155766666666667,FALSE
"PT16","clonotype725",0,0.163666666666667,FALSE
"PT16","clonotype641",0,0.2196,FALSE
"PT16","clonotype124",0,0.237533333333333,FALSE
"PT16","clonotype408",0,0.476166666666667,FALSE
"PT16","clonotype469",0,0.197533333333333,FALSE
"PT16","clonotype529",1.73475145317452,0.4539,FALSE
"PT16","clonotype776",0,0.2845,FALSE
"PT16","clonotype76",1.11417762942572,0.520233333333333,FALSE
"PT16","clonotype24",1.75834801320673,0.543133333333333,FALSE
"PT16","clonotype443",1.07780999044917,0.339266666666667,FALSE
"PT16","clonotype729",0,0.138733333333333,FALSE
"PT16","clonotype285",1.40124481171571,0.423766666666667,FALSE
"PT16","clonotype127",0,0.473866666666667,FALSE
"PT16","clonotype767",1.6065610812893,0.427766666666667,FALSE
"PT16","clonotype791",0,0.507533333333333,FALSE
"PT16","clonotype1",1.12340193917439,0.3303,FALSE
"PT16","clonotype795",0,0.269333333333333,FALSE
"PT16","clonotype2",0,0.3705,FALSE
"PT16","clonotype1",3.2187715129412,0.256766666666667,FALSE
"PT16","clonotype702",0,0.177,FALSE
"PT16","clonotype375",0,0.41,FALSE
"PT16","clonotype24",2.31760115506176,0.474233333333333,FALSE
"PT16","clonotype24",1.2984010435774,0.564166666666667,FALSE
"PT16","clonotype183",0.682375944932058,0.599666666666667,FALSE
"PT16","clonotype30",1.38717215070597,0.150033333333333,FALSE
"PT16","clonotype60",1.72313033704581,0.4323,FALSE
"PT16","clonotype8",1.29543432921539,0.2446,FALSE
"PT16","clonotype393",0.453609758114424,0.467433333333333,FALSE
"PT16","clonotype424",0,0.2746,FALSE
"PT16","clonotype553",0.62405056407226,0.387066666666667,FALSE
"PT16","clonotype9",1.70522963401348,0.620033333333333,FALSE
"PT16","clonotype678",1.39406200982152,0.489266666666667,FALSE
"PT16","clonotype105",0,0.287066666666667,FALSE
"PT16","clonotype6",2.04132241794651,0.321633333333333,FALSE
"PT16","clonotype260",0,0.3195,FALSE
"PT16","clonotype288",0,0.199133333333333,FALSE
"PT16","clonotype42",0,0.509766666666667,FALSE
"PT16","clonotype9",1.13223141362839,0.5669,FALSE
"PT16","clonotype590",0,0.163,FALSE
"PT16","clonotype9",1.95206776764939,0.544733333333333,FALSE
"PT16","clonotype784",1.42713979675087,0.192266666666667,FALSE
"PT16","clonotype123",0,0.4716,FALSE
"PT16","clonotype512",0,0.395266666666667,FALSE
"PT16","clonotype294",1.10247349958391,0.520666666666667,FALSE
"PT16","clonotype5",0,0.406633333333333,FALSE
"PT16","clonotype132",0,0.1722,FALSE
"PT16","clonotype37",0.672449495029631,0.528033333333333,FALSE
"PT16","clonotype500",0,0.1458,FALSE
"PT16","clonotype557",1.02450949396136,0.538266666666667,FALSE
"PT16","clonotype3",0,0.4444,FALSE
"PT16","clonotype3",1.64003392637126,0.535033333333333,FALSE
"PT16","clonotype85",1.01979268931056,0.676633333333333,FALSE
"PT16","clonotype16",2.12108254485995,0.4991,FALSE
"PT16","clonotype65",0,0.406566666666667,FALSE
"PT16","clonotype1",1.9612493108286,0.4245,FALSE
"PT16","clonotype447",0,0.203333333333333,FALSE
"PT16","clonotype4",0,0.558733333333333,FALSE
"PT16","clonotype624",0,0.228266666666667,FALSE
"PT16","clonotype13",1.96140317781411,0.445166666666667,TRUE
"PT16","clonotype12",0,0.277666666666667,FALSE
"PT16","clonotype11",0,0.1722,FALSE
"PT16","clonotype3",2.43326363731892,0.407166666666667,FALSE
"PT16","clonotype686",2.34651553118438,0.315033333333333,FALSE
"PT16","clonotype10",1.72141072753992,0.487166666666667,FALSE
"PT16","clonotype14",0.961745980627762,0.2175,FALSE
"PT16","clonotype19",1.43446627882785,0.3504,FALSE
"PT16","clonotype40",1.64126896868085,0.2902,FALSE
"PT16","clonotype39",1.91937474952694,0.511866666666667,FALSE
"PT16","clonotype15",2.28170819609755,0.519,FALSE
"PT16","clonotype2",2.52298412368986,0.5167,FALSE
"PT16","clonotype42",0,0.511366666666667,FALSE
"PT16","clonotype376",0,0.0815333333333333,FALSE
"PT16","clonotype19",2.23869546366505,0.334366666666667,FALSE
"PT16","clonotype151",0.450002543975046,0.3651,FALSE
"PT16","clonotype33",1.02518703618463,0.400466666666667,FALSE
"PT16","clonotype307",0,0.255333333333333,FALSE
"PT16","clonotype36",1.68714644642159,0.5111,FALSE
"PT16","clonotype57",0,0.492166666666667,FALSE
"PT16","clonotype126",1.72141072753992,0.4622,FALSE
"PT16","clonotype513",0.930200977331685,0.330466666666667,FALSE
"PT16","clonotype13",2.87974648925544,0.150666666666667,TRUE
"PT16","clonotype230",0,0.6057,FALSE
"PT16","clonotype760",0,0.3533,FALSE
"PT16","clonotype96",0,0.6963,FALSE
"PT16","clonotype555",0,0.345366666666667,FALSE
"PT16","clonotype3",0.991148380555423,0.256033333333333,FALSE
"PT16","clonotype2",1.04997915785158,0.3186,FALSE
"PT16","clonotype101",0,0.3738,FALSE
"PT16","clonotype168",0,0.126333333333333,FALSE
"PT16","clonotype138",1.8151704906118,0.333766666666667,FALSE
"PT16","clonotype754",1.83931332268033,0.4761,FALSE
"PT16","clonotype12",2.14767668295214,0.635833333333333,FALSE
"PT16","clonotype1",0,0.342133333333333,FALSE
"PT16","clonotype174",0,0.0953000000000001,FALSE
"PT16","clonotype3",0.714569504855143,0.5986,FALSE
"PT16","clonotype163",0.730169306092848,0.2804,FALSE
"PT16","clonotype489",0,0.2508,FALSE
"PT16","clonotype4",0,0.491266666666667,FALSE
"PT16","clonotype219",0,0.2676,FALSE
"PT16","clonotype2",1.81027104223861,0.649,FALSE
"PT16","clonotype11",1.85596167780907,0.1492,FALSE
"PT16","clonotype74",0,0.187866666666667,FALSE
"PT16","clonotype19",2.27364383099549,0.4906,FALSE
"PT16","clonotype6",1.49615230939928,0.231566666666667,FALSE
"PT16","clonotype7",2.29263480048411,0.396233333333333,FALSE
"PT16","clonotype26",1.46268139894162,0.577866666666667,FALSE
"PT16","clonotype14",0,0.1977,FALSE
"PT16","clonotype1",1.70375099032826,0.4733,FALSE
"PT16","clonotype3",1.06102654634536,0.354333333333333,FALSE
"PT16","clonotype4",0,0.381133333333333,FALSE
"PT16","clonotype5",0,0.636866666666667,FALSE
"PT16","clonotype45",1.88833051973371,0.572766666666667,FALSE
"PT16","clonotype179",1.2181657872514,0.185066666666667,FALSE
"PT16","clonotype13",2.48272628231672,0.436466666666667,TRUE
"PT16","clonotype46",1.59139175883164,0.758033333333333,FALSE
"PT16","clonotype11",1.57286681677862,0.0835666666666667,FALSE
"PT16","clonotype551",2.45780698772898,0.458,FALSE
"PT16","clonotype28",2.30740105701302,0.4002,FALSE
"PT16","clonotype35",1.53907377629426,0.372233333333333,TRUE
"PT16","clonotype111",2.46519667478496,0.216433333333333,FALSE
"PT16","clonotype35",1.69242061736007,0.340933333333333,TRUE
"PT16","clonotype141",0,0.1621,FALSE
"PT16","clonotype68",0,0.1578,FALSE
"PT16","clonotype752",0,0,FALSE
"PT16","clonotype8",1.53693073230582,0.173133333333333,FALSE
"PT16","clonotype11",2.4742438736504,0.4084,FALSE
"PT16","clonotype9",1.49590011754024,0.555,FALSE
"PT16","clonotype682",0,0.267133333333333,FALSE
"PT16","clonotype63",1.46927735223182,0.620233333333333,FALSE
"PT16","clonotype2",1.81200365087881,0.244,FALSE
"PT16","clonotype59",1.78323394226156,0.418833333333333,FALSE
"PT16","clonotype2",2.40145677331629,0.327766666666667,FALSE
"PT16","clonotype10",2.13409493764831,0.179633333333333,FALSE
"PT16","clonotype82",0,0.516,FALSE
"PT16","clonotype688",1.23176391762162,0.246633333333333,FALSE
"PT16","clonotype8",0,0.2446,FALSE
"PT16","clonotype277",0,0.258033333333333,FALSE
"PT16","clonotype669",0,0.1844,FALSE
"PT16","clonotype269",1.89002516822325,0.4247,FALSE
"PT16","clonotype691",0,0.4083,FALSE
"PT16","clonotype5",0,0.5065,FALSE
"PT16","clonotype448",2.64119881252059,0.535466666666667,FALSE
"PT16","clonotype764",0.647947226674639,0.349966666666667,FALSE
"PT16","clonotype746",0,0.5387,FALSE
"PT16","clonotype92",0,0.682,FALSE
"PT16","clonotype1",2.53653956705803,0.531966666666667,FALSE
"PT16","clonotype417",0,0.224066666666667,FALSE
"PT16","clonotype2",3.00799118356029,0.387133333333333,FALSE
"PT16","clonotype29",1.07083236610486,0.323266666666667,FALSE
"PT16","clonotype12",2.23325892656072,0.357666666666667,FALSE
"PT16","clonotype573",0,0.275233333333333,FALSE
"PT16","clonotype33",1.63542075540604,0.356666666666667,FALSE
"PT16","clonotype5",0,0.5519,FALSE
"PT16","clonotype115",1.7974891674325,0.1407,FALSE
"PT16","clonotype548",0,0.6585,FALSE
"PT16","clonotype2",1.13028752719214,0.330233333333333,FALSE
"PT16","clonotype7",2.12998514559902,0.234466666666667,FALSE
"PT16","clonotype510",1.19932661716022,0.337833333333333,FALSE
"PT16","clonotype379",0,0.277133333333333,FALSE
"PT16","clonotype81",0,0.2587,FALSE
"PT16","clonotype194",0,0.561866666666667,FALSE
"PT16","clonotype145",0,0.304,FALSE
"PT16","clonotype302",0,0.211266666666667,FALSE
"PT16","clonotype654",0,0.292033333333333,FALSE
"PT16","clonotype3",1.75618951080795,0.421266666666667,FALSE
"PT16","clonotype3",1.99115129988397,0.263366666666667,FALSE
"PT16","clonotype5",0,0.439266666666667,FALSE
"PT16","clonotype2",0,0.3278,FALSE
"PT16","clonotype14",1.19807165119286,0.204133333333333,FALSE
"PT16","clonotype18",0.290693537442981,0.357566666666667,FALSE
"PT16","clonotype6",0,0.134866666666667,FALSE
"PT16","clonotype89",0,0.158966666666667,FALSE
"PT16","clonotype184",1.06054117760414,0.2865,FALSE
"PT16","clonotype13",2.23492835131383,0.4406,TRUE
"PT16","clonotype8",2.00560944273933,0.2383,FALSE
"PT16","clonotype571",0,0,FALSE
"PT16","clonotype653",0,0.396966666666667,FALSE
"PT16","clonotype6",1.17264269729844,0.249133333333333,FALSE
"PT16","clonotype609",0.866520155255708,0.174266666666667,FALSE
"PT16","clonotype516",2.1465370959199,0.4309,FALSE
"PT16","clonotype506",1.99370402932246,0.220166666666667,FALSE
"PT16","clonotype120",0,0.481866666666667,FALSE
"PT16","clonotype25",0,0.545366666666667,FALSE
"PT16","clonotype592",0,0.3625,FALSE
"PT16","clonotype588",0,0.1098,FALSE
"PT16","clonotype20",0.833412928390484,0.7229,FALSE
"PT16","clonotype221",0,0.0935666666666667,FALSE
"PT16","clonotype224",0,0.244366666666667,FALSE
"PT16","clonotype25",1.75870834194663,0.482066666666667,FALSE
"PT16","clonotype1",2.83129811984023,0.386733333333333,FALSE
"PT16","clonotype70",1.91034517648208,0.4627,FALSE
"PT16","clonotype69",0,0.403633333333333,FALSE
"PT16","clonotype33",1.62688573840575,0.3148,FALSE
"PT16","clonotype341",0,0.245733333333333,FALSE
"PT16","clonotype2",0,0.416366666666667,FALSE
"PT16","clonotype10",1.04266858682545,0.3707,FALSE
"PT16","clonotype575",0,0.312266666666667,FALSE
"PT16","clonotype30",1.11552416451576,0.3859,FALSE
"PT16","clonotype338",0,0.1591,FALSE
"PT16","clonotype7",0,0.3911,FALSE
"PT16","clonotype127",0,0.4371,FALSE
"PT16","clonotype543",0,0.678966666666667,FALSE
"PT16","clonotype74",1.08437495469345,0.453366666666667,FALSE
"PT16","clonotype41",1.6095148531211,0.404866666666667,FALSE
"PT16","clonotype267",1.34671789925595,0.357066666666667,FALSE
"PT16","clonotype128",0,0.4267,FALSE
"PT16","clonotype238",0,0.317366666666667,FALSE
"PT16","clonotype9",3.30780829028469,0.266533333333333,FALSE
"PT16","clonotype36",2.22868329620535,0.408733333333333,FALSE
"PT16","clonotype429",0,0.6146,FALSE
"PT16","clonotype397",0,0.179333333333333,FALSE
"PT16","clonotype6",2.02146672273326,0.293266666666667,FALSE
"PT16","clonotype67",2.00723090455111,0.400033333333333,FALSE
"PT16","clonotype347",1.5937049679204,0.4728,FALSE
"PT16","clonotype1",1.43738886386912,0.621766666666667,FALSE
"PT16","clonotype600",0,0,FALSE
"PT16","clonotype687",1.41697258385183,0.3465,FALSE
"PT16","clonotype3",0,0.4454,FALSE
"PT16","clonotype4",0,0.523366666666667,FALSE
"PT16","clonotype327",0.872950746193099,0.4417,FALSE
"PT16","clonotype4",0,0.6013,FALSE
"PT16","clonotype593",0.893866224894899,0.421333333333333,FALSE
"PT16","clonotype398",0.991991803406934,0.447633333333333,FALSE
"PT16","clonotype1",2.47692043413075,0.4605,FALSE
"PT16","clonotype52",2.37535165963774,0.4118,FALSE
"PT16","clonotype1",1.04536814793641,0.591366666666667,FALSE
"PT16","clonotype610",1.83864910500065,0.430333333333333,FALSE
"PT16","clonotype36",1.05403379946201,0.274933333333333,FALSE
"PT16","clonotype9",1.93922810000587,0.307866666666667,FALSE
"PT16","clonotype1",1.91237562072475,0.146466666666667,FALSE
"PT16","clonotype781",0.764294367109214,0.314366666666667,FALSE
"PT16","clonotype2",3.24615077664516,0.329633333333333,FALSE
"PT16","clonotype6",0,0.3773,FALSE
"PT16","clonotype9",1.07680736889728,0.422033333333333,FALSE
"PT16","clonotype8",2.05253157767663,0.3887,FALSE
"PT16","clonotype530",0,0.278366666666667,FALSE
"PT16","clonotype3",2.77594631255759,0.3104,FALSE
"PT16","clonotype2",0,0.423633333333333,FALSE
"PT16","clonotype54",1.05981399362802,0.3701,FALSE
"PT16","clonotype3",1.80751940307355,0.3696,FALSE
"PT16","clonotype12",3.13011026994174,0.603033333333333,FALSE
"PT16","clonotype10",2.18927839455434,0.1452,FALSE
"PT16","clonotype619",0,0.430266666666667,FALSE
"PT16","clonotype16",2.13035799410635,0.330433333333333,FALSE
"PT16","clonotype14",0,0.364066666666667,FALSE
"PT16","clonotype14",1.07182338085417,0.3821,FALSE
"PT16","clonotype4",1.1160637353353,0.583,FALSE
"PT16","clonotype25",1.8592235161936,0.526033333333333,FALSE
"PT16","clonotype698",1.60391287453402,0.254733333333333,FALSE
"PT16","clonotype646",0,0.3607,FALSE
"PT16","clonotype531",0,0.3057,FALSE
"PT16","clonotype644",0,0.140266666666667,FALSE
"PT16","clonotype19",0,0.4923,FALSE
"PT16","clonotype1",0,0.255366666666667,FALSE
"PT16","clonotype85",0,0.433766666666667,FALSE
"PT16","clonotype361",0,0.523733333333333,FALSE
"PT16","clonotype12",1.6767068866649,0.446266666666667,FALSE
"PT16","clonotype20",1.09128163051226,0.279966666666667,FALSE
"PT16","clonotype50",1.29654515138992,0.640533333333333,FALSE
"PT16","clonotype15",1.8620883178261,0.355533333333333,FALSE
"PT16","clonotype63",1.92865055020009,0.222266666666667,FALSE
"PT16","clonotype256",1.94660604384283,0.317833333333333,FALSE
"PT16","clonotype1",2.70998666722405,0.5816,FALSE
"PT16","clonotype311",1.99658489797927,0.514533333333333,FALSE
"PT16","clonotype87",1.2316309952521,0.490466666666667,FALSE
"PT16","clonotype4",0,0.667,FALSE
"PT16","clonotype2",1.0838669871638,0.553766666666667,FALSE
"PT16","clonotype71",2.76542119322746,0.328566666666667,FALSE
"PT16","clonotype316",0,0.430166666666667,FALSE
"PT16","clonotype11",0,0.3326,FALSE
"PT16","clonotype86",0,0.145366666666667,FALSE
"PT16","clonotype2",2.1857057544151,0.0563333333333333,FALSE
"PT16","clonotype6",0,0.143066666666667,FALSE
"PT16","clonotype27",2.27711032371677,0.232066666666667,FALSE
"PT16","clonotype40",0,0.2511,FALSE
"PT16","clonotype404",0,0.2769,FALSE
"PT16","clonotype12",1.48340731460946,0.3438,FALSE
"PT16","clonotype5",0,0.247133333333333,FALSE
"PT16","clonotype203",0,0.198333333333333,FALSE
"PT16","clonotype26",0,0.364066666666667,FALSE
"PT16","clonotype16",1.1190411945079,0.416333333333333,FALSE
"PT16","clonotype42",0,0.622766666666667,FALSE
"PT16","clonotype35",0,0.319,TRUE
"PT16","clonotype786",0,0.257266666666667,FALSE
"PT16","clonotype5",0,0.428,FALSE
"PT16","clonotype5",0,0.217833333333333,FALSE
"PT16","clonotype3",0,0.279166666666667,FALSE
"PT16","clonotype12",0,0.210466666666667,FALSE
"PT16","clonotype762",0,0.156,FALSE
"PT16","clonotype495",0,0.299166666666667,FALSE
"PT16","clonotype67",2.65625301729805,0.446366666666667,FALSE
"PT16","clonotype253",0,0.341266666666667,FALSE
"PT16","clonotype409",0,0.3846,FALSE
"PT16","clonotype112",1.87698147834284,0.280966666666667,FALSE
"PT16","clonotype95",2.58366492018175,0.169466666666667,FALSE
"PT16","clonotype265",2.33067869280621,0.3622,FALSE
"PT16","clonotype6",0,0.175466666666667,FALSE
"PT16","clonotype11",1.87739904612939,0.604066666666667,FALSE
"PT16","clonotype10",1.60244579716436,0.271966666666667,FALSE
"PT16","clonotype566",0,0.3464,FALSE
"PT16","clonotype94",0.813447888974114,0.392533333333333,FALSE
"PT16","clonotype501",0.659282343111615,0.598866666666667,FALSE
"PT16","clonotype693",1.49212830727127,0.574366666666667,FALSE
"PT16","clonotype29",1.11444666351137,0.662166666666667,FALSE
"PT16","clonotype64",1.14432838449447,0.466866666666667,FALSE
"PT16","clonotype2",2.02229198637114,0.577066666666667,FALSE
"PT16","clonotype342",0,0.262766666666667,FALSE
"PT16","clonotype70",1.72049516750117,0.404766666666667,FALSE
"PT16","clonotype56",0,0.183466666666667,FALSE
"PT16","clonotype441",0,0.404933333333333,FALSE
"PT16","clonotype90",0,0.423,FALSE
"PT16","clonotype380",0,0.2557,FALSE
"PT16","clonotype378",0,0.1906,FALSE
"PT16","clonotype362",2.1919669718562,0.351133333333333,FALSE
"PT16","clonotype78",1.74939324207791,0.397366666666667,FALSE
"PT16","clonotype20",3.09415515534783,0.650633333333333,FALSE
"PT16","clonotype666",0,0.0548999999999999,FALSE
"PT16","clonotype2",1.76740619397656,0,FALSE
"PT16","clonotype5",0,0.316633333333333,FALSE
"PT16","clonotype15",0.945032708725844,0.6342,FALSE
"PT16","clonotype12",2.00983155998569,0.4064,FALSE
"PT16","clonotype117",0.986536058392222,0.3099,FALSE
"PT16","clonotype18",1.92590132236211,0.347933333333333,FALSE
"PT16","clonotype772",0.861445499102824,0.303866666666667,FALSE
"PT16","clonotype496",0.929647231780902,0.5427,FALSE
"PT16","clonotype12",2.2367053796633,0.686466666666667,FALSE
"PT16","clonotype518",1.30278478205359,0.324866666666667,FALSE
"PT16","clonotype36",1.56308637830656,0.4223,FALSE
"PT16","clonotype197",0,0.2379,FALSE
"PT16","clonotype509",0,0.328733333333333,FALSE
"PT16","clonotype129",1.45314364236025,0.247166666666667,FALSE
"PT16","clonotype2",2.07556121050882,0.4351,FALSE
"PT16","clonotype8",2.85941375410682,0.2782,FALSE
"PT16","clonotype599",0,0.135966666666667,FALSE
"PT16","clonotype12",2.11373013570053,0.4356,FALSE
"PT16","clonotype3",1.27613884342489,0.2155,FALSE
"PT16","clonotype576",1.96171099505737,0.331933333333333,FALSE
"PT16","clonotype2",0,0.6056,FALSE
"PT16","clonotype36",2.3227421302934,0.500033333333333,FALSE
"PT16","clonotype16",2.66346021608943,0.3461,FALSE
"PT16","clonotype747",0.754198729826387,0.2233,FALSE
"PT16","clonotype639",0,0.1368,FALSE
"PT16","clonotype112",1.02068763822634,0.5475,FALSE
"PT16","clonotype47",1.14632344345124,0.2715,FALSE
"PT16","clonotype1",1.74868126950918,0.478066666666667,FALSE
"PT16","clonotype1",3.18388445610914,0.510633333333333,FALSE
"PT16","clonotype19",2.56070418888654,0.474833333333333,FALSE
"PT16","clonotype586",1.0612694048028,0.547066666666667,FALSE
"PT16","clonotype12",0.777980464045949,0.3071,FALSE
"PT16","clonotype292",0,0.1728,FALSE
"PT16","clonotype82",1.41876864651829,0.3421,FALSE
"PT16","clonotype8",2.4882405590575,0.242433333333333,FALSE
"PT16","clonotype41",1.31651049645921,0.560266666666667,FALSE
"PT16","clonotype658",0,0.294333333333333,FALSE
"PT16","clonotype799",0,0.3454,FALSE
"PT16","clonotype15",3.10696430187935,0.756266666666667,FALSE
"PT16","clonotype720",0.894461982709613,0.7209,FALSE
"PT16","clonotype801",0,0.435333333333333,FALSE
"PT16","clonotype775",0,0.343666666666667,FALSE
"PT16","clonotype12",2.56537240813942,0.4365,FALSE
"PT16","clonotype226",0.617993395963921,0.533566666666667,FALSE
"PT16","clonotype413",0,0.0948333333333333,FALSE
"PT16","clonotype2",1.17354197315633,0.5519,FALSE
"PT16","clonotype6",1.79900466480135,0.406933333333333,FALSE
"PT16","clonotype32",1.67897826588937,0.194733333333333,TRUE
"PT16","clonotype54",1.66046744176778,0.3128,FALSE
"PT16","clonotype1",1.24168532945135,0.511966666666667,FALSE
"PT16","clonotype383",2.03177935597758,0.6185,FALSE
"PT16","clonotype525",1.83174694440394,0.438,FALSE
"PT16","clonotype1",0,0.235133333333333,FALSE
"PT16","clonotype3",0,0.280866666666667,FALSE
"PT16","clonotype7",2.35785252492482,0.5026,FALSE
"PT16","clonotype48",2.10825492182545,0.257633333333333,FALSE
"PT16","clonotype20",2.38117406058794,0.331366666666667,FALSE
"PT16","clonotype532",0,0.140333333333333,FALSE
"PT16","clonotype4",0,0.41,FALSE
"PT16","clonotype572",0,0.12,FALSE
"PT16","clonotype389",0.997724163791335,0.309266666666667,FALSE
"PT16","clonotype17",1.02046374768142,0.331266666666667,FALSE
"PT16","clonotype56",0,0.300733333333333,FALSE
"PT16","clonotype26",1.7116250476387,0.336233333333333,FALSE
"PT16","clonotype346",0,0.269266666666667,FALSE
"PT16","clonotype78",0,0.288866666666667,FALSE
"PT16","clonotype275",1.58278255145628,0.687266666666667,FALSE
"PT16","clonotype1",1.14947336770069,0.2566,FALSE
"PT16","clonotype768",0,0.384066666666667,FALSE
"PT16","clonotype1",1.62235372019423,0.4797,FALSE
"PT16","clonotype10",1.549070983531,0.4126,FALSE
"PT16","clonotype15",1.76923041286762,0.215433333333333,FALSE
"PT16","clonotype3",2.88269908987027,0.246533333333333,FALSE
"PT16","clonotype581",0,0.5506,FALSE
"PT3","clonotype2050",0,0.307866666666667,FALSE
"PT3","clonotype929",0,0.113133333333333,FALSE
"PT3","clonotype1255",2.03162208590112,0.257666666666667,FALSE
"PT3","clonotype988",0,0.1652,FALSE
"PT3","clonotype16",3.24955837714699,0.717533333333333,FALSE
"PT3","clonotype1605",2.34625735973128,0.322033333333333,FALSE
"PT3","clonotype778",0,0.0402666666666667,FALSE
"PT3","clonotype1251",0,0.220366666666667,FALSE
"PT3","clonotype883",0,0.166766666666667,FALSE
"PT3","clonotype2142",0,0.175533333333333,FALSE
"PT3","clonotype2216",0,0.286133333333333,FALSE
"PT3","clonotype1776",0,0.106566666666667,FALSE
"PT3","clonotype2",1.64398054522843,0.487133333333333,FALSE
"PT3","clonotype824",2.55860088911404,0.318466666666667,FALSE
"PT3","clonotype1848",0,0.1148,FALSE
"PT3","clonotype1624",0,0.226133333333333,FALSE
"PT3","clonotype1276",0,0.379766666666667,FALSE
"PT3","clonotype1184",0,0.229033333333333,FALSE
"PT3","clonotype1003",0,0.366,FALSE
"PT3","clonotype6",1.41068822406333,0.536333333333333,TRUE
"PT3","clonotype1023",0,0.272566666666667,FALSE
"PT3","clonotype53",0,0.130933333333333,FALSE
"PT3","clonotype1",1.14998880558987,0.377133333333333,TRUE
"PT3","clonotype1702",0,0.276333333333333,FALSE
"PT3","clonotype2",1.18645911858855,0.324166666666667,FALSE
"PT3","clonotype8",2.09303348511873,0.277266666666667,FALSE
"PT3","clonotype1273",0,0.166166666666667,FALSE
"PT3","clonotype1704",2.68090295838366,0.7158,FALSE
"PT3","clonotype97",0.960184506307877,0.214666666666667,FALSE
"PT3","clonotype856",3.07270454365043,0.140266666666667,FALSE
"PT3","clonotype28",1.81479493149449,0.5073,FALSE
"PT3","clonotype1086",0,0.213766666666667,FALSE
"PT3","clonotype702",0,0.275566666666667,FALSE
"PT3","clonotype2161",0,0.125733333333333,FALSE
"PT3","clonotype1793",0,0.497666666666667,FALSE
"PT3","clonotype1138",1.29586035946709,0.202233333333333,FALSE
"PT3","clonotype276",0,0.437,FALSE
"PT3","clonotype943",0,0.231,FALSE
"PT3","clonotype310",0,0.157366666666667,FALSE
"PT3","clonotype1",1.41442247117307,0.725966666666667,TRUE
"PT3","clonotype791",0,0.195333333333333,FALSE
"PT3","clonotype1352",0,0.4107,FALSE
"PT3","clonotype1535",1.8039813689877,0.134833333333333,FALSE
"PT3","clonotype1521",0,0.241566666666667,FALSE
"PT3","clonotype160",0,0.100566666666667,FALSE
"PT3","clonotype1667",0.89454226075407,0.217966666666667,FALSE
"PT3","clonotype816",0,0.2021,FALSE
"PT3","clonotype2058",0,0.2912,FALSE
"PT3","clonotype1897",0,0.242933333333333,FALSE
"PT3","clonotype1531",2.00635332122542,0.277366666666667,FALSE
"PT3","clonotype1851",0,0.500433333333333,FALSE
"PT3","clonotype13",1.50848639962562,0.132766666666667,FALSE
"PT3","clonotype726",0,0.1843,FALSE
"PT3","clonotype18",2.09679102996713,0.492933333333333,FALSE
"PT3","clonotype78",0,0.3468,FALSE
"PT3","clonotype1239",0,0.259466666666667,FALSE
"PT3","clonotype121",0,0.2082,FALSE
"PT3","clonotype810",2.90666854244343,0.417866666666667,FALSE
"PT3","clonotype1302",0,0.1898,FALSE
"PT3","clonotype1000",0,0.299166666666667,FALSE
"PT3","clonotype1",3.27400175361158,0.3436,TRUE
"PT3","clonotype801",0,0.194033333333333,FALSE
"PT3","clonotype2273",1.60069784826449,0.196433333333333,FALSE
"PT3","clonotype1306",0,0.188,FALSE
"PT3","clonotype48",0,0.229866666666667,FALSE
"PT3","clonotype1980",0,0.132433333333333,FALSE
"PT3","clonotype2041",0,0.256133333333333,FALSE
"PT3","clonotype1949",0,0.361066666666667,FALSE
"PT3","clonotype427",0,0.2159,FALSE
"PT3","clonotype1065",0,0.401533333333333,FALSE
"PT3","clonotype478",0,0.1364,FALSE
"PT3","clonotype1036",0,0.3405,FALSE
"PT3","clonotype2074",0.790361889813204,0.143133333333333,FALSE
"PT3","clonotype1473",0,0.228566666666667,FALSE
"PT3","clonotype1733",0,0.409133333333333,FALSE
"PT3","clonotype1364",0,0.261333333333333,FALSE
"PT3","clonotype1202",0,0.0918333333333333,FALSE
"PT3","clonotype1827",0,0.0911999999999999,FALSE
"PT3","clonotype368",0,0.165966666666667,FALSE
"PT3","clonotype904",0,0.243333333333333,FALSE
"PT3","clonotype11",2.18213458353023,0.434433333333333,FALSE
"PT3","clonotype1715",1.91158523023496,0.4897,FALSE
"PT3","clonotype873",0,0.255233333333333,FALSE
"PT3","clonotype2201",0,0.1774,FALSE
"PT3","clonotype612",1.09171887319815,0.2371,FALSE
"PT3","clonotype127",1.96650629175711,0.3896,FALSE
"PT3","clonotype1",3.71816379323429,0.7229,TRUE
"PT3","clonotype41",2.43910153117433,0.2029,FALSE
"PT3","clonotype1443",0,0.2254,FALSE
"PT3","clonotype1761",0,0.1621,FALSE
"PT3","clonotype507",0,0.345166666666667,FALSE
"PT3","clonotype281",0,0.2757,FALSE
"PT3","clonotype1178",0,0.1294,FALSE
"PT3","clonotype5",0,0.434966666666667,FALSE
"PT3","clonotype8",3.92426977755365,0.590266666666667,FALSE
"PT3","clonotype192",0,0.208533333333333,FALSE
"PT3","clonotype1189",0,0.236166666666667,FALSE
"PT3","clonotype68",2.32925635009922,0.149133333333333,FALSE
"PT3","clonotype515",0,0.0522,FALSE
"PT3","clonotype129",0,0.1981,FALSE
"PT3","clonotype938",0,0.320766666666667,FALSE
"PT3","clonotype295",0,0.1473,FALSE
"PT3","clonotype959",0,0.357966666666667,FALSE
"PT3","clonotype1657",0,0.0872666666666667,FALSE
"PT3","clonotype2118",0,0.1201,FALSE
"PT3","clonotype1125",0,0.0905666666666667,FALSE
"PT3","clonotype1877",0,0.1942,FALSE
"PT3","clonotype1175",0,0.366633333333333,FALSE
"PT3","clonotype56",0,0.307733333333333,FALSE
"PT3","clonotype643",0,0.1551,FALSE
"PT3","clonotype20",1.24630570765052,0.2018,FALSE
"PT3","clonotype1442",0,0.249166666666667,FALSE
"PT3","clonotype152",0,0.134,FALSE
"PT3","clonotype1004",0,0.2694,FALSE
"PT3","clonotype354",0,0.420933333333333,FALSE
"PT3","clonotype1238",0,0.2121,FALSE
"PT3","clonotype911",1.89993815233132,0.1548,FALSE
"PT3","clonotype16",3.38563709349148,0.713933333333333,FALSE
"PT3","clonotype1",3.14748831667957,0.5017,TRUE
"PT3","clonotype1787",0,0.0412666666666667,FALSE
"PT3","clonotype675",0,0.219433333333333,FALSE
"PT3","clonotype1187",1.5384431763315,0.2298,FALSE
"PT3","clonotype811",0,0.0979666666666666,FALSE
"PT3","clonotype1698",0,0.3213,FALSE
"PT3","clonotype1025",0,0.0959333333333333,FALSE
"PT3","clonotype465",0,0.4192,FALSE
"PT3","clonotype1204",0,0.5763,FALSE
"PT3","clonotype1193",0,0.219133333333333,FALSE
"PT3","clonotype1573",0,0.3138,FALSE
"PT3","clonotype231",0,0.0894666666666667,FALSE
"PT3","clonotype1108",0,0.249533333333333,FALSE
"PT3","clonotype1781",0,0.127166666666667,FALSE
"PT3","clonotype1304",0,0.2438,FALSE
"PT3","clonotype381",0,0.238533333333333,FALSE
"PT3","clonotype623",0,0.271933333333333,FALSE
"PT3","clonotype878",0,0.220533333333333,FALSE
"PT3","clonotype448",0,0.258333333333333,FALSE
"PT3","clonotype2225",0,0.3471,FALSE
"PT3","clonotype1403",0,0.266233333333333,FALSE
"PT3","clonotype1115",2.18972901572284,0.201266666666667,FALSE
"PT3","clonotype1601",0,0.231133333333333,FALSE
"PT3","clonotype20",0,0.352533333333333,FALSE
"PT3","clonotype520",0,0.251066666666667,FALSE
"PT3","clonotype3",1.36079658028251,0.3898,FALSE
"PT3","clonotype1981",0.814086091331959,0.374066666666667,FALSE
"PT3","clonotype2215",0,0.1751,FALSE
"PT3","clonotype1088",1.1886697890549,0.328566666666667,FALSE
"PT3","clonotype336",0,0.0808,FALSE
"PT3","clonotype1067",0,0.151066666666667,FALSE
"PT3","clonotype1045",0,0.1846,FALSE
"PT3","clonotype1638",1.53940699629762,0.1111,FALSE
"PT3","clonotype1452",0,0.2155,FALSE
"PT3","clonotype2",2.4732938813716,0.501333333333333,FALSE
"PT3","clonotype2114",0,0.174666666666667,FALSE
"PT3","clonotype1829",0.873827377108081,0.3403,FALSE
"PT3","clonotype377",0,0.237766666666667,FALSE
"PT3","clonotype1720",0,0.157333333333333,FALSE
"PT3","clonotype2104",0,0.0773666666666667,FALSE
"PT3","clonotype27",3.18082961661841,0.5361,TRUE
"PT3","clonotype319",0,0.172366666666667,FALSE
"PT3","clonotype253",0,0.4159,FALSE
"PT3","clonotype787",0,0.0896666666666667,FALSE
"PT3","clonotype1203",0,0.377866666666667,FALSE
"PT3","clonotype1445",0,0.0927666666666667,FALSE
"PT3","clonotype175",0,0.228466666666667,FALSE
"PT3","clonotype546",0,0.343266666666667,FALSE
"PT3","clonotype528",0,0.132333333333333,FALSE
"PT3","clonotype1662",0,0.3213,FALSE
"PT3","clonotype162",0,0.197933333333333,FALSE
"PT3","clonotype69",0,0.267833333333333,FALSE
"PT3","clonotype401",0,0.1185,FALSE
"PT3","clonotype259",0,0.0689,FALSE
"PT3","clonotype1350",0,0.415433333333333,FALSE
"PT3","clonotype1563",0,0.268733333333333,FALSE
"PT3","clonotype2",2.63411010446093,0.469666666666667,FALSE
"PT3","clonotype2197",0,0.2509,FALSE
"PT3","clonotype1653",0,0.188033333333333,FALSE
"PT3","clonotype7",2.74329909545393,0.452466666666667,FALSE
"PT3","clonotype1499",0,0.291466666666667,FALSE
"PT3","clonotype5",0,0.546833333333333,FALSE
"PT3","clonotype862",0,0.4342,FALSE
"PT3","clonotype1328",0,0.218133333333333,FALSE
"PT3","clonotype1731",0,0.334366666666667,FALSE
"PT3","clonotype1464",0,0.0918,FALSE
"PT3","clonotype1648",0,0.3976,FALSE
"PT3","clonotype2165",0,0.2579,FALSE
"PT3","clonotype1711",0,0.0268,FALSE
"PT3","clonotype67",0,0.401,FALSE
"PT3","clonotype1",3.37330430065037,0.587766666666667,TRUE
"PT3","clonotype1554",0,0.121033333333333,FALSE
"PT3","clonotype1194",0,0.244333333333333,FALSE
"PT3","clonotype611",0,0.190033333333333,FALSE
"PT3","clonotype349",0,0.2132,FALSE
"PT3","clonotype1468",0,0.0914333333333334,FALSE
"PT3","clonotype511",0,0.3583,FALSE
"PT3","clonotype1641",0,0.2226,FALSE
"PT3","clonotype1127",0,0.2709,FALSE
"PT3","clonotype1564",0,0.197833333333333,FALSE
"PT3","clonotype2267",0,0.269366666666667,FALSE
"PT3","clonotype2",2.38614726272245,0.544,FALSE
"PT3","clonotype1854",0,0.1552,FALSE
"PT3","clonotype871",3.05126732431408,0.1237,FALSE
"PT3","clonotype2009",0,0.312233333333333,FALSE
"PT3","clonotype1930",0,0.406233333333333,FALSE
"PT3","clonotype174",0,0.343833333333333,FALSE
"PT3","clonotype133",2.0113194612996,0.500666666666667,FALSE
"PT3","clonotype1836",0,0.3721,FALSE
"PT3","clonotype2107",1.25909463425895,0.2893,FALSE
"PT3","clonotype3",3.00636856038625,0.5242,FALSE
"PT3","clonotype172",2.8744513050246,0.489666666666667,FALSE
"PT3","clonotype1826",2.21118479556181,0.4688,FALSE
"PT3","clonotype1",2.70856396646231,0.640933333333333,TRUE
"PT3","clonotype13",2.51918384949317,0.222533333333333,FALSE
"PT3","clonotype265",0,0.139366666666667,FALSE
"PT3","clonotype90",2.60558786726574,0.580733333333333,FALSE
"PT3","clonotype1321",0,0.167433333333333,FALSE
"PT3","clonotype564",0,0.226666666666667,FALSE
"PT3","clonotype394",0,0.117066666666667,FALSE
"PT3","clonotype953",0,0.317166666666667,FALSE
"PT3","clonotype764",0,0.254,FALSE
"PT3","clonotype249",0,0.1769,FALSE
"PT3","clonotype690",0,0.112066666666667,FALSE
"PT3","clonotype1007",0,0.300566666666667,FALSE
"PT3","clonotype1986",0,0.366766666666667,FALSE
"PT3","clonotype1245",0,0.341366666666667,FALSE
"PT3","clonotype94",1.33310698421689,0.0810666666666666,FALSE
"PT3","clonotype2006",1.87163938607156,0.415433333333333,FALSE
"PT3","clonotype1",1.16836875851145,0.617733333333333,TRUE
"PT3","clonotype1513",0,0.1605,FALSE
"PT3","clonotype1887",0,0.342233333333333,FALSE
"PT3","clonotype3",2.1316703115172,0.6036,FALSE
"PT3","clonotype2218",0,0.2064,FALSE
"PT3","clonotype12",0,0.268533333333333,FALSE
"PT3","clonotype510",0,0.3389,FALSE
"PT3","clonotype1043",0,0.301166666666667,FALSE
"PT3","clonotype973",0,0.216466666666667,FALSE
"PT3","clonotype42",0,0.266266666666667,FALSE
"PT3","clonotype6",2.39711987655077,0.575166666666667,TRUE
"PT3","clonotype2124",0,0.152133333333333,FALSE
"PT3","clonotype1173",0,0.0378333333333334,FALSE
"PT3","clonotype6",1.28924556420282,0.495266666666667,TRUE
"PT3","clonotype371",0,0.295766666666667,FALSE
"PT3","clonotype1688",0,0.0368000000000001,FALSE
"PT3","clonotype1091",0,0.181433333333333,FALSE
"PT3","clonotype923",0,0.0955,FALSE
"PT3","clonotype1832",0,0.265133333333333,FALSE
"PT3","clonotype819",0,0.124066666666667,FALSE
"PT3","clonotype1903",0,0.421566666666667,FALSE
"PT3","clonotype501",0,0.133566666666667,FALSE
"PT3","clonotype2030",0,0.530966666666667,FALSE
"PT3","clonotype2043",0,0.0558,FALSE
"PT3","clonotype2266",0,0.1609,FALSE
"PT3","clonotype124",0,0.3198,FALSE
"PT3","clonotype2083",0,0.1646,FALSE
"PT3","clonotype114",0,0.330566666666667,FALSE
"PT3","clonotype1391",0,0.362533333333333,FALSE
"PT3","clonotype1",2.76138529117579,0.686133333333333,TRUE
"PT3","clonotype689",0,0.120466666666667,FALSE
"PT3","clonotype2174",0,0.1686,FALSE
"PT3","clonotype774",2.3471012360302,0.201966666666667,FALSE
"PT3","clonotype903",0,0.0906666666666667,FALSE
"PT3","clonotype976",0,0.202433333333333,FALSE
"PT3","clonotype362",0,0.324666666666667,FALSE
"PT3","clonotype21",2.91577810694588,0.596466666666667,FALSE
"PT3","clonotype1102",0,0.158066666666667,FALSE
"PT3","clonotype1931",0,0.2325,FALSE
"PT3","clonotype1916",0,0.613433333333333,FALSE
"PT3","clonotype1313",1.97742234733765,0.247633333333333,FALSE
"PT3","clonotype840",0,0.302133333333333,FALSE
"PT3","clonotype2",1.73236176758447,0.490633333333333,FALSE
"PT3","clonotype3",1.23900559090426,0.391533333333333,FALSE
"PT3","clonotype58",0,0.2235,FALSE
"PT3","clonotype2183",0,0.1704,FALSE
"PT3","clonotype1359",0,0.368,FALSE
"PT3","clonotype1465",2.36465040196423,0.2197,FALSE
"PT3","clonotype1408",0,0.366333333333333,FALSE
"PT3","clonotype1608",0,0.0938666666666667,FALSE
"PT3","clonotype1017",0,0.134,FALSE
"PT3","clonotype1216",2.70645658899352,0.248533333333333,FALSE
"PT3","clonotype1402",0,0.0212666666666667,FALSE
"PT3","clonotype23",0,0.3551,FALSE
"PT3","clonotype1716",0,0.4002,FALSE
"PT3","clonotype2",1.87687218591518,0.338533333333333,FALSE
"PT3","clonotype2045",0,0.410766666666667,FALSE
"PT3","clonotype1869",0,0.188066666666667,FALSE
"PT3","clonotype1435",0,0.2462,FALSE
"PT3","clonotype1487",0,0.3678,FALSE
"PT3","clonotype1024",0,0.2258,FALSE
"PT3","clonotype1596",2.35150127796901,0.448633333333333,FALSE
"PT3","clonotype2239",2.9200192624012,0.279,FALSE
"PT3","clonotype1922",0,0.382533333333333,FALSE
"PT3","clonotype1677",0,0.335733333333333,FALSE
"PT3","clonotype1852",0,0.149266666666667,FALSE
"PT3","clonotype1148",0,0.1939,FALSE
"PT3","clonotype1353",0,0.211733333333333,FALSE
"PT3","clonotype985",0.616388657293723,0.188666666666667,FALSE
"PT3","clonotype1",2.71916413056968,0.5298,TRUE
"PT3","clonotype558",0,0.1633,FALSE
"PT3","clonotype2128",0,0.1163,FALSE
"PT3","clonotype1214",0,0,FALSE
"PT3","clonotype50",0,0.3535,FALSE
"PT3","clonotype794",0,0.288433333333333,FALSE
"PT3","clonotype1",3.23110826001026,0.6334,TRUE
"PT3","clonotype151",0,0.093,FALSE
"PT3","clonotype31",2.39158140621423,0.157133333333333,FALSE
"PT3","clonotype1485",0,0.201733333333333,FALSE
"PT3","clonotype1819",0,0.0812666666666667,FALSE
"PT3","clonotype12",2.97575763401559,0.519733333333333,FALSE
"PT3","clonotype1708",0,0.117966666666667,FALSE
"PT3","clonotype235",0,0.276866666666667,FALSE
"PT3","clonotype975",0,0.258966666666667,FALSE
"PT3","clonotype573",0,0.304533333333333,FALSE
"PT3","clonotype609",1.29350015661514,0.416533333333333,FALSE
"PT3","clonotype6",1.26433073843198,0.557033333333333,TRUE
"PT3","clonotype173",0,0.2118,FALSE
"PT3","clonotype1679",2.19199568910275,0.3135,FALSE
"PT3","clonotype1825",0,0.263166666666667,FALSE
"PT3","clonotype13",2.38439129123426,0.2763,FALSE
"PT3","clonotype245",0,0.2736,FALSE
"PT3","clonotype2205",0,0.2402,FALSE
"PT3","clonotype1099",0,0.305966666666667,FALSE
"PT3","clonotype2",0,0.408233333333333,FALSE
"PT3","clonotype2180",0,0.123766666666667,FALSE
"PT3","clonotype483",0,0.0946,FALSE
"PT3","clonotype968",0,0.1461,FALSE
"PT3","clonotype2115",0,0.1674,FALSE
"PT3","clonotype995",0,0.1774,FALSE
"PT3","clonotype2073",0,0.0731333333333334,FALSE
"PT3","clonotype244",0,0.3039,FALSE
"PT3","clonotype1847",0,0.1088,FALSE
"PT3","clonotype800",0,0.4174,FALSE
"PT3","clonotype779",2.03217200166834,0.157533333333333,FALSE
"PT3","clonotype1474",3.63565120769228,0.386666666666667,FALSE
"PT3","clonotype1",3.88717454722739,0.5583,TRUE
"PT3","clonotype1300",0.790124688233866,0.457466666666667,FALSE
"PT3","clonotype969",0,0.1122,FALSE
"PT3","clonotype447",0,0.251166666666667,FALSE
"PT3","clonotype989",0,0.2622,FALSE
"PT3","clonotype551",0,0.091,FALSE
"PT3","clonotype562",0,0.3495,FALSE
"PT3","clonotype1623",2.01572503825638,0.187966666666667,FALSE
"PT3","clonotype1834",0,0.355566666666667,FALSE
"PT3","clonotype1939",0,0.282566666666667,FALSE
"PT3","clonotype595",0,0.1483,FALSE
"PT3","clonotype1538",0,0.124333333333333,FALSE
"PT3","clonotype62",0,0.2662,FALSE
"PT3","clonotype9",2.28077459040056,0.601633333333333,FALSE
"PT3","clonotype1809",1.24294852058828,0.0899333333333333,FALSE
"PT3","clonotype1209",0,0.0487,FALSE
"PT3","clonotype2254",0,0.103733333333333,FALSE
"PT3","clonotype696",0,0.0961666666666666,FALSE
"PT3","clonotype1579",0,0.121366666666667,FALSE
"PT3","clonotype2209",0,0.173066666666667,FALSE
"PT3","clonotype98",0,0.219333333333333,FALSE
"PT3","clonotype1480",0,0.2131,FALSE
"PT3","clonotype1586",0,0.4428,FALSE
"PT3","clonotype360",0,0.3045,FALSE
"PT3","clonotype5",0,0.6195,FALSE
"PT3","clonotype2019",0,0.0491,FALSE
"PT3","clonotype1253",3.33690568913746,0.330433333333333,FALSE
"PT3","clonotype466",0,0.405766666666667,FALSE
"PT3","clonotype24",2.4540490710021,0.6179,TRUE
"PT3","clonotype441",0,0.209066666666667,FALSE
"PT3","clonotype9",0,0.259833333333333,FALSE
"PT3","clonotype60",0,0.272566666666667,FALSE
"PT3","clonotype1254",0,0.0379666666666667,FALSE
"PT3","clonotype348",0,0.2137,FALSE
"PT3","clonotype195",0,0.132033333333333,FALSE
"PT3","clonotype1375",0,0.102266666666667,FALSE
"PT3","clonotype1658",0,0.196766666666667,FALSE
"PT3","clonotype997",0,0.0634,FALSE
"PT3","clonotype1123",0,0.245766666666667,FALSE
"PT3","clonotype720",0,0,FALSE
"PT3","clonotype1529",0,0.240766666666667,FALSE
"PT3","clonotype15",2.86221840110713,0.621866666666667,FALSE
"PT3","clonotype122",0,0.293266666666667,FALSE
"PT3","clonotype2",2.03237205667834,0.337166666666667,FALSE
"PT3","clonotype945",0,0.101566666666667,FALSE
"PT3","clonotype974",0,0.0236666666666666,FALSE
"PT3","clonotype658",0,0.106633333333333,FALSE
"PT3","clonotype1055",0,0.233066666666667,FALSE
"PT3","clonotype1",3.29213088772538,0.576166666666667,TRUE
"PT3","clonotype620",0,0.3238,FALSE
"PT3","clonotype1568",0,0.0865666666666667,FALSE
"PT3","clonotype444",0,0.266866666666667,FALSE
"PT3","clonotype2230",0,0.0887333333333333,FALSE
"PT3","clonotype1882",0,0.292866666666667,FALSE
"PT3","clonotype2101",0,0.0985666666666667,FALSE
"PT3","clonotype5",0,0.4962,FALSE
"PT3","clonotype279",0,0.234,FALSE
"PT3","clonotype373",0.991571317757005,0.2318,FALSE
"PT3","clonotype1377",0.695625750652821,0.407733333333333,FALSE
"PT3","clonotype1637",0,0.416066666666667,FALSE
"PT3","clonotype2001",0,0.4,FALSE
"PT3","clonotype1369",0,0.158133333333333,FALSE
"PT3","clonotype735",0,0.319366666666667,FALSE
"PT3","clonotype250",0,0.179366666666667,FALSE
"PT3","clonotype1083",0,0.0966,FALSE
"PT3","clonotype1269",0,0.257466666666667,FALSE
"PT3","clonotype713",0,0.291166666666667,FALSE
"PT3","clonotype1",2.41256994799878,0.587266666666667,TRUE
"PT3","clonotype1800",0,0.360266666666667,FALSE
"PT3","clonotype2066",0,0.105066666666667,FALSE
"PT3","clonotype454",0,0.122033333333333,FALSE
"PT3","clonotype257",0,0.1873,FALSE
"PT3","clonotype1528",0,0.349566666666667,FALSE
"PT3","clonotype4",3.1521584222158,0.781933333333333,FALSE
"PT3","clonotype1999",0,0.383833333333333,FALSE
"PT3","clonotype1",2.60177089247754,0.0970666666666666,TRUE
"PT3","clonotype2203",0,0.138733333333333,FALSE
"PT3","clonotype1710",0,0.1256,FALSE
"PT3","clonotype28",3.35282633235689,0.164266666666667,FALSE
"PT3","clonotype2153",0,0.114,FALSE
"PT3","clonotype61",0,0.381333333333333,FALSE
"PT3","clonotype3",1.73927861931517,0.5491,FALSE
"PT3","clonotype1201",0,0.1041,FALSE
"PT3","clonotype3",1.9726469560522,0.548333333333333,FALSE
"PT3","clonotype1958",0,0.500033333333333,FALSE
"PT3","clonotype351",0,0.2947,FALSE
"PT3","clonotype353",2.69628000130186,0.4076,FALSE
"PT3","clonotype1724",0,0.2806,FALSE
"PT3","clonotype587",0.628041124620277,0.2333,FALSE
"PT3","clonotype1495",0,0.2401,FALSE
"PT3","clonotype6",0,0.4016,TRUE
"PT3","clonotype884",0,0.156333333333333,FALSE
"PT3","clonotype1",3.39161514479698,0.676166666666667,TRUE
"PT3","clonotype400",0,0.100466666666667,FALSE
"PT3","clonotype1830",0,0.390733333333333,FALSE
"PT3","clonotype416",0,0.263,FALSE
"PT3","clonotype513",0,0.0526,FALSE
"PT3","clonotype37",2.71188404822057,0.3551,FALSE
"PT3","clonotype1757",0,0.0941333333333333,FALSE
"PT3","clonotype86",1.68678719955985,0.773033333333333,FALSE
"PT3","clonotype2202",0,0.230633333333333,FALSE
"PT3","clonotype2168",0,0.3704,FALSE
"PT3","clonotype509",0,0.2283,FALSE
"PT3","clonotype2212",0,0.400266666666667,FALSE
"PT3","clonotype610",0,0.2202,FALSE
"PT3","clonotype2017",2.14803201120759,0.3767,FALSE
"PT3","clonotype1740",0,0.158666666666667,FALSE
"PT3","clonotype885",0,0.245733333333333,FALSE
"PT3","clonotype2189",0,0.154266666666667,FALSE
"PT3","clonotype2256",0,0.0677333333333333,FALSE
"PT3","clonotype7",2.20826278008721,0.290466666666667,FALSE
"PT3","clonotype196",0,0.231933333333333,FALSE
"PT3","clonotype1158",0,0.229933333333333,FALSE
"PT3","clonotype594",0,0.3121,FALSE
"PT3","clonotype111",1.28847852269143,0.09,FALSE
"PT3","clonotype111",0,0.1448,FALSE
"PT3","clonotype608",2.25787720095291,0.0873333333333334,FALSE
"PT3","clonotype1569",0,0.309633333333333,FALSE
"PT3","clonotype952",0,0.2159,FALSE
"PT3","clonotype583",0,0.320766666666667,FALSE
"PT3","clonotype614",0,0.131733333333333,FALSE
"PT3","clonotype1925",0,0.0527333333333333,FALSE
"PT3","clonotype1398",0,0.160966666666667,FALSE
"PT3","clonotype42",0,0.256933333333333,FALSE
"PT3","clonotype1071",0,0.1591,FALSE
"PT3","clonotype1995",0,0.388566666666667,FALSE
"PT3","clonotype1",2.47049907112494,0.640533333333333,TRUE
"PT3","clonotype688",0,0.3052,FALSE
"PT3","clonotype45",1.1201810203232,0.6308,FALSE
"PT3","clonotype11",2.47369377698264,0.628733333333333,FALSE
"PT3","clonotype531",0,0.1825,FALSE
"PT3","clonotype1982",1.89985248156057,0.472533333333333,FALSE
"PT3","clonotype2217",0,0.349933333333333,FALSE
"PT3","clonotype2184",1.92366108168641,0.306966666666667,FALSE
"PT3","clonotype2053",0,0.1191,FALSE
"PT3","clonotype2",2.23690000320245,0.604833333333333,FALSE
"PT3","clonotype1113",0,0.382066666666667,FALSE
"PT3","clonotype2192",0,0.167366666666667,FALSE
"PT3","clonotype1022",0,0.1646,FALSE
"PT3","clonotype2040",0,0.202933333333333,FALSE
"PT3","clonotype1784",0,0.330866666666667,FALSE
"PT3","clonotype2",1.3498158638497,0.433466666666667,FALSE
"PT3","clonotype841",1.65709707561065,0.379233333333333,FALSE
"PT3","clonotype1287",0,0.0476,FALSE
"PT3","clonotype1312",0,0.227833333333333,FALSE
"PT3","clonotype128",2.44281741928049,0.479733333333333,FALSE
"PT3","clonotype1490",0,0.101466666666667,FALSE
"PT3","clonotype566",0,0.114966666666667,FALSE
"PT3","clonotype756",0,0.0978,FALSE
"PT3","clonotype1587",0,0.118933333333333,FALSE
"PT3","clonotype1079",0,0.288266666666667,FALSE
"PT3","clonotype2051",0,0.2654,FALSE
"PT3","clonotype1",2.42012140036721,0.6355,TRUE
"PT3","clonotype1240",0,0.267166666666667,FALSE
"PT3","clonotype415",0,0.167566666666667,FALSE
"PT3","clonotype2022",0,0.248666666666667,FALSE
"PT3","clonotype337",0,0.261966666666667,FALSE
"PT3","clonotype1791",0,0.3166,FALSE
"PT3","clonotype1262",0,0.0594666666666667,FALSE
"PT3","clonotype1756",0,0.180966666666667,FALSE
"PT3","clonotype1",2.01337262098856,0.531966666666667,TRUE
"PT3","clonotype892",0,0.237366666666667,FALSE
"PT3","clonotype19",1.14026359071831,0.368333333333333,FALSE
"PT3","clonotype1336",0,0.398766666666667,FALSE
"PT3","clonotype372",0.762167016261539,0.2545,FALSE
"PT3","clonotype894",0,0.186766666666667,FALSE
"PT3","clonotype38",3.25544583285609,0.746166666666667,FALSE
"PT3","clonotype1268",0,0.0828,FALSE
"PT3","clonotype2232",0,0.177933333333333,FALSE
"PT3","clonotype2248",1.95490438552916,0.0851,FALSE
"PT3","clonotype66",0,0.118866666666667,FALSE
"PT3","clonotype77",0,0.282966666666667,FALSE
"PT3","clonotype1990",0,0.344,FALSE
"PT3","clonotype1169",0,0.1776,FALSE
"PT3","clonotype1796",0,0.308566666666667,FALSE
"PT3","clonotype446",1.98866925829618,0.129366666666667,FALSE
"PT3","clonotype1771",0,0.2492,FALSE
"PT3","clonotype380",0,0.256433333333333,FALSE
"PT3","clonotype187",0,0.235666666666667,FALSE
"PT3","clonotype1683",2.03869727539097,0.229566666666667,FALSE
"PT3","clonotype1537",0,0.3645,FALSE
"PT3","clonotype1",2.77156670840541,0.594133333333333,TRUE
"PT3","clonotype888",0,0.116866666666667,FALSE
"PT3","clonotype316",0,0.4016,FALSE
"PT3","clonotype2095",0,0.166266666666667,FALSE
"PT3","clonotype1142",0,0.231333333333333,FALSE
"PT3","clonotype423",0,0.100266666666667,FALSE
"PT3","clonotype411",0,0.340666666666667,FALSE
"PT3","clonotype125",0,0.2982,FALSE
"PT3","clonotype706",0,0.126,FALSE
"PT3","clonotype461",2.5489388954656,0.3066,FALSE
"PT3","clonotype246",0,0.184366666666667,FALSE
"PT3","clonotype1078",0,0.251633333333333,FALSE
"PT3","clonotype1077",0,0.122366666666667,FALSE
"PT3","clonotype1005",0,0.338133333333333,FALSE
"PT3","clonotype607",0,0.228766666666667,FALSE
"PT3","clonotype2109",0,0.1515,FALSE
"PT3","clonotype44",2.4562477797379,0.295633333333333,FALSE
"PT3","clonotype646",0,0.155633333333333,FALSE
"PT3","clonotype1447",0,0.1286,FALSE
"PT3","clonotype82",0,0.159433333333333,FALSE
"PT3","clonotype42",0,0.315966666666667,FALSE
"PT3","clonotype4",2.73572893486118,0.576266666666667,FALSE
"PT3","clonotype1936",0,0.0326333333333333,FALSE
"PT3","clonotype1346",0,0.159533333333333,FALSE
"PT3","clonotype37",2.91089901818229,0.613433333333333,FALSE
"PT3","clonotype937",0,0.2866,FALSE
"PT3","clonotype10",2.31458849134672,0.5205,FALSE
"PT3","clonotype1478",0,0.329233333333333,FALSE
"PT3","clonotype928",0,0.354133333333333,FALSE
"PT3","clonotype1659",0,0.2985,FALSE
"PT3","clonotype1",3.29893646579383,0.5938,TRUE
"PT3","clonotype2251",0,0.1146,FALSE
"PT3","clonotype2151",0,0.342466666666667,FALSE
"PT3","clonotype518",0,0.3149,FALSE
"PT3","clonotype24",2.48657530631173,0.641566666666667,TRUE
"PT3","clonotype317",0,0.313833333333333,FALSE
"PT3","clonotype996",3.08853187226246,0.119166666666667,FALSE
"PT3","clonotype628",0,0.356833333333333,FALSE
"PT3","clonotype1170",0,0.144233333333333,FALSE
"PT3","clonotype428",0,0.407466666666667,FALSE
"PT3","clonotype1",3.84557424735984,0.7022,TRUE
"PT3","clonotype1376",0,0.2403,FALSE
"PT3","clonotype1",2.20826278008721,0.640833333333333,TRUE
"PT3","clonotype1867",0,0.3414,FALSE
"PT3","clonotype1911",0,0.0718,FALSE
"PT3","clonotype1885",0,0.277566666666667,FALSE
"PT3","clonotype30",0,0.124866666666667,FALSE
"PT3","clonotype1135",0,0.225066666666667,FALSE
"PT3","clonotype1",2.89152425578626,0.449,TRUE
"PT3","clonotype1552",0,0.5647,FALSE
"PT3","clonotype1116",2.16411318001117,0.0681,FALSE
"PT3","clonotype1604",0,0.170666666666667,FALSE
"PT3","clonotype1469",0,0.195,FALSE
"PT3","clonotype548",0,0.0992666666666666,FALSE
"PT3","clonotype87",0,0.559033333333333,TRUE
"PT3","clonotype101",0,0.0920333333333333,FALSE
"PT3","clonotype301",0,0.1798,FALSE
"PT3","clonotype10",2.67709348577439,0.4137,FALSE
"PT3","clonotype638",0,0.1083,FALSE
"PT3","clonotype4",0,0.560566666666667,FALSE
"PT3","clonotype64",0.956068661254858,0.124733333333333,FALSE
"PT3","clonotype1150",1.41362048098907,0.596,FALSE
"PT3","clonotype16",2.96258631221381,0.6654,FALSE
"PT3","clonotype922",0,0.1985,FALSE
"PT3","clonotype1",3.37511757150635,0.439066666666667,TRUE
"PT3","clonotype1797",0,0.217733333333333,FALSE
"PT3","clonotype183",2.193645500637,0.114533333333333,FALSE
"PT3","clonotype4",3.3149708610892,0.548166666666667,FALSE
"PT3","clonotype1100",0,0.2805,FALSE
"PT3","clonotype1",3.39027534208025,0.6492,TRUE
"PT3","clonotype10",2.45939721861254,0.562966666666667,FALSE
"PT3","clonotype784",0,0.3403,FALSE
"PT3","clonotype364",1.48901798142043,0.1234,FALSE
"PT3","clonotype32",2.73091701071511,0.156166666666667,FALSE
"PT3","clonotype1223",0,0.194266666666667,FALSE
"PT3","clonotype117",0,0.258866666666667,FALSE
"PT3","clonotype1137",0,0.0951333333333333,FALSE
"PT3","clonotype2194",0,0.217,FALSE
"PT3","clonotype741",0,0.1196,FALSE
"PT3","clonotype2033",0,0.115333333333333,FALSE
"PT3","clonotype785",0,0.236966666666667,FALSE
"PT3","clonotype1026",0,0.120566666666667,FALSE
"PT3","clonotype1049",0,0.156133333333333,FALSE
"PT3","clonotype92",0,0.427666666666667,FALSE
"PT3","clonotype861",0,0.3693,FALSE
"PT3","clonotype332",0,0.0302,FALSE
"PT3","clonotype1772",0,0.241966666666667,FALSE
"PT3","clonotype6",1.23339011806417,0.478166666666667,TRUE
"PT3","clonotype485",0,0.3743,FALSE
"PT3","clonotype987",0,0.0925666666666667,FALSE
"PT3","clonotype890",0,0.1881,FALSE
"PT3","clonotype1896",0,0.159233333333333,FALSE
"PT3","clonotype530",1.50053557412402,0.2664,FALSE
"PT3","clonotype1",3.57626669893673,0.553266666666667,TRUE
"PT3","clonotype648",0,0.257266666666667,FALSE
"PT3","clonotype4",3.2770897824325,0.552366666666667,FALSE
"PT3","clonotype2031",0,0.363033333333333,FALSE
"PT3","clonotype833",0,0.2571,FALSE
"PT3","clonotype1651",0,0.130333333333333,FALSE
"PT3","clonotype1342",0,0.167133333333333,FALSE
"PT3","clonotype26",1.58750930857999,0.3963,FALSE
"PT3","clonotype2",1.31340276262712,0.324766666666667,FALSE
"PT3","clonotype1174",0,0.3573,FALSE
"PT3","clonotype1536",0,0.241966666666667,FALSE
"PT3","clonotype1156",0,0.275866666666667,FALSE
"PT3","clonotype1394",1.6506973682674,0.434933333333333,FALSE
"PT3","clonotype356",0,0.3189,FALSE
"PT3","clonotype687",1.73410263884786,0.188,FALSE
"PT3","clonotype5",0,0.486633333333333,FALSE
"PT3","clonotype219",0,0.1688,FALSE
"PT3","clonotype422",0,0.175333333333333,FALSE
"PT3","clonotype43",2.34344973824911,0.298733333333333,FALSE
"PT3","clonotype1783",0,0.189433333333333,FALSE
"PT3","clonotype1160",0,0.0787333333333333,FALSE
"PT3","clonotype2255",0,0.192,FALSE
"PT3","clonotype398",0,0.0924,FALSE
"PT3","clonotype38",3.06925841292137,0.562533333333333,FALSE
"PT3","clonotype552",0,0.3192,FALSE
"PT3","clonotype1440",0,0.337033333333333,FALSE
"PT3","clonotype1177",0,0.3437,FALSE
"PT3","clonotype1181",0,0.313266666666667,FALSE
"PT3","clonotype1883",0,0.1422,FALSE
"PT3","clonotype508",0,0.1923,FALSE
"PT3","clonotype2093",0,0.228133333333333,FALSE
"PT3","clonotype1576",0,0.294933333333333,FALSE
"PT3","clonotype47",0,0.3473,FALSE
"PT3","clonotype6",0,0.388366666666667,TRUE
"PT3","clonotype1056",0,0.2572,FALSE
"PT3","clonotype1703",0,0.0699333333333333,FALSE
"PT3","clonotype68",1.35199678305662,0.345833333333333,FALSE
"PT3","clonotype1893",0,0.3449,FALSE
"PT3","clonotype29",1.80902489442712,0.285133333333333,FALSE
"PT3","clonotype40",3.08912792542895,0.6951,FALSE
"PT3","clonotype1333",0,0.0536,FALSE
"PT3","clonotype81",0,0.0888,FALSE
"PT3","clonotype2245",0,0.293366666666667,FALSE
"PT3","clonotype902",0,0.3929,FALSE
"PT3","clonotype590",0,0.126333333333333,FALSE
"PT3","clonotype2008",0,0.276533333333333,FALSE
"PT3","clonotype2182",0,0.104966666666667,FALSE
"PT3","clonotype1145",0,0.120266666666667,FALSE
"PT3","clonotype90",2.41347307825745,0.246166666666667,FALSE
"PT3","clonotype26",3.51706374464374,0.1776,FALSE
"PT3","clonotype1858",1.40092068669424,0.0854666666666667,FALSE
"PT3","clonotype2185",0,0.3518,FALSE
"PT3","clonotype2199",0.96756635076111,0.256866666666667,FALSE
"PT3","clonotype1146",0,0.1778,FALSE
"PT3","clonotype1322",0,0.131566666666667,FALSE
"PT3","clonotype1547",0,0.201366666666667,FALSE
"PT3","clonotype2026",0,0.360566666666667,FALSE
"PT3","clonotype1853",0.97057631787948,0.108666666666667,FALSE
"PT3","clonotype110",0,0.283133333333333,FALSE
"PT3","clonotype104",0,0.3159,FALSE
"PT3","clonotype882",0,0.198133333333333,FALSE
"PT3","clonotype2181",0,0.317133333333333,FALSE
"PT3","clonotype477",0,0.189166666666667,FALSE
"PT3","clonotype234",0,0.151133333333333,FALSE
"PT3","clonotype129",0,0.0938666666666667,FALSE
"PT3","clonotype1894",0,0.2966,FALSE
"PT3","clonotype581",0,0.207766666666667,FALSE
"PT3","clonotype1650",0,0.1028,FALSE
"PT3","clonotype1933",0,0.156133333333333,FALSE
"PT3","clonotype651",0,0.1597,FALSE
"PT3","clonotype1431",1.04434763463129,0.1455,FALSE
"PT3","clonotype1277",0,0.139866666666667,FALSE
"PT3","clonotype576",0,0.0814333333333334,FALSE
"PT3","clonotype1006",0,0.1601,FALSE
"PT3","clonotype314",0,0.0876666666666667,FALSE
"PT3","clonotype1907",0,0.211033333333333,FALSE
"PT3","clonotype964",0,0.2564,FALSE
"PT3","clonotype1593",0,0.257733333333333,FALSE
"PT3","clonotype719",0,0.0918666666666667,FALSE
"PT3","clonotype1380",0,0.1789,FALSE
"PT3","clonotype3",0,0.2944,FALSE
"PT3","clonotype1",3.23884119225736,0.5586,TRUE
"PT3","clonotype392",2.09886826898553,0.613766666666667,FALSE
"PT3","clonotype462",0,0.124,FALSE
"PT3","clonotype1061",0,0.0696,FALSE
"PT3","clonotype527",0,0.0938666666666667,FALSE
"PT3","clonotype2",1.34523637293987,0.475666666666667,FALSE
"PT3","clonotype103",0,0.345866666666667,FALSE
"PT3","clonotype1511",0,0.0919,FALSE
"PT3","clonotype1486",0,0.0793,FALSE
"PT3","clonotype887",0,0.248666666666667,FALSE
"PT3","clonotype1149",0,0.105166666666667,FALSE
"PT3","clonotype479",0,0.2061,FALSE
"PT3","clonotype2",2.87164314408821,0.427266666666667,FALSE
"PT3","clonotype900",0,0.3736,FALSE
"PT3","clonotype2061",0,0.228566666666667,FALSE
"PT3","clonotype242",0,0.3025,FALSE
"PT3","clonotype1019",0,0.323566666666667,FALSE
"PT3","clonotype2",3.11915976734801,0.355866666666667,FALSE
"PT3","clonotype1385",0,0.241033333333333,FALSE
"PT3","clonotype1252",1.55238533030932,0.6331,FALSE
"PT3","clonotype592",0,0.344866666666667,FALSE
"PT3","clonotype5",0,0.627766666666667,FALSE
"PT3","clonotype1309",0,0.284866666666667,FALSE
"PT3","clonotype2247",0,0.2335,FALSE
"PT3","clonotype807",0,0.361133333333333,FALSE
"PT3","clonotype1673",0,0.110933333333333,FALSE
"PT3","clonotype1335",0,0.105666666666667,FALSE
"PT3","clonotype571",0,0.2518,FALSE
"PT3","clonotype65",2.06166604207685,0.336066666666667,FALSE
"PT3","clonotype1898",0,0.211766666666667,FALSE
"PT3","clonotype733",0,0.365533333333333,FALSE
"PT3","clonotype1592",0,0.170866666666667,FALSE
"PT3","clonotype53",0,0,FALSE
"PT3","clonotype1337",1.5057238244504,0.132466666666667,FALSE
"PT3","clonotype14",0,0.4711,FALSE
"PT3","clonotype34",1.15309630553598,0.365866666666667,FALSE
"PT3","clonotype13",2.24812262770058,0.643966666666667,FALSE
"PT3","clonotype210",0,0.369733333333333,FALSE
"PT3","clonotype1449",0,0.325066666666667,FALSE
"PT3","clonotype6",1.25040092789334,0.643566666666667,TRUE
"PT3","clonotype10",2.33702296501362,0.6017,FALSE
"PT3","clonotype393",0,0.1607,FALSE
"PT3","clonotype1470",0,0.222933333333333,FALSE
"PT3","clonotype389",0,0.1125,FALSE
"PT3","clonotype797",0,0.259766666666667,FALSE
"PT3","clonotype4",1.10540136766101,0.6086,FALSE
"PT3","clonotype83",0,0.195466666666667,FALSE
"PT3","clonotype970",0,0.2779,FALSE
"PT3","clonotype203",0,0.163566666666667,FALSE
"PT3","clonotype602",0,0.2504,FALSE
"PT3","clonotype574",0,0.1732,FALSE
"PT3","clonotype618",0,0.295633333333333,FALSE
"PT3","clonotype107",0,0.2648,FALSE
"PT3","clonotype2013",0,0.139733333333333,FALSE
"PT3","clonotype2129",0,0.293466666666667,FALSE
"PT3","clonotype1709",0,0.129466666666667,FALSE
"PT3","clonotype570",0,0.0842000000000001,FALSE
"PT3","clonotype464",0,0.028,FALSE
"PT3","clonotype565",0,0.374066666666667,FALSE
"PT3","clonotype22",2.15305565965451,0.5329,FALSE
"PT3","clonotype107",1.32144039729936,0,FALSE
"PT3","clonotype9",3.0768162969094,0.151533333333333,FALSE
"PT3","clonotype212",0,0.228666666666667,FALSE
"PT3","clonotype35",0,0.1735,FALSE
"PT3","clonotype4",1.74477193417585,0.6806,FALSE
"PT3","clonotype1676",0,0.2555,FALSE
"PT3","clonotype1",1.07568581617688,0.608366666666667,TRUE
"PT3","clonotype157",0,0.154466666666667,FALSE
"PT3","clonotype1693",0,0.170666666666667,FALSE
"PT3","clonotype469",0,0.210233333333333,FALSE
"PT3","clonotype473",0,0.2717,FALSE
"PT3","clonotype2175",1.12353102192242,0.151566666666667,FALSE
"PT3","clonotype1264",0,0.287966666666667,FALSE
"PT3","clonotype1609",0,0.130833333333333,FALSE
"PT3","clonotype1935",0,0.246533333333333,FALSE
"PT3","clonotype1042",0,0.0841333333333333,FALSE
"PT3","clonotype1289",0,0.106033333333333,FALSE
"PT3","clonotype1694",0,0.2934,FALSE
"PT3","clonotype848",0,0.2791,FALSE
"PT3","clonotype55",2.0305732047726,0.467,FALSE
"PT3","clonotype19",2.42141090745747,0.308966666666667,FALSE
"PT3","clonotype344",0,0.3001,FALSE
"PT3","clonotype2",1.88769155012375,0.403933333333333,FALSE
"PT3","clonotype1140",1.94075592164002,0.0731000000000001,FALSE
"PT3","clonotype22",2.3128215723073,0.604833333333333,FALSE
"PT3","clonotype1188",0,0.1948,FALSE
"PT3","clonotype1213",0,0.425666666666667,FALSE
"PT3","clonotype1514",0,0.230266666666667,FALSE
"PT3","clonotype2090",0,0.213,FALSE
"PT3","clonotype1092",0,0.1047,FALSE
"PT3","clonotype2",0,0.4038,FALSE
"PT3","clonotype2005",0,0.224733333333333,FALSE
"PT3","clonotype9",4.09757508017516,0.409366666666667,FALSE
"PT3","clonotype2028",0,0.355566666666667,FALSE
"PT3","clonotype2139",1.64472387201901,0.428466666666667,FALSE
"PT3","clonotype1692",0,0.250833333333333,FALSE
"PT3","clonotype31",2.20027431203405,0.462133333333333,FALSE
"PT3","clonotype2052",0,0.2023,FALSE
"PT3","clonotype967",0,0.3373,FALSE
"PT3","clonotype1799",1.6692940161754,0.327666666666667,FALSE
"PT3","clonotype1919",0,0.0842333333333334,FALSE
"PT3","clonotype23",1.65955857412157,0.245333333333333,FALSE
"PT3","clonotype1314",3.14793654236434,0.411233333333333,FALSE
"PT3","clonotype1548",0,0.189533333333333,FALSE
"PT3","clonotype143",0,0.2792,FALSE
"PT3","clonotype435",0,0,FALSE
"PT3","clonotype298",0,0.0974,FALSE
"PT3","clonotype575",0,0.176066666666667,FALSE
"PT3","clonotype2154",0,0.270233333333333,FALSE
"PT3","clonotype268",0,0.0923666666666667,FALSE
"PT3","clonotype125",0,0.250633333333333,FALSE
"PT3","clonotype647",0,0.0661,FALSE
"PT3","clonotype1454",0,0.150533333333333,FALSE
"PT3","clonotype619",0,0.199733333333333,FALSE
"PT3","clonotype754",0,0.329533333333333,FALSE
"PT3","clonotype391",0,0.124333333333333,FALSE
"PT3","clonotype169",0,0.1502,FALSE
"PT3","clonotype405",0,0.336133333333333,FALSE
"PT3","clonotype418",1.30322077240359,0.3158,FALSE
"PT3","clonotype2",1.25805293879268,0.5964,FALSE
"PT3","clonotype2038",0,0.124466666666667,FALSE
"PT3","clonotype5",0,0.5546,FALSE
"PT3","clonotype2",2.66690525194213,0.463533333333333,FALSE
"PT3","clonotype1721",0,0.118633333333333,FALSE
"PT3","clonotype730",0,0.1453,FALSE
"PT3","clonotype1543",0,0.078,FALSE
"PT3","clonotype676",0,0.115,FALSE
"PT3","clonotype26",0,0.173233333333333,FALSE
"PT3","clonotype1455",0,0.0848,FALSE
"PT3","clonotype1615",0,0.185933333333333,FALSE
"PT3","clonotype1438",2.99698726050466,0.4579,FALSE
"PT3","clonotype220",0,0.305066666666667,FALSE
"PT3","clonotype526",0,0.100866666666667,FALSE
"PT3","clonotype2099",0,0.0876333333333333,FALSE
"PT3","clonotype1365",0,0.337833333333333,FALSE
"PT3","clonotype80",0,0.3705,FALSE
"PT3","clonotype652",0,0.0852000000000001,FALSE
"PT3","clonotype1768",0,0.0615,FALSE
"PT3","clonotype2146",0,0.172433333333333,FALSE
"PT3","clonotype1292",0,0.4138,FALSE
"PT3","clonotype1434",0,0.130333333333333,FALSE
"PT3","clonotype740",0,0.229466666666667,FALSE
"PT3","clonotype15",3.41272402107939,0.677733333333333,FALSE
"PT3","clonotype20",0,0.239566666666667,FALSE
"PT3","clonotype761",0,0.490533333333333,FALSE
"PT3","clonotype1821",0,0.0950333333333333,FALSE
"PT3","clonotype1356",0,0.300566666666667,FALSE
"PT3","clonotype1347",1.00178151592987,0.208533333333333,FALSE
"PT3","clonotype115",1.1985385979867,0.6459,FALSE
"PT3","clonotype805",0,0.157,FALSE
"PT3","clonotype139",0,0.197066666666667,FALSE
"PT3","clonotype768",0,0.177333333333333,FALSE
"PT3","clonotype96",0,0.2048,FALSE
"PT3","clonotype2166",0,0.162533333333333,FALSE
"PT3","clonotype2121",0,0.0728666666666666,FALSE
"PT3","clonotype22",3.33217096263889,0.6858,FALSE
"PT3","clonotype1080",0,0.167566666666667,FALSE
"PT3","clonotype92",0,0.176233333333333,FALSE
"PT3","clonotype1524",0,0.307266666666667,FALSE
"PT3","clonotype1206",0,0.0608,FALSE
"PT3","clonotype113",1.03294367128374,0.253633333333333,FALSE
"PT3","clonotype1656",0,0.122266666666667,FALSE
"PT3","clonotype1808",0,0.106333333333333,FALSE
"PT3","clonotype306",0,0.203733333333333,FALSE
"PT3","clonotype312",0,0.169366666666667,FALSE
"PT3","clonotype89",0,0.170066666666667,FALSE
"PT3","clonotype1012",0,0.206533333333333,FALSE
"PT3","clonotype59",0,0.1711,FALSE
"PT3","clonotype6",0,0.483266666666667,TRUE
"PT3","clonotype1390",0,0.2097,FALSE
"PT3","clonotype230",0,0.116133333333333,FALSE
"PT3","clonotype1479",0,0.193733333333333,FALSE
"PT3","clonotype1522",0,0.0263333333333333,FALSE
"PT3","clonotype431",2.93625578188798,0.247033333333333,FALSE
"PT3","clonotype1928",0,0.0269666666666667,FALSE
"PT3","clonotype497",1.83322575846127,0.0322333333333333,FALSE
"PT3","clonotype205",0.829681952477448,0.2985,FALSE
"PT3","clonotype1807",1.18097022701128,0.2505,FALSE
"PT3","clonotype1",2.75161341842393,0.6476,TRUE
"PT3","clonotype755",1.41790913874734,0.2211,FALSE
"PT3","clonotype315",0,0.216633333333333,FALSE
"PT3","clonotype2240",1.20877342563319,0.170666666666667,FALSE
"PT3","clonotype3",1.4301230542893,0.4007,FALSE
"PT3","clonotype1802",0,0.205633333333333,FALSE
"PT3","clonotype577",0,0.348533333333333,FALSE
"PT3","clonotype1406",0,0.258233333333333,FALSE
"PT3","clonotype6",1.42033387469576,0.6231,TRUE
"PT3","clonotype1094",0,0.1222,FALSE
"PT3","clonotype1476",0,0.292033333333333,FALSE
"PT3","clonotype1103",0,0.3515,FALSE
"PT3","clonotype1713",0,0.193966666666667,FALSE
"PT3","clonotype456",0,0.3011,FALSE
"PT3","clonotype123",0,0.0512333333333334,FALSE
"PT3","clonotype1646",0,0.333433333333333,FALSE
"PT3","clonotype665",0,0.3017,FALSE
"PT3","clonotype131",0,0.1203,FALSE
"PT3","clonotype1129",0,0.155166666666667,FALSE
"PT3","clonotype1081",1.51404482633332,0.2681,FALSE
"PT3","clonotype948",0,0.0607,FALSE
"PT3","clonotype1699",0,0.137933333333333,FALSE
"PT3","clonotype178",0,0.162133333333333,FALSE
"PT3","clonotype603",0,0.146666666666667,FALSE
"PT3","clonotype24",3.08527329120231,0.718533333333333,TRUE
"PT3","clonotype25",0,0.292833333333333,FALSE
"PT3","clonotype1307",0,0.2954,FALSE
"PT3","clonotype2111",0,0.173933333333333,FALSE
"PT3","clonotype499",1.55687469084117,0.2834,FALSE
"PT3","clonotype2132",0,0.442433333333333,FALSE
"PT3","clonotype1872",0,0.1548,FALSE
"PT3","clonotype1052",0,0.0919,FALSE
"PT3","clonotype2116",1.76525110753092,0.2619,FALSE
"PT3","clonotype991",0,0.251966666666667,FALSE
"PT3","clonotype1589",0,0.137566666666667,FALSE
"PT3","clonotype1880",0,0.2496,FALSE
"PT3","clonotype2036",0,0.124533333333333,FALSE
"PT3","clonotype1978",0,0.404433333333333,FALSE
"PT3","clonotype1020",0,0.2796,FALSE
"PT3","clonotype37",1.33783559715133,0.575066666666667,FALSE
"PT3","clonotype1339",0,0.351033333333333,FALSE
"PT3","clonotype2141",0,0.254566666666667,FALSE
"PT3","clonotype1011",1.45269159035757,0.2305,FALSE
"PT3","clonotype1785",0,0.164433333333333,FALSE
"PT3","clonotype857",0,0.244933333333333,FALSE
"PT3","clonotype949",0,0.165833333333333,FALSE
"PT3","clonotype1319",0,0.368033333333333,FALSE
"PT3","clonotype1666",0,0,FALSE
"PT3","clonotype150",0,0.142066666666667,FALSE
"PT3","clonotype1687",3.01878659448813,0.312066666666667,FALSE
"PT3","clonotype1",1.81017558917787,0.4768,TRUE
"PT3","clonotype148",0,0.179733333333333,FALSE
"PT3","clonotype1602",0,0.4037,FALSE
"PT3","clonotype868",0,0.264366666666667,FALSE
"PT3","clonotype1104",0,0.302066666666667,FALSE
"PT3","clonotype831",0,0.4159,FALSE
"PT3","clonotype126",0,0.4023,FALSE
"PT3","clonotype3",1.42439506095018,0.433733333333333,FALSE
"PT3","clonotype1",3.48814041704413,0.627866666666667,TRUE
"PT3","clonotype32",2.20753370908537,0.214866666666667,FALSE
"PT3","clonotype417",0,0.0763333333333334,FALSE
"PT3","clonotype1525",0,0.130533333333333,FALSE
"PT3","clonotype1031",0,0.329266666666667,FALSE
"PT3","clonotype3",1.74223174155278,0.585033333333333,FALSE
"PT3","clonotype1",3.41390179965885,0.6235,TRUE
"PT3","clonotype1388",0,0.2574,FALSE
"PT3","clonotype2224",0,0.136433333333333,FALSE
"PT3","clonotype1176",0,0.349666666666667,FALSE
"PT3","clonotype1",2.00693610082254,0.4654,TRUE
"PT3","clonotype1265",0,0.2667,FALSE
"PT3","clonotype346",0,0.292133333333333,FALSE
"PT3","clonotype642",0,0.0909,FALSE
"PT3","clonotype662",0,0.241866666666667,FALSE
"PT3","clonotype1164",3.32171677454511,0.6174,FALSE
"PT3","clonotype582",0,0.2083,FALSE
"PT3","clonotype406",0,0.158066666666667,FALSE
"PT3","clonotype7",1.27537160840552,0.489666666666667,FALSE
"PT3","clonotype2049",0,0.194766666666667,FALSE
"PT3","clonotype569",0,0.197433333333333,FALSE
"PT3","clonotype1504",0,0.0899666666666666,FALSE
"PT3","clonotype374",0,0.0341333333333333,FALSE
"PT3","clonotype284",1.91891502626976,0.350266666666667,FALSE
"PT3","clonotype1509",1.29941793839215,0.130633333333333,FALSE
"PT3","clonotype981",0,0.237533333333333,FALSE
"PT3","clonotype1191",0,0.2529,FALSE
"PT3","clonotype1973",0,0.2871,FALSE
"PT3","clonotype16",2.52253685252425,0.742833333333333,FALSE
"PT3","clonotype459",0,0.239233333333333,FALSE
"PT3","clonotype471",0,0.371666666666667,FALSE
"PT3","clonotype1405",0,0.270733333333333,FALSE
"PT3","clonotype941",0,0.271966666666667,FALSE
"PT3","clonotype2003",0,0.146866666666667,FALSE
"PT3","clonotype691",0,0.2209,FALSE
"PT3","clonotype844",0,0.1396,FALSE
"PT3","clonotype804",0,0.326333333333333,FALSE
"PT3","clonotype1773",0,0.0965666666666667,FALSE
"PT3","clonotype534",0,0.149533333333333,FALSE
"PT3","clonotype271",0,0.0582,FALSE
"PT3","clonotype1792",0,0.0448666666666667,FALSE
"PT3","clonotype1379",0,0.173266666666667,FALSE
"PT3","clonotype1909",0,0.141766666666667,FALSE
"PT3","clonotype780",0,0.161833333333333,FALSE
"PT3","clonotype7",2.26734518239946,0.5882,FALSE
"PT3","clonotype1890",0.798999473910439,0.268166666666667,FALSE
"PT3","clonotype2120",0,0.4101,FALSE
"PT3","clonotype1607",0,0.0926,FALSE
"PT3","clonotype1221",0,0.100266666666667,FALSE
"PT3","clonotype673",0,0.142333333333333,FALSE
"PT3","clonotype1327",0,0.253233333333333,FALSE
"PT3","clonotype891",0,0.272866666666667,FALSE
"PT3","clonotype130",0,0.1967,FALSE
"PT3","clonotype1",2.43910153117433,0.543333333333333,TRUE
"PT3","clonotype1912",0,0.137366666666667,FALSE
"PT3","clonotype1546",0,0.121533333333333,FALSE
"PT3","clonotype329",1.76768523929072,0.634333333333333,FALSE
"PT3","clonotype1110",0,0.121966666666667,FALSE
"PT3","clonotype919",0,0.1675,FALSE
"PT3","clonotype2233",0,0.247766666666667,FALSE
"PT3","clonotype273",0,0.3611,FALSE
"PT3","clonotype1444",0,0.0862666666666667,FALSE
"PT3","clonotype710",0,0.3518,FALSE
"PT3","clonotype954",0,0.193933333333333,FALSE
"PT3","clonotype934",2.49863942282519,0.2778,FALSE
"PT3","clonotype145",0,0.3428,FALSE
"PT3","clonotype763",0,0.0953333333333334,FALSE
"PT3","clonotype357",0,0.1592,FALSE
"PT3","clonotype1034",0,0.183066666666667,FALSE
"PT3","clonotype865",0,0.1318,FALSE
"PT3","clonotype1915",0,0.1397,FALSE
"PT3","clonotype838",0,0.120633333333333,FALSE
"PT3","clonotype115",3.3543538025891,0.3348,FALSE
"PT3","clonotype725",0,0.180466666666667,FALSE
"PT3","clonotype1833",0,0.3287,FALSE
"PT3","clonotype127",0,0.596166666666667,FALSE
"PT3","clonotype599",0,0.347566666666667,FALSE
"PT3","clonotype1902",0,0.144866666666667,FALSE
"PT3","clonotype218",0,0.269433333333333,FALSE
"PT3","clonotype1279",0,0.240766666666667,FALSE
"PT3","clonotype1",2.67884999151947,0.6799,TRUE
"PT3","clonotype1583",0,0.243233333333333,FALSE
"PT3","clonotype1414",1.58522011095189,0.122433333333333,FALSE
"PT3","clonotype15",1.42902817330122,0.548833333333333,FALSE
"PT3","clonotype1795",0,0.187433333333333,FALSE
"PT3","clonotype1635",0.796821980163292,0.100233333333333,FALSE
"PT3","clonotype957",0,0.2482,FALSE
"PT3","clonotype1070",1.85435236024848,0.195933333333333,FALSE
"PT3","clonotype7",3.42666379600982,0.455033333333333,FALSE
"PT3","clonotype998",0,0.267633333333333,FALSE
"PT3","clonotype1436",0,0.0768666666666666,FALSE
"PT3","clonotype1520",0,0.295866666666667,FALSE
"PT3","clonotype1578",0,0.447266666666667,FALSE
"PT3","clonotype1",3.19537425633586,0.422933333333333,TRUE
"PT3","clonotype46",0,0.0958333333333333,FALSE
"PT3","clonotype402",0,0.351566666666667,FALSE
"PT3","clonotype266",0,0.138166666666667,FALSE
"PT3","clonotype1729",0,0.0627,FALSE
"PT3","clonotype1066",0,0.2042,FALSE
"PT3","clonotype514",0,0.103,FALSE
"PT3","clonotype1294",0,0.129433333333333,FALSE
"PT3","clonotype2070",0,0.4067,FALSE
"PT3","clonotype12",2.44219713919442,0.508366666666667,FALSE
"PT3","clonotype120",0,0.370533333333333,FALSE
"PT3","clonotype668",0,0.269433333333333,FALSE
"PT3","clonotype1541",0,0.358033333333333,FALSE
"PT3","clonotype758",2.17337230281975,0.120266666666667,FALSE
"PT3","clonotype99",0,0,FALSE
"PT3","clonotype1717",2.67680101956014,0.2845,FALSE
"PT3","clonotype523",0,0.340266666666667,FALSE
"PT3","clonotype12",2.54701052684773,0.503366666666667,FALSE
"PT3","clonotype876",0,0.3353,FALSE
"PT3","clonotype521",0,0.223233333333333,FALSE
"PT3","clonotype176",2.39667564733753,0.4795,FALSE
"PT3","clonotype1401",0,0.0869333333333333,FALSE
"PT3","clonotype32",3.33585188819675,0.509766666666667,FALSE
"PT3","clonotype1951",0,0.0962666666666666,FALSE
"PT3","clonotype407",0,0.1323,FALSE
"PT3","clonotype2206",2.27292852601317,0.573,FALSE
"PT3","clonotype2086",0,0.151666666666667,FALSE
"PT3","clonotype535",2.30067759954375,0.215133333333333,FALSE
"PT3","clonotype17",0,0.442466666666667,FALSE
"PT3","clonotype2024",1.87487481988935,0.295133333333333,FALSE
"PT3","clonotype705",0,0.277466666666667,FALSE
"PT3","clonotype1519",0,0.1718,FALSE
"PT3","clonotype907",0,0.0937333333333333,FALSE
"PT3","clonotype188",0,0.106833333333333,FALSE
"PT3","clonotype1857",0,0.318066666666667,FALSE
"PT3","clonotype747",0,0.277866666666667,FALSE
"PT3","clonotype61",0,0.194766666666667,FALSE
"PT3","clonotype467",0,0.205533333333333,FALSE
"PT3","clonotype457",0,0.297766666666667,FALSE
"PT3","clonotype1779",0,0.1152,FALSE
"PT3","clonotype2100",0,0.126466666666667,FALSE
"PT3","clonotype34",3.17889822676426,0.582233333333333,FALSE
"PT3","clonotype1814",0,0.227066666666667,FALSE
"PT3","clonotype1737",0,0.119166666666667,FALSE
"PT3","clonotype832",1.55885462637766,0.1333,FALSE
"PT3","clonotype4",2.80086113692108,0.4718,FALSE
"PT3","clonotype7",1.37750585154776,0.4827,FALSE
"PT3","clonotype1948",0,0.2891,FALSE
"PT3","clonotype1288",0,0.174733333333333,FALSE
"PT3","clonotype494",0,0.136733333333333,FALSE
"PT3","clonotype1059",0,0.0537,FALSE
"PT3","clonotype1162",0,0,FALSE
"PT3","clonotype27",1.33052146113973,0.489333333333333,TRUE
"PT3","clonotype2257",0,0.1941,FALSE
"PT3","clonotype2094",0,0.318466666666667,FALSE
"PT3","clonotype1107",0,0.3676,FALSE
"PT3","clonotype1556",0,0.109233333333333,FALSE
"PT3","clonotype2178",0,0.137666666666667,FALSE
"PT3","clonotype2176",0,0.166266666666667,FALSE
"PT3","clonotype260",1.48743515710269,0.6782,FALSE
"PT3","clonotype1558",0,0.133033333333333,FALSE
"PT3","clonotype3",1.78322875634124,0.412633333333333,FALSE
"PT3","clonotype379",0.91181639001188,0.1151,FALSE
"PT3","clonotype600",0,0.147633333333333,FALSE
"PT3","clonotype256",0,0.296633333333333,FALSE
"PT3","clonotype1820",0,0.195666666666667,FALSE
"PT3","clonotype13",3.09037781080687,0.307866666666667,FALSE
"PT3","clonotype770",0,0.4041,FALSE
"PT3","clonotype320",0,0.1581,FALSE
"PT3","clonotype1714",0,0.279066666666667,FALSE
"PT3","clonotype1215",0,0.291233333333333,FALSE
"PT3","clonotype1122",1.91262842562461,0.305666666666667,FALSE
"PT3","clonotype1636",0,0.172533333333333,FALSE
"PT3","clonotype2",2.00606207814598,0.602633333333333,FALSE
"PT3","clonotype3",1.17373450208237,0.5719,FALSE
"PT3","clonotype994",0,0.2633,FALSE
"PT3","clonotype2057",0,0.23,FALSE
"PT3","clonotype11",3.06661107278422,0.650533333333333,FALSE
"PT3","clonotype670",0,0.414666666666667,FALSE
"PT3","clonotype3",0,0.404566666666667,FALSE
"PT3","clonotype17",0,0.575266666666667,FALSE
"PT3","clonotype491",0,0.112166666666667,FALSE
"PT3","clonotype76",0,0.521066666666667,FALSE
"PT3","clonotype2",1.98648399531789,0.4145,FALSE
"PT3","clonotype11",2.74255210368598,0.510633333333333,FALSE
"PT3","clonotype237",0,0.1036,FALSE
"PT3","clonotype399",1.91602781371435,0.219566666666667,FALSE
"PT3","clonotype1727",0,0.4379,FALSE
"PT3","clonotype6",1.17915248516368,0.573466666666667,TRUE
"PT3","clonotype318",0,0.154733333333333,FALSE
"PT3","clonotype1775",0,0.172466666666667,FALSE
"PT3","clonotype136",0,0.216933333333333,FALSE
"PT3","clonotype69",0,0.221066666666667,FALSE
"PT3","clonotype213",0,0.316833333333333,FALSE
"PT3","clonotype1718",1.0573149425067,0.0466,FALSE
"PT3","clonotype759",0,0.0852333333333334,FALSE
"PT3","clonotype48",0,0.206733333333333,FALSE
"PT3","clonotype765",0,0.0455333333333333,FALSE
"PT3","clonotype2187",0,0.0738,FALSE
"PT3","clonotype2134",0,0.274666666666667,FALSE
"PT3","clonotype681",1.42222597919392,0.3057,FALSE
"PT3","clonotype596",0,0.341966666666667,FALSE
"PT3","clonotype932",0,0.1839,FALSE
"PT3","clonotype39",3.24809113681372,0.598033333333333,FALSE
"PT3","clonotype898",0,0.284166666666667,FALSE
"PT3","clonotype7",3.10008250110128,0.445233333333333,FALSE
"PT3","clonotype11",2.02579426755375,0.499066666666667,FALSE
"PT3","clonotype504",0,0.160933333333333,FALSE
"PT3","clonotype49",2.61425537638091,0.267633333333333,FALSE
"PT3","clonotype2",1.92366108168641,0.4374,FALSE
"PT3","clonotype5",0,0.6573,FALSE
"PT3","clonotype33",2.75557446002454,0.504233333333333,FALSE
"PT3","clonotype936",2.42027301981018,0.254333333333333,FALSE
"PT3","clonotype2117",0,0.141266666666667,FALSE
"PT3","clonotype325",2.69866570101065,0.6523,FALSE
"PT3","clonotype76",0,0.445466666666667,FALSE
"PT3","clonotype190",0,0.2572,FALSE
"PT3","clonotype1477",0,0.224733333333333,FALSE
"PT3","clonotype2125",0,0.2294,FALSE
"PT3","clonotype1680",0,0.162633333333333,FALSE
"PT3","clonotype15",3.58640919287986,0.490733333333333,FALSE
"PT3","clonotype990",0,0.118266666666667,FALSE
"PT3","clonotype912",0,0.331166666666667,FALSE
"PT3","clonotype1424",0,0.3785,FALSE
"PT3","clonotype241",0,0.154333333333333,FALSE
"PT3","clonotype40",3.0773781446477,0.557166666666667,FALSE
"PT3","clonotype1824",0,0.207066666666667,FALSE
"PT3","clonotype1117",0,0.0783,FALSE
"PT3","clonotype498",0,0.166266666666667,FALSE
"PT3","clonotype35",0,0.2538,FALSE
"PT3","clonotype2246",0,0.151433333333333,FALSE
"PT3","clonotype474",3.0288367643456,0.496833333333333,FALSE
"PT3","clonotype1747",2.95449553429983,0.438866666666667,FALSE
"PT3","clonotype640",0,0.338766666666667,FALSE
"PT3","clonotype2",0.71789729947838,0.629433333333333,FALSE
"PT3","clonotype1534",0,0.2013,FALSE
"PT3","clonotype962",0,0.1244,FALSE
"PT3","clonotype4",2.3231976064292,0.558533333333333,FALSE
"PT3","clonotype3",1.99190982768591,0.468166666666667,FALSE
"PT3","clonotype1271",1.23050325854956,0.147733333333333,FALSE
"PT3","clonotype333",2.47137660034142,0.4838,FALSE
"PT3","clonotype8",2.9402777287598,0.369466666666667,FALSE
"PT3","clonotype1786",1.96539452819773,0.160633333333333,FALSE
"PT3","clonotype2119",0,0.148,FALSE
"PT3","clonotype814",0,0.139266666666667,FALSE
"PT3","clonotype144",0,0.1969,FALSE
"PT3","clonotype347",0,0.154466666666667,FALSE
"PT3","clonotype1112",0,0.266333333333333,FALSE
"PT3","clonotype2",0,0.216033333333333,FALSE
"PT3","clonotype43",0,0.282466666666667,FALSE
"PT3","clonotype842",0,0.180633333333333,FALSE
"PT3","clonotype100",0,0.166466666666667,FALSE
"PT3","clonotype1508",3.03085759591796,0.4314,FALSE
"PT3","clonotype1696",0,0.0869,FALSE
"PT3","clonotype1945",0,0.158333333333333,FALSE
"PT3","clonotype171",0,0.210866666666667,FALSE
"PT3","clonotype5",0,0.636233333333333,FALSE
"PT3","clonotype233",0,0.273,FALSE
"PT3","clonotype1841",0,0.149333333333333,FALSE
"PT3","clonotype1492",0,0.166666666666667,FALSE
"PT3","clonotype2274",0,0.341266666666667,FALSE
"PT3","clonotype1553",0,0.1689,FALSE
"PT3","clonotype135",1.48818131629546,0.714433333333333,FALSE
"PT3","clonotype872",0,0.457933333333333,FALSE
"PT3","clonotype2228",0,0.154566666666667,FALSE
"PT3","clonotype1396",0,0.134766666666667,FALSE
"PT3","clonotype935",0,0.2438,FALSE
"PT3","clonotype1",2.86500246835862,0.627766666666667,TRUE
"PT3","clonotype858",0,0.145833333333333,FALSE
"PT3","clonotype186",0.858834390702644,0.3845,FALSE
"PT3","clonotype277",2.36379114271634,0.416666666666667,FALSE
"PT3","clonotype972",1.09832005893044,0.531633333333333,FALSE
"PT3","clonotype4",1.9318981443043,0.5499,FALSE
"PT3","clonotype1665",0,0.2449,FALSE
"PT3","clonotype1472",0,0.169633333333333,FALSE
"PT3","clonotype243",1.17770253661955,0,FALSE
"PT3","clonotype604",0,0.403266666666667,FALSE
"PT3","clonotype412",0,0.368466666666667,FALSE
"PT3","clonotype128",3.65018898143171,0.310766666666667,FALSE
"PT3","clonotype46",0,0.352166666666667,FALSE
"PT3","clonotype1",2.75276459062906,0.5413,TRUE
"PT3","clonotype2156",0,0.1713,FALSE
"PT3","clonotype663",0,0.0777333333333333,FALSE
"PT3","clonotype950",0,0.0793333333333334,FALSE
"PT3","clonotype910",0,0.162366666666667,FALSE
"PT3","clonotype207",2.89945383601301,0.7086,FALSE
"PT3","clonotype297",0,0.1717,FALSE
"PT3","clonotype2",0,0.2369,FALSE
"PT3","clonotype1075",1.39181424002735,0.1152,FALSE
"PT3","clonotype2096",0,0.0873,FALSE
"PT3","clonotype1984",0,0.499366666666667,FALSE
"PT3","clonotype126",1.94689422098959,0.114166666666667,FALSE
"PT3","clonotype58",0,0.1341,FALSE
"PT3","clonotype1526",0,0.160066666666667,FALSE
"PT3","clonotype1118",0,0.2589,FALSE
"PT3","clonotype1422",0,0.166866666666667,FALSE
"PT3","clonotype10",3.07221959070922,0.480166666666667,FALSE
"PT3","clonotype1270",0,0.157033333333333,FALSE
"PT3","clonotype1871",1.13950317156501,0.1322,FALSE
"PT3","clonotype35",0,0.384333333333333,FALSE
"PT3","clonotype11",2.835439323368,0.516833333333333,FALSE
"PT3","clonotype1996",0,0.207966666666667,FALSE
"PT3","clonotype760",0,0.371633333333333,FALSE
"PT3","clonotype1530",0,0.0913333333333334,FALSE
"PT3","clonotype432",0,0.211466666666667,FALSE
"PT3","clonotype4",2.80489820263262,0.5959,FALSE
"PT3","clonotype1516",0,0.3027,FALSE
"PT3","clonotype961",0,0.316933333333333,FALSE
"PT3","clonotype2098",0,0.316466666666667,FALSE
"PT3","clonotype917",0,0.330366666666667,FALSE
"PT3","clonotype30",0,0.377166666666667,FALSE
"PT3","clonotype1",3.36448474094647,0.606933333333333,TRUE
"PT3","clonotype1901",0,0.423433333333333,FALSE
"PT3","clonotype822",0,0.173866666666667,FALSE
"PT3","clonotype138",0,0.260266666666667,FALSE
"PT3","clonotype275",0.884857065115587,0.190533333333333,FALSE
"PT3","clonotype1932",0,0.150166666666667,FALSE
"PT3","clonotype656",0,0.337533333333333,FALSE
"PT3","clonotype750",0,0.1772,FALSE
"PT3","clonotype1082",0,0.114633333333333,FALSE
"PT3","clonotype72",0,0.250966666666667,FALSE
"PT3","clonotype29",2.55218400458626,0.5814,FALSE
"PT3","clonotype1639",0,0.133533333333333,FALSE
"PT3","clonotype3",2.85501282470826,0.359466666666667,FALSE
"PT3","clonotype1153",0,0.212033333333333,FALSE
"PT3","clonotype852",0,0.2536,FALSE
"PT3","clonotype44",1.18830074009161,0.360633333333333,FALSE
"PT3","clonotype1014",0,0.255666666666667,FALSE
"PT3","clonotype2177",0,0.1866,FALSE
"PT3","clonotype1722",0,0.0839333333333333,FALSE
"PT3","clonotype1417",0,0.258766666666667,FALSE
"PT3","clonotype1275",0,0.150733333333333,FALSE
"PT3","clonotype866",0,0.1251,FALSE
"PT3","clonotype2079",0,0.313633333333333,FALSE
"PT3","clonotype1813",0,0.139933333333333,FALSE
"PT3","clonotype532",0,0.405466666666667,FALSE
"PT3","clonotype71",0,0.123533333333333,FALSE
"PT3","clonotype2011",0,0.1683,FALSE
"PT3","clonotype1233",0,0.316966666666667,FALSE
"PT3","clonotype1753",0,0.264466666666667,FALSE
"PT3","clonotype1598",0,0.088,FALSE
"PT3","clonotype1606",0,0.202566666666667,FALSE
"PT3","clonotype1360",0,0.211033333333333,FALSE
"PT3","clonotype1220",0,0.382066666666667,FALSE
"PT3","clonotype1738",0,0.163233333333333,FALSE
"PT3","clonotype1461",0.722804019203743,0.2057,FALSE
"PT3","clonotype2",1.40118275780522,0.2239,FALSE
"PT3","clonotype1545",0,0.203566666666667,FALSE
"PT3","clonotype554",0,0.1307,FALSE
"PT3","clonotype1274",0,0.212966666666667,FALSE
"PT3","clonotype236",0,0,FALSE
"PT3","clonotype737",0,0.246866666666667,FALSE
"PT3","clonotype1844",0,0.1509,FALSE
"PT3","clonotype2027",0,0.3752,FALSE
"PT3","clonotype1888",0,0.0950666666666666,FALSE
"PT3","clonotype2",2.16029706406037,0.3348,FALSE
"PT3","clonotype323",0,0.343633333333333,FALSE
"PT3","clonotype1429",0,0.170466666666667,FALSE
"PT3","clonotype639",1.64150814611036,0.243133333333333,FALSE
"PT3","clonotype893",0,0.1246,FALSE
"PT3","clonotype1195",0,0,FALSE
"PT3","clonotype853",0,0.329733333333333,FALSE
"PT3","clonotype1690",0,0.036,FALSE
"PT3","clonotype229",0,0.0334,FALSE
"PT3","clonotype828",2.4707542730767,0.3056,FALSE
"PT3","clonotype201",0,0.384266666666667,FALSE
"PT3","clonotype124",1.68266911443356,0.329433333333333,FALSE
"PT3","clonotype1139",2.87012505591857,0.0706,FALSE
"PT3","clonotype403",0,0.3171,FALSE
"PT3","clonotype458",0.887860374514741,0.251566666666667,FALSE
"PT3","clonotype1684",0,0.160066666666667,FALSE
"PT3","clonotype1865",0,0.5114,FALSE
"PT3","clonotype1849",0,0.4082,FALSE
"PT3","clonotype1874",0,0.153933333333333,FALSE
"PT3","clonotype1010",0,0.226733333333333,FALSE
"PT3","clonotype2060",0,0.181666666666667,FALSE
"PT3","clonotype1457",0,0.4487,FALSE
"PT3","clonotype2018",0,0.1221,FALSE
"PT3","clonotype1249",0,0.1006,FALSE
"PT3","clonotype837",0,0.0133,FALSE
"PT3","clonotype2108",0,0.0398666666666667,FALSE
"PT3","clonotype881",0,0.182,FALSE
"PT3","clonotype517",0,0.2041,FALSE
"PT3","clonotype694",0,0.0841,FALSE
"PT3","clonotype1517",0,0.118633333333333,FALSE
"PT3","clonotype6",0,0.6323,TRUE
"PT3","clonotype5",0,0.469033333333333,FALSE
"PT3","clonotype1803",0,0.193366666666667,FALSE
"PT3","clonotype221",2.96672660628253,0.3339,FALSE
"PT3","clonotype1428",0,0.145033333333333,FALSE
"PT3","clonotype559",1.50327743634448,0.330266666666667,FALSE
"PT3","clonotype387",0,0.1832,FALSE
"PT3","clonotype1481",0,0.1312,FALSE
"PT3","clonotype1051",0,0.0755333333333333,FALSE
"PT3","clonotype2054",0,0.192366666666667,FALSE
"PT3","clonotype915",3.6121363723829,0.429733333333333,FALSE
"PT3","clonotype1200",0,0.235133333333333,FALSE
"PT3","clonotype1923",0,0.193766666666667,FALSE
"PT3","clonotype116",0,0.2334,FALSE
"PT3","clonotype18",1.38334406096195,0.480466666666667,FALSE
"PT3","clonotype1744",0,0.2936,FALSE
"PT3","clonotype1096",0,0.0611666666666667,FALSE
"PT3","clonotype5",0,0.4928,FALSE
"PT3","clonotype845",1.30580677641899,0.170833333333333,FALSE
"PT3","clonotype598",0,0.126666666666667,FALSE
"PT3","clonotype2105",0,0.2536,FALSE
"PT3","clonotype1962",2.09089337854462,0.264633333333333,FALSE
"PT3","clonotype1540",0,0.136866666666667,FALSE
"PT3","clonotype120",0,0.371066666666667,FALSE
"PT3","clonotype383",0,0.2522,FALSE
"PT3","clonotype1166",0,0.295166666666667,FALSE
"PT3","clonotype645",0,0.117433333333333,FALSE
"PT3","clonotype1817",0,0.109933333333333,FALSE
"PT3","clonotype10",2.11187118413839,0.318,FALSE
"PT3","clonotype516",0,0.277266666666667,FALSE
"PT3","clonotype261",0,0.4743,FALSE
"PT3","clonotype33",3.50353657806086,0.5095,FALSE
"PT3","clonotype23",0,0.1958,FALSE
"PT3","clonotype1483",0,0.325033333333333,FALSE
"PT3","clonotype1961",0.871017495837557,0.236266666666667,FALSE
"PT3","clonotype2238",0,0,FALSE
"PT3","clonotype1260",1.65861088577058,0.292066666666667,FALSE
"PT3","clonotype12",2.96869317563889,0.263766666666667,FALSE
"PT3","clonotype992",1.339023367916,0.205033333333333,FALSE
"PT3","clonotype839",0,0.0829666666666666,FALSE
"PT3","clonotype119",0,0.0868333333333333,FALSE
"PT3","clonotype1994",0,0.213766666666667,FALSE
"PT3","clonotype2029",0,0.2097,FALSE
"PT3","clonotype133",2.56372854012168,0.4652,FALSE
"PT3","clonotype2188",1.82177407132113,0.4157,FALSE
"PT3","clonotype1497",0,0.0876,FALSE
"PT3","clonotype2235",1.96632089737306,0.197033333333333,FALSE
"PT3","clonotype2237",0,0.246733333333333,FALSE
"PT3","clonotype49",2.17460221502485,0.470933333333333,FALSE
"PT3","clonotype2140",0,0.292766666666667,FALSE
"PT3","clonotype224",0,0.1447,FALSE
"PT3","clonotype1241",0,0.422333333333333,FALSE
"PT3","clonotype14",2.65968797330846,0.580166666666667,FALSE
"PT3","clonotype749",0,0.198166666666667,FALSE
"PT3","clonotype1211",0,0.246633333333333,FALSE
"PT3","clonotype1126",0,0.3385,FALSE
"PT3","clonotype153",2.10652622617136,0.193166666666667,FALSE
"PT3","clonotype533",0,0.235,FALSE
"PT3","clonotype154",0,0.0639333333333333,FALSE
"PT3","clonotype49",1.9129764465267,0.453133333333333,FALSE
"PT3","clonotype1248",0,0.2273,FALSE
"PT3","clonotype134",0,0.2732,FALSE
"PT3","clonotype1298",1.94589824220544,0.1495,FALSE
"PT3","clonotype588",0,0.282933333333333,FALSE
"PT3","clonotype388",0,0.243766666666667,FALSE
"PT3","clonotype15",3.18984433822381,0.4729,FALSE
"PT3","clonotype1987",0,0.112633333333333,FALSE
"PT3","clonotype1093",2.70045851437598,0.328933333333333,FALSE
"PT3","clonotype1839",0,0.238433333333333,FALSE
"PT3","clonotype355",2.46540864457687,0.4448,FALSE
"PT3","clonotype1674",0,0.3312,FALSE
"PT3","clonotype426",0,0.311933333333333,FALSE
"PT3","clonotype1305",0,0.358033333333333,FALSE
"PT3","clonotype1505",1.90621601965985,0.343766666666667,FALSE
"PT3","clonotype2014",0,0.231266666666667,FALSE
"PT3","clonotype350",0,0.212966666666667,FALSE
"PT3","clonotype2047",0,0.0940666666666666,FALSE
"PT3","clonotype4",1.54510971931139,0.6438,FALSE
"PT3","clonotype1311",0,0.151,FALSE
"PT3","clonotype4",2.41498013467906,0.544433333333333,FALSE
"PT3","clonotype476",0,0.140833333333333,FALSE
"PT3","clonotype470",0,0.0582,FALSE
"PT3","clonotype1048",0,0.0807,FALSE
"PT3","clonotype2042",0,0.246033333333333,FALSE
"PT3","clonotype1120",0,0.113,FALSE
"PT3","clonotype445",0,0.211533333333333,FALSE
"PT3","clonotype112",1.06487700482143,0.3687,FALSE
"PT3","clonotype586",0,0.216766666666667,FALSE
"PT3","clonotype104",0,0.254666666666667,FALSE
"PT3","clonotype827",0,0.0822666666666667,FALSE
"PT3","clonotype2088",0,0.242133333333333,FALSE
"PT3","clonotype311",0,0.145666666666667,FALSE
"PT3","clonotype650",0,0.0881666666666666,FALSE
"PT3","clonotype67",0,0.364966666666667,FALSE
"PT3","clonotype166",0,0.259,FALSE
"PT3","clonotype6",0,0.531733333333333,TRUE
"PT3","clonotype2172",2.09016690740118,0.1712,FALSE
"PT3","clonotype343",0.838783370169476,0.249933333333333,FALSE
"PT3","clonotype1",3.5116138025331,0.472566666666667,TRUE
"PT3","clonotype18",2.34766422890617,0.571433333333333,FALSE
"PT3","clonotype1392",0,0.216333333333333,FALSE
"PT3","clonotype4",2.43570746662493,0.463833333333333,FALSE
"PT3","clonotype66",0,0.0572666666666667,FALSE
"PT3","clonotype1",1.93967729523106,0.588166666666667,TRUE
"PT3","clonotype24",3.94693148646491,0.6716,TRUE
"PT3","clonotype12",2.5855702295495,0.4962,FALSE
"PT3","clonotype4",2.62466382737041,0.5572,FALSE
"PT3","clonotype59",0,0.212066666666667,FALSE
"PT3","clonotype1732",0,0.274566666666667,FALSE
"PT3","clonotype1614",0,0.124966666666667,FALSE
"PT3","clonotype1001",0.829507233892671,0.233433333333333,FALSE
"PT3","clonotype1089",0,0.168333333333333,FALSE
"PT3","clonotype1577",0,0.254066666666667,FALSE
"PT3","clonotype555",0,0.207933333333333,FALSE
"PT3","clonotype1060",0,0.1083,FALSE
"PT3","clonotype9",3.67806473859319,0.641166666666667,FALSE
"PT3","clonotype13",2.54838756139983,0.266166666666667,FALSE
"PT3","clonotype468",1.18609151720724,0.3393,FALSE
"PT3","clonotype2062",0,0.0942666666666667,FALSE
"PT3","clonotype2226",0,0.409166666666667,FALSE
"PT3","clonotype396",0,0.124533333333333,FALSE
"PT3","clonotype1",3.17066468158741,0.544366666666667,TRUE
"PT3","clonotype16",1.48520155115839,0.6222,FALSE
"PT3","clonotype1",1.83607453921181,0.6259,TRUE
"PT3","clonotype1157",0,0.241233333333333,FALSE
"PT3","clonotype1458",0,0.100066666666667,FALSE
"PT3","clonotype369",0,0.149233333333333,FALSE
"PT3","clonotype2",0,0.409366666666667,FALSE
"PT3","clonotype2025",1.78389700293,0.470133333333333,FALSE
"PT3","clonotype739",0,0.3694,FALSE
"PT3","clonotype782",0,0.137033333333333,FALSE
"PT3","clonotype2163",0,0.0974333333333334,FALSE
"PT3","clonotype667",2.56330899331397,0.475366666666667,FALSE
"PT3","clonotype1",3.27909563418779,0.659933333333333,TRUE
"PT3","clonotype742",1.62793428981243,0.212366666666667,FALSE
"PT3","clonotype1338",0,0.175133333333333,FALSE
"PT3","clonotype889",0,0.178866666666667,FALSE
"PT3","clonotype206",0,0.0906333333333333,FALSE
"PT3","clonotype2264",2.56997205362648,0.172066666666667,FALSE
"PT3","clonotype629",0,0.168933333333333,FALSE
"PT3","clonotype2077",0,0.2713,FALSE
"PT3","clonotype361",0,0.287033333333333,FALSE
"PT3","clonotype309",0,0.119633333333333,FALSE
"PT3","clonotype12",0,0.2374,FALSE
"PT3","clonotype1482",0,0.4834,FALSE
"PT3","clonotype85",0,0.0472666666666667,FALSE
"PT3","clonotype1425",0,0.1887,FALSE
"PT3","clonotype2015",0,0.1554,FALSE
"PT3","clonotype1316",0,0.331133333333333,FALSE
"PT3","clonotype1758",0,0.436733333333333,FALSE
"PT3","clonotype2",2.38088877132484,0.482966666666667,FALSE
"PT3","clonotype1859",0,0.328,FALSE
"PT3","clonotype164",3.01787218024931,0.389533333333333,FALSE
"PT3","clonotype1565",2.58043929676872,0.130933333333333,FALSE
"PT3","clonotype2143",0,0.129366666666667,FALSE
"PT3","clonotype1212",0,0.128866666666667,FALSE
"PT3","clonotype2091",0,0.263633333333333,FALSE
"PT3","clonotype2268",1.28683813263043,0.357966666666667,FALSE
"PT3","clonotype47",0,0.183233333333333,FALSE
"PT3","clonotype796",0,0.222066666666667,FALSE
"PT3","clonotype1567",0,0.1394,FALSE
"PT3","clonotype363",0,0.2981,FALSE
"PT3","clonotype452",0,0.130633333333333,FALSE
"PT3","clonotype1286",0,0.287,FALSE
"PT3","clonotype2167",0,0.122,FALSE
"PT3","clonotype1053",0,0.2207,FALSE
"PT3","clonotype1446",0,0.208866666666667,FALSE
"PT3","clonotype155",0,0.307566666666667,FALSE
"PT3","clonotype149",0.796580787329869,0.251466666666667,FALSE
"PT3","clonotype1029",0,0.283,FALSE
"PT3","clonotype321",0,0.216166666666667,FALSE
"PT3","clonotype5",0,0.584033333333333,FALSE
"PT3","clonotype101",0,0.0522666666666667,FALSE
"PT3","clonotype1655",0,0.187433333333333,FALSE
"PT3","clonotype1937",0,0.119933333333333,FALSE
"PT3","clonotype1719",0,0.294433333333333,FALSE
"PT3","clonotype1523",1.87512422628043,0.4555,FALSE
"PT3","clonotype1415",0.981327797877963,0.379066666666667,FALSE
"PT3","clonotype2211",0,0.235666666666667,FALSE
"PT3","clonotype330",2.51898302132106,0.100866666666667,FALSE
"PT3","clonotype613",0,0.0726,FALSE
"PT3","clonotype1",3.53804276061618,0.429633333333333,TRUE
"PT3","clonotype2214",0,0.245066666666667,FALSE
"PT3","clonotype6",2.2457155077752,0.570333333333333,TRUE
"PT3","clonotype4",2.99547424070824,0.746066666666667,FALSE
"PT3","clonotype1618",0,0,FALSE
"PT3","clonotype1040",0,0.436666666666667,FALSE
"PT3","clonotype30",0,0.3284,FALSE
"PT3","clonotype1308",0,0.156066666666667,FALSE
"PT3","clonotype305",0,0.111233333333333,FALSE
"PT3","clonotype342",0,0.158866666666667,FALSE
"PT3","clonotype2131",0,0.0842000000000001,FALSE
"PT3","clonotype1924",1.34236117461268,0.4579,TRUE
"PT3","clonotype1207",0,0.0985,FALSE
"PT3","clonotype20",0,0.255666666666667,FALSE
"PT3","clonotype1",3.28605668546005,0.609366666666667,TRUE
"PT3","clonotype1805",0,0.474433333333333,FALSE
"PT3","clonotype27",3.30584031604427,0.512633333333333,TRUE
"PT3","clonotype2",0,0.509533333333333,FALSE
"PT3","clonotype1647",0,0.275933333333333,FALSE
"PT3","clonotype109",3.42808571732845,0.326733333333333,FALSE
"PT3","clonotype409",0,0.280433333333333,FALSE
"PT3","clonotype2",2.50753493881121,0.638333333333333,FALSE
"PT3","clonotype1475",0,0.331866666666667,FALSE
"PT3","clonotype232",0,0.170466666666667,FALSE
"PT3","clonotype2145",0,0.2311,FALSE
"PT3","clonotype1416",0,0.345566666666667,FALSE
"PT3","clonotype701",0,0.357933333333333,FALSE
"PT3","clonotype1057",0,0.145666666666667,FALSE
"PT3","clonotype847",0,0.167933333333333,FALSE
"PT3","clonotype1938",0,0.126266666666667,FALSE
"PT3","clonotype1105",0,0.294933333333333,FALSE
"PT3","clonotype194",0,0.299766666666667,FALSE
"PT3","clonotype606",0,0.1192,FALSE
"PT3","clonotype1374",0,0.158466666666667,FALSE
"PT3","clonotype1317",0,0.2305,FALSE
"PT3","clonotype999",0,0.0863333333333334,FALSE
"PT3","clonotype1988",0,0.286133333333333,FALSE
"PT3","clonotype300",0,0.433533333333333,FALSE
"PT3","clonotype786",0,0.322066666666667,FALSE
"PT3","clonotype189",0,0.0787333333333333,FALSE
"PT3","clonotype2032",0,0.161066666666667,FALSE
"PT3","clonotype2069",0,0.306833333333333,FALSE
"PT3","clonotype8",2.486769792042,0.3837,FALSE
"PT3","clonotype18",1.45071081364535,0.623166666666667,FALSE
"PT3","clonotype475",0,0.240833333333333,FALSE
"PT3","clonotype165",0,0.348366666666667,FALSE
"PT3","clonotype2207",0,0.399466666666667,FALSE
"PT3","clonotype269",0,0.2692,FALSE
"PT3","clonotype896",0,0.258066666666667,FALSE
"PT3","clonotype1831",0,0.350066666666667,FALSE
"PT3","clonotype170",0,0.2838,FALSE
"PT3","clonotype73",3.3543538025891,0.1906,FALSE
"PT3","clonotype1021",0,0.267533333333333,FALSE
"PT3","clonotype1331",0,0.126066666666667,FALSE
"PT3","clonotype1027",0,0.0978,FALSE
"PT3","clonotype2258",1.33511226639425,0.3327,FALSE
"PT3","clonotype757",1.28596507615073,0.0822000000000001,FALSE
"PT3","clonotype2037",2.17436781913975,0.2166,FALSE
"PT3","clonotype365",0,0.0706666666666667,FALSE
"PT3","clonotype191",0,0.117666666666667,FALSE
"PT3","clonotype1644",0,0.161333333333333,FALSE
"PT3","clonotype2064",3.2527164714507,0.5152,FALSE
"PT3","clonotype11",1.99679360699668,0.662566666666667,FALSE
"PT3","clonotype2081",0,0.0286999999999999,FALSE
"PT3","clonotype451",0,0.219266666666667,FALSE
"PT3","clonotype1549",0,0.239866666666667,FALSE
"PT3","clonotype1",3.27571632111918,0.5459,TRUE
"PT3","clonotype1726",0,0.210766666666667,FALSE
"PT3","clonotype542",0,0.1763,FALSE
"PT3","clonotype105",0,0.265033333333333,FALSE
"PT3","clonotype2092",0,0.236933333333333,FALSE
"PT3","clonotype1131",0,0.383633333333333,FALSE
"PT3","clonotype72",0,0.374133333333333,FALSE
"PT3","clonotype715",0,0.400833333333333,FALSE
"PT3","clonotype339",0,0.236733333333333,FALSE
"PT3","clonotype1",2.54976645484785,0.7186,TRUE
"PT3","clonotype880",0,0.159466666666667,FALSE
"PT3","clonotype1196",1.00075066764809,0.152533333333333,FALSE
"PT3","clonotype23",0,0.180433333333333,FALSE
"PT3","clonotype1954",0,0.387266666666667,FALSE
"PT3","clonotype52",0,0.199033333333333,FALSE
"PT3","clonotype674",0,0.0925666666666667,FALSE
"PT3","clonotype45",1.63401783082447,0.357133333333333,FALSE
"PT3","clonotype1168",1.99047866367909,0.4676,FALSE
"PT3","clonotype1559",0,0.294433333333333,FALSE
"PT3","clonotype114",0,0.132666666666667,FALSE
"PT3","clonotype1225",0,0.0639999999999999,FALSE
"PT3","clonotype704",0,0.2449,FALSE
"PT3","clonotype1959",2.03537837600083,0.814966666666667,FALSE
"PT3","clonotype951",0,0.3072,FALSE
"PT3","clonotype886",1.76998093219949,0.234166666666667,FALSE
"PT3","clonotype486",0,0.219533333333333,FALSE
"PT3","clonotype1491",0,0.0635,FALSE
"PT3","clonotype2067",0,0.194733333333333,FALSE
"PT3","clonotype1975",0,0.0527666666666666,FALSE
"PT3","clonotype1550",0,0.168666666666667,FALSE
"PT3","clonotype1748",2.64284976472043,0.546066666666667,FALSE
"PT3","clonotype80",0.87940505684353,0.283866666666667,FALSE
"PT3","clonotype503",0,0.3585,FALSE
"PT3","clonotype680",0,0.1092,FALSE
"PT3","clonotype2241",0,0.1669,FALSE
"PT3","clonotype632",0,0.115166666666667,FALSE
"PT3","clonotype433",0,0.3049,FALSE
"PT3","clonotype358",0,0.340466666666667,FALSE
"PT3","clonotype8",1.74265453222685,0.6252,FALSE
"PT3","clonotype1501",0,0.299766666666667,FALSE
"PT3","clonotype2135",0,0.304233333333333,FALSE
"PT3","clonotype22",2.7235562542565,0.574366666666667,FALSE
"PT3","clonotype2261",2.1578768840402,0.286033333333333,FALSE
"PT3","clonotype1421",2.68726315778231,0.423966666666667,FALSE
"PT3","clonotype519",0,0.263566666666667,FALSE
"PT3","clonotype946",0,0.427666666666667,FALSE
"PT3","clonotype2250",0,0.446866666666667,FALSE
"PT3","clonotype288",0,0,FALSE
"PT3","clonotype1591",0,0.360866666666667,FALSE
"PT3","clonotype1555",0,0.341566666666667,FALSE
"PT3","clonotype1460",0,0.198833333333333,FALSE
"PT3","clonotype1243",0,0.0948333333333333,FALSE
"PT3","clonotype1823",0,0.216766666666667,FALSE
"PT3","clonotype1074",0,0.2215,FALSE
"PT3","clonotype1745",0,0.153466666666667,FALSE
"PT3","clonotype875",0,0.367733333333333,FALSE
"PT3","clonotype24",2.41136705912509,0.519233333333333,TRUE
"PT3","clonotype1910",0,0.334633333333333,FALSE
"PT3","clonotype1281",0,0.218533333333333,FALSE
"PT3","clonotype2263",0,0.277266666666667,FALSE
"PT3","clonotype927",0,0.159833333333333,FALSE
"PT3","clonotype1838",0,0.2574,FALSE
"PT3","clonotype64",0,0.0905,FALSE
"PT3","clonotype625",0,0.309,FALSE
"PT3","clonotype2",0,0.271466666666667,FALSE
"PT3","clonotype1812",0,0.360933333333333,FALSE
"PT3","clonotype2102",0,0.1189,FALSE
"PT3","clonotype1822",0,0.3559,FALSE
"PT3","clonotype46",0,0.318066666666667,FALSE
"PT3","clonotype802",0,0.0917333333333333,FALSE
"PT3","clonotype983",0,0.146933333333333,FALSE
"PT3","clonotype836",0,0.1759,FALSE
"PT3","clonotype16",0.352233401822848,0.661933333333333,FALSE
"PT3","clonotype4",3.21247164020748,0.6688,FALSE
"PT3","clonotype33",2.43516856999751,0.607666666666667,FALSE
"PT3","clonotype1230",0,0.0727333333333333,FALSE
"PT3","clonotype65",2.79788688200029,0.2624,FALSE
"PT3","clonotype1997",0.66021496293831,0.119666666666667,FALSE
"PT3","clonotype984",0,0.3196,FALSE
"PT3","clonotype1863",0,0.353433333333333,FALSE
"PT3","clonotype1381",0,0.0877,FALSE
"PT3","clonotype496",0,0.131033333333333,FALSE
"PT3","clonotype1494",0,0,FALSE
"PT3","clonotype197",0,0.116633333333333,FALSE
"PT3","clonotype1904",3.25938733986259,0.425833333333333,FALSE
"PT3","clonotype1734",0,0.1633,FALSE
"PT3","clonotype1355",0,0.284866666666667,FALSE
"PT3","clonotype8",2.95047208917971,0.321333333333333,FALSE
"PT3","clonotype79",0,0.2458,FALSE
"PT3","clonotype1777",0,0.200633333333333,FALSE
"PT3","clonotype2270",0,0.1643,FALSE
"PT3","clonotype1",2.03628228590082,0.719266666666667,TRUE
"PT3","clonotype1645",0,0.253366666666667,FALSE
"PT3","clonotype1767",0,0.114466666666667,FALSE
"PT3","clonotype1850",0,0.141733333333333,FALSE
"PT3","clonotype1",2.06508560115586,0.547333333333333,TRUE
"PT3","clonotype21",3.53371067869558,0.5168,FALSE
"PT3","clonotype2147",0,0.0760666666666666,FALSE
"PT3","clonotype931",0,0.149666666666667,FALSE
"PT3","clonotype136",0,0.1565,FALSE
"PT3","clonotype1488",0,0.2215,FALSE
"PT3","clonotype1790",0,0.1225,FALSE
"PT3","clonotype1967",0,0.120666666666667,FALSE
"PT3","clonotype2002",0,0.295933333333333,FALSE
"PT3","clonotype303",1.67054391881522,0.261833333333333,FALSE
"PT3","clonotype1433",0,0.1145,FALSE
"PT3","clonotype6",0,0.529766666666667,TRUE
"PT3","clonotype918",0,0.4302,FALSE
"PT3","clonotype10",2.48998424624402,0.408933333333333,FALSE
"PT3","clonotype75",0,0.164166666666667,FALSE
"PT3","clonotype2",3.07221959070922,0.5228,FALSE
"PT3","clonotype578",0,0.266866666666667,FALSE
"PT3","clonotype57",0,0.272533333333333,FALSE
"PT3","clonotype1595",0,0,FALSE
"PT3","clonotype56",0,0.303,FALSE
"PT3","clonotype914",0,0.373366666666667,FALSE
"PT3","clonotype6",0,0.6296,TRUE
"PT3","clonotype1",3.07541289112588,0.787166666666667,TRUE
"PT3","clonotype1532",0,0.0883333333333334,FALSE
"PT3","clonotype82",0,0,FALSE
"PT3","clonotype1763",0,0.179,FALSE
"PT3","clonotype1272",0,0.0301333333333333,FALSE
"PT3","clonotype17",0,0.600633333333333,FALSE
"PT3","clonotype132",0,0.2719,FALSE
"PT3","clonotype593",0,0.253833333333333,FALSE
"PT3","clonotype308",0,0.3264,FALSE
"PT3","clonotype605",0,0.222466666666667,FALSE
"PT3","clonotype1106",0,0.349666666666667,FALSE
"PT3","clonotype3",0,0.500266666666667,FALSE
"PT3","clonotype830",0,0.2096,FALSE
"PT3","clonotype31",2.20534992269442,0.2778,FALSE
"PT3","clonotype561",2.7581180824476,0.577933333333333,FALSE
"PT3","clonotype2208",0,0.0891333333333333,FALSE
"PT3","clonotype1210",0,0.240266666666667,FALSE
"PT3","clonotype977",0,0.200533333333333,FALSE
"PT3","clonotype118",0,0.193433333333333,FALSE
"PT3","clonotype924",0,0.2729,FALSE
"PT3","clonotype123",0,0.3778,FALSE
"PT3","clonotype2103",0,0.160433333333333,FALSE
"PT3","clonotype909",0,0.296566666666667,FALSE
"PT3","clonotype48",1.28216024370392,0.278633333333333,FALSE
"PT3","clonotype2007",0,0.160466666666667,FALSE
"PT3","clonotype5",0,0.4255,FALSE
"PT3","clonotype956",0,0.139466666666667,FALSE
"PT3","clonotype2065",0,0.1358,FALSE
"PT3","clonotype137",0,0.130966666666667,FALSE
"PT3","clonotype1393",2.29160337167925,0.698466666666667,FALSE
"PT3","clonotype105",0,0.231733333333333,FALSE
"PT3","clonotype367",0,0.261733333333333,FALSE
"PT3","clonotype1456",0,0.201866666666667,FALSE
"PT3","clonotype33",2.83408361393633,0.538566666666667,FALSE
"PT3","clonotype783",0,0.426066666666667,FALSE
"PT3","clonotype2138",0,0.147633333333333,FALSE
"PT3","clonotype1009",0,0.406433333333333,FALSE
"PT3","clonotype15",4.63943854178298,0.662566666666667,FALSE
"PT3","clonotype1363",0,0.192666666666667,FALSE
"PT3","clonotype1868",0,0.2957,FALSE
"PT3","clonotype1712",0,0.169366666666667,FALSE
"PT3","clonotype17",0,0.596833333333333,FALSE
"PT3","clonotype19",2.56624943207037,0.5372,FALSE
"PT3","clonotype287",0,0.3182,FALSE
"PT3","clonotype1",2.0508727712503,0.6786,TRUE
"PT3","clonotype615",0,0.3054,FALSE
"PT3","clonotype1409",1.76062166435505,0.237866666666667,FALSE
"PT3","clonotype826",0,0.207566666666667,FALSE
"PT3","clonotype823",0,0.325,FALSE
"PT3","clonotype1631",0,0.328633333333333,FALSE
"PT3","clonotype829",0,0.243566666666667,FALSE
"PT3","clonotype141",0,0.302433333333333,FALSE
"PT3","clonotype547",0,0.158333333333333,FALSE
"PT3","clonotype17",0,0.519333333333333,FALSE
"PT3","clonotype132",0,0.2441,FALSE
"PT3","clonotype1235",2.10034835032675,0.573233333333333,FALSE
"PT3","clonotype84",0,0.283866666666667,FALSE
"PT3","clonotype83",0,0.425566666666667,FALSE
"PT3","clonotype1879",1.89124486163177,0.107766666666667,FALSE
"PT3","clonotype313",1.9030281809987,0.312733333333333,FALSE
"PT3","clonotype1782",0,0.0973000000000001,FALSE
"PT3","clonotype2039",0,0.1397,FALSE
"PT3","clonotype1889",0,0.1121,FALSE
"PT3","clonotype36",3.17616468749015,0.7391,FALSE
"PT3","clonotype1654",0,0.335466666666667,FALSE
"PT3","clonotype6",1.85906804221369,0.637766666666667,TRUE
"PT3","clonotype168",0,0.2459,FALSE
"PT3","clonotype2252",2.79027001618103,0.5131,FALSE
"PT3","clonotype925",0,0.407733333333333,FALSE
"PT3","clonotype2084",0,0.417466666666667,FALSE
"PT3","clonotype280",0,0.1227,FALSE
"PT3","clonotype1670",0,0.306166666666667,FALSE
"PT3","clonotype11",1.86742752794055,0.349266666666667,FALSE
"PT3","clonotype60",0,0.382366666666667,FALSE
"PT3","clonotype505",0,0.2659,FALSE
"PT3","clonotype481",0,0.336133333333333,FALSE
"PT3","clonotype660",0,0.0645333333333333,FALSE
"PT3","clonotype181",0,0.339833333333333,FALSE
"PT3","clonotype1",2.9474640279544,0.480266666666667,TRUE
"PT3","clonotype14",3.48609097497384,0.349066666666667,FALSE
"PT3","clonotype8",1.55113120414174,0.4292,FALSE
"PT3","clonotype264",0,0.1059,FALSE
"PT3","clonotype397",0,0.134433333333333,FALSE
"PT3","clonotype2265",2.31173585286056,0.482966666666667,FALSE
"PT3","clonotype27",3.26664810263354,0.567733333333333,TRUE
"PT3","clonotype1344",0,0.155333333333333,FALSE
"PT3","clonotype2186",0,0.2129,FALSE
"PT3","clonotype1778",0,0.122,FALSE
"PT3","clonotype4",2.76011938315478,0.495666666666667,FALSE
"PT3","clonotype920",0,0.325866666666667,FALSE
"PT3","clonotype1032",0,0.173966666666667,FALSE
"PT3","clonotype2",0,0.310633333333333,FALSE
"PT3","clonotype2222",0,0.252333333333333,FALSE
"PT3","clonotype18",1.87412705307281,0.631633333333333,FALSE
"PT3","clonotype502",0,0.196333333333333,FALSE
"PT3","clonotype1467",0,0.1751,FALSE
"PT3","clonotype803",0,0.123066666666667,FALSE
"PT3","clonotype2078",0,0.2057,FALSE
"PT3","clonotype2244",1.12205770239773,0.1526,FALSE
"PT3","clonotype986",0,0.108766666666667,FALSE
"PT3","clonotype1794",1.07486346611858,0.512533333333333,FALSE
"PT3","clonotype492",1.85047018906363,0.183866666666667,FALSE
"PT3","clonotype30",0,0.406433333333333,FALSE
"PT3","clonotype359",0,0.0461333333333334,FALSE
"PT3","clonotype1840",1.10619409409056,0.381266666666667,FALSE
"PT3","clonotype1",1.90846342653092,0.6356,TRUE
"PT3","clonotype591",1.25805293879268,0.168866666666667,FALSE
"PT3","clonotype5",0,0.405566666666667,FALSE
"PT3","clonotype1368",0,0.1933,FALSE
"PT3","clonotype1643",0,0.244066666666667,FALSE
"PT3","clonotype1015",0,0.234666666666667,FALSE
"PT3","clonotype282",0,0.1723,FALSE
"PT3","clonotype6",1.47663307379982,0.666666666666667,TRUE
"PT3","clonotype142",0,0.118466666666667,FALSE
"PT3","clonotype3",0,0.594766666666667,FALSE
"PT3","clonotype1640",0,0.116866666666667,FALSE
"PT3","clonotype1971",0,0.2649,FALSE
"PT3","clonotype340",0,0.178166666666667,FALSE
"PT3","clonotype867",0,0.0881,FALSE
"PT3","clonotype766",0,0.0483333333333333,FALSE
"PT3","clonotype2085",0,0.1534,FALSE
"PT3","clonotype2127",0,0.178733333333333,FALSE
"PT3","clonotype1382",0,0.2302,FALSE
"PT3","clonotype1",0,0.668766666666667,TRUE
"PT3","clonotype1619",0,0.1358,FALSE
"PT3","clonotype1835",0,0.3222,FALSE
"PT3","clonotype1533",0,0.289366666666667,FALSE
"PT3","clonotype644",0,0.128366666666667,FALSE
"PT3","clonotype6",0,0.251766666666667,TRUE
"PT3","clonotype745",0,0.1649,FALSE
"PT3","clonotype767",0,0.294333333333333,FALSE
"PT3","clonotype1845",0.884757315584356,0.0767333333333333,FALSE
"PT3","clonotype7",3.08674558185608,0.4405,FALSE
"PT3","clonotype1072",0,0.359133333333333,FALSE
"PT3","clonotype664",0,0.238033333333333,FALSE
"PT3","clonotype679",0,0.2025,FALSE
"PT3","clonotype636",0,0.0896333333333333,FALSE
"PT3","clonotype877",0,0.2744,FALSE
"PT3","clonotype1154",0,0.473466666666667,FALSE
"PT3","clonotype1400",0,0.2626,FALSE
"PT3","clonotype1231",0,0.298066666666667,FALSE
"PT3","clonotype2",0,0.5028,FALSE
"PT3","clonotype1437",0,0.302,FALSE
"PT3","clonotype2044",0,0.3821,FALSE
"PT3","clonotype712",0,0.355,FALSE
"PT3","clonotype270",0,0.172,FALSE
"PT3","clonotype1510",0,0.2007,FALSE
"PT3","clonotype3",1.47341097170928,0.3872,FALSE
"PT3","clonotype81",0,0.124633333333333,FALSE
"PT3","clonotype274",0,0.310566666666667,FALSE
"PT3","clonotype714",0,0.1071,FALSE
"PT3","clonotype24",2.99189595925689,0.541833333333333,TRUE
"PT3","clonotype71",0,0.206533333333333,FALSE
"PT3","clonotype1349",0,0.1367,FALSE
"PT3","clonotype1247",0,0.1772,FALSE
"PT3","clonotype682",0,0.3309,FALSE
"PT3","clonotype731",0,0.270566666666667,FALSE
"PT3","clonotype390",0,0.177233333333333,FALSE
"PT3","clonotype13",0,0.339633333333333,FALSE
"PT3","clonotype1167",0,0.1492,FALSE
"PT3","clonotype1315",1.66785439591482,0.542233333333333,FALSE
"PT3","clonotype1284",0,0.0411333333333334,FALSE
"PT3","clonotype434",0,0.131933333333333,FALSE
"PT3","clonotype1222",0,0.1808,FALSE
"PT3","clonotype1681",0,0.252766666666667,FALSE
"PT3","clonotype4",3.65395326226472,0.701066666666667,FALSE
"PT3","clonotype1354",0,0.3876,FALSE
"PT3","clonotype1387",0,0.336766666666667,FALSE
"PT3","clonotype3",1.65182274978377,0.3978,FALSE
"PT3","clonotype1453",0,0.0836,FALSE
"PT3","clonotype1861",0,0.152866666666667,FALSE
"PT3","clonotype835",0,0.223166666666667,FALSE
"PT3","clonotype1033",0,0.149433333333333,FALSE
"PT3","clonotype1661",0,0.117133333333333,FALSE
"PT3","clonotype2059",0,0.0481333333333334,FALSE
"PT3","clonotype947",1.09847638836779,0.3138,FALSE
"PT3","clonotype2221",0,0.193866666666667,FALSE
"PT3","clonotype634",0,0.188933333333333,FALSE
"PT3","clonotype1044",0,0.197833333333333,FALSE
"PT3","clonotype1246",0,0.286933333333333,FALSE
"PT3","clonotype19",1.17969718750342,0.383866666666667,FALSE
"PT3","clonotype1561",0,0.168233333333333,FALSE
"PT3","clonotype512",0,0.291466666666667,FALSE
"PT3","clonotype1130",0,0.205133333333333,FALSE
"PT3","clonotype8",2.95802801995052,0.5722,FALSE
"PT3","clonotype1297",2.0189700244466,0.0867666666666667,FALSE
"PT3","clonotype147",0,0.0975333333333334,FALSE
"PT3","clonotype2162",0,0.096,FALSE
"PT3","clonotype1097",0,0.2802,FALSE
"PT3","clonotype1371",0,0.1747,FALSE
"PT3","clonotype442",0,0.199166666666667,FALSE
"PT3","clonotype2144",0,0.1198,FALSE
"PT3","clonotype709",0,0.126933333333333,FALSE
"PT3","clonotype1035",0,0.229933333333333,FALSE
"PT3","clonotype698",0,0.354166666666667,FALSE
"PT3","clonotype1590",0,0.263566666666667,FALSE
"PT3","clonotype1544",0,0.1143,FALSE
"PT3","clonotype1186",0,0.237233333333333,FALSE
"PT3","clonotype1678",0,0.1733,FALSE
"PT3","clonotype2087",0,0.4741,FALSE
"PT3","clonotype916",0,0.122333333333333,FALSE
"PT3","clonotype326",0,0.173433333333333,FALSE
"PT3","clonotype1411",0,0.0814666666666667,FALSE
"PT3","clonotype711",0,0.0730333333333333,FALSE
"PT3","clonotype1087",0,0.179533333333333,FALSE
"PT3","clonotype1815",0,0.188433333333333,FALSE
"PT3","clonotype54",2.12199307698648,0.307766666666667,FALSE
"PT3","clonotype488",0,0.1071,FALSE
"PT3","clonotype1750",0,0.309766666666667,FALSE
"PT3","clonotype1332",1.88541529505541,0.1017,FALSE
"PT3","clonotype8",2.64540085012712,0.6535,FALSE
"PT3","clonotype163",0,0.1505,FALSE
"PT3","clonotype16",2.45994939313705,0.7915,FALSE
"PT3","clonotype1689",0,0.242966666666667,FALSE
"PT3","clonotype487",0,0.102733333333333,FALSE
"PT3","clonotype1886",0,0.218866666666667,FALSE
"PT3","clonotype267",0,0,FALSE
"PT3","clonotype1566",0,0.1728,FALSE
"PT3","clonotype1459",0,0.126333333333333,FALSE
"PT3","clonotype1197",0,0.166633333333333,FALSE
"PT3","clonotype1669",0,0.195133333333333,FALSE
"PT3","clonotype29",2.89638987961433,0.5428,FALSE
"PT3","clonotype91",0,0.0820666666666666,FALSE
"PT3","clonotype1603",0,0.0579333333333333,FALSE
"PT3","clonotype926",0,0.1724,FALSE
"PT3","clonotype781",0,0.294866666666667,FALSE
"PT3","clonotype1765",0,0.318066666666667,FALSE
"PT3","clonotype3",1.69389916188644,0.464133333333333,FALSE
"PT3","clonotype2004",0,0.273966666666667,FALSE
"PT3","clonotype41",2.14712158637928,0.311533333333333,FALSE
"PT3","clonotype1976",3.54182493812209,0.361066666666667,FALSE
"PT3","clonotype1",2.60905348638986,0.610666666666667,TRUE
"PT3","clonotype2089",0,0.2862,FALSE
"PT3","clonotype1736",0,0.180466666666667,FALSE
"PT3","clonotype1068",0,0.441766666666667,FALSE
"PT3","clonotype1418",0,0.0939666666666666,FALSE
"PT3","clonotype1",3.06428730379038,0.651066666666667,TRUE
"PT3","clonotype1395",0,0.2489,FALSE
"PT3","clonotype1407",0,0.0779666666666666,FALSE
"PT3","clonotype1463",1.18462351314381,0.181633333333333,FALSE
"PT3","clonotype1947",1.48788275498011,0.182266666666667,FALSE
"PT3","clonotype1259",0,0.217533333333333,FALSE
"PT3","clonotype47",0,0.2252,FALSE
"PT3","clonotype1256",0,0.194433333333333,FALSE
"PT3","clonotype1",3.30466731874036,0.476666666666667,TRUE
"PT3","clonotype1801",0,0.1689,FALSE
"PT3","clonotype2159",0,0.139866666666667,FALSE
"PT3","clonotype289",0,0.0944,FALSE
"PT3","clonotype1",3.3432482818032,0.5705,TRUE
"PT3","clonotype895",0,0.1466,FALSE
"PT3","clonotype773",0,0.0667333333333333,FALSE
"PT3","clonotype901",0,0.263333333333333,FALSE
"PT3","clonotype1649",0,0.428766666666667,FALSE
"PT3","clonotype1580",0,0.335933333333333,FALSE
"PT3","clonotype1682",0,0,FALSE
"PT3","clonotype622",2.03718712825875,0.326066666666667,FALSE
"PT3","clonotype863",0,0.1178,FALSE
"PT3","clonotype1864",0,0.179833333333333,FALSE
"PT3","clonotype216",0,0.200733333333333,FALSE
"PT3","clonotype93",2.05117932631134,0.323166666666667,FALSE
"PT3","clonotype1163",0,0.206433333333333,FALSE
"PT3","clonotype1963",0,0.171233333333333,FALSE
"PT3","clonotype1881",0,0.1582,FALSE
"PT3","clonotype549",0,0.3235,FALSE
"PT3","clonotype790",0,0.124266666666667,FALSE
"PT3","clonotype818",0,0.0921333333333333,FALSE
"PT3","clonotype616",0,0.398733333333333,FALSE
"PT3","clonotype1498",0,0.290033333333333,FALSE
"PT3","clonotype78",1.34080926491301,0.184433333333333,FALSE
"PT3","clonotype1183",0,0.117233333333333,FALSE
"PT3","clonotype851",0,0.187966666666667,FALSE
"PT3","clonotype386",0,0.379466666666667,FALSE
"PT3","clonotype84",0,0.279433333333333,FALSE
"PT3","clonotype1507",0,0.188233333333333,FALSE
"PT3","clonotype1340",0,0.256533333333333,FALSE
"PT3","clonotype1085",0,0.206433333333333,FALSE
"PT3","clonotype1367",0,0.244533333333333,FALSE
"PT3","clonotype1323",0,0.0744333333333334,FALSE
"PT3","clonotype732",0,0.172833333333333,FALSE
"PT3","clonotype2269",2.03237205667834,0.329633333333333,FALSE
"PT3","clonotype335",0,0.4079,FALSE
"PT3","clonotype2",1.91550393236214,0.512833333333333,FALSE
"PT3","clonotype10",3.31135436505221,0.619933333333333,FALSE
"PT3","clonotype12",2.48884664932152,0.346133333333333,FALSE
"PT3","clonotype677",0,0.258333333333333,FALSE
"PT3","clonotype960",0,0.170933333333333,FALSE
"PT3","clonotype395",0,0.133166666666667,FALSE
"PT3","clonotype2016",0,0.0909,FALSE
"PT3","clonotype472",0,0.140266666666667,FALSE
"PT3","clonotype1399",0,0.0904333333333334,FALSE
"PT3","clonotype2063",0,0.359433333333333,FALSE
"PT3","clonotype543",1.18581597394313,0.101466666666667,FALSE
"PT3","clonotype2130",0,0.307966666666667,FALSE
"PT3","clonotype1171",0,0.328166666666667,FALSE
"PT3","clonotype2080",0,0.328166666666667,FALSE
"PT3","clonotype2000",0,0.1884,FALSE
"PT3","clonotype158",0,0.212433333333333,FALSE
"PT3","clonotype108",1.47078603540731,0.0909333333333333,FALSE
"PT3","clonotype75",0,0.394933333333333,FALSE
"PT3","clonotype1934",0,0.163733333333333,FALSE
"PT3","clonotype1875",0,0.0937666666666667,FALSE
"PT3","clonotype290",0,0.264133333333333,FALSE
"PT3","clonotype627",0,0.0825,FALSE
"PT3","clonotype1760",0,0.3165,FALSE
"PT3","clonotype2173",0,0.0398666666666667,FALSE
"PT3","clonotype2191",0,0.0582,FALSE
"PT3","clonotype1063",0,0.2045,FALSE
"PT3","clonotype1691",0,0.1786,FALSE
"PT3","clonotype899",0,0.1324,FALSE
"PT3","clonotype993",0,0.226633333333333,FALSE
"PT3","clonotype3",1.61896196196137,0.473066666666667,FALSE
"PT3","clonotype1420",0,0.0590666666666667,FALSE
"PT3","clonotype905",0,0.3607,FALSE
"PT3","clonotype864",0,0.0285333333333333,FALSE
"PT3","clonotype809",0,0.2095,FALSE
"PT3","clonotype247",0,0.323633333333333,FALSE
"PT3","clonotype40",1.90225459924145,0.639933333333333,FALSE
"PT3","clonotype1263",0,0.247,FALSE
"PT3","clonotype557",0,0.419733333333333,FALSE
"PT3","clonotype1921",0,0.0773,FALSE
"PT3","clonotype2056",0,0.2059,FALSE
"PT3","clonotype2243",0,0.0768333333333333,FALSE
"PT3","clonotype54",2.4116676438314,0.0945,FALSE
"PT3","clonotype1620",0,0.420766666666667,FALSE
"PT3","clonotype1410",0,0.227533333333333,FALSE
"PT3","clonotype1090",0,0.278233333333333,FALSE
"PT3","clonotype1448",0,0.272833333333333,FALSE
"PT3","clonotype45",1.26475162779514,0.2586,FALSE
"PT3","clonotype2219",0,0.268966666666667,FALSE
"PT3","clonotype209",2.29080683259195,0.372733333333333,FALSE
"PT3","clonotype1929",0,0.0435,FALSE
"PT3","clonotype74",1.21802760764558,0.5761,FALSE
"PT3","clonotype1386",0,0.0941666666666666,FALSE
"PT3","clonotype1413",0,0.2617,FALSE
"PT3","clonotype27",2.65137770603178,0.460533333333333,TRUE
"PT3","clonotype51",1.03335631240436,0.304833333333333,FALSE
"PT3","clonotype1769",0,0.210266666666667,FALSE
"PT3","clonotype17",0,0.442433333333333,FALSE
"PT3","clonotype108",2.65844201259525,0.1648,FALSE
"PT3","clonotype2160",0,0.274266666666667,FALSE
"PT3","clonotype62",0,0.272233333333333,FALSE
"PT3","clonotype1283",0,0.262433333333333,FALSE
"PT3","clonotype2152",0,0.0466666666666666,FALSE
"PT3","clonotype849",0,0.269133333333333,FALSE
"PT3","clonotype560",0,0.399766666666667,FALSE
"PT3","clonotype366",0,0.2304,FALSE
"PT3","clonotype1560",0,0.331866666666667,FALSE
"PT3","clonotype263",0,0.302933333333333,FALSE
"PT3","clonotype1343",0,0.0387,FALSE
"PT3","clonotype654",0,0.1854,FALSE
"PT3","clonotype3",0,0.6179,FALSE
"PT3","clonotype1585",0,0.322833333333333,FALSE
"PT3","clonotype70",2.93670194562907,0.205433333333333,FALSE
"PT3","clonotype9",2.82755473949921,0.333366666666667,FALSE
"PT3","clonotype21",2.72649444946387,0.616533333333333,FALSE
"PT3","clonotype1998",0,0.472933333333333,FALSE
"PT3","clonotype117",0,0.3344,FALSE
"PT3","clonotype2200",0,0.344,FALSE
"PT3","clonotype5",0,0.150166666666667,FALSE
"PT3","clonotype630",2.78003965290932,0.3877,FALSE
"PT3","clonotype2259",0,0.218166666666667,FALSE
"PT3","clonotype1685",2.9903340468619,0.175533333333333,FALSE
"PT3","clonotype410",0,0.265733333333333,FALSE
"PT3","clonotype1389",0,0.214066666666667,FALSE
"PT3","clonotype1218",0,0.222333333333333,FALSE
"PT3","clonotype1739",0,0.0368000000000001,FALSE
"PT3","clonotype2190",0,0.0954666666666667,FALSE
"PT3","clonotype430",0,0.2709,FALSE
"PT3","clonotype1426",0,0.408266666666667,FALSE
"PT3","clonotype2157",0,0.1867,FALSE
"PT3","clonotype419",0,0.212566666666667,FALSE
"PT3","clonotype4",1.93484042952716,0.684766666666667,FALSE
"PT3","clonotype1244",1.93738977043226,0.124033333333333,FALSE
"PT3","clonotype1920",0,0.0859333333333333,FALSE
"PT3","clonotype1290",0,0.0975666666666667,FALSE
"PT3","clonotype716",0,0.1205,FALSE
"PT3","clonotype25",0,0.382866666666667,FALSE
"PT3","clonotype1330",0,0.1396,FALSE
"PT3","clonotype1",2.26566365611727,0.549233333333333,TRUE
"PT3","clonotype746",1.3823249002019,0.1654,FALSE
"PT3","clonotype1970",0,0.3921,FALSE
"PT3","clonotype1944",0,0.242166666666667,FALSE
"PT3","clonotype1899",2.37189826055341,0.3806,FALSE
"PT3","clonotype437",0,0.166233333333333,FALSE
"PT3","clonotype1182",0,0.0658666666666666,FALSE
"PT3","clonotype703",0,0.326466666666667,FALSE
"PT3","clonotype199",0,0.196933333333333,FALSE
"PT3","clonotype1810",3.2668845981156,0.6019,FALSE
"PT3","clonotype2137",0,0.2826,FALSE
"PT3","clonotype661",1.05765186137806,0.3623,FALSE
"PT3","clonotype1588",0,0.110766666666667,FALSE
"PT3","clonotype793",0,0.423866666666667,FALSE
"PT3","clonotype12",0.902262436729922,0.549866666666667,FALSE
"PT3","clonotype93",2.01161247316112,0.296,FALSE
"PT3","clonotype539",0,0.277333333333333,FALSE
"PT3","clonotype1373",0,0.386,FALSE
"PT3","clonotype978",2.18806238618034,0.537833333333333,FALSE
"PT3","clonotype22",2.91111702449928,0.559033333333333,FALSE
"PT3","clonotype217",0,0.1929,FALSE
"PT3","clonotype1",2.96512677587087,0.565833333333333,TRUE
"PT3","clonotype252",0,0.296866666666667,FALSE
"PT3","clonotype1755",0,0.345533333333333,FALSE
"PT3","clonotype1016",0,0.1252,FALSE
"PT3","clonotype980",0,0.187833333333333,FALSE
"PT3","clonotype28",3.43522075628585,0.432766666666667,FALSE
"PT3","clonotype657",0,0.2355,FALSE
"PT3","clonotype463",0,0.3401,FALSE
"PT3","clonotype897",0,0.157433333333333,FALSE
"PT3","clonotype2082",0,0.411033333333333,FALSE
"PT3","clonotype568",0,0.0770999999999999,FALSE
"PT3","clonotype119",0,0.1674,FALSE
"PT3","clonotype352",0,0.128333333333333,FALSE
"PT3","clonotype1914",0,0.224733333333333,FALSE
"PT3","clonotype294",0,0.184166666666667,FALSE
"PT3","clonotype3",0,0.503266666666667,FALSE
"PT3","clonotype1471",0,0.353866666666667,FALSE
"PT3","clonotype1873",0,0.2663,FALSE
"PT3","clonotype1450",0,0.194366666666667,FALSE
"PT3","clonotype817",0,0.166166666666667,FALSE
"PT3","clonotype2155",0,0.1277,FALSE
"PT3","clonotype156",0,0.077,FALSE
"PT3","clonotype2149",0,0.2693,FALSE
"PT3","clonotype1383",0,0.1607,FALSE
"PT3","clonotype1",3.34218881969182,0.628866666666667,TRUE
"PT3","clonotype1628",0,0.189966666666667,FALSE
"PT3","clonotype1906",0,0.1216,FALSE
"PT3","clonotype1960",0,0.371266666666667,FALSE
"PT3","clonotype291",3.14034037016096,0.523933333333333,FALSE
"PT3","clonotype7",3.71184191729828,0.528733333333333,FALSE
"PT3","clonotype4",3.51184620479416,0.355433333333333,FALSE
"PT3","clonotype2",1.82200775370372,0.527066666666667,FALSE
"PT3","clonotype1743",0,0.291733333333333,FALSE
"PT3","clonotype55",3.51056854436148,0.2984,FALSE
"PT3","clonotype113",3.04764839014175,0.209033333333333,FALSE
"PT3","clonotype198",0,0.226266666666667,FALSE
"PT3","clonotype14",1.95930556795794,0.4507,FALSE
"PT3","clonotype1451",0,0.203766666666667,FALSE
"PT3","clonotype304",0,0.175466666666667,FALSE
"PT3","clonotype708",0,0.0733333333333334,FALSE
"PT3","clonotype13",1.40407252885802,0.328333333333333,FALSE
"PT3","clonotype2260",0,0.2169,FALSE
"PT3","clonotype2",2.48681841935089,0.461166666666667,FALSE
"PT3","clonotype1324",0,0.1326,FALSE
"PT3","clonotype1594",0,0.197266666666667,FALSE
"PT3","clonotype1",4.35044096845657,0.5531,TRUE
"PT3","clonotype821",3.27314540923381,0.1615,FALSE
"PT3","clonotype1310",0,0.234866666666667,FALSE
"PT3","clonotype775",0,0.161766666666667,FALSE
"PT3","clonotype226",0,0.1211,FALSE
"PT3","clonotype98",0,0.1808,FALSE
"PT3","clonotype1972",0,0.291566666666667,FALSE
"PT3","clonotype338",0,0.227866666666667,FALSE
"PT3","clonotype34",3.68807780112964,0.578933333333333,FALSE
"PT3","clonotype1180",2.29880231344326,0.280333333333333,FALSE
"PT3","clonotype1979",0,0.171166666666667,FALSE
"PT3","clonotype493",0,0.114133333333333,FALSE
"PT3","clonotype2021",0,0.0344333333333333,FALSE
"PT3","clonotype1261",0.879158883242603,0.220866666666667,FALSE
"PT3","clonotype2",0,0.1827,FALSE
"PT3","clonotype214",2.80182515146563,0.128466666666667,FALSE
"PT3","clonotype1037",0,0.319866666666667,FALSE
"PT3","clonotype1918",0,0.154833333333333,FALSE
"PT3","clonotype1",2.91552790692856,0.543,TRUE
"PT3","clonotype1668",0,0.158366666666667,FALSE
"PT3","clonotype979",0,0.343666666666667,FALSE
"PT3","clonotype38",1.76583170898574,0.207933333333333,FALSE
"PT3","clonotype460",0,0.3694,FALSE
"PT3","clonotype2126",0,0.2363,FALSE
"PT3","clonotype572",0,0.2729,FALSE
"PT3","clonotype248",0,0.174266666666667,FALSE
"PT3","clonotype1325",0,0.1536,FALSE
"PT3","clonotype678",0,0.163233333333333,FALSE
"PT3","clonotype727",0,0.0400333333333334,FALSE
"PT3","clonotype14",3.90474739141804,0.655733333333333,FALSE
"PT3","clonotype2",2.14860148885156,0.293433333333333,FALSE
"PT3","clonotype345",0,0.213966666666667,FALSE
"PT3","clonotype3",0,0.239833333333333,FALSE
"PT3","clonotype1663",0,0.306,FALSE
"PT3","clonotype106",0,0.168833333333333,FALSE
"PT3","clonotype693",0,0.2903,FALSE
"PT3","clonotype4",1.42902817330122,0.622833333333333,FALSE
"PT3","clonotype1039",0,0.0818666666666666,FALSE
"PT3","clonotype1985",0,0.1869,FALSE
"PT3","clonotype5",0,0.56,FALSE
"PT3","clonotype1484",0,0.056,FALSE
"PT3","clonotype717",0,0.1646,FALSE
"PT3","clonotype2",2.49144876229711,0.5389,FALSE
"PT3","clonotype70",1.28509328077273,0.2425,FALSE
"PT3","clonotype813",0,0.323466666666667,FALSE
"PT3","clonotype1856",2.60340501551282,0.221333333333333,FALSE
"PT3","clonotype180",0,0.368966666666667,FALSE
"PT3","clonotype1502",0,0.157633333333333,FALSE
"PT3","clonotype429",0,0.236866666666667,FALSE
"PT3","clonotype2148",0,0.2447,FALSE
"PT3","clonotype131",0,0.0942666666666667,FALSE
"PT3","clonotype21",0,0.562133333333333,FALSE
"PT3","clonotype1227",0,0.112366666666667,FALSE
"PT3","clonotype626",0,0.0961,FALSE
"PT3","clonotype25",0,0.6517,FALSE
"PT3","clonotype5",0,0.4475,FALSE
"PT3","clonotype17",0,0.6135,FALSE
"PT3","clonotype963",0,0.2477,FALSE
"PT3","clonotype1219",0,0.1693,FALSE
"PT3","clonotype36",3.05433129968416,0.324633333333333,FALSE
"PT3","clonotype1870",0,0.2282,FALSE
"PT3","clonotype482",0,0.440366666666667,FALSE
"PT3","clonotype85",0,0.0946666666666667,FALSE
"PT3","clonotype258",0,0.148066666666667,FALSE
"PT3","clonotype1232",0,0.0955,FALSE
"PT3","clonotype589",0,0.1289,FALSE
"PT3","clonotype1301",0,0.204033333333333,FALSE
"PT3","clonotype1073",0,0.1763,FALSE
"PT3","clonotype262",0,0.2948,FALSE
"PT3","clonotype869",0,0.165966666666667,FALSE
"PT3","clonotype655",0,0.2868,FALSE
"PT3","clonotype10",2.40686925279154,0.6814,FALSE
"PT3","clonotype1",3.44846122204458,0.459266666666667,TRUE
"PT3","clonotype1697",0,0.0923333333333334,FALSE
"PT3","clonotype1570",0,0.194366666666667,FALSE
"PT3","clonotype1862",0,0.3346,FALSE
"PT3","clonotype1892",0.787054292095939,0.329766666666667,FALSE
"PT3","clonotype2035",0,0.171833333333333,FALSE
"PT3","clonotype1136",0,0.227766666666667,FALSE
"PT3","clonotype707",0,0.0928333333333333,FALSE
"PT3","clonotype563",0,0.295133333333333,FALSE
"PT3","clonotype672",0,0.221166666666667,FALSE
"PT3","clonotype1749",0,0.2247,FALSE
"PT3","clonotype659",0,0.288633333333333,FALSE
"PT3","clonotype283",0,0.2799,FALSE
"PT3","clonotype272",0,0.297833333333333,FALSE
"PT3","clonotype5",0,0.591933333333333,FALSE
"PT3","clonotype103",0,0.229366666666667,FALSE
"PT3","clonotype1940",0,0.3876,FALSE
"PT3","clonotype1964",0,0.417333333333333,FALSE
"PT3","clonotype404",0,0.301033333333333,FALSE
"PT3","clonotype1226",0,0.1475,FALSE
"PT3","clonotype1837",1.76757608724001,0.337,FALSE
"PT3","clonotype685",2.38717303534715,0.0942333333333333,FALSE
"PT3","clonotype414",0.989460873655618,0.341833333333333,FALSE
"PT3","clonotype34",1.36153544880754,0.436033333333333,FALSE
"PT3","clonotype921",0.759314557943612,0.0928333333333333,FALSE
"PT3","clonotype1705",0,0.235866666666667,FALSE
"PT3","clonotype1752",0,0.204,FALSE
"PT3","clonotype1957",0,0.0839333333333333,FALSE
"PT3","clonotype1098",0,0.355866666666667,FALSE
"PT3","clonotype11",1.92843407920591,0.4807,FALSE
"PT3","clonotype544",0,0.403133333333333,FALSE
"PT3","clonotype3",2.01926562330811,0.2878,FALSE
"PT3","clonotype39",1.46802625577094,0.3913,FALSE
"PT3","clonotype1257",0,0.0912666666666667,FALSE
"PT3","clonotype4",0,0.510866666666667,FALSE
"PT3","clonotype762",2.23534699732262,0.3449,FALSE
"PT3","clonotype966",0,0.127533333333333,FALSE
"PT3","clonotype792",0,0.28,FALSE
"PT3","clonotype121",0,0.172533333333333,FALSE
"PT3","clonotype1630",0,0.172233333333333,FALSE
"PT3","clonotype1574",1.63713982190931,0.2367,FALSE
"PT3","clonotype1764",0,0.1631,FALSE
"PT3","clonotype1190",0,0.0903,FALSE
"PT3","clonotype1217",0,0.3113,FALSE
"PT3","clonotype480",0,0.3623,FALSE
"PT3","clonotype649",0,0.185333333333333,FALSE
"PT3","clonotype1101",0,0.254766666666667,FALSE
"PT3","clonotype550",0,0.0868,FALSE
"PT3","clonotype1",2.04081585476837,0.6995,TRUE
"PT3","clonotype439",0,0.318466666666667,FALSE
"PT3","clonotype879",2.45279483861105,0.161666666666667,FALSE
"PT3","clonotype1946",2.67388081953315,0.0728666666666666,FALSE
"PT3","clonotype1",0,0.460533333333333,TRUE
"PT3","clonotype240",0,0.2562,FALSE
"PT3","clonotype2123",0,0.336833333333333,FALSE
"PT3","clonotype26",2.76837462653701,0.178466666666667,FALSE
"PT3","clonotype1700",0,0.2955,FALSE
"PT3","clonotype449",0,0.2005,FALSE
"PT3","clonotype1076",1.65395311201222,0.1124,FALSE
"PT3","clonotype1634",0,0.2458,FALSE
"PT3","clonotype940",0,0.206766666666667,FALSE
"PT3","clonotype167",0,0.302233333333333,FALSE
"PT3","clonotype1926",0,0.3327,FALSE
"PT3","clonotype19",2.39615763373086,0.333266666666667,FALSE
"PT3","clonotype955",0,0.0789333333333333,FALSE
"PT3","clonotype2",1.21802760764558,0.596666666666667,FALSE
"PT3","clonotype425",0,0.3112,FALSE
"PT3","clonotype1320",0,0.1926,FALSE
"PT3","clonotype2048",0,0.216266666666667,FALSE
"PT3","clonotype495",0,0.0592666666666667,FALSE
"PT3","clonotype1611",0,0.1545,FALSE
"PT3","clonotype1361",0,0.193366666666667,FALSE
"PT3","clonotype1427",0,0.113066666666667,FALSE
"PT3","clonotype579",0,0.3113,FALSE
"PT3","clonotype1542",0,0.364433333333333,FALSE
"PT3","clonotype1741",0,0.2146,FALSE
"PT3","clonotype537",0,0.361233333333333,FALSE
"PT3","clonotype2076",0,0.0977,FALSE
"PT3","clonotype825",0,0.2506,FALSE
"PT3","clonotype96",0,0.199033333333333,FALSE
"PT3","clonotype2",1.99477929412006,0.418,FALSE
"PT3","clonotype2097",3.57465940673556,0.1054,FALSE
"PT3","clonotype617",0,0.4244,FALSE
"PT3","clonotype1788",0,0.0944666666666667,FALSE
"PT3","clonotype331",0,0.1203,FALSE
"PT3","clonotype135",3.11141341288585,0.478866666666667,FALSE
"PT3","clonotype500",0,0.165966666666667,FALSE
"PT3","clonotype1293",0,0.4055,FALSE
"PT3","clonotype324",0,0.157266666666667,FALSE
"PT3","clonotype1",4.49880038516092,0.441466666666667,TRUE
"PT3","clonotype942",0,0.236933333333333,FALSE
"PT3","clonotype25",0,0.236033333333333,FALSE
"PT3","clonotype1172",0,0.113766666666667,FALSE
"PT3","clonotype1557",0,0.101833333333333,FALSE
"PT3","clonotype184",2.2354971758207,0.3011,FALSE
"PT3","clonotype2227",0,0.0875333333333334,FALSE
"PT3","clonotype1372",0.78060055284132,0.161433333333333,FALSE
"PT3","clonotype57",0.990058409119701,0.189833333333333,FALSE
"PT3","clonotype1754",0,0.211466666666667,FALSE
"PT3","clonotype1341",0,0.3116,FALSE
"PT3","clonotype1941",0,0.2632,FALSE
"PT3","clonotype2",1.34547656860136,0.502266666666667,FALSE
"PT3","clonotype1512",0,0.287466666666667,FALSE
"PT3","clonotype1",2.67067793635951,0.555233333333333,TRUE
"PT3","clonotype860",0,0.114966666666667,FALSE
"PT3","clonotype39",2.07984673449274,0.445133333333333,FALSE
"PT3","clonotype2075",0,0.171866666666667,FALSE
"PT3","clonotype1348",0,0.2059,FALSE
"PT3","clonotype122",0,0.351933333333333,FALSE
"PT3","clonotype2171",0,0.246866666666667,FALSE
"PT3","clonotype1671",0,0.187633333333333,FALSE
"PT3","clonotype18",2.754021829083,0.411933333333333,FALSE
"PT3","clonotype14",3.44759324536663,0.541033333333333,FALSE
"PT3","clonotype159",0,0.1078,FALSE
"PT3","clonotype850",0,0.149666666666667,FALSE
"PT3","clonotype1876",0,0.225666666666667,FALSE
"PT3","clonotype2055",0,0.0847,FALSE
"PT3","clonotype771",1.62590746855942,0.3082,FALSE
"PT3","clonotype1766",0,0.0689333333333333,FALSE
"PT3","clonotype52",0,0.297633333333333,FALSE
"PT3","clonotype1228",0,0.154466666666667,FALSE
"PT3","clonotype177",0,0.167033333333333,FALSE
"PT3","clonotype2",2.70015950106231,0.686766666666667,FALSE
"PT3","clonotype666",0,0.3324,FALSE
"PT3","clonotype134",0,0.299066666666667,FALSE
"PT3","clonotype1730",0,0.1305,FALSE
"PT3","clonotype255",0,0.364933333333333,FALSE
"PT3","clonotype1584",0,0.320666666666667,FALSE
"PT3","clonotype686",0,0.369366666666667,FALSE
"PT3","clonotype752",0,0.1116,FALSE
"PT3","clonotype1133",1.97911414524751,0.0924,FALSE
"PT3","clonotype5",0,0.565333333333333,FALSE
"PT3","clonotype1966",0,0.124233333333333,FALSE
"PT3","clonotype4",3.25119080847331,0.593466666666667,FALSE
"PT3","clonotype2253",0,0.1524,FALSE
"PT3","clonotype2106",0,0.1269,FALSE
"PT3","clonotype322",0,0.194533333333333,FALSE
"PT3","clonotype2213",0,0.1641,FALSE
"PT3","clonotype1900",0,0.211833333333333,FALSE
"PT3","clonotype28",1.51933562378504,0.6491,FALSE
"PT3","clonotype1050",0,0.09,FALSE
"PT3","clonotype2122",0,0.118366666666667,FALSE
"PT3","clonotype1895",0,0.167266666666667,FALSE
"PT3","clonotype567",2.71794731137393,0.216833333333333,FALSE
"PT3","clonotype21",1.40065872117851,0.528733333333333,FALSE
"PT3","clonotype43",3.45509505800021,0.208566666666667,FALSE
"PT3","clonotype683",0,0.282133333333333,FALSE
"PT3","clonotype22",2.38088877132484,0.684966666666667,FALSE
"PT3","clonotype2236",1.25784481944183,0.208866666666667,FALSE
"PT3","clonotype795",2.48706159116316,0.0878333333333333,FALSE
"PT3","clonotype1345",0,0.137533333333333,FALSE
"PT3","clonotype1798",0,0.127433333333333,FALSE
"PT3","clonotype3",0,0.5959,FALSE
"PT3","clonotype2198",0,0.330766666666667,FALSE
"PT3","clonotype1128",0,0.3343,FALSE
"PT3","clonotype2193",0,0.231766666666667,FALSE
"PT3","clonotype86",2.83442238294881,0.754633333333333,FALSE
"PT3","clonotype1500",0,0.4341,FALSE
"PT3","clonotype1205",1.69073007255017,0.0978333333333333,FALSE
"PT3","clonotype2158",0,0.223566666666667,FALSE
"PT3","clonotype1441",2.67475602879593,0.3489,FALSE
"PT3","clonotype553",0,0.136766666666667,FALSE
"PT3","clonotype1917",0,0.246366666666667,FALSE
"PT3","clonotype4",3.90248550111171,0.5589,FALSE
"PT3","clonotype327",0,0.112133333333333,FALSE
"PT3","clonotype1397",0,0.263666666666667,FALSE
"PT3","clonotype14",3.29682853882807,0.561666666666667,FALSE
"PT3","clonotype2196",0,0.1949,FALSE
"PT3","clonotype1430",0,0.2,FALSE
"PT3","clonotype633",0,0.249766666666667,FALSE
"PT3","clonotype788",0,0.319966666666667,FALSE
"PT3","clonotype2012",2.8670951765511,0.2573,FALSE
"PT3","clonotype1069",0,0.200633333333333,FALSE
"PT3","clonotype1581",0,0,FALSE
"PT3","clonotype1977",0,0.2269,FALSE
"PT3","clonotype375",0,0.173066666666667,FALSE
"PT3","clonotype438",0,0.2109,FALSE
"PT3","clonotype278",0,0.287866666666667,FALSE
"PT3","clonotype1950",0,0.1953,FALSE
"PT3","clonotype695",0,0.0467666666666666,FALSE
"PT3","clonotype2072",0,0.289466666666667,FALSE
"PT3","clonotype2204",0,0.215366666666667,FALSE
"PT3","clonotype109",2.22519095952489,0.468533333333333,FALSE
"PT3","clonotype1258",0,0.644133333333333,FALSE
"PT3","clonotype1121",0,0.238233333333333,FALSE
"PT3","clonotype2110",1.43424505820811,0.390866666666667,FALSE
"PT3","clonotype820",0,0.0985,FALSE
"PT3","clonotype7",1.92102107431873,0.333033333333333,FALSE
"PT3","clonotype1152",0,0.0521,FALSE
"PT3","clonotype669",0,0.127133333333333,FALSE
"PT3","clonotype116",0,0.278166666666667,FALSE
"PT3","clonotype1199",0,0.203033333333333,FALSE
"PT3","clonotype846",0,0.0789333333333333,FALSE
"PT3","clonotype25",0,0.643433333333333,FALSE
"PT3","clonotype1303",0,0.4372,FALSE
"PT3","clonotype5",0,0.496533333333333,FALSE
"PT3","clonotype1013",0,0.227466666666667,FALSE
"PT3","clonotype1515",0,0.254033333333333,FALSE
"PT3","clonotype631",0,0.1793,FALSE
"PT3","clonotype870",0,0.0966,FALSE
"PT3","clonotype1582",0,0.367033333333333,FALSE
"PT3","clonotype1018",0,0.3999,FALSE
"PT3","clonotype1955",0,0.114466666666667,FALSE
"PT3","clonotype753",0,0.3167,FALSE
"PT3","clonotype9",2.99137507981004,0.2009,FALSE
"PT3","clonotype545",0,0.227166666666667,FALSE
"PT3","clonotype1165",0,0.258,FALSE
"PT3","clonotype524",0,0.345166666666667,FALSE
"PT3","clonotype1058",0,0.1628,FALSE
"PT3","clonotype1318",0,0.0314,FALSE
"PT3","clonotype12",0,0.184233333333333,FALSE
"PT3","clonotype1672",0,0.0561333333333334,FALSE
"PT3","clonotype2020",0,0.122233333333333,FALSE
"PT3","clonotype44",2.59121158973122,0.5395,FALSE
"PT3","clonotype13",3.24078246531119,0.459,FALSE
"PT3","clonotype1095",0,0.0606666666666666,FALSE
"PT3","clonotype584",0,0.143533333333333,FALSE
"PT3","clonotype1236",0,0.2118,FALSE
"PT3","clonotype21",3.06786430650664,0.253433333333333,FALSE
"PT3","clonotype1266",0,0.1496,FALSE
"PT3","clonotype215",0,0.159033333333333,FALSE
"PT3","clonotype2272",0,0.1834,FALSE
"PT3","clonotype506",0,0.1584,FALSE
"PT3","clonotype1064",0,0.0286999999999999,FALSE
"PT3","clonotype556",0,0.281666666666667,FALSE
"PT3","clonotype455",0,0.0883,FALSE
"PT3","clonotype1111",0,0.2901,FALSE
"PT3","clonotype1462",0,0.122166666666667,FALSE
"PT3","clonotype484",0,0.136433333333333,FALSE
"PT3","clonotype1439",0,0.1251,FALSE
"PT3","clonotype112",1.9865788915811,0.261466666666667,FALSE
"PT3","clonotype204",0,0.185633333333333,FALSE
"PT3","clonotype2231",0,0.3336,FALSE
"PT3","clonotype1675",0,0.0931333333333333,FALSE
"PT3","clonotype1965",0,0.0892333333333334,FALSE
"PT3","clonotype2210",0,0.211533333333333,FALSE
"PT3","clonotype1208",0,0.2365,FALSE
"PT3","clonotype540",0,0.134033333333333,FALSE
"PT3","clonotype424",0,0.457233333333333,FALSE
"PT3","clonotype1527",0,0.0630666666666667,FALSE
"PT3","clonotype1278",0,0.127733333333333,FALSE
"PT3","clonotype3",2.02877804199193,0.345233333333333,FALSE
"PT3","clonotype1770",1.6001143487004,0.0252666666666667,FALSE
"PT3","clonotype624",0,0.204733333333333,FALSE
"PT3","clonotype9",1.73382383672324,0.3653,FALSE
"PT3","clonotype87",1.05861572363321,0.6403,TRUE
"PT3","clonotype1506",0,0.2175,FALSE
"PT3","clonotype89",0,0.3709,FALSE
"PT3","clonotype2195",0,0.2084,FALSE
"PT3","clonotype1983",0,0.158466666666667,FALSE
"PT3","clonotype1625",0,0.0615333333333333,FALSE
"PT3","clonotype41",0,0.3173,FALSE
"PT3","clonotype179",0,0.344833333333333,FALSE
"PT3","clonotype413",2.01396012938666,0.330033333333333,FALSE
"PT3","clonotype238",0,0.13,FALSE
"PT3","clonotype146",0,0.0428666666666667,FALSE
"PT3","clonotype239",0,0.0786,FALSE
"PT3","clonotype1496",0,0.183333333333333,FALSE
"PT3","clonotype1404",0,0.148733333333333,FALSE
"PT3","clonotype1742",0,0.201533333333333,FALSE
"PT3","clonotype29",2.97278306713256,0.638433333333333,FALSE
"PT3","clonotype1291",0,0.125866666666667,FALSE
"PT3","clonotype1735",0,0.0910333333333333,FALSE
"PT3","clonotype50",0,0.384533333333333,FALSE
"PT3","clonotype2223",0,0.2481,FALSE
"PT3","clonotype580",0,0.3633,FALSE
"PT3","clonotype1432",0,0.390966666666667,FALSE
"PT3","clonotype99",0,0.0918,FALSE
"PT3","clonotype73",2.84183387387025,0.380533333333333,FALSE
"PT3","clonotype307",0,0.1586,FALSE
"PT3","clonotype1860",0,0.2621,FALSE
"PT3","clonotype1370",0,0.141466666666667,FALSE
"PT3","clonotype1518",0,0.2057,FALSE
"PT3","clonotype1905",0,0.1146,FALSE
"PT3","clonotype1030",0,0.227466666666667,FALSE
"PT3","clonotype193",0,0.355133333333333,FALSE
"PT3","clonotype1",4.01477527010029,0.6022,TRUE
"PT3","clonotype20",0,0.172066666666667,FALSE
"PT3","clonotype490",0,0.101566666666667,FALSE
"PT3","clonotype1701",0,0.245033333333333,FALSE
"PT3","clonotype538",0,0.0431666666666667,FALSE
"PT3","clonotype601",0,0.255033333333333,FALSE
"PT3","clonotype51",1.34571685618554,0.350866666666667,FALSE
"PT3","clonotype420",1.30355745726185,0.0172333333333333,FALSE
"PT3","clonotype10",2.70645658899352,0.4216,FALSE
"PT3","clonotype6",1.51746368456589,0.6093,TRUE
"PT3","clonotype1774",0,0.1247,FALSE
"PT3","clonotype1299",0,0.231866666666667,FALSE
"PT3","clonotype79",0,0.267133333333333,FALSE
"PT3","clonotype3",3.13559965914606,0.468833333333333,FALSE
"PT3","clonotype286",0,0.217033333333333,FALSE
"PT3","clonotype1362",0,0.0553333333333333,FALSE
"PT3","clonotype1992",0,0.3474,FALSE
"PT3","clonotype1038",0,0.1022,FALSE
"PT3","clonotype74",2.74704191148472,0.721066666666667,FALSE
"PT3","clonotype2",1.83070188833291,0.4967,FALSE
"PT3","clonotype808",0,0.1822,FALSE
"PT3","clonotype14",3.19662057546478,0.4457,FALSE
"PT3","clonotype1041",0,0.126866666666667,FALSE
"PT3","clonotype1054",0,0.140233333333333,FALSE
"PT17","clonotype1",1.02372495641792,0.394,FALSE
"PT17","clonotype847",0,0.2602,FALSE
"PT17","clonotype1",2.35640986874754,0.3075,FALSE
"PT17","clonotype542",0,0.185433333333333,FALSE
"PT17","clonotype16",1.65996466793198,0.427633333333333,FALSE
"PT17","clonotype2",1.76136458685274,0.467366666666667,TRUE
"PT17","clonotype21",1.43849075892327,0.5171,FALSE
"PT17","clonotype9",1.13134152492229,0.4683,FALSE
"PT17","clonotype4",2.59527845359551,0.615766666666667,FALSE
"PT17","clonotype148",0,0.2286,FALSE
"PT17","clonotype22",0,0.530033333333333,FALSE
"PT17","clonotype8",2.21356662179703,0.528466666666667,FALSE
"PT17","clonotype9",0,0.635566666666667,FALSE
"PT17","clonotype621",0,0.208866666666667,FALSE
"PT17","clonotype1",1.51036227478529,0.495666666666667,FALSE
"PT17","clonotype9",1.74952176253947,0.603766666666667,FALSE
"PT17","clonotype56",1.96615044018802,0.3308,FALSE
"PT17","clonotype1",3.30811296322052,0.367633333333333,FALSE
"PT17","clonotype1",1.1744258473803,0.593266666666667,FALSE
"PT17","clonotype3",1.56733361645738,0.407333333333333,FALSE
"PT17","clonotype35",0,0.368266666666667,FALSE
"PT17","clonotype2",0,0.593266666666667,TRUE
"PT17","clonotype52",2.63981624776956,0.658466666666667,FALSE
"PT17","clonotype3",1.0412830509455,0.5193,FALSE
"PT17","clonotype18",0.875133176386385,0.2425,FALSE
"PT17","clonotype29",1.94437364371008,0.496033333333333,FALSE
"PT17","clonotype140",2.26507425657658,0.0666666666666667,FALSE
"PT17","clonotype816",2.09492766360877,0.649733333333333,FALSE
"PT17","clonotype6",0.842083604694367,0.2251,FALSE
"PT17","clonotype617",0,0.4161,FALSE
"PT17","clonotype29",2.16527097499208,0.543366666666667,FALSE
"PT17","clonotype197",0,0.305833333333333,FALSE
"PT17","clonotype8",1.98933549279473,0.634666666666667,FALSE
"PT17","clonotype3",2.64471596416344,0.592266666666667,FALSE
"PT17","clonotype27",1.17601447685488,0.443933333333333,FALSE
"PT17","clonotype10",1.06236487512887,0.502033333333333,FALSE
"PT17","clonotype2",1.05344706721247,0.6131,TRUE
"PT17","clonotype32",1.05218583799864,0.587166666666667,FALSE
"PT17","clonotype104",0,0.3648,FALSE
"PT17","clonotype454",0,0.388666666666667,FALSE
"PT17","clonotype155",0,0.411866666666667,FALSE
"PT17","clonotype1",1.18888868937294,0.650333333333333,FALSE
"PT17","clonotype652",2.50409253684474,0.278966666666667,FALSE
"PT17","clonotype113",0,0.428133333333333,FALSE
"PT17","clonotype20",0,0.2648,FALSE
"PT17","clonotype1",1.01663859287144,0.596966666666667,FALSE
"PT17","clonotype166",0,0.115533333333333,FALSE
"PT17","clonotype4",1.56000144015867,0.447033333333333,FALSE
"PT17","clonotype36",0.944917949097315,0.3162,FALSE
"PT17","clonotype350",0,0.221233333333333,FALSE
"PT17","clonotype1",1.61848452089361,0.516966666666667,FALSE
"PT17","clonotype22",2.59706806065954,0.561666666666667,FALSE
"PT17","clonotype5",2.02183143240989,0.301833333333333,FALSE
"PT17","clonotype34",1.8811193721028,0.470533333333333,TRUE
"PT17","clonotype10",1.71368934943273,0.4946,FALSE
"PT17","clonotype231",0,0.243066666666667,FALSE
"PT17","clonotype2",2.24647228452465,0.375666666666667,TRUE
"PT17","clonotype22",1.92547513894724,0.569733333333333,FALSE
"PT17","clonotype2",0,0.533433333333333,TRUE
"PT17","clonotype906",0,0.2546,FALSE
"PT17","clonotype4",2.46192299920668,0.4056,FALSE
"PT17","clonotype2",2.81356044324168,0.564266666666667,TRUE
"PT17","clonotype4",1.5939855522193,0.7175,FALSE
"PT17","clonotype84",0,0.0906,FALSE
"PT17","clonotype4",1.05820492985965,0.524566666666667,FALSE
"PT17","clonotype10",1.48304334135914,0.6435,FALSE
"PT17","clonotype589",0,0.296,FALSE
"PT17","clonotype1",0,0.533,FALSE
"PT17","clonotype883",3.29548268267623,0.514033333333333,FALSE
"PT17","clonotype10",2.67773431022513,0.654333333333333,FALSE
"PT17","clonotype129",2.06057877028884,0.493266666666667,FALSE
"PT17","clonotype7",1.0412830509455,0.572133333333333,FALSE
"PT17","clonotype5",1.82753162489262,0.372033333333333,FALSE
"PT17","clonotype3",0.969220473543689,0.542666666666667,FALSE
"PT17","clonotype7",0,0.462566666666667,FALSE
"PT17","clonotype17",1.98514915651918,0.6051,FALSE
"PT17","clonotype14",2.46804014875328,0.4097,FALSE
"PT17","clonotype30",1.75613167591427,0.453033333333333,FALSE
"PT17","clonotype2",1.57176932036503,0.6629,TRUE
"PT17","clonotype20",1.04717228473941,0.221066666666667,FALSE
"PT17","clonotype343",1.9020553567132,0.476733333333333,FALSE
"PT17","clonotype728",0,0.187366666666667,FALSE
"PT17","clonotype57",0.91874479010024,0.1693,FALSE
"PT17","clonotype81",0,0.310333333333333,FALSE
"PT17","clonotype9",2.43459640804886,0.6514,FALSE
"PT17","clonotype9",1.6417860967442,0.644166666666667,FALSE
"PT17","clonotype265",0,0.386366666666667,FALSE
"PT17","clonotype1",1.65188309273265,0.609866666666667,FALSE
"PT17","clonotype115",0,0.332333333333333,FALSE
"PT17","clonotype932",0,0,FALSE
"PT17","clonotype819",0,0.0847333333333333,FALSE
"PT17","clonotype827",0,0.132666666666667,FALSE
"PT17","clonotype54",1.52063325038935,0.426366666666667,FALSE
"PT17","clonotype8",1.72910523707705,0.315466666666667,FALSE
"PT17","clonotype3",2.19822044513048,0.577733333333333,FALSE
"PT17","clonotype2",2.21680553079506,0.6906,TRUE
"PT17","clonotype8",1.93369123770455,0.428633333333333,FALSE
"PT17","clonotype12",1.47492660601936,0.540766666666667,TRUE
"PT17","clonotype3",1.62006808451528,0.637466666666667,FALSE
"PT17","clonotype32",1.6192758757289,0.5997,FALSE
"PT17","clonotype23",2.47296092904265,0.437666666666667,FALSE
"PT17","clonotype21",1.23155326765931,0.514266666666667,FALSE
"PT17","clonotype48",0.965255836416006,0.492166666666667,FALSE
"PT17","clonotype9",0,0.6331,FALSE
"PT17","clonotype3",2.0488192023077,0.757533333333333,FALSE
"PT17","clonotype17",2.33596250745385,0.543033333333333,FALSE
"PT17","clonotype2",1.66922235451712,0.5768,TRUE
"PT17","clonotype1",2.38500447708019,0.5442,FALSE
"PT17","clonotype677",0,0.217433333333333,FALSE
"PT17","clonotype9",1.25435570995727,0.385666666666667,FALSE
"PT17","clonotype4",0,0.422133333333333,FALSE
"PT17","clonotype2",1.93664506136445,0.558866666666667,TRUE
"PT17","clonotype2",2.45861786988456,0.460433333333333,TRUE
"PT17","clonotype63",1.92625418110659,0.5373,FALSE
"PT17","clonotype43",0,0.213266666666667,FALSE
"PT17","clonotype835",0,0.145933333333333,FALSE
"PT17","clonotype4",1.67261725341957,0.522833333333333,FALSE
"PT17","clonotype67",0,0.4153,FALSE
"PT17","clonotype1",2.08060946866323,0.3892,FALSE
"PT17","clonotype2",2.02150473935525,0.391,TRUE
"PT17","clonotype811",0,0.210333333333333,FALSE
"PT17","clonotype378",0,0.0929333333333333,FALSE
"PT17","clonotype10",2.19383899284164,0.608966666666667,FALSE
"PT17","clonotype88",2.5512755840786,0.4245,FALSE
"PT17","clonotype12",2.33964822382224,0.466866666666667,TRUE
"PT17","clonotype120",0,0.163,FALSE
"PT17","clonotype1",1.66500015978949,0.424966666666667,FALSE
"PT17","clonotype8",2.23855185980789,0.606433333333333,FALSE
"PT17","clonotype2",0.994576502038476,0.527866666666667,TRUE
"PT17","clonotype333",0,0.319766666666667,FALSE
"PT17","clonotype831",1.88389283312223,0.180133333333333,FALSE
"PT17","clonotype825",0,0.0610666666666667,FALSE
"PT17","clonotype27",1.0773632838681,0.528566666666667,FALSE
"PT17","clonotype694",0,0.406866666666667,FALSE
"PT17","clonotype1",1.74999205109229,0.534766666666667,FALSE
"PT17","clonotype33",0,0.661433333333333,TRUE
"PT17","clonotype16",0,0.4644,FALSE
"PT17","clonotype55",1.97942599099163,0.257133333333333,FALSE
"PT17","clonotype9",0,0.615333333333333,FALSE
"PT17","clonotype116",0,0.178,FALSE
"PT17","clonotype50",2.93699651245354,0.438433333333333,FALSE
"PT17","clonotype80",1.33005137648441,0.238133333333333,FALSE
"PT17","clonotype158",0,0.221766666666667,FALSE
"PT17","clonotype5",0.925930617497902,0.461033333333333,FALSE
"PT17","clonotype33",1.57884914896636,0.544633333333333,TRUE
"PT17","clonotype3",1.59436805305187,0.316833333333333,FALSE
"PT17","clonotype165",0,0.2242,FALSE
"PT17","clonotype3",1.86467157638564,0.5287,FALSE
"PT17","clonotype2",0,0.353633333333333,TRUE
"PT17","clonotype32",1.04344471216742,0.482733333333333,FALSE
"PT17","clonotype23",1.40889765736149,0.524466666666667,FALSE
"PT17","clonotype8",1.60749438544755,0.554066666666667,FALSE
"PT17","clonotype402",1.88167332071562,0.6227,FALSE
"PT17","clonotype12",3.3963571845708,0.267066666666667,TRUE
"PT17","clonotype789",2.95995248124151,0.2744,FALSE
"PT17","clonotype19",0,0.209266666666667,FALSE
"PT17","clonotype7",1.2910220007116,0.739066666666667,FALSE
"PT17","clonotype828",0,0.263,FALSE
"PT17","clonotype1",0,0.433066666666667,FALSE
"PT17","clonotype24",0,0.181666666666667,FALSE
"PT17","clonotype1",0.909341050070654,0.5459,FALSE
"PT17","clonotype2",1.84377077288487,0.73,TRUE
"PT17","clonotype15",2.54129063156308,0.6151,FALSE
"PT17","clonotype5",0,0.2411,FALSE
"PT17","clonotype3",2.09919687955614,0.217933333333333,FALSE
"PT17","clonotype4",0,0.503433333333333,FALSE
"PT17","clonotype2",2.48733349101869,0.621666666666667,TRUE
"PT17","clonotype9",3.14439990589211,0.519566666666667,FALSE
"PT17","clonotype62",1.34946288248922,0.1609,FALSE
"PT17","clonotype225",1.06268628677421,0.396366666666667,FALSE
"PT17","clonotype187",0,0,FALSE
"PT17","clonotype1",4.13589286055599,0.374433333333333,FALSE
"PT17","clonotype937",1.48402387772078,0.431533333333333,FALSE
"PT17","clonotype2",1.0181064831894,0.582166666666667,TRUE
"PT17","clonotype86",2.4479082247159,0.350566666666667,FALSE
"PT17","clonotype2",0.967366113927122,0.7043,TRUE
"PT17","clonotype2",0,0.402533333333333,TRUE
"PT17","clonotype685",0,0.146766666666667,FALSE
"PT17","clonotype22",2.36838101346894,0.5933,FALSE
"PT17","clonotype137",2.05016810509146,0.302166666666667,FALSE
"PT17","clonotype11",1.77825014762418,0.677833333333333,FALSE
"PT17","clonotype4",1.33315849552057,0.360866666666667,FALSE
"PT17","clonotype524",0,0.2432,FALSE
"PT17","clonotype768",0,0.1637,FALSE
"PT17","clonotype695",0,0.265,FALSE
"PT17","clonotype106",0.622307970974459,0.2739,FALSE
"PT17","clonotype19",0,0.327866666666667,FALSE
"PT17","clonotype61",0,0.242333333333333,FALSE
"PT17","clonotype9",0,0.3275,FALSE
"PT17","clonotype138",1.14507818144989,0.230266666666667,FALSE
"PT17","clonotype61",0,0.243666666666667,FALSE
"PT17","clonotype3",2.26038927015661,0.6069,FALSE
"PT17","clonotype1",1.76855701131328,0.634733333333333,FALSE
"PT17","clonotype5",1.72362909589797,0.3388,FALSE
"PT17","clonotype730",0,0.1556,FALSE
"PT17","clonotype156",0,0.2208,FALSE
"PT17","clonotype489",0,0.0600666666666667,FALSE
"PT17","clonotype6",1.53774125828337,0.1483,FALSE
"PT17","clonotype924",0,0.376966666666667,FALSE
"PT17","clonotype82",1.30872750553035,0.6402,FALSE
"PT17","clonotype6",2.26405009543098,0.126733333333333,FALSE
"PT17","clonotype4",1.58713487347257,0.209066666666667,FALSE
"PT17","clonotype636",0,0.426466666666667,FALSE
"PT17","clonotype6",2.58013207765922,0.2495,FALSE
"PT17","clonotype96",1.75329201625284,0.523666666666667,FALSE
"PT17","clonotype396",0,0.342066666666667,FALSE
"PT17","clonotype12",2.25939846471098,0.435333333333333,TRUE
"PT17","clonotype11",1.58411085027365,0.7296,FALSE
"PT17","clonotype8",2.45411271778702,0.618933333333333,FALSE
"PT17","clonotype649",0,0.0884333333333334,FALSE
"PT17","clonotype1",0,0.7185,FALSE
"PT17","clonotype498",0,0.0974333333333334,FALSE
"PT17","clonotype39",1.5202884298907,0.0202666666666667,FALSE
"PT17","clonotype2",3.46394290482507,0.4556,TRUE
"PT17","clonotype5",1.3924466903774,0.525166666666667,FALSE
"PT17","clonotype705",0,0.180666666666667,FALSE
"PT17","clonotype21",1.78069211697573,0.612833333333333,FALSE
"PT17","clonotype23",0.925206808373383,0.6554,FALSE
"PT17","clonotype11",1.91733849316335,0.276,FALSE
"PT17","clonotype3",1.09657480362727,0.613366666666667,FALSE
"PT17","clonotype1",1.82545976606314,0.4958,FALSE
"PT17","clonotype864",0,0.1614,FALSE
"PT17","clonotype9",0,0.455666666666667,FALSE
"PT17","clonotype68",0,0.439666666666667,FALSE
"PT17","clonotype9",2.18022361542153,0.262733333333333,FALSE
"PT17","clonotype479",0.671081322909349,0.481933333333333,FALSE
"PT17","clonotype5",1.21897460054647,0.570333333333333,FALSE
"PT17","clonotype9",2.23537472820806,0.614533333333333,FALSE
"PT17","clonotype2",1.93802705441544,0.420566666666667,TRUE
"PT17","clonotype215",1.00448003527018,0.207966666666667,FALSE
"PT17","clonotype2",1.90527971882333,0.535166666666667,TRUE
"PT17","clonotype249",2.31864517699006,0.5782,FALSE
"PT17","clonotype900",0,0.454,FALSE
"PT17","clonotype3",0,0.472833333333333,FALSE
"PT17","clonotype25",0.826311494226336,0.327466666666667,FALSE
"PT17","clonotype550",0,0.287266666666667,FALSE
"PT17","clonotype11",0,0.6827,FALSE
"PT17","clonotype179",3.5833763974258,0.480766666666667,FALSE
"PT17","clonotype26",0.852946975838707,0.0877333333333333,FALSE
"PT17","clonotype299",0,0.2254,FALSE
"PT17","clonotype71",1.73462039663807,0.0897,FALSE
"PT17","clonotype6",0,0.271866666666667,FALSE
"PT17","clonotype21",1.59743534435321,0.6383,FALSE
"PT17","clonotype30",1.60051564943553,0.692333333333333,FALSE
"PT17","clonotype11",1.94119440166316,0.5343,FALSE
"PT17","clonotype71",1.76025165569983,0.193733333333333,FALSE
"PT17","clonotype6",1.50663402201619,0.252366666666667,FALSE
"PT17","clonotype664",0,0.0968333333333333,FALSE
"PT17","clonotype7",1.11261063394602,0.4045,FALSE
"PT17","clonotype188",1.5970512230868,0.288133333333333,FALSE
"PT17","clonotype112",1.87890728318997,0.418933333333333,FALSE
"PT17","clonotype5",0,0.214966666666667,FALSE
"PT17","clonotype6",2.04165974928862,0.4451,FALSE
"PT17","clonotype13",1.87230636634633,0.686533333333333,FALSE
"PT17","clonotype14",2.28492102353917,0.7443,FALSE
"PT17","clonotype204",2.61501494546326,0.678433333333333,FALSE
"PT17","clonotype1",0.970017458652908,0.636133333333333,FALSE
"PT17","clonotype2",0,0.625566666666667,TRUE
"PT17","clonotype17",0,0.572533333333333,FALSE
"PT17","clonotype644",1.96229440240406,0.1011,FALSE
"PT17","clonotype34",2.20872929324944,0.575533333333333,TRUE
"PT17","clonotype12",2.71917555183117,0.337666666666667,TRUE
"PT17","clonotype11",1.6807419102395,0.465933333333333,FALSE
"PT17","clonotype2",1.26819309380107,0.667333333333333,TRUE
"PT17","clonotype6",1.65371754193885,0.3849,FALSE
"PT17","clonotype106",1.449588245235,0.0673,FALSE
"PT17","clonotype22",1.64670007689193,0.492266666666667,FALSE
"PT17","clonotype516",2.74910928753573,0.4954,FALSE
"PT17","clonotype650",0,0.242666666666667,FALSE
"PT17","clonotype27",1.47913523133698,0.403066666666667,FALSE
"PT17","clonotype4",1.69857660757956,0.402066666666667,FALSE
"PT17","clonotype6",0.930298189483463,0.287766666666667,FALSE
"PT17","clonotype39",0,0.0738666666666666,FALSE
"PT17","clonotype11",2.48894320566217,0.525933333333333,FALSE
"PT17","clonotype7",1.99649923115009,0.539033333333333,FALSE
"PT17","clonotype3",0,0.462833333333333,FALSE
"PT17","clonotype482",0,0.257833333333333,FALSE
"PT17","clonotype708",1.00077772874765,0.4118,FALSE
"PT17","clonotype704",0.670333385093558,0.245133333333333,FALSE
"PT17","clonotype2",1.42847818929682,0.675466666666667,TRUE
"PT17","clonotype2",2.63562966100911,0.550366666666667,TRUE
"PT17","clonotype372",0,0.198566666666667,FALSE
"PT17","clonotype395",0,0.0779666666666666,FALSE
"PT17","clonotype255",0,0.195466666666667,FALSE
"PT17","clonotype5",2.0198731067953,0.590533333333333,FALSE
"PT17","clonotype195",0,0.0944,FALSE
"PT17","clonotype7",2.33903296066805,0.4227,FALSE
"PT17","clonotype31",2.43459640804886,0.4312,TRUE
"PT17","clonotype5",0,0.601233333333333,FALSE
"PT17","clonotype15",2.66427463020144,0.592966666666667,FALSE
"PT17","clonotype289",0,0.242466666666667,FALSE
"PT17","clonotype11",1.19584997034821,0.6115,FALSE
"PT17","clonotype2",1.10908287389963,0.529066666666667,TRUE
"PT17","clonotype898",2.68572020096044,0.6407,FALSE
"PT17","clonotype9",2.26450514122994,0.371833333333333,FALSE
"PT17","clonotype11",1.55298472997121,0.5339,FALSE
"PT17","clonotype3",2.56243059122007,0.508,FALSE
"PT17","clonotype35",2.23695208164112,0.7696,FALSE
"PT17","clonotype767",0,0.2326,FALSE
"PT17","clonotype95",3.30962563245418,0.178666666666667,FALSE
"PT17","clonotype720",0,0.380533333333333,FALSE
"PT17","clonotype198",0,0.3372,FALSE
"PT17","clonotype6",1.49280210926111,0.489266666666667,FALSE
"PT17","clonotype2",1.44617772984186,0.689166666666667,TRUE
"PT17","clonotype16",1.18241460041183,0.534933333333333,FALSE
"PT17","clonotype162",0,0.273233333333333,FALSE
"PT17","clonotype21",1.2444103303689,0.0915,FALSE
"PT17","clonotype590",0,0.226166666666667,FALSE
"PT17","clonotype603",0,0.2805,FALSE
"PT17","clonotype152",0,0.173666666666667,FALSE
"PT17","clonotype3",3.08637121730803,0.6655,FALSE
"PT17","clonotype36",0.874059964024801,0.469533333333333,FALSE
"PT17","clonotype2",1.71100064819151,0.537966666666667,TRUE
"PT17","clonotype762",0.958981891911482,0.2099,FALSE
"PT17","clonotype753",0,0.155033333333333,FALSE
"PT17","clonotype4",2.17014249915474,0.575566666666667,FALSE
"PT17","clonotype83",1.21469996151993,0.151066666666667,FALSE
"PT17","clonotype5",1.24172693034753,0.3775,FALSE
"PT17","clonotype462",0,0.100366666666667,FALSE
"PT17","clonotype264",0,0.0544666666666667,FALSE
"PT17","clonotype3",2.69529632323922,0.5797,FALSE
"PT17","clonotype211",1.23389660733779,0.298866666666667,FALSE
"PT17","clonotype58",1.61808916323908,0.5547,FALSE
"PT17","clonotype1",0,0.411233333333333,FALSE
"PT17","clonotype663",0,0.3002,FALSE
"PT17","clonotype7",2.40651809208186,0.753333333333333,FALSE
"PT17","clonotype2",1.27193808545379,0.651633333333333,TRUE
"PT17","clonotype19",0,0.381066666666667,FALSE
"PT17","clonotype44",1.92302586121564,0.2862,FALSE
"PT17","clonotype6",2.11502666985315,0.2126,FALSE
"PT17","clonotype8",1.13391372571408,0.459966666666667,FALSE
"PT17","clonotype392",0,0.2415,FALSE
"PT17","clonotype30",1.03031181488828,0.2817,FALSE
"PT17","clonotype1",1.88556138292523,0.405633333333333,FALSE
"PT17","clonotype4",3.24986882052673,0.535133333333333,FALSE
"PT17","clonotype68",0,0.236766666666667,FALSE
"PT17","clonotype876",0,0.0902666666666667,FALSE
"PT17","clonotype11",1.15878484206975,0.644366666666667,FALSE
"PT17","clonotype647",0,0.152866666666667,FALSE
"PT17","clonotype1",0.918269831409746,0.642533333333333,FALSE
"PT17","clonotype25",1.93251259572655,0.2498,FALSE
"PT17","clonotype794",0,0.177333333333333,FALSE
"PT17","clonotype1",3.36066271469152,0.3986,FALSE
"PT17","clonotype867",2.2239301211355,0.733466666666667,FALSE
"PT17","clonotype572",0,0.0893333333333334,FALSE
"PT17","clonotype1",2.04433772187332,0.570866666666667,FALSE
"PT17","clonotype2",1.7123438222823,0.511433333333333,TRUE
"PT17","clonotype777",0,0,FALSE
"PT17","clonotype173",2.16373795999555,0.4917,FALSE
"PT17","clonotype6",1.30524428151118,0.2633,FALSE
"PT17","clonotype1",1.22241731952341,0.558333333333333,FALSE
"PT17","clonotype7",2.09682258211143,0.6782,FALSE
"PT17","clonotype871",0.754309497014002,0.228466666666667,FALSE
"PT17","clonotype311",0,0.2861,FALSE
"PT17","clonotype689",0,0.0891666666666666,FALSE
"PT17","clonotype222",1.85962085907891,0.4355,FALSE
"PT17","clonotype11",0,0.678133333333333,FALSE
"PT17","clonotype4",2.5787234533512,0.2513,FALSE
"PT17","clonotype17",1.29981043754186,0.579566666666667,FALSE
"PT17","clonotype518",0,0.447666666666667,FALSE
"PT17","clonotype32",1.1999852329634,0.512033333333333,FALSE
"PT17","clonotype381",0.645644346521771,0.176466666666667,FALSE
"PT17","clonotype1",2.77990532476878,0.468333333333333,FALSE
"PT17","clonotype298",0,0.264666666666667,FALSE
"PT17","clonotype13",2.34659703617289,0.626433333333333,FALSE
"PT17","clonotype3",1.52201424060201,0.510833333333333,FALSE
"PT17","clonotype30",0,0.3871,FALSE
"PT17","clonotype181",0,0.311966666666667,FALSE
"PT17","clonotype154",0,0.227166666666667,FALSE
"PT17","clonotype5",1.66922235451712,0.435466666666667,FALSE
"PT17","clonotype6",0.692869636146191,0.1799,FALSE
"PT17","clonotype3",1.86358665911821,0.618,FALSE
"PT17","clonotype9",0,0.2928,FALSE
"PT17","clonotype67",0,0.3438,FALSE
"PT17","clonotype1",0,0.179566666666667,FALSE
"PT17","clonotype8",0,0.356766666666667,FALSE
"PT17","clonotype62",2.60365658527026,0.297666666666667,FALSE
"PT17","clonotype8",1.7704861394014,0.448933333333333,FALSE
"PT17","clonotype1",0.961324688228185,0.569833333333333,FALSE
"PT17","clonotype15",2.46296899957658,0.618666666666667,FALSE
"PT17","clonotype2",2.3258987709779,0.525066666666667,TRUE
"PT17","clonotype10",1.58827215591201,0.6144,FALSE
"PT17","clonotype782",0,0.100833333333333,FALSE
"PT17","clonotype58",2.38307189267168,0.2801,FALSE
"PT17","clonotype337",2.27021175702698,0.169,FALSE
"PT17","clonotype888",0,0,FALSE
"PT17","clonotype19",0,0.2984,FALSE
"PT17","clonotype23",2.22277291913526,0.626,FALSE
"PT17","clonotype143",0.801689120379989,0.199533333333333,FALSE
"PT17","clonotype79",0,0.227933333333333,FALSE
"PT17","clonotype2",1.65247435810242,0.4653,TRUE
"PT17","clonotype3",0,0.611233333333333,FALSE
"PT17","clonotype1",1.55491346231436,0.3483,FALSE
"PT17","clonotype384",0,0,FALSE
"PT17","clonotype212",0,0.284666666666667,FALSE
"PT17","clonotype12",2.21410565832265,0.651966666666667,TRUE
"PT17","clonotype32",2.40503619975164,0.6403,FALSE
"PT17","clonotype8",1.96615044018802,0.1804,FALSE
"PT17","clonotype3",0,0.4554,FALSE
"PT17","clonotype2",0.91755834422851,0.6603,TRUE
"PT17","clonotype301",0,0.332533333333333,FALSE
"PT17","clonotype41",2.92072042322294,0.281466666666667,FALSE
"PT17","clonotype9",1.58637767891226,0.660533333333333,FALSE
"PT17","clonotype3",0.869794097036587,0.4813,FALSE
"PT17","clonotype3",1.73415929856698,0.602633333333333,FALSE
"PT17","clonotype4",1.49690036656818,0.464666666666667,FALSE
"PT17","clonotype1",1.0607608588505,0.5961,FALSE
"PT17","clonotype12",1.82960880706507,0.489533333333333,TRUE
"PT17","clonotype54",3.0098293087448,0.3444,FALSE
"PT17","clonotype1",0,0.551666666666667,FALSE
"PT17","clonotype2",1.72090551577078,0.689866666666667,TRUE
"PT17","clonotype9",2.17478159343665,0.334166666666667,FALSE
"PT17","clonotype3",1.49490356602076,0.548266666666667,FALSE
"PT17","clonotype546",0,0.2139,FALSE
"PT17","clonotype29",1.67688249114921,0.2866,FALSE
"PT17","clonotype5",2.60245554618653,0.536166666666667,FALSE
"PT17","clonotype6",0,0.1701,FALSE
"PT17","clonotype41",0,0.612633333333333,FALSE
"PT17","clonotype14",1.1987414836879,0.353666666666667,FALSE
"PT17","clonotype802",0,0.2226,FALSE
"PT17","clonotype4",2.45931277838473,0.496166666666667,FALSE
"PT17","clonotype494",1.46658684147148,0.3876,FALSE
"PT17","clonotype320",0,0.254433333333333,FALSE
"PT17","clonotype76",0,0.2744,FALSE
"PT17","clonotype4",2.05830512292764,0.620666666666667,FALSE
"PT17","clonotype631",0,0.126833333333333,FALSE
"PT17","clonotype25",2.08130829747256,0.176633333333333,FALSE
"PT17","clonotype6",1.25298959064882,0.2489,FALSE
"PT17","clonotype2",1.99989106347572,0.5771,TRUE
"PT17","clonotype713",0,0.0951,FALSE
"PT17","clonotype71",1.70299064194896,0.522833333333333,FALSE
"PT17","clonotype35",1.96085677001464,0.444666666666667,FALSE
"PT17","clonotype504",0,0.2374,FALSE
"PT17","clonotype32",2.64034964637936,0.3948,FALSE
"PT17","clonotype191",0,0.158733333333333,FALSE
"PT17","clonotype15",2.38018015436652,0.457933333333333,FALSE
"PT17","clonotype8",0,0.405633333333333,FALSE
"PT17","clonotype2",1.91772416975453,0.661166666666667,TRUE
"PT17","clonotype810",0,0.244866666666667,FALSE
"PT17","clonotype8",2.36679742543319,0.525633333333333,FALSE
"PT17","clonotype336",0.964992722867642,0.2489,FALSE
"PT17","clonotype9",1.85782454659733,0.526766666666667,FALSE
"PT17","clonotype141",0,0.226866666666667,FALSE
"PT17","clonotype6",0.839510705319924,0.4336,FALSE
"PT17","clonotype727",0,0.366733333333333,FALSE
"PT17","clonotype697",0,0.337466666666667,FALSE
"PT17","clonotype11",3.12157887251587,0.580066666666667,FALSE
"PT17","clonotype2",2.82534466541021,0.512466666666667,TRUE
"PT17","clonotype7",1.0276065444005,0.667233333333333,FALSE
"PT17","clonotype1",3.22707716034235,0.364166666666667,FALSE
"PT17","clonotype16",2.13459441222656,0.568033333333333,FALSE
"PT17","clonotype14",2.20231844031427,0.591966666666667,FALSE
"PT17","clonotype5",2.42112628200039,0.346633333333333,FALSE
"PT17","clonotype416",0,0.156866666666667,FALSE
"PT17","clonotype1",1.04189971456985,0.600166666666667,FALSE
"PT17","clonotype1",1.46978230666649,0.379,FALSE
"PT17","clonotype174",0,0.432166666666667,FALSE
"PT17","clonotype2",1.94856457577085,0.4152,TRUE
"PT17","clonotype3",2.52702781437326,0.602233333333333,FALSE
"PT17","clonotype2",2.01467231461443,0.439633333333333,TRUE
"PT17","clonotype43",0,0.0862000000000001,FALSE
"PT17","clonotype199",0,0.298633333333333,FALSE
"PT17","clonotype35",1.06140185777214,0.6417,FALSE
"PT17","clonotype16",1.52513149910607,0.4328,FALSE
"PT17","clonotype897",0,0.1829,FALSE
"PT17","clonotype1",1.77290420383386,0.675066666666667,FALSE
"PT17","clonotype719",0,0.2222,FALSE
"PT17","clonotype126",0,0,FALSE
"PT17","clonotype1",0,0.615033333333333,FALSE
"PT17","clonotype4",0,0.4732,FALSE
"PT17","clonotype210",1.72362909589797,0.148733333333333,FALSE
"PT17","clonotype22",2.58874296895594,0.508266666666667,FALSE
"PT17","clonotype8",0,0.515266666666667,FALSE
"PT17","clonotype8",3.01333499775427,0.3187,FALSE
"PT17","clonotype63",1.06140185777214,0.608533333333333,FALSE
"PT17","clonotype3",2.2989759273112,0.5886,FALSE
"PT17","clonotype31",1.60593776913511,0.260766666666667,TRUE
"PT17","clonotype611",0,0.170666666666667,FALSE
"PT17","clonotype790",0,0.319033333333333,FALSE
"PT17","clonotype9",1.4180219568129,0.658333333333333,FALSE
"PT17","clonotype43",0,0.462233333333333,FALSE
"PT17","clonotype31",3.01614743805726,0.177266666666667,TRUE
"PT17","clonotype510",0,0.0861333333333333,FALSE
"PT17","clonotype530",2.40099704146186,0.441166666666667,FALSE
"PT17","clonotype70",0,0.229633333333333,FALSE
"PT17","clonotype72",1.1987414836879,0.426366666666667,FALSE
"PT17","clonotype4",0.93990909111879,0.5724,FALSE
"PT17","clonotype6",1.69462568780159,0.0938666666666667,FALSE
"PT17","clonotype495",0,0.228733333333333,FALSE
"PT17","clonotype321",0,0.556366666666667,FALSE
"PT17","clonotype424",0.763776286600087,0.235333333333333,FALSE
"PT17","clonotype5",1.10697745615196,0.383133333333333,FALSE
"PT17","clonotype7",2.66682512183485,0.4229,FALSE
"PT17","clonotype4",2.0624019046157,0.4058,FALSE
"PT17","clonotype10",0.99317825433416,0.653366666666667,FALSE
"PT17","clonotype2",1.33602036901344,0.565066666666667,TRUE
"PT17","clonotype571",0,0.157066666666667,FALSE
"PT17","clonotype100",1.20164781543616,0.3551,FALSE
"PT17","clonotype879",0,0.0767,FALSE
"PT17","clonotype764",1.29393736966651,0.527733333333333,FALSE
"PT17","clonotype1",1.77922603178032,0.169,FALSE
"PT17","clonotype738",0,0.266633333333333,FALSE
"PT17","clonotype5",0,0.589166666666667,FALSE
"PT17","clonotype325",0,0.154,FALSE
"PT17","clonotype17",1.0509277573638,0.4958,FALSE
"PT17","clonotype425",2.25657330881588,0.3538,FALSE
"PT17","clonotype10",2.56590021592317,0.381066666666667,FALSE
"PT17","clonotype884",2.25319425266747,0.346933333333333,FALSE
"PT17","clonotype117",0.668470943913921,0.0806666666666667,FALSE
"PT17","clonotype480",0,0.1655,FALSE
"PT17","clonotype7",1.1696869964247,0.372866666666667,FALSE
"PT17","clonotype3",1.26772661832748,0.634866666666667,FALSE
"PT17","clonotype39",0,0.1136,FALSE
"PT17","clonotype5",2.16783171028474,0.478033333333333,FALSE
"PT17","clonotype1",1.90243404708079,0.671433333333333,FALSE
"PT17","clonotype14",1.7594576696741,0.654033333333333,FALSE
"PT17","clonotype17",1.58486566866135,0.511733333333333,FALSE
"PT17","clonotype156",0,0.2194,FALSE
"PT17","clonotype3",2.28695783091152,0.4711,FALSE
"PT17","clonotype8",1.7821609202989,0.2477,FALSE
"PT17","clonotype5",1.80738604472416,0.568933333333333,FALSE
"PT17","clonotype7",1.70387651625963,0.6285,FALSE
"PT17","clonotype8",2.35547102604677,0.5489,FALSE
"PT17","clonotype242",0,0.381466666666667,FALSE
"PT17","clonotype2",1.79251935545702,0.675633333333333,TRUE
"PT17","clonotype9",2.00031597891722,0.6994,FALSE
"PT17","clonotype309",1.81671323268158,0.363333333333333,FALSE
"PT17","clonotype2",1.16811632497436,0.665866666666667,TRUE
"PT17","clonotype710",1.14207844482028,0.217666666666667,FALSE
"PT17","clonotype47",0,0.1598,FALSE
"PT17","clonotype2",1.26726050766924,0.690433333333333,TRUE
"PT17","clonotype2",1.54842491128392,0.593766666666667,TRUE
"PT17","clonotype27",1.20708501365504,0.384833333333333,FALSE
"PT17","clonotype17",0,0.5464,FALSE
"PT17","clonotype5",2.86659854923257,0.432433333333333,FALSE
"PT17","clonotype216",0,0.0483,FALSE
"PT17","clonotype7",0.958722311638606,0.6217,FALSE
"PT17","clonotype6",1.62324548928076,0.312933333333333,FALSE
"PT17","clonotype41",2.11744959354574,0.3269,FALSE
"PT17","clonotype3",1.25344461245204,0.5388,FALSE
"PT17","clonotype20",0,0.329333333333333,FALSE
"PT17","clonotype1",2.52539347312317,0.599933333333333,FALSE
"PT17","clonotype2",1.68982445590339,0.640433333333333,TRUE
"PT17","clonotype1",1.91888226450912,0.613533333333333,FALSE
"PT17","clonotype40",1.93487152774626,0.2946,FALSE
"PT17","",1.02506512159858,0.5634,FALSE
"PT17","clonotype840",0,0.210833333333333,FALSE
"PT17","clonotype2",2.35876095284986,0.505266666666667,TRUE
"PT17","clonotype107",0,0.1166,FALSE
"PT17","clonotype726",0.835779252881348,0.297733333333333,FALSE
"PT17","clonotype544",0,0.274666666666667,FALSE
"PT17","clonotype2",2.66938182296403,0.582733333333333,TRUE
"PT17","clonotype455",1.0938352627497,0.0262666666666667,FALSE
"PT17","clonotype752",1.93644781812121,0.330366666666667,FALSE
"PT17","clonotype17",1.75471055897023,0.536366666666667,FALSE
"PT17","clonotype6",0,0.2011,FALSE
"PT17","clonotype648",0,0.105533333333333,FALSE
"PT17","clonotype4",2.39374859755544,0.5311,FALSE
"PT17","clonotype346",1.61454050365358,0.186466666666667,FALSE
"PT17","clonotype54",1.94916497354739,0.272966666666667,FALSE
"PT17","clonotype3",1.23683911307317,0.6137,FALSE
"PT17","clonotype10",2.45515056445919,0.546,FALSE
"PT17","clonotype668",0,0.302566666666667,FALSE
"PT17","clonotype379",0,0.253933333333333,FALSE
"PT17","clonotype3",0,0.3224,FALSE
"PT17","clonotype1",0,0.600866666666667,FALSE
"PT17","clonotype6",1.21983335394114,0.248766666666667,FALSE
"PT17","clonotype251",0,0.102433333333333,FALSE
"PT17","clonotype1",0,0.674233333333333,FALSE
"PT17","clonotype203",0,0.0683666666666667,FALSE
"PT17","clonotype61",0,0.182266666666667,FALSE
"PT17","clonotype8",2.65060815093861,0.561966666666667,FALSE
"PT17","clonotype7",1.83534869238206,0.646133333333333,FALSE
"PT17","clonotype376",0,0.245433333333333,FALSE
"PT17","clonotype8",1.68765206101291,0.47,FALSE
"PT17","clonotype59",0,0.252533333333333,FALSE
"PT17","clonotype8",1.31424143733821,0.504766666666667,FALSE
"PT17","clonotype116",0,0.330866666666667,FALSE
"PT17","clonotype1",0,0.5842,FALSE
"PT17","clonotype1",2.63848394267565,0.4438,FALSE
"PT17","clonotype170",0,0.387733333333333,FALSE
"PT17","clonotype5",2.53553901097754,0.536066666666667,FALSE
"PT17","clonotype202",0,0.540033333333333,FALSE
"PT17","clonotype3",2.48358747849348,0.331933333333333,FALSE
"PT17","clonotype79",0,0.3719,FALSE
"PT17","clonotype5",2.47190443941966,0.336033333333333,FALSE
"PT17","clonotype40",0.954074645496557,0.282166666666667,FALSE
"PT17","clonotype1",0,0.666033333333333,FALSE
"PT17","clonotype6",2.49757207970496,0.307166666666667,FALSE
"PT17","clonotype7",2.4275017557859,0.4652,FALSE
"PT17","clonotype28",0,0.351733333333333,FALSE
"PT17","clonotype51",0,0.385133333333333,FALSE
"PT17","clonotype503",0,0.095,FALSE
"PT17","clonotype3",0,0.5437,FALSE
"PT17","clonotype80",1.59935900427954,0.266433333333333,FALSE
"PT17","clonotype65",0,0.462566666666667,FALSE
"PT17","clonotype805",0,0.1366,FALSE
"PT17","clonotype5",2.81789448913088,0.460266666666667,FALSE
"PT17","clonotype8",1.13649824961534,0.435066666666667,FALSE
"PT17","clonotype2",1.63771580928377,0.625733333333333,TRUE
"PT17","clonotype11",1.12514549270747,0.651533333333333,FALSE
"PT17","clonotype12",1.66080157172111,0.489833333333333,TRUE
"PT17","clonotype4",2.27365230528598,0.527566666666667,FALSE
"PT17","clonotype1",0,0.437066666666667,FALSE
"PT17","clonotype87",2.06950220333259,0.566133333333333,FALSE
"PT17","clonotype10",2.55438020304405,0.415466666666667,FALSE
"PT17","clonotype95",1.34046923359624,0.163833333333333,FALSE
"PT17","clonotype60",1.55854401373228,0.5245,FALSE
"PT17","clonotype1",1.74017503382399,0.264233333333333,FALSE
"PT17","clonotype5",1.89903201295925,0.462666666666667,FALSE
"PT17","clonotype493",0,0.210166666666667,FALSE
"PT17","clonotype2",3.32179737007111,0.732666666666667,TRUE
"PT17","clonotype29",1.7069851769373,0.549833333333333,FALSE
"PT17","clonotype190",2.0209605226339,0.465733333333333,FALSE
"PT17","clonotype125",0,0.4455,FALSE
"PT17","clonotype20",0,0.369366666666667,FALSE
"PT17","clonotype3",2.41645472745566,0.671833333333333,FALSE
"PT17","clonotype842",0,0.270633333333333,FALSE
"PT17","clonotype9",1.13872343443527,0.527566666666667,FALSE
"PT17","clonotype933",0.756534069283099,0.3106,FALSE
"PT17","clonotype836",0,0.212,FALSE
"PT17","clonotype9",1.85872221040375,0.602366666666667,FALSE
"PT17","clonotype635",0,0.151133333333333,FALSE
"PT17","clonotype90",0,0.244066666666667,FALSE
"PT17","clonotype9",2.92072042322294,0.703466666666667,FALSE
"PT17","clonotype151",1.2462061126324,0.1956,FALSE
"PT17","clonotype5",2.34381152076549,0.594833333333333,FALSE
"PT17","clonotype890",0,0.159933333333333,FALSE
"PT17","clonotype13",1.98556687573583,0.427633333333333,FALSE
"PT17","clonotype549",0,0.3156,FALSE
"PT17","clonotype707",0,0.439933333333333,FALSE
"PT17","clonotype16",1.21811712634805,0.506,FALSE
"PT17","clonotype15",1.8264950314736,0.281766666666667,FALSE
"PT17","clonotype408",1.12623372567635,0.5184,FALSE
"PT17","clonotype312",0,0.1728,FALSE
"PT17","clonotype119",1.85998059471444,0.0610000000000001,FALSE
"PT17","clonotype2",2.60927992895981,0.730233333333333,TRUE
"PT17","clonotype260",0,0.2081,FALSE
"PT17","clonotype32",2.11793496019343,0.3828,FALSE
"PT17","clonotype339",2.72725622857695,0.385166666666667,FALSE
"PT17","clonotype2",1.55346642180036,0.5475,TRUE
"PT17","clonotype257",2.25589652821665,0.473666666666667,FALSE
"PT17","clonotype7",1.51650663069833,0.5193,FALSE
"PT17","clonotype75",2.0479210796494,0.277866666666667,FALSE
"PT17","clonotype556",0,0.0984333333333334,FALSE
"PT17","clonotype300",0,0.2033,FALSE
"PT17","clonotype4",0,0.341633333333333,FALSE
"PT17","clonotype54",0,0.366966666666667,FALSE
"PT17","clonotype914",3.04435536583485,0.432366666666667,FALSE
"PT17","clonotype186",0,0.286266666666667,FALSE
"PT17","clonotype8",0,0.523366666666667,FALSE
"PT17","clonotype167",0,0.2658,FALSE
"PT17","clonotype1",1.68462111546363,0.5883,FALSE
"PT17","clonotype11",0,0.678766666666667,FALSE
"PT17","clonotype2",2.20632003416439,0.5056,TRUE
"PT17","clonotype33",2.92341654649571,0.363766666666667,TRUE
"PT17","clonotype3",1.7286474079724,0.5773,FALSE
"PT17","clonotype515",0.959761507716826,0.4041,FALSE
"PT17","clonotype23",0,0.4052,FALSE
"PT17","clonotype13",0,0.390333333333333,FALSE
"PT17","clonotype2",0,0.4676,TRUE
"PT17","clonotype23",1.08992219349366,0.1954,FALSE
"PT17","clonotype57",1.71189583646809,0.667933333333333,FALSE
"PT17","clonotype511",1.48927729916655,0.233266666666667,FALSE
"PT17","clonotype609",1.98891594276551,0.202733333333333,FALSE
"PT17","clonotype53",2.66938182296403,0.617266666666667,FALSE
"PT17","clonotype1",2.3069736869991,0.520666666666667,FALSE
"PT17","clonotype50",2.09919687955614,0.2919,FALSE
"PT17","clonotype801",0.843475740416452,0.293533333333333,FALSE
"PT17","clonotype2",1.19011092499073,0.596266666666667,TRUE
"PT17","clonotype281",0,0.2417,FALSE
"PT17","clonotype1",1.89790108262925,0.614833333333333,FALSE
"PT17","clonotype131",2.13756637695862,0.356566666666667,FALSE
"PT17","clonotype29",2.88667486909315,0.3856,FALSE
"PT17","clonotype2",2.37921813866585,0.365666666666667,TRUE
"PT17","clonotype4",2.9425852638509,0.554633333333333,FALSE
"PT17","clonotype555",0,0.149466666666667,FALSE
"PT17","clonotype4",1.84165705724314,0.6774,FALSE
"PT17","clonotype896",0,0.206366666666667,FALSE
"PT17","clonotype386",0,0.152,FALSE
"PT17","clonotype618",1.47832385565992,0.357,FALSE
"PT17","clonotype163",1.76663259453901,0.353333333333333,FALSE
"PT17","clonotype24",0,0.428566666666667,FALSE
"PT17","clonotype10",1.7286474079724,0.3116,FALSE
"PT17","clonotype227",0,0.187966666666667,FALSE
"PT17","clonotype604",1.48076088840587,0.1172,FALSE
"PT17","clonotype22",2.31054980974484,0.349866666666667,FALSE
"PT17","clonotype200",2.09575619720811,0.667633333333333,FALSE
"PT17","clonotype8",2.04032381641771,0.506666666666667,FALSE
"PT17","clonotype15",1.0151751021774,0.591266666666667,FALSE
"PT17","clonotype9",3.18114395868825,0.7423,FALSE
"PT17","clonotype187",1.55202232666533,0.0803666666666667,FALSE
"PT17","clonotype7",2.17555705734497,0.482633333333333,FALSE
"PT17","clonotype3",1.09691825746339,0.515333333333333,FALSE
"PT17","clonotype1",1.60983555245761,0.5318,FALSE
"PT17","clonotype1",2.06148986800897,0.7442,FALSE
"PT17","clonotype19",0,0.347433333333333,FALSE
"PT17","clonotype83",1.76855701131328,0.327933333333333,FALSE
"PT17","clonotype224",0,0.284033333333333,FALSE
"PT17","clonotype743",0.710777473395018,0.1698,FALSE
"PT17","clonotype10",0,0.685666666666667,FALSE
"PT17","clonotype2",1.449588245235,0.553266666666667,TRUE
"PT17","clonotype11",0,0.491333333333333,FALSE
"PT17","clonotype807",3.46084535920833,0.142266666666667,FALSE
"PT17","clonotype579",0,0.185833333333333,FALSE
"PT17","clonotype1",1.63852808142173,0.648033333333333,FALSE
"PT17","clonotype1",0,0.4457,FALSE
"PT17","clonotype622",0,0.220966666666667,FALSE
"PT17","clonotype380",1.76759421519845,0.096,FALSE
"PT17","clonotype12",1.99143631010684,0.549766666666667,TRUE
"PT17","clonotype5",1.98410574447423,0.248566666666667,FALSE
"PT17","clonotype20",0,0.0571,FALSE
"PT17","clonotype7",0.932008222699155,0.618533333333333,FALSE
"PT17","clonotype10",0,0.5321,FALSE
"PT17","clonotype8",1.84271322867157,0.434566666666667,FALSE
"PT17","clonotype2",2.13385293896753,0.556966666666667,TRUE
"PT17","clonotype2",1.91425945074955,0.7737,TRUE
"PT17","clonotype57",0.914959277128784,0.145133333333333,FALSE
"PT17","clonotype2",3.20195885819066,0.330366666666667,TRUE
"PT17","clonotype2",1.14395133973069,0.651233333333333,TRUE
"PT17","clonotype653",1.28763838198106,0.3906,FALSE
"PT17","clonotype142",0,0.170533333333333,FALSE
"PT17","clonotype327",0,0.2407,FALSE
"PT17","clonotype10",2.34334804644998,0.36,FALSE
"PT17","clonotype37",0,0.345666666666667,FALSE
"PT17","clonotype13",1.77274276884016,0.450633333333333,FALSE
"PT17","clonotype8",1.13649824961534,0.645866666666667,FALSE
"PT17","clonotype35",1.67773843838843,0.5497,FALSE
"PT17","clonotype128",0,0.0892666666666667,FALSE
"PT17","clonotype46",2.47190443941966,0.3637,FALSE
"PT17","clonotype453",0,0.186566666666667,FALSE
"PT17","clonotype37",0,0.1833,FALSE
"PT17","clonotype2",2.55966332285369,0.700133333333333,TRUE
"PT17","clonotype7",2.40552991609055,0.262366666666667,FALSE
"PT17","clonotype3",2.06697622830257,0.507533333333333,FALSE
"PT17","clonotype522",1.12741514254086,0.436766666666667,FALSE
"PT17","clonotype645",0,0.261366666666667,FALSE
"PT17","clonotype9",0,0.622066666666667,FALSE
"PT17","clonotype1",1.87505033058318,0.285733333333333,FALSE
"PT17","clonotype186",0,0.2638,FALSE
"PT17","clonotype13",2.37921813866585,0.2855,FALSE
"PT17","clonotype1",0,0.4104,FALSE
"PT17","clonotype736",0,0.1434,FALSE
"PT17","clonotype159",1.1979965411553,0.0906,FALSE
"PT17","clonotype1",2.42246507724216,0.265966666666667,FALSE
"PT17","clonotype9",0,0.735066666666667,FALSE
"PT17","clonotype16",2.82091056661761,0.686433333333333,FALSE
"PT17","clonotype365",0,0.284533333333333,FALSE
"PT17","clonotype624",1.75803051618069,0.2269,FALSE
"PT17","clonotype13",1.56463639453722,0.637366666666667,FALSE
"PT17","clonotype754",0,0.0955,FALSE
"PT17","clonotype81",0,0.311833333333333,FALSE
"PT17","clonotype472",0,0.237633333333333,FALSE
"PT17","clonotype5",1.11723208014495,0.8036,FALSE
"PT17","clonotype8",2.46642858482804,0.471533333333333,FALSE
"PT17","clonotype15",1.04005200490612,0.730733333333333,FALSE
"PT17","clonotype7",0,0.431366666666667,FALSE
"PT17","clonotype5",2.37346585109996,0.574233333333333,FALSE
"PT17","clonotype2",2.05106852178117,0.6019,TRUE
"PT17","clonotype1",0,0.422266666666667,FALSE
"PT17","clonotype6",1.69506366891031,0.0958666666666667,FALSE
"PT17","clonotype7",1.55346642180036,0.426433333333333,FALSE
"PT17","clonotype168",0,0.0968666666666667,FALSE
"PT17","clonotype3",1.23772476939281,0.4626,FALSE
"PT17","clonotype163",1.88148862993395,0.452,FALSE
"PT17","clonotype79",0,0.1889,FALSE
"PT17","clonotype19",0,0.245633333333333,FALSE
"PT17","clonotype11",2.23896706284536,0.689566666666667,FALSE
"PT17","clonotype2",0,0.593866666666667,TRUE
"PT17","clonotype1",2.35153777175537,0.593333333333333,FALSE
"PT17","clonotype606",0,0.313866666666667,FALSE
"PT17","clonotype6",0.773823153353794,0.326533333333333,FALSE
"PT17","clonotype1",2.11502666985315,0.584633333333333,FALSE
"PT17","clonotype3",2.53903122331737,0.554333333333333,FALSE
"PT17","clonotype882",1.7865837225132,0.257833333333333,FALSE
"PT17","clonotype6",0,0,FALSE
"PT17","clonotype6",1.04005200490612,0.3789,FALSE
"PT17","clonotype24",0,0.310933333333333,FALSE
"PT17","clonotype7",1.88444864279049,0.661466666666667,FALSE
"PT17","clonotype2",1.47524942311661,0.641433333333333,TRUE
"PT17","clonotype81",0,0.386466666666667,FALSE
"PT17","clonotype4",2.38307189267168,0.509533333333333,FALSE
"PT17","clonotype15",0.701092577304749,0.727633333333333,FALSE
"PT17","clonotype10",1.92703394502028,0.680666666666667,FALSE
"PT17","clonotype558",0,0.4206,FALSE
"PT17","clonotype45",0,0.4355,TRUE
"PT17","clonotype11",2.18884083528599,0.779166666666667,FALSE
"PT17","clonotype6",1.71070248393221,0.215733333333333,FALSE
"PT17","clonotype701",0,0.2286,FALSE
"PT17","clonotype7",2.22700024056337,0.6973,FALSE
"PT17","clonotype1",2.0350003198383,0.4529,FALSE
"PT17","clonotype29",1.75708052113972,0.614933333333333,FALSE
"PT17","clonotype7",2.26735414811489,0.6247,FALSE
"PT17","clonotype341",0,0.1246,FALSE
"PT17","clonotype121",0,0.1494,FALSE
"PT17","clonotype49",1.87413466040338,0.119133333333333,FALSE
"PT17","clonotype71",0,0.441133333333333,FALSE
"PT17","clonotype110",0,0.3083,FALSE
"PT17","clonotype9",1.58713487347257,0.554833333333333,FALSE
"PT17","clonotype76",0,0.317933333333333,FALSE
"PT17","clonotype35",1.19708738350265,0.4824,FALSE
"PT17","clonotype29",2.36017433824634,0.636866666666667,FALSE
"PT17","clonotype1",0,0.4279,FALSE
"PT17","clonotype4",1.44617772984186,0.304166666666667,FALSE
"PT17","clonotype1",2.28637544102973,0.513633333333333,FALSE
"PT17","clonotype1",2.64910060377417,0.596733333333333,FALSE
"PT17","clonotype2",2.28579340726945,0.764666666666667,TRUE
"PT17","clonotype146",0,0.1607,FALSE
"PT17","clonotype1",0,0.642066666666667,FALSE
"PT17","clonotype18",2.2298748108938,0.466566666666667,FALSE
"PT17","clonotype856",0,0.1482,FALSE
"PT17","clonotype620",1.31035147324385,0.137733333333333,FALSE
"PT17","clonotype166",0,0.4394,FALSE
"PT17","clonotype3",2.19700969628345,0.448833333333333,FALSE
"PT17","clonotype2",1.61454050365358,0.646533333333333,TRUE
"PT17","clonotype737",1.77532969693014,0.523433333333333,FALSE
"PT17","clonotype673",0,0.276233333333333,FALSE
"PT17","clonotype91",0,0.197666666666667,FALSE
"PT17","clonotype263",1.04251714055244,0.322966666666667,FALSE
"PT17","clonotype6",2.78917569629333,0.234766666666667,FALSE
"PT17","clonotype894",2.26678365999855,0,FALSE
"PT17","clonotype15",1.03943761956812,0.765033333333333,FALSE
"PT17","clonotype1",1.16890110451243,0.5293,FALSE
"PT17","clonotype12",2.67451396081494,0.1974,TRUE
"PT17","clonotype2",0,0.514033333333333,TRUE
"PT17","clonotype3",1.66584270327085,0.5007,FALSE
"PT17","clonotype3",1.16498828116027,0.511266666666667,FALSE
"PT17","clonotype8",1.45520682725078,0.4678,FALSE
"PT17","clonotype10",0.853558959254138,0.6721,FALSE
"PT17","clonotype9",2.3614324079473,0.377766666666667,FALSE
"PT17","clonotype124",2.03235064035126,0.294433333333333,FALSE
"PT17","clonotype6",1.06558816262546,0.270133333333333,FALSE
"PT17","clonotype860",2.56938161590963,0.209766666666667,FALSE
"PT17","clonotype3",2.43053610574317,0.625433333333333,FALSE
"PT17","clonotype182",0,0.3323,FALSE
"PT17","clonotype4",2.28929095915119,0.578,FALSE
"PT17","clonotype357",1.98933549279473,0.606,FALSE
"PT17","clonotype5",1.65496279866878,0.6343,FALSE
"PT17","clonotype53",2.60305589149851,0.4096,FALSE
"PT17","clonotype10",2.45048873727733,0.381,FALSE
"PT17","clonotype35",0,0.515833333333333,FALSE
"PT17","clonotype5",0,0.384,FALSE
"PT17","clonotype11",0.932743086700756,0.480866666666667,FALSE
"PT17","clonotype4",1.31022639987542,0.426566666666667,FALSE
"PT17","clonotype850",0,0.229,FALSE
"PT17","clonotype1",1.78118141565868,0.647666666666667,FALSE
"PT17","clonotype700",0,0.264066666666667,FALSE
"PT17","clonotype870",0,0.4295,FALSE
"PT17","clonotype10",1.28715654992131,0.663066666666667,FALSE
"PT17","clonotype7",2.0209605226339,0.583666666666667,FALSE
"PT17","clonotype2",2.28172911101689,0.470033333333333,TRUE
"PT17","clonotype1",2.55690351072821,0.390166666666667,FALSE
"PT17","clonotype23",2.6497284844289,0.3426,FALSE
"PT17","clonotype138",1.86088062522473,0.256533333333333,FALSE
"PT17","clonotype826",0,0.02,FALSE
"PT17","clonotype150",0,0.216533333333333,FALSE
"PT17","clonotype41",2.01186813817087,0.5826,FALSE
"PT17","clonotype182",0,0.3095,FALSE
"PT17","clonotype6",1.43726903684799,0.104533333333333,FALSE
"PT17","clonotype275",0,0.262166666666667,FALSE
"PT17","clonotype233",1.89752444707178,0.508,FALSE
"PT17","clonotype10",1.43058946286561,0.7472,FALSE
"PT17","clonotype1",2.8631175844461,0.367066666666667,FALSE
"PT17","clonotype42",2.62797421602319,0.6379,FALSE
"PT17","clonotype1",2.01402439422184,0.5973,FALSE
"PT17","clonotype6",1.6798825574695,0.331,FALSE
"PT17","clonotype1",1.95882945527603,0.471,FALSE
"PT17","clonotype2",2.93973258059902,0.463433333333333,TRUE
"PT17","clonotype50",0.960803041844069,0.574333333333333,FALSE
"PT17","clonotype151",1.05948128419082,0.2439,FALSE
"PT17","clonotype164",0,0.430533333333333,FALSE
"PT17","clonotype804",0,0.2517,FALSE
"PT17","clonotype164",0,0.336133333333333,FALSE
"PT17","clonotype1",2.57310816735388,0.5629,FALSE
"PT17","clonotype3",2.31503880375073,0.366433333333333,FALSE
"PT17","clonotype14",0,0.177533333333333,FALSE
"PT17","clonotype33",1.19461525710418,0.577966666666667,TRUE
"PT17","clonotype30",2.42347036428447,0.405733333333333,FALSE
"PT17","clonotype1",0,0.442,FALSE
"PT17","clonotype149",0,0.0898333333333333,FALSE
"PT17","clonotype16",1.07144189873865,0.65,FALSE
"PT17","clonotype6",1.28691577793959,0.2169,FALSE
"PT17","clonotype31",2.25150925644751,0.5827,TRUE
"PT17","clonotype670",0,0.345866666666667,FALSE
"PT17","clonotype5",2.19555510887655,0.624633333333333,FALSE
"PT17","clonotype1",0,0.524366666666667,FALSE
"PT17","clonotype183",0,0.1874,FALSE
"PT17","clonotype101",0,0.2544,FALSE
"PT17","clonotype8",3.50094851540188,0.4623,FALSE
"PT17","clonotype63",2.01467231461443,0.420466666666667,FALSE
"PT17","clonotype58",2.25263225236825,0.583733333333333,FALSE
"PT17","clonotype5",1.89339267384163,0.454533333333333,FALSE
"PT17","clonotype30",1.81415869569641,0.0954,FALSE
"PT17","clonotype84",0,0.376433333333333,FALSE
"PT17","clonotype208",0,0.249466666666667,FALSE
"PT17","clonotype42",0.94592636192842,0.571966666666667,FALSE
"PT17","clonotype7",1.46690570963182,0.4908,FALSE
"PT17","clonotype214",0,0.154733333333333,FALSE
"PT17","clonotype196",0,0.2139,FALSE
"PT17","clonotype208",2.1576314345245,0.350966666666667,FALSE
"PT17","clonotype3",3.34029352864852,0.524266666666667,FALSE
"PT17","clonotype769",1.59513366072751,0.237866666666667,FALSE
"PT17","clonotype17",1.60477248357976,0.523166666666667,FALSE
"PT17","clonotype2",1.68031211183244,0.4948,TRUE
"PT17","clonotype3",1.15188859501326,0.569,FALSE
"PT17","clonotype47",0,0.578233333333333,FALSE
"PT17","clonotype3",2.37806496819923,0.498166666666667,FALSE
"PT17","clonotype14",2.40207909137498,0.6078,FALSE
"PT17","clonotype43",0,0.4893,FALSE
"PT17","clonotype11",1.74952176253947,0.389166666666667,FALSE
"PT17","clonotype148",0,0.194933333333333,FALSE
"PT17","clonotype7",1.00077772874765,0.591866666666667,FALSE
"PT17","clonotype270",0,0.170733333333333,FALSE
"PT17","clonotype27",2.4184541183628,0.488033333333333,FALSE
"PT17","clonotype66",0,0.723333333333333,FALSE
"PT17","clonotype391",0,0.293866666666667,FALSE
"PT17","clonotype475",0,0.423966666666667,FALSE
"PT17","clonotype23",1.00305270470687,0.663366666666667,FALSE
"PT17","clonotype5",1.60283447268661,0.644433333333333,FALSE
"PT17","clonotype11",2.20338384623106,0.633833333333333,FALSE
"PT17","clonotype305",0,0.3534,FALSE
"PT17","clonotype8",1.52339797053882,0.485533333333333,FALSE
"PT17","clonotype18",0,0.213433333333333,FALSE
"PT17","clonotype643",1.30450044930263,0.3421,FALSE
"PT17","clonotype734",0,0.307633333333333,FALSE
"PT17","clonotype13",2.44728989532476,0.6929,FALSE
"PT17","clonotype1",1.72910523707705,0.5165,FALSE
"PT17","clonotype135",0,0.462933333333333,FALSE
"PT17","clonotype5",2.12329128455052,0.680633333333333,FALSE
"PT17","clonotype369",0,0.221966666666667,FALSE
"PT17","clonotype1",1.05724976984592,0.581333333333333,FALSE
"PT17","clonotype45",1.61611556512424,0.173866666666667,TRUE
"PT17","clonotype105",0,0.375366666666667,FALSE
"PT17","clonotype194",0,0.205266666666667,FALSE
"PT17","clonotype17",0,0.2724,FALSE
"PT17","clonotype3",1.72545016894899,0.489566666666667,FALSE
"PT17","clonotype7",1.37723823603973,0.684266666666667,FALSE
"PT17","clonotype458",0.919696232628289,0.135733333333333,FALSE
"PT17","clonotype24",0,0.4132,FALSE
"PT17","clonotype529",0,0.299133333333333,FALSE
"PT17","clonotype51",0,0.317933333333333,FALSE
"PT17","clonotype541",0,0.1604,FALSE
"PT17","clonotype59",0,0.415133333333333,FALSE
"PT17","clonotype528",0,0.1653,FALSE
"PT17","clonotype209",0,0.318433333333333,FALSE
"PT17","clonotype287",0,0.2462,FALSE
"PT17","clonotype6",0.941906023265794,0.0984666666666667,FALSE
"PT17","clonotype204",2.20072262235049,0.279133333333333,FALSE
"PT17","clonotype1",1.97229953775061,0.4312,FALSE
"PT17","clonotype25",1.64219435622553,0.2279,FALSE
"PT17","clonotype10",2.17788737901343,0.516266666666667,FALSE
"PT17","clonotype6",1.02461799392623,0.0629666666666666,FALSE
"PT17","clonotype82",2.15106173146159,0.462466666666667,FALSE
"PT17","clonotype904",0,0.1433,FALSE
"PT17","clonotype1",0,0.2209,FALSE
"PT17","clonotype124",0,0.483266666666667,FALSE
"PT17","clonotype760",0,0.298933333333333,FALSE
"PT17","clonotype8",1.20834715093999,0.522566666666667,FALSE
"PT17","clonotype456",0,0,FALSE
"PT17","clonotype118",1.93808351031166,0.0956,FALSE
"PT17","clonotype202",1.12405946595054,0.592366666666667,FALSE
"PT17","clonotype122",0,0.353466666666667,FALSE
"PT17","clonotype54",3.14604277053457,0.6389,FALSE
"PT17","clonotype3",1.85926128130974,0.498066666666667,FALSE
"PT17","clonotype3",1.0773632838681,0.699933333333333,FALSE
"PT17","clonotype56",2.08130829747256,0.194333333333333,FALSE
"PT17","clonotype440",0,0.0984666666666667,FALSE
"PT17","clonotype4",1.78806348200961,0.747766666666667,FALSE
"PT17","clonotype716",0,0.247266666666667,FALSE
"PT17","clonotype15",2.44962782346044,0.6522,FALSE
"PT17","clonotype243",0,0.2728,FALSE
"PT17","clonotype15",1.92840027195339,0.639633333333333,FALSE
"PT17","clonotype3",1.44155491592981,0.707233333333333,FALSE
"PT17","clonotype74",0,0.331733333333333,FALSE
"PT17","clonotype5",1.74670596268823,0.340933333333333,FALSE
"PT17","clonotype1",2.93069023336519,0.6627,FALSE
"PT17","clonotype910",0,0.393066666666667,FALSE
"PT17","clonotype13",1.76471287013489,0.434,FALSE
"PT17","clonotype11",2.38597220182798,0.531266666666667,FALSE
"PT17","clonotype7",2.35125743418322,0.7285,FALSE
"PT17","clonotype12",1.05344706721247,0.428033333333333,TRUE
"PT17","clonotype1",2.05061819848775,0.469966666666667,FALSE
"PT17","clonotype2",0.978874917106793,0.7056,TRUE
"PT17","clonotype9",1.62603702239503,0.4742,FALSE
"PT17","clonotype779",0,0.232833333333333,FALSE
"PT17","clonotype9",0,0.443433333333333,FALSE
"PT17","clonotype198",0,0.153266666666667,FALSE
"PT17","clonotype7",2.37825706881039,0.517733333333333,FALSE
"PT17","clonotype688",0,0.299366666666667,FALSE
"PT17","clonotype9",1.7425012281261,0.718566666666667,FALSE
"PT17","clonotype459",0,0.0859333333333333,FALSE
"PT17","clonotype2",1.97601030032046,0.514266666666667,TRUE
"PT17","clonotype46",2.93973258059902,0.2451,FALSE
"PT17","clonotype1",1.6734683737939,0.6307,FALSE
"PT17","clonotype318",0,0.297433333333333,FALSE
"PT17","clonotype420",0,0.267133333333333,FALSE
"PT17","clonotype25",3.03594407389983,0.2363,FALSE
"PT17","clonotype2",2.35734961979746,0.3604,TRUE
"PT17","clonotype26",0.747093447851388,0.297966666666667,FALSE
"PT17","clonotype1",3.06084465592147,0.458033333333333,FALSE
"PT17","clonotype201",0,0.3576,FALSE
"PT17","clonotype22",1.29150692274156,0.522766666666667,FALSE
"PT17","clonotype77",0.474163803502375,0.3018,FALSE
"PT17","clonotype415",0,0.700933333333333,FALSE
"PT17","clonotype4",0,0.312733333333333,FALSE
"PT17","clonotype7",0,0.643266666666667,FALSE
"PT17","clonotype23",1.5527440066681,0.535566666666667,FALSE
"PT17","clonotype256",0.616476403547047,0.279233333333333,FALSE
"PT17","clonotype10",2.45722950204903,0.733266666666667,FALSE
"PT17","clonotype75",0,0.4371,FALSE
"PT17","clonotype6",1.53140802898214,0.2519,FALSE
"PT17","clonotype20",0,0.1583,FALSE
"PT17","clonotype104",0,0.295066666666667,FALSE
"PT17","clonotype8",1.60283447268661,0.603766666666667,FALSE
"PT17","clonotype848",0,0.3396,FALSE
"PT17","clonotype9",1.57697925664784,0.5422,FALSE
"PT17","clonotype3",1.92372492723146,0.489866666666667,FALSE
"PT17","clonotype1",0,0.552266666666667,FALSE
"PT17","clonotype364",1.65137104145676,0.296433333333333,FALSE
"PT17","clonotype633",0,0.3282,FALSE
"PT17","clonotype450",0,0.381466666666667,FALSE
"PT17","clonotype13",0,0.5047,FALSE
"PT17","clonotype171",2.18805411787212,0.2704,FALSE
"PT17","clonotype21",2.48145315116036,0.407033333333333,FALSE
"PT17","clonotype5",0,0.598033333333333,FALSE
"PT17","clonotype8",1.36538064569728,0.302433333333333,FALSE
"PT17","clonotype2",1.01869487582852,0.597566666666667,TRUE
"PT17","clonotype3",2.81943655074046,0.683966666666667,FALSE
"PT17","clonotype485",1.1784059400248,0.1868,FALSE
"PT17","clonotype412",0,0.281133333333333,FALSE
"PT17","clonotype661",0,0.298366666666667,FALSE
"PT17","clonotype3",0.957167883583784,0.606066666666667,FALSE
"PT17","clonotype4",0,0.453433333333333,FALSE
"PT17","clonotype353",1.78559874540752,0.131733333333333,FALSE
"PT17","clonotype25",1.41270851457517,0.132133333333333,FALSE
"PT17","clonotype14",2.54034860281295,0.595033333333333,FALSE
"PT17","clonotype1",0,0.661666666666667,FALSE
"PT17","clonotype1",2.94664177410714,0.390966666666667,FALSE
"PT17","clonotype74",0,0.384866666666667,FALSE
"PT17","clonotype465",0,0.2149,FALSE
"PT17","clonotype18",1.99438607292424,0.379966666666667,FALSE
"PT17","clonotype7",1.56586114187585,0.414,FALSE
"PT17","clonotype5",1.94020333138806,0.575366666666667,FALSE
"PT17","clonotype1",0,0.3736,FALSE
"PT17","clonotype31",1.74390028759327,0.182866666666667,TRUE
"PT17","clonotype190",2.20913144437427,0.492166666666667,FALSE
"PT17","clonotype2",3.16460488677883,0.688133333333333,TRUE
"PT17","clonotype235",0,0.1514,FALSE
"PT17","clonotype10",1.70166375187407,0.685066666666667,FALSE
"PT17","clonotype110",0,0.0940333333333333,FALSE
"PT17","clonotype4",2.81845498513585,0.440066666666667,FALSE
"PT17","clonotype4",1.85872221040375,0.327833333333333,FALSE
"PT17","clonotype5",1.04282613988768,0.472666666666667,FALSE
"PT17","clonotype1",1.69901686472024,0.514233333333333,FALSE
"PT17","clonotype405",0,0.3926,FALSE
"PT17","clonotype199",0,0.392266666666667,FALSE
"PT17","clonotype40",1.93074771447827,0.223666666666667,FALSE
"PT17","clonotype1",3.02510014116704,0.418566666666667,FALSE
"PT17","clonotype2",1.78085518296441,0.6039,TRUE
"PT17","clonotype7",0,0.5571,FALSE
"PT17","clonotype21",2.36300728672954,0.556933333333333,FALSE
"PT17","clonotype11",0,0.578766666666667,FALSE
"PT17","clonotype12",0,0.597366666666667,TRUE
"PT17","clonotype109",0,0.410033333333333,FALSE
"PT17","clonotype1",1.65164671770348,0.4906,FALSE
"PT17","clonotype409",0,0.161466666666667,FALSE
"PT17","clonotype374",1.8517464125841,0.250266666666667,FALSE
"PT17","clonotype5",1.33758694213666,0.576333333333333,FALSE
"PT17","clonotype75",1.63286080021262,0.484233333333333,FALSE
"PT17","clonotype14",2.07898099675141,0.430433333333333,FALSE
"PT17","clonotype1",2.29016735769503,0.387833333333333,FALSE
"PT17","clonotype1",1.68895475224635,0.554033333333333,FALSE
"PT17","clonotype502",0,0.1455,FALSE
"PT17","clonotype111",2.24229531600591,0.4987,FALSE
"PT17","clonotype2",1.88056579445672,0.603866666666667,TRUE
"PT17","clonotype184",0,0.232566666666667,FALSE
"PT17","clonotype393",0,0.294666666666667,FALSE
"PT17","clonotype302",0,0.1893,FALSE
"PT17","clonotype4",1.75993396490628,0.640266666666667,FALSE
"PT17","clonotype771",0,0.305633333333333,FALSE
"PT17","clonotype2",1.79899994188367,0.485666666666667,TRUE
"PT17","clonotype36",1.23816810221817,0.2308,FALSE
"PT17","clonotype1",1.76903885090724,0.669,FALSE
"PT17","clonotype7",3.11043215840586,0.656433333333333,FALSE
"PT17","clonotype118",0.674090143480637,0.336733333333333,FALSE
"PT17","clonotype15",0,0.4291,FALSE
"PT17","clonotype5",1.10140376138514,0.6546,FALSE
"PT17","clonotype614",0,0.255666666666667,FALSE
"PT17","clonotype2",1.82287739411269,0.544466666666667,TRUE
"PT17","clonotype6",1.91862477194829,0.0979,FALSE
"PT17","clonotype347",0,0.280866666666667,FALSE
"PT17","clonotype584",0,0.247066666666667,FALSE
"PT17","clonotype45",1.20331527577986,0.480733333333333,TRUE
"PT17","clonotype128",0.512643255415466,0.3552,FALSE
"PT17","clonotype787",1.85014503321449,0.511333333333333,FALSE
"PT17","clonotype1",2.40322802224047,0.699466666666667,FALSE
"PT17","clonotype245",1.23683911307317,0.2942,FALSE
"PT17","clonotype858",0,0.290466666666667,FALSE
"PT17","clonotype1",1.55166176195875,0.6098,FALSE
"PT17","clonotype852",0,0.126733333333333,FALSE
"PT17","clonotype3",1.94796460229418,0.520566666666667,FALSE
"PT17","clonotype16",1.90527971882333,0.481166666666667,FALSE
"PT17","clonotype16",0,0.360133333333333,FALSE
"PT17","clonotype401",0.938665453084572,0.375333333333333,FALSE
"PT17","clonotype9",1.19667461188661,0.451066666666667,FALSE
"PT17","clonotype10",2.78417404433062,0.5346,FALSE
"PT17","clonotype389",0,0.0351333333333333,FALSE
"PT17","clonotype457",1.45520682725078,0.2858,FALSE
"PT17","clonotype207",1.04005200490612,0.282733333333333,FALSE
"PT17","clonotype934",0,0.199933333333333,FALSE
"PT17","clonotype175",2.60485901961597,0.5069,FALSE
"PT17","clonotype3",0,0.547966666666667,FALSE
"PT17","clonotype10",1.52513149910607,0.533066666666667,FALSE
"PT17","clonotype14",1.68332583834848,0.522033333333333,FALSE
"PT17","clonotype1",1.61336142636018,0.361866666666667,FALSE
"PT17","clonotype593",0,0.0952666666666667,FALSE
"PT17","clonotype535",0,0.130333333333333,FALSE
"PT17","clonotype130",1.0415912875547,0.149466666666667,FALSE
"PT17","clonotype27",1.76343565143219,0.5532,FALSE
"PT17","clonotype48",2.29986127107699,0.433633333333333,FALSE
"PT17","clonotype61",0.825929732952635,0.226166666666667,FALSE
"PT17","clonotype3",1.50191786294489,0.6877,FALSE
"PT17","clonotype4",2.36850781175935,0.577833333333333,FALSE
"PT17","clonotype42",2.84547472890911,0.550633333333333,FALSE
"PT17","clonotype817",1.63731000687146,0.6064,FALSE
"PT17","clonotype2",1.58979132208079,0.515666666666667,TRUE
"PT17","clonotype8",1.32286131908619,0.656433333333333,FALSE
"PT17","clonotype806",0,0.367666666666667,FALSE
"PT17","clonotype19",0,0.152333333333333,FALSE
"PT17","clonotype2",2.90468036383605,0.4325,TRUE
"PT17","clonotype1",0,0.515566666666667,FALSE
"PT17","clonotype12",2.00585893071736,0.520633333333333,TRUE
"PT17","clonotype2",2.58755913352942,0.6585,TRUE
"PT17","clonotype1",2.83775740852756,0.639366666666667,FALSE
"PT17","clonotype499",1.07769425781477,0.347,FALSE
"PT17","clonotype7",1.321840946326,0.411766666666667,FALSE
"PT17","clonotype34",1.9714771012653,0.3997,TRUE
"PT17","clonotype193",1.48861841103726,0.260766666666667,FALSE
"PT17","clonotype7",2.44225453331319,0.533666666666667,FALSE
"PT17","clonotype486",0,0.379833333333333,FALSE
"PT17","clonotype11",2.93945867003863,0.3854,FALSE
"PT17","clonotype9",0,0.5502,FALSE
"PT17","clonotype4",1.69418795839424,0.478933333333333,FALSE
"PT17","clonotype1",0,0.6869,FALSE
"PT17","clonotype1",0,0.5061,FALSE
"PT17","clonotype3",2.30519062026281,0.527933333333333,FALSE
"PT17","clonotype2",2.0381017672201,0.4968,TRUE
"PT17","clonotype66",0,0.2167,FALSE
"PT17","clonotype2",0,0.743033333333333,TRUE
"PT17","clonotype142",0,0.456666666666667,FALSE
"PT17","clonotype11",2.46600860332449,0.615833333333333,FALSE
"PT17","clonotype16",2.53959560605277,0.332733333333333,FALSE
"PT17","clonotype2",2.04971824139441,0.5607,TRUE
"PT17","clonotype42",0,0.609166666666667,FALSE
"PT17","clonotype205",1.05980087545471,0.310666666666667,FALSE
"PT17","clonotype548",0,0.102266666666667,FALSE
"PT17","clonotype125",0,0.162033333333333,FALSE
"PT17","clonotype809",0,0.245066666666667,FALSE
"PT17","clonotype34",0,0.490766666666667,TRUE
"PT17","clonotype7",1.46722472823328,0.425933333333333,FALSE
"PT17","clonotype3",2.48145315116036,0.645433333333333,FALSE
"PT17","clonotype1",1.68418911040263,0.548033333333333,FALSE
"PT17","clonotype14",1.7425012281261,0.0913666666666667,FALSE
"PT17","clonotype273",0,0.414366666666667,FALSE
"PT17","clonotype8",2.32954616933189,0.666166666666667,FALSE
"PT17","clonotype15",2.03036862728597,0.6415,FALSE
"PT17","clonotype10",0,0.433633333333333,FALSE
"PT17","clonotype4",1.60090160707825,0.517966666666667,FALSE
"PT17","clonotype799",0,0.0951,FALSE
"PT17","clonotype1",1.43331388900135,0.650233333333333,FALSE
"PT17","clonotype119",2.31909692713256,0.195333333333333,FALSE
"PT17","clonotype38",2.75533690105975,0.522066666666667,FALSE
"PT17","clonotype52",2.45931277838473,0.3868,FALSE
"PT17","clonotype8",1.66163941116529,0.2877,FALSE
"PT17","clonotype203",0.810950723455799,0.2634,FALSE
"PT17","clonotype78",0,0.4233,FALSE
"PT17","clonotype11",0.91684799556134,0.676,FALSE
"PT17","clonotype1",2.72096595689516,0.6202,FALSE
"PT17","clonotype1",1.16929391126675,0.502866666666667,FALSE
"PT17","clonotype8",0,0.413233333333333,FALSE
"PT17","clonotype22",2.56474236944139,0.602,FALSE
"PT17","clonotype821",0,0.337366666666667,FALSE
"PT17","clonotype136",0,0.2223,FALSE
"PT17","clonotype5",1.77678857423053,0.3737,FALSE
"PT17","clonotype17",2.21410565832265,0.7777,FALSE
"PT17","clonotype282",0,0.198,FALSE
"PT17","clonotype1",0.907021098170679,0.5063,FALSE
"PT17","clonotype1",1.55527568379994,0.729666666666667,FALSE
"PT17","clonotype348",0,0.117733333333333,FALSE
"PT17","clonotype1",1.30276835411529,0.401033333333333,FALSE
"PT17","clonotype139",0,0.101033333333333,FALSE
"PT17","clonotype316",0,0.239066666666667,FALSE
"PT17","clonotype8",1.32235092227559,0.577333333333333,FALSE
"PT17","clonotype324",0.857455940456506,0.228066666666667,FALSE
"PT17","clonotype193",1.17402939700615,0.4093,FALSE
"PT17","clonotype177",1.04748417068518,0.454833333333333,FALSE
"PT17","clonotype103",0,0.340133333333333,FALSE
"PT17","clonotype83",1.25709746467015,0.153833333333333,FALSE
"PT17","clonotype3",1.15917051782506,0.5833,FALSE
"PT17","clonotype9",1.06591161598339,0.3921,FALSE
"PT17","clonotype77",0,0.342,FALSE
"PT17","clonotype573",0,0.264633333333333,FALSE
"PT17","clonotype6",0,0.135666666666667,FALSE
"PT17","clonotype107",0,0.246966666666667,FALSE
"PT17","clonotype22",2.16118862186836,0.601333333333333,FALSE
"PT17","clonotype4",1.1784059400248,0.641366666666667,FALSE
"PT17","clonotype109",0,0.274933333333333,FALSE
"PT17","clonotype5",1.86957151298519,0.3565,FALSE
"PT17","clonotype844",0,0.2555,FALSE
"PT17","clonotype1",1.84377077288487,0.659833333333333,FALSE
"PT17","clonotype185",0,0.270533333333333,FALSE
"PT17","clonotype169",1.99946635652344,0.1214,FALSE
"PT17","clonotype3",2.30104300674198,0.625733333333333,FALSE
"PT17","clonotype4",3.3164567716307,0.335333333333333,FALSE
"PT17","clonotype22",2.40158710292246,0.371733333333333,FALSE
"PT17","clonotype68",0,0.1417,FALSE
"PT17","clonotype26",1.18726315930656,0.1826,FALSE
"PT17","clonotype447",0,0.1914,FALSE
"PT17","clonotype5",1.73831907302644,0.239066666666667,FALSE
"PT17","clonotype77",1.17323734243372,0.446866666666667,FALSE
"PT17","clonotype712",0,0.346233333333333,FALSE
"PT17","clonotype10",2.28346882597463,0.511333333333333,FALSE
"PT17","clonotype2",0,0.652,TRUE
"PT17","clonotype6",1.08419104780261,0.2698,FALSE
"PT17","clonotype2",0,0.269766666666667,TRUE
"PT17","clonotype85",0,0.255533333333333,FALSE
"PT17","clonotype8",0,0.673866666666667,FALSE
"PT17","clonotype772",0,0.271733333333333,FALSE
"PT17","clonotype206",0,0.443666666666667,FALSE
"PT17","clonotype5",2.78512495143504,0.424933333333333,FALSE
"PT17","clonotype113",1.03515802351183,0.164733333333333,FALSE
"PT17","clonotype8",1.07670197350837,0.440966666666667,FALSE
"PT17","clonotype2",2.52242866512476,0.6976,TRUE
"PT17","clonotype98",0,0.321166666666667,FALSE
"PT17","clonotype928",0,0.170533333333333,FALSE
"PT17","clonotype5",0.971882389311153,0.5992,FALSE
"PT17","clonotype11",1.81313914913324,0.549733333333333,FALSE
"PT17","clonotype21",1.99925408117706,0.436266666666667,FALSE
"PT17","clonotype141",0,0.229966666666667,FALSE
"PT17","clonotype1",0,0.558366666666667,FALSE
"PT17","clonotype594",0,0.328566666666667,FALSE
"PT17","clonotype7",1.15379553702065,0.6068,FALSE
"PT17","clonotype52",2.43256417899544,0.234166666666667,FALSE
"PT17","clonotype5",1.75046262284262,0.604966666666667,FALSE
"PT17","clonotype69",1.34398080837154,0.832966666666667,FALSE
"PT17","clonotype4",1.80704890839396,0.6262,FALSE
"PT17","clonotype5",1.9903852618483,0.512533333333333,FALSE
"PT17","clonotype1",2.35923185302271,0.628333333333333,FALSE
"PT17","clonotype681",0,0.158133333333333,FALSE
"PT17","clonotype5",0,0.421366666666667,FALSE
"PT17","clonotype108",0,0.387966666666667,FALSE
"PT17","clonotype1",0,0.340133333333333,FALSE
"PT17","clonotype189",0,0.135866666666667,FALSE
"PT17","clonotype78",0,0.3144,FALSE
"PT17","clonotype352",0,0.137466666666667,FALSE
"PT17","clonotype709",0,0.241066666666667,FALSE
"PT17","clonotype11",1.14058476592548,0.5533,FALSE
"PT17","clonotype2",1.60051564943553,0.551566666666667,TRUE
"PT17","clonotype76",0,0.189666666666667,FALSE
"PT17","clonotype5",0,0.4659,FALSE
"PT17","clonotype9",3.04058073349694,0.3711,FALSE
"PT17","clonotype4",2.80190302313837,0.5866,FALSE
"PT17","clonotype3",1.35213274741977,0.589133333333333,FALSE
"PT17","clonotype422",0,0.373933333333333,FALSE
"PT17","clonotype10",2.14129505768298,0.633533333333333,FALSE
"PT17","clonotype672",0,0.0524,FALSE
"PT17","clonotype83",1.74327817318157,0.0944666666666667,FALSE
"PT17","clonotype3",1.72272016733301,0.4923,FALSE
"PT17","clonotype732",0,0.1814,FALSE
"PT17","clonotype1",1.34946288248922,0.440533333333333,FALSE
"PT17","clonotype237",0.49526126781629,0.342533333333333,FALSE
"PT17","clonotype11",0,0.375966666666667,FALSE
"PT17","clonotype192",0,0.1478,FALSE
"PT17","clonotype561",0,0.200966666666667,FALSE
"PT17","clonotype56",0.830534922861895,0.240366666666667,FALSE
"PT17","clonotype907",0,0.285933333333333,FALSE
"PT17","clonotype925",1.29053746664625,0.3275,FALSE
"PT17","clonotype655",0,0.1574,FALSE
"PT17","clonotype580",0,0.0559666666666667,FALSE
"PT17","clonotype335",0.992899094912663,0.206666666666667,FALSE
"PT17","clonotype70",0,0.396966666666667,FALSE
"PT17","clonotype2",1.55745289988524,0.4952,TRUE
"PT17","clonotype23",1.33056815316641,0.493966666666667,FALSE
"PT17","clonotype9",1.96983459411504,0.602466666666667,FALSE
"PT17","clonotype213",2.13533649181202,0.432866666666667,FALSE
"PT17","clonotype21",0,0.349933333333333,FALSE
"PT17","clonotype19",0,0.462,FALSE
"PT17","clonotype10",2.08598120646163,0.714466666666667,FALSE
"PT17","clonotype1",2.00821473394317,0.409633333333333,FALSE
"PT17","clonotype269",0.749430949204187,0.258,FALSE
"PT17","clonotype7",1.69113088030934,0.6463,FALSE
"PT17","clonotype94",2.04032381641771,0.639433333333333,FALSE
"PT17","clonotype123",0,0.0931333333333333,FALSE
"PT17","clonotype72",0.953817810477455,0.4395,FALSE
"PT17","clonotype638",0,0.332366666666667,FALSE
"PT17","clonotype419",0.956392626892928,0.582233333333333,FALSE
"PT17","clonotype443",0.961455191593442,0.100933333333333,FALSE
"PT17","clonotype72",0,0.571233333333333,FALSE
"PT17","clonotype122",2.02379416301219,0.241733333333333,FALSE
"PT17","clonotype52",1.08839896046245,0.550133333333333,FALSE
"PT17","clonotype4",1.7141383825553,0.594,FALSE
"PT17","clonotype5",1.04282613988768,0.669833333333333,FALSE
"PT17","clonotype2",1.50832619369247,0.657733333333333,TRUE
"PT17","clonotype526",1.31625883051347,0.2347,FALSE
"PT17","clonotype2",2.10923809328227,0.522066666666667,TRUE
"PT17","clonotype253",0,0.4768,FALSE
"PT17","clonotype698",3.72726260158375,0.483066666666667,FALSE
"PT17","clonotype902",0,0.3734,FALSE
"PT17","clonotype1",3.21969475173323,0.467866666666667,FALSE
"PT17","clonotype53",1.00134546618155,0.605466666666667,FALSE
"PT17","clonotype17",1.61061761193991,0.345633333333333,FALSE
"PT17","clonotype1",1.89226938252589,0.6865,FALSE
"PT17","clonotype9",1.72590610871094,0.502633333333333,FALSE
"PT17","clonotype1",0.975903834090013,0.622966666666667,FALSE
"PT17","clonotype616",1.21109138381407,0.233633333333333,FALSE
"PT17","clonotype2",2.86097309620026,0.723,TRUE
"PT17","clonotype4",2.37107903213976,0.6626,FALSE
"PT17","clonotype123",0,0.343,FALSE
"PT17","clonotype29",1.21130302501617,0.640866666666667,FALSE
"PT17","clonotype798",1.12333667032335,0.304566666666667,FALSE
"PT17","clonotype2",1.08637490313873,0.580133333333333,TRUE
"PT17","clonotype111",2.33534958632777,0.644833333333333,FALSE
"PT17","clonotype157",2.13335895989434,0.5487,FALSE
"PT17","clonotype451",0,0.112033333333333,FALSE
"PT17","clonotype155",1.00619841916236,0.474366666666667,FALSE
"PT17","clonotype7",1.41212078213762,0.659333333333333,FALSE
"PT17","clonotype1",1.61848452089361,0.604666666666667,FALSE
"PT17","clonotype6",2.69660891136942,0.350333333333333,FALSE
"PT17","clonotype8",2.0764279719126,0.505933333333333,FALSE
"PT17","clonotype2",2.73267764566288,0.336566666666667,TRUE
"PT17","clonotype2",1.06785665425762,0.517933333333333,TRUE
"PT17","clonotype65",2.95995248124151,0.479566666666667,FALSE
"PT17","clonotype17",1.44896685666824,0.374366666666667,FALSE
"PT17","clonotype11",2.07665976268241,0.459933333333333,FALSE
"PT17","clonotype12",1.574741792357,0.672366666666667,TRUE
"PT17","clonotype889",0,0.279233333333333,FALSE
"PT17","clonotype4",1.09760584182835,0.2373,FALSE
"PT17","clonotype560",0,0,FALSE
"PT17","clonotype2",2.60245554618653,0.416366666666667,TRUE
"PT17","clonotype234",0,0.143566666666667,FALSE
"PT17","clonotype111",1.64834531072904,0.452833333333333,FALSE
"PT17","clonotype3",1.09726193678645,0.6676,FALSE
"PT17","clonotype916",0,0.188333333333333,FALSE
"PT17","clonotype1",0,0.514866666666667,FALSE
"PT17","clonotype3",0.713594929854246,0.6417,FALSE
"PT17","clonotype74",0,0.247466666666667,FALSE
"PT17","clonotype776",0,0.1423,FALSE
"PT17","clonotype9",1.06688320858326,0.401566666666667,FALSE
"PT17","clonotype48",0,0.652533333333333,FALSE
"PT17","clonotype180",1.22740247598617,0,FALSE
"PT17","clonotype9",0,0.455966666666667,FALSE
"PT17","clonotype7",1.81313914913324,0.598133333333333,FALSE
"PT17","clonotype676",0,0.0951,FALSE
"PT17","clonotype14",1.05155640487616,0.523366666666667,FALSE
"PT17","clonotype7",1.05948128419082,0.786833333333333,FALSE
"PT17","clonotype1",2.24201751051885,0.4654,FALSE
"PT17","clonotype755",0,0.258,FALSE
"PT17","clonotype373",0,0.493666666666667,FALSE
"PT17","clonotype18",1.48076088840587,0.3472,FALSE
"PT17","clonotype581",0.673964227627758,0.218133333333333,FALSE
"PT17","clonotype18",2.49378785115726,0.5908,FALSE
"PT17","clonotype483",0,0.246966666666667,FALSE
"PT17","clonotype4",1.44094095527378,0.6122,FALSE
"PT17","clonotype484",0,0.359033333333333,FALSE
"PT17","clonotype116",0,0.400866666666667,FALSE
"PT17","clonotype936",0,0.105266666666667,FALSE
"PT17","clonotype28",0,0.136066666666667,FALSE
"PT17","clonotype278",0,0.363166666666667,FALSE
"PT17","clonotype1",1.70476341758595,0.525266666666667,FALSE
"PT17","clonotype31",1.67816677592706,0.343433333333333,TRUE
"PT17","clonotype139",0,0.0639333333333333,FALSE
"PT17","clonotype67",0,0.580533333333333,FALSE
"PT17","clonotype3",2.1550990311126,0.465,FALSE
"PT17","clonotype10",0,0.708533333333333,FALSE
"PT17","clonotype94",1.7594576696741,0.502266666666667,FALSE
"PT17","clonotype24",1.2155523489073,0.409633333333333,FALSE
"PT17","clonotype5",2.89569345409447,0.584533333333333,FALSE
"PT17","clonotype59",0,0.220166666666667,FALSE
"PT17","clonotype2",2.20953376953964,0.596733333333333,TRUE
"PT17","clonotype8",1.05788634297051,0.413333333333333,FALSE
"PT17","clonotype18",1.30673466552299,0.3457,FALSE
"PT17","clonotype100",2.25572740891518,0.422133333333333,FALSE
"PT17","clonotype294",0,0.305833333333333,FALSE
"PT17","clonotype6",1.38705452105455,0.0988,FALSE
"PT17","clonotype3",1.40278825235071,0.4833,FALSE
"PT17","clonotype2",1.19092722428107,0.554133333333333,TRUE
"PT17","clonotype24",0,0.327733333333333,FALSE
"PT17","clonotype8",0,0.496833333333333,FALSE
"PT17","clonotype16",1.06720748430499,0.5317,FALSE
"PT17","clonotype178",1.75803051618069,0.1311,FALSE
"PT17","clonotype1",2.23537472820806,0.633133333333333,FALSE
"PT17","clonotype4",0,0.5449,FALSE
"PT17","clonotype5",1.95882945527604,0.685733333333333,FALSE
"PT17","clonotype1",1.87560022118062,0.475866666666667,FALSE
"PT17","clonotype7",0.88054024222458,0.5156,FALSE
"PT17","clonotype6",0.878152671947676,0.1192,FALSE
"PT17","clonotype512",0,0.1364,FALSE
"PT17","clonotype16",1.75329201625284,0.422033333333333,FALSE
"PT17","clonotype185",0,0.435666666666667,FALSE
"PT17","clonotype58",1.0181064831894,0.374933333333333,FALSE
"PT17","clonotype10",1.43149636043335,0.691233333333333,FALSE
"PT17","clonotype3",1.65454748242209,0.585633333333333,FALSE
"PT17","clonotype22",1.38762000104774,0.700966666666667,FALSE
"PT17","clonotype7",0,0.612833333333333,FALSE
"PT17","clonotype452",0,0.140233333333333,FALSE
"PT17","clonotype18",0,0.467266666666667,FALSE
"PT17","clonotype577",0,0.2014,FALSE
"PT17","clonotype244",0,0.0902666666666667,FALSE
"PT17","clonotype26",1.75171886750247,0.143333333333333,FALSE
"PT17","clonotype25",0.927866513386492,0,FALSE
"PT17","clonotype460",0,0.272866666666667,FALSE
"PT17","clonotype28",0,0.451466666666667,FALSE
"PT17","clonotype6",0.824976913054777,0.250466666666667,FALSE
"PT17","clonotype23",1.50258963088016,0.4779,FALSE
"PT17","clonotype629",0.919220256892542,0.111733333333333,FALSE
"PT17","clonotype8",1.17960552386956,0.441166666666667,FALSE
"PT17","clonotype5",1.31524930748077,0.347333333333333,FALSE
"PT17","clonotype306",0,0.0943000000000001,FALSE
"PT17","clonotype133",0,0.119766666666667,FALSE
"PT17","clonotype500",2.42326922513173,0.584066666666667,FALSE
"PT17","clonotype469",0,0.2679,FALSE
"PT17","clonotype583",0,0.119466666666667,FALSE
"PT17","clonotype9",0,0.486333333333333,FALSE
"PT17","clonotype514",2.09646697941295,0.310933333333333,FALSE
"PT17","clonotype113",0,0,FALSE
"PT17","clonotype120",0,0.224733333333333,FALSE
"PT17","clonotype121",0,0.134433333333333,FALSE
"PT17","clonotype4",1.92937757847531,0.621133333333333,FALSE
"PT17","clonotype431",0.941906023265794,0.417033333333333,FALSE
"PT17","clonotype20",0,0.248733333333333,FALSE
"PT17","clonotype16",0.992899094912663,0.397733333333333,FALSE
"PT17","clonotype2",0,0.581966666666667,TRUE
"PT17","clonotype9",2.12280303163344,0.648633333333333,FALSE
"PT17","clonotype28",0,0.3821,FALSE
"PT17","clonotype543",2.89991345868013,0.167233333333333,FALSE
"PT17","clonotype5",1.1204552207513,0.348433333333333,FALSE
"PT17","clonotype367",0,0.153566666666667,FALSE
"PT17","clonotype660",0,0.294466666666667,FALSE
"PT17","clonotype10",0.878585782511464,0.649133333333333,FALSE
"PT17","clonotype7",1.90300240531805,0.4949,FALSE
"PT17","clonotype11",1.10943459375254,0.6377,FALSE
"PT17","clonotype1",0,0.355233333333333,FALSE
"PT17","clonotype17",1.61454050365358,0.507933333333333,FALSE
"PT17","clonotype626",0,0.471233333333333,FALSE
"PT17","clonotype19",0,0.174833333333333,FALSE
"PT17","clonotype12",1.32337213731098,0.366933333333333,TRUE
"PT17","clonotype11",0,0.363466666666667,FALSE
"PT17","clonotype31",1.24710606840821,0.3168,TRUE
"PT17","clonotype3",2.06789393269954,0.578366666666667,FALSE
"PT17","clonotype24",0,0.517166666666667,FALSE
"PT17","clonotype109",0,0.406433333333333,FALSE
"PT17","clonotype830",0,0.0984666666666667,FALSE
"PT17","clonotype3",2.32608081325575,0.726433333333333,FALSE
"PT17","clonotype490",0,0.370033333333333,FALSE
"PT17","clonotype600",0,0.3474,FALSE
"PT17","clonotype172",0,0.179866666666667,FALSE
"PT17","clonotype127",0,0.3177,FALSE
"PT17","clonotype654",0,0.349933333333333,FALSE
"PT17","clonotype4",2.71382237593625,0.478133333333333,FALSE
"PT17","clonotype2",1.55600068146856,0.7423,TRUE
"PT17","clonotype8",2.80635686856366,0.504933333333333,FALSE
"PT17","clonotype2",2.01661897455788,0.6766,TRUE
"PT17","clonotype429",1.28259823130218,0.219166666666667,FALSE
"PT17","clonotype5",1.82133192830662,0.463633333333333,FALSE
"PT17","clonotype41",3.30459093736055,0.485333333333333,FALSE
"PT17","clonotype770",0,0.136266666666667,FALSE
"PT17","clonotype4",2.05694373572671,0.316566666666667,FALSE
"PT17","clonotype863",0,0.144666666666667,FALSE
"PT17","clonotype82",1.38620723013605,0.5808,FALSE
"PT17","clonotype1",1.01168055257964,0.651733333333333,FALSE
"PT17","clonotype16",2.3075687812054,0.5615,FALSE
"PT17","clonotype98",0,0.230466666666667,FALSE
"PT17","clonotype105",1.32133139068528,0.142166666666667,FALSE
"PT17","clonotype8",0.882941234719383,0.6615,FALSE
"PT17","clonotype5",1.68692930829961,0.689333333333333,FALSE
"PT17","clonotype899",0,0.1321,FALSE
"PT17","clonotype2",1.55094118237922,0.770566666666667,TRUE
"PT17","clonotype908",1.9791149115495,0.571566666666667,FALSE
"PT17","clonotype9",2.731319701533,0.718933333333333,FALSE
"PT17","clonotype8",0.994016712243049,0.6547,FALSE
"PT17","clonotype1",1.09554579272658,0.663633333333333,FALSE
"PT17","clonotype3",1.45332873135943,0.457033333333333,FALSE
"PT17","clonotype693",0,0.0921666666666666,FALSE
"PT17","clonotype2",3.60670150605126,0.3214,TRUE
"PT17","clonotype192",0,0.379066666666667,FALSE
"PT17","clonotype135",0,0.357266666666667,FALSE
"PT17","clonotype3",1.61296882224139,0.574533333333333,FALSE
"PT17","clonotype7",2.31864517699006,0.5651,FALSE
"PT17","clonotype3",1.24396224264318,0.599966666666667,FALSE
"PT17","clonotype722",0,0.272933333333333,FALSE
"PT17","clonotype3",1.65662637525168,0.612666666666667,FALSE
"PT17","clonotype4",1.8549586198957,0.626933333333333,FALSE
"PT17","clonotype2",2.77990532476878,0.4282,TRUE
"PT17","clonotype8",1.83273461129503,0.270266666666667,FALSE
"PT17","clonotype7",2.54980825937913,0.4659,FALSE
"PT17","clonotype67",0,0.4701,FALSE
"PT17","clonotype10",1.52721742654982,0.577,FALSE
"PT17","clonotype403",0,0.0918666666666667,FALSE
"PT17","clonotype12",0.958462876985318,0.591766666666667,TRUE
"PT17","clonotype12",1.85139027897772,0.3464,TRUE
"PT17","clonotype184",0,0.248733333333333,FALSE
"PT17","clonotype329",0,0.1428,FALSE
"PT17","clonotype6",1.13097506825895,0.3606,FALSE
"PT17","clonotype97",1.94736505261593,0.360733333333333,FALSE
"PT17","clonotype8",2.92018198618565,0.314566666666667,FALSE
"PT17","clonotype64",3.06176053079681,0.1967,FALSE
"PT17","clonotype2",1.30997632960864,0.577266666666667,TRUE
"PT17","clonotype191",0,0.291566666666667,FALSE
"PT17","clonotype80",0.897635699231827,0.1398,FALSE
"PT17","clonotype38",1.05218583799864,0.4561,FALSE
"PT17","clonotype115",0,0.4113,FALSE
"PT17","clonotype793",2.24814828154808,0.2507,FALSE
"PT17","clonotype6",1.64587882163491,0.1587,FALSE
"PT17","clonotype7",3.08085594949191,0.4673,FALSE
"PT17","clonotype154",0,0.0885,FALSE
"PT17","clonotype9",0.925447948030178,0.283933333333333,FALSE
"PT17","clonotype11",0,0.685266666666667,FALSE
"PT17","clonotype3",0.949727846685232,0.710366666666667,FALSE
"PT17","clonotype10",2.27434191591913,0.561933333333333,FALSE
"PT17","clonotype15",1.84271322867157,0.586066666666667,FALSE
"PT17","clonotype473",0,0.267266666666667,FALSE
"PT17","clonotype1",2.75742085168165,0.491066666666667,FALSE
"PT17","clonotype223",0,0.00386666666666668,FALSE
"PT17","clonotype2",1.93565930526814,0.687866666666667,TRUE
"PT17","clonotype2",2.80345010681974,0.585666666666667,TRUE
"PT17","clonotype7",2.38564952063642,0.4377,FALSE
"PT17","clonotype568",0,0.1058,FALSE
"PT17","clonotype31",2.63043757289461,0.427,TRUE
"PT17","clonotype1",1.78806348200961,0.497666666666667,FALSE
"PT17","clonotype9",0,0.667833333333333,FALSE
"PT17","clonotype8",2.01856999539439,0.5867,FALSE
"PT17","clonotype1",0,0.576333333333333,FALSE
"PT17","clonotype3",0,0.576533333333333,FALSE
"PT17","clonotype129",1.92898651981977,0.440866666666667,FALSE
"PT17","clonotype124",0.730544966034077,0.1202,FALSE
"PT17","clonotype19",0,0.2606,FALSE
"PT17","clonotype10",1.77338870695661,0.631866666666667,FALSE
"PT17","clonotype20",0,0.2259,FALSE
"PT17","clonotype8",1.04251714055244,0.4372,FALSE
"PT17","clonotype4",2.60807235419517,0.531733333333333,FALSE
"PT17","clonotype774",1.95398349101194,0.1848,FALSE
"PT17","clonotype912",0,0.0997666666666667,FALSE
"PT17","clonotype30",1.47718955233455,0.444866666666667,FALSE
"PT17","clonotype1",0.92064971430623,0.551433333333333,FALSE
"PT17","clonotype4",2.20351710802721,0.493,FALSE
"PT17","clonotype371",0,0.1894,FALSE
"PT17","clonotype11",1.31373812075593,0.4313,FALSE
"PT17","clonotype2",1.72773256157989,0.603366666666667,TRUE
"PT17","clonotype3",2.46558879804354,0.612233333333333,FALSE
"PT17","clonotype5",2.48937289813085,0.648333333333333,FALSE
"PT17","clonotype82",0,0.712133333333333,FALSE
"PT17","clonotype56",1.86902563119423,0.0892666666666667,FALSE
"PT17","clonotype3",1.48402387772078,0.496733333333333,FALSE
"PT17","clonotype552",0,0.454,FALSE
"PT17","clonotype368",0,0.139033333333333,FALSE
"PT17","clonotype18",1.42607353318679,0.2998,FALSE
"PT17","clonotype3",1.99017520578486,0.645133333333333,FALSE
"PT17","clonotype21",2.41246805166406,0.3593,FALSE
"PT17","clonotype1",0.937920903908561,0.626966666666667,FALSE
"PT17","clonotype5",2.44379326572546,0.3098,FALSE
"PT17","clonotype92",0,0.143266666666667,FALSE
"PT17","clonotype4",1.72362909589797,0.536566666666667,FALSE
"PT17","clonotype1",2.61891017593007,0.388766666666667,FALSE
"PT17","clonotype5",1.69769685460576,0.522333333333333,FALSE
"PT17","clonotype784",1.68895475224635,0.314566666666667,FALSE
"PT17","clonotype7",2.71738815928693,0.688866666666667,FALSE
"PT17","clonotype21",1.9202353979641,0.572333333333333,FALSE
"PT17","clonotype291",1.28385432509828,0.1633,FALSE
"PT17","clonotype658",0,0.1716,FALSE
"PT17","clonotype49",1.07703252250378,0.211366666666667,FALSE
"PT17","clonotype375",0,0.317,FALSE
"PT17","clonotype432",1.95157081771115,0.484033333333333,FALSE
"PT17","clonotype11",2.48358747849348,0.6091,FALSE
"PT17","clonotype12",2.4179538911053,0.514966666666667,TRUE
"PT17","clonotype468",0,0.3441,FALSE
"PT17","clonotype758",0,0,FALSE
"PT17","clonotype8",0,0.589666666666667,FALSE
"PT17","clonotype6",0,0.294666666666667,FALSE
"PT17","clonotype52",0,0.341333333333333,FALSE
"PT17","clonotype4",2.33107000231831,0,FALSE
"PT17","clonotype354",0,0.1344,FALSE
"PT17","clonotype8",1.64097025069686,0.528266666666667,FALSE
"PT17","clonotype132",1.10592788724971,0.127866666666667,FALSE
"PT17","clonotype153",1.19812063028699,0.311333333333333,FALSE
"PT17","clonotype3",1.59820419707879,0.547733333333333,FALSE
"PT17","clonotype102",0,0.2518,FALSE
"PT17","clonotype20",1.12550799154875,0.349,FALSE
"PT17","clonotype428",0,0.2106,FALSE
"PT17","clonotype11",2.54502963390865,0.7295,FALSE
"PT17","clonotype8",1.87230636634633,0.350333333333333,FALSE
"PT17","clonotype895",1.26586436006962,0.350866666666667,FALSE
"PT17","clonotype370",0,0.312833333333333,FALSE
"PT17","clonotype30",0,0.432933333333333,FALSE
"PT17","clonotype10",2.24187863858368,0.607633333333333,FALSE
"PT17","clonotype26",2.07469146369359,0.3395,FALSE
"PT17","clonotype15",1.1768104928296,0.5175,FALSE
"PT17","clonotype741",1.03599575638849,0.174666666666667,FALSE
"PT17","clonotype334",0,0.127966666666667,FALSE
"PT17","clonotype3",2.63117771766758,0.6036,FALSE
"PT17","clonotype3",1.16187783862991,0.4358,FALSE
"PT17","clonotype290",0,0.244,FALSE
"PT17","clonotype7",1.45897884292217,0.6832,FALSE
"PT17","clonotype14",1.28475314063155,0.5775,FALSE
"PT17","clonotype153",2.40520074435575,0.334433333333333,FALSE
"PT17","clonotype221",0,0,FALSE
"PT17","clonotype12",0,0.372633333333333,TRUE
"PT17","clonotype623",3.32946895387021,0.272733333333333,FALSE
"PT17","clonotype14",1.66837601662127,0.496833333333333,FALSE
"PT17","clonotype6",1.37529286980668,0.0921999999999999,FALSE
"PT17","clonotype4",3.00866317092442,0.643,FALSE
"PT17","clonotype16",2.88327841556229,0.555233333333333,FALSE
"PT17","clonotype7",1.24800740507049,0.488033333333333,FALSE
"PT17","clonotype927",0,0.2031,FALSE
"PT17","clonotype3",1.63852808142173,0.424,FALSE
"PT17","clonotype120",0,0.184333333333333,FALSE
"PT17","clonotype121",0,0.0956,FALSE
"PT17","clonotype4",0.976173158839421,0.441766666666667,FALSE
"PT17","clonotype7",0,0.586433333333333,FALSE
"PT17","clonotype201",0,0.3244,FALSE
"PT17","clonotype17",1.29784643969352,0.4869,FALSE
"PT17","clonotype833",0,0.293433333333333,FALSE
"PT17","clonotype5",1.41065375593792,0.425533333333333,FALSE
"PT17","clonotype9",2.8352635001744,0.556666666666667,FALSE
"PT17","clonotype1",1.03913071068204,0.5425,FALSE
"PT17","clonotype400",0,0.1962,FALSE
"PT17","clonotype7",2.29750217522628,0.553333333333333,FALSE
"PT17","clonotype5",1.03851745956776,0.5478,FALSE
"PT17","clonotype4",0,0.450933333333333,FALSE
"PT17","clonotype17",1.26563198676626,0.260466666666667,FALSE
"PT17","clonotype161",1.59055210376724,0.437233333333333,FALSE
"PT17","clonotype28",0,0.178533333333333,FALSE
"PT17","clonotype57",1.67688249114921,0.479233333333333,FALSE
"PT17","clonotype10",0,0.435366666666667,FALSE
"PT17","clonotype2",1.06012066818695,0.601666666666667,TRUE
"PT17","clonotype901",0,0.181466666666667,FALSE
"PT17","clonotype692",0,0.3845,FALSE
"PT17","clonotype627",0,0.234733333333333,FALSE
"PT17","clonotype4",2.52390998694019,0.452766666666667,FALSE
"PT17","clonotype20",0,0.423766666666667,FALSE
"PT17","clonotype5",1.95882945527603,0.557833333333333,FALSE
"PT17","clonotype45",0,0.500766666666667,TRUE
"PT17","clonotype525",0.961324688228185,0.6035,FALSE
"PT17","clonotype226",0,0.128266666666667,FALSE
"PT17","clonotype2",2.17504000875711,0.586633333333333,TRUE
"PT17","clonotype1",1.61848452089361,0.444333333333333,FALSE
"PT17","clonotype1",1.91157454082634,0.4044,FALSE
"PT17","clonotype3",1.84112948539985,0.715133333333333,FALSE
"PT17","clonotype5",2.47401853344991,0.494533333333333,FALSE
"PT17","clonotype390",0,0.0877666666666667,FALSE
"PT17","clonotype1",0,0.3955,FALSE
"PT17","clonotype6",1.62444056455437,0.125533333333333,FALSE
"PT17","clonotype19",0,0.197033333333333,FALSE
"PT17","clonotype3",2.39423667564348,0.589966666666667,FALSE
"PT17","clonotype20",0,0.352733333333333,FALSE
"PT17","clonotype46",1.42099255388696,0.6574,FALSE
"PT17","clonotype9",2.10062448181868,0.621966666666667,FALSE
"PT17","clonotype1",1.27193808545379,0.448633333333333,FALSE
"PT17","clonotype582",0,0.219133333333333,FALSE
"PT17","clonotype17",0,0.6565,FALSE
"PT17","clonotype12",0,0.462133333333333,TRUE
"PT17","clonotype146",0,0.265533333333333,FALSE
"PT17","clonotype14",1.72150992543959,0.476466666666667,FALSE
"PT17","clonotype122",2.62756422262578,0.2833,FALSE
"PT17","clonotype5",2.41645472745566,0.5952,FALSE
"PT17","clonotype13",2.41379515499403,0.613133333333333,FALSE
"PT17","clonotype2",1.71548705766311,0.535433333333333,TRUE
"PT17","clonotype2",0.927624068677813,0.685533333333333,TRUE
"PT17","clonotype1",1.16576863588437,0.439933333333333,FALSE
"PT17","clonotype675",0,0.165533333333333,FALSE
"PT17","clonotype95",1.38648953668183,0.4272,FALSE
"PT17","clonotype1",2.23565057353897,0.431933333333333,FALSE
"PT17","clonotype2",0,0.659633333333333,TRUE
"PT17","clonotype4",0,0.4359,FALSE
"PT17","clonotype886",0.939660090698026,0.3295,FALSE
"PT17","clonotype540",0,0.3674,FALSE
"PT17","clonotype687",0,0.2005,FALSE
"PT17","clonotype9",2.08130829747256,0.543066666666667,FALSE
"PT17","clonotype40",2.17349060517944,0.1296,FALSE
"PT17","clonotype1",1.85782454659733,0.663466666666667,FALSE
"PT17","clonotype10",1.78609108124669,0.681266666666667,FALSE
"PT17","clonotype18",2.06148986800897,0.477366666666667,FALSE
"PT17","clonotype887",0,0.175833333333333,FALSE
"PT17","clonotype62",0,0.0883333333333334,FALSE
"PT17","clonotype1",0,0.441366666666667,FALSE
"PT17","clonotype20",0,0.3322,FALSE
"PT17","clonotype2",0,0.554266666666667,TRUE
"PT17","clonotype47",0,0.231433333333333,FALSE
"PT17","clonotype7",1.95680695118,0.600333333333333,FALSE
"PT17","clonotype491",0,0.300033333333333,FALSE
"PT17","clonotype174",3.09052527003139,0.443733333333333,FALSE
"PT17","clonotype740",0.751835903605823,0.6564,FALSE
"PT17","clonotype1",1.69945737595035,0.621033333333333,FALSE
"PT17","clonotype634",0,0.391833333333333,FALSE
"PT17","clonotype3",2.34427521713247,0.6535,FALSE
"PT17","clonotype81",0,0.378033333333333,FALSE
"PT17","clonotype24",0,0.338333333333333,FALSE
"PT17","clonotype15",1.30623746734249,0.417333333333333,FALSE
"PT17","clonotype1",1.91445155983285,0.2878,FALSE
"PT17","clonotype145",1.247556563919,0.116333333333333,FALSE
"PT17","clonotype1",1.50191786294489,0.566866666666667,FALSE
"PT17","clonotype126",0,0.3712,FALSE
"PT17","clonotype1",1.52582611687902,0.5999,FALSE
"PT17","clonotype1",1.03363848575969,0.4474,FALSE
"PT17","clonotype60",0,0.192533333333333,FALSE
"PT17","clonotype778",0,0.2789,FALSE
"PT17","clonotype134",0.605139820250845,0.343833333333333,FALSE
"PT17","clonotype2",2.25207058707559,0.4688,TRUE
"PT17","clonotype1",1.71428811857378,0.6561,FALSE
"PT17","clonotype2",2.08832686895789,0.4629,TRUE
"PT17","clonotype3",1.79202302451219,0.4805,FALSE
"PT17","clonotype492",0,0.329233333333333,FALSE
"PT17","clonotype9",1.64137806163505,0.780166666666667,FALSE
"PT17","clonotype21",1.62483935461768,0.295666666666667,FALSE
"PT17","clonotype232",0,0.145933333333333,FALSE
"PT17","clonotype355",0,0.2511,FALSE
"PT17","clonotype439",0.75068374203316,0.173933333333333,FALSE
"PT17","clonotype136",0,0.2176,FALSE
"PT17","clonotype1",2.1082769387651,0.5544,FALSE
"PT17","clonotype3",1.34310106822695,0.532333333333333,FALSE
"PT17","clonotype284",0,0.2071,FALSE
"PT17","clonotype13",2.49163179758731,0.5971,FALSE
"PT17","clonotype19",0,0.162766666666667,FALSE
"PT17","clonotype19",0,0.580933333333333,FALSE
"PT17","clonotype6",1.91704935206077,0.213633333333333,FALSE
"PT17","clonotype97",1.09726193678645,0.5399,FALSE
"PT17","clonotype476",1.72758019230306,0.383533333333333,FALSE
"PT17","clonotype4",3.08303217720994,0.2986,FALSE
"PT17","clonotype49",1.58147519338446,0.260566666666667,FALSE
"PT17","clonotype569",1.45960957374992,0.5268,FALSE
"PT17","clonotype869",0,0.0882333333333334,FALSE
"PT17","clonotype34",0,0.472333333333333,TRUE
"PT17","clonotype6",0.844273373841794,0.446566666666667,FALSE
"PT17","clonotype132",2.50082704354387,0.538666666666667,FALSE
"PT17","clonotype10",3.05142370201411,0.523,FALSE
"PT17","clonotype99",1.00648541124975,0.424366666666667,FALSE
"PT17","clonotype78",0,0.303866666666667,FALSE
"PT17","clonotype2",1.91907543579028,0.593166666666667,TRUE
"PT17","clonotype292",0,0.242666666666667,FALSE
"PT17","clonotype619",0,0.1995,FALSE
"PT17","clonotype1",0,0.3997,FALSE
"PT17","clonotype2",0,0.422033333333333,TRUE
"PT17","clonotype742",0,0.142366666666667,FALSE
"PT17","clonotype2",0,0.6495,TRUE
"PT17","clonotype38",1.61100895571494,0.515433333333333,FALSE
"PT17","clonotype119",2.93045735502099,0.163266666666667,FALSE
"PT17","clonotype2",1.08435871036794,0.8056,TRUE
"PT17","clonotype64",0.778695070022016,0.384733333333333,FALSE
"PT17","clonotype437",0,0.1992,FALSE
"PT17","clonotype646",0,0.172666666666667,FALSE
"PT17","clonotype598",0,0.188566666666667,FALSE
"PT17","clonotype332",1.72879998758393,0.373433333333333,FALSE
"PT17","clonotype43",0,0.262066666666667,FALSE
"PT17","clonotype6",1.2790237703958,0.182533333333333,FALSE
"PT17","clonotype3",1.5090042225189,0.542133333333333,FALSE
"PT17","clonotype881",0,0.188533333333333,FALSE
"PT17","clonotype11",2.67515724272165,0.467,FALSE
"PT17","clonotype117",0,0.158066666666667,FALSE
"PT17","clonotype1",1.00362313040587,0.528433333333333,FALSE
"PT17","clonotype250",0,0.149733333333333,FALSE
"PT17","clonotype538",0,0.122666666666667,FALSE
"PT17","clonotype7",1.52409086565204,0.470333333333333,FALSE
"PT17","clonotype1",1.61848452089361,0.6093,FALSE
"PT17","clonotype1",1.87340285591186,0.4442,FALSE
"PT17","clonotype59",0,0.0949666666666666,FALSE
"PT17","clonotype6",1.01023186805031,0.224733333333333,FALSE
"PT17","clonotype791",0,0.413133333333333,FALSE
"PT17","clonotype2",2.78331894523254,0.529533333333333,TRUE
"PT17","clonotype15",3.0688508142049,0.6357,FALSE
"PT17","clonotype16",1.92898651981977,0.535066666666667,FALSE
"PT17","clonotype2",2.74979945671028,0.6523,TRUE
"PT17","clonotype6",2.0642288010313,0.300366666666667,FALSE
"PT17","clonotype449",0,0.2508,FALSE
"PT17","clonotype34",1.82494263048064,0.4724,TRUE
"PT17","clonotype470",0,0.218166666666667,FALSE
"PT17","clonotype14",2.35547102604677,0.3243,FALSE
"PT17","clonotype11",2.90081985253166,0.682533333333333,FALSE
"PT17","clonotype75",1.56991776783675,0.554033333333333,FALSE
"PT17","clonotype4",2.00671484669747,0.737,FALSE
"PT17","clonotype328",0,0,FALSE
"PT17","clonotype108",0,0.1923,FALSE
"PT17","clonotype911",0,0.341766666666667,FALSE
"PT17","clonotype26",1.36647442235957,0.232,FALSE
"PT17","clonotype565",0,0.1261,FALSE
"PT17","clonotype935",0,0.1219,FALSE
"PT17","clonotype2",1.10348698883525,0.353666666666667,TRUE
"PT17","clonotype684",0,0.173866666666667,FALSE
"PT17","clonotype1",2.84577651268246,0.2625,FALSE
"PT17","clonotype2",1.11544984086869,0.7578,TRUE
"PT17","clonotype60",1.94437364371008,0.386933333333333,FALSE
"PT17","clonotype862",0,0.1309,FALSE
"PT17","clonotype918",0,0.126933333333333,FALSE
"PT17","clonotype3",1.94318002928144,0.6508,FALSE
"PT17","clonotype112",1.64546853370638,0.423366666666667,FALSE
"PT17","clonotype14",0,0.5111,FALSE
"PT17","clonotype23",1.04561575746979,0.250166666666667,FALSE
"PT17","clonotype13",1.00533846344969,0.614766666666667,FALSE
"PT17","clonotype3",1.88333739649683,0.450033333333333,FALSE
"PT17","clonotype22",1.03821111697708,0.5909,FALSE
"PT17","clonotype509",1.41418015720602,0.311333333333333,FALSE
"PT17","clonotype7",0,0.6672,FALSE
"PT17","clonotype1",2.68070575796009,0.527166666666667,FALSE
"PT17","clonotype358",0,0.218333333333333,FALSE
"PT17","clonotype112",1.44463323053991,0.240933333333333,FALSE
"PT17","clonotype247",0,0.107,FALSE
"PT17","clonotype2",2.56166115560515,0.536166666666667,TRUE
"PT17","clonotype3",0.919696232628289,0.448566666666667,FALSE
"PT17","clonotype2",0,0.534166666666667,TRUE
"PT17","clonotype612",0,0.1839,FALSE
"PT17","clonotype519",0,0.3586,FALSE
"PT17","clonotype37",0,0.153133333333333,FALSE
"PT17","clonotype21",1.77825014762418,0.681766666666667,FALSE
"PT17","clonotype19",0,0.238933333333333,FALSE
"PT17","clonotype574",1.15839943650822,0.125866666666667,FALSE
"PT17","clonotype6",0,0.188,FALSE
"PT17","clonotype397",0,0.117333333333333,FALSE
"PT17","clonotype3",2.25207058707559,0.6053,FALSE
"PT17","clonotype1",0,0.545666666666667,FALSE
"PT17","clonotype866",0,0.1344,FALSE
"PT17","clonotype9",2.20980208306927,0.7018,FALSE
"PT17","clonotype13",1.60632661189918,0.464066666666667,FALSE
"PT17","clonotype421",0,0.0687,FALSE
"PT17","clonotype4",0,0.612966666666667,FALSE
"PT17","clonotype464",0.899223867257957,0.1815,FALSE
"PT17","clonotype5",2.57462594835317,0.472733333333333,FALSE
"PT17","clonotype4",2.72096595689516,0.5311,FALSE
"PT17","clonotype2",2.23152139675688,0.456966666666667,TRUE
"PT17","clonotype2",1.92937757847531,0.6971,TRUE
"PT17","clonotype12",3.10634124286791,0.495533333333333,TRUE
"PT17","clonotype8",2.89358950159867,0.358133333333333,FALSE
"PT17","clonotype5",0.889114220988031,0.564666666666667,FALSE
"PT17","clonotype32",1.88723330140149,0.3596,FALSE
"PT17","clonotype366",0,0.439833333333333,FALSE
"PT17","clonotype699",0,0.146433333333333,FALSE
"PT17","clonotype23",1.85782454659733,0.268966666666667,FALSE
"PT17","clonotype3",2.2879778712486,0.6414,FALSE
"PT17","clonotype363",0,0.258333333333333,FALSE
"PT17","clonotype4",1.50832619369247,0.2277,FALSE
"PT17","clonotype824",0,0.215366666666667,FALSE
"PT17","clonotype3",1.3794687683422,0.329266666666667,FALSE
"PT17","clonotype3",1.99312065460689,0.615566666666667,FALSE
"PT17","clonotype34",1.03729321890106,0.4757,TRUE
"PT17","clonotype53",1.99989106347572,0.514633333333333,FALSE
"PT17","clonotype39",2.34334804644998,0.1496,FALSE
"PT17","clonotype21",2.17245911850781,0.177566666666667,FALSE
"PT17","clonotype1",2.31774231339153,0.694666666666667,FALSE
"PT17","clonotype1",0,0.6024,FALSE
"PT17","clonotype13",0.899906287826533,0.569533333333333,FALSE
"PT17","clonotype6",1.86840220956477,0.164933333333333,FALSE
"PT17","clonotype8",2.88808569276562,0.507633333333333,FALSE
"PT17","clonotype2",1.41742944512162,0.478166666666667,TRUE
"PT17","clonotype2",0.991784086017487,0.121866666666667,TRUE
"PT17","clonotype813",0,0.0824,FALSE
"PT17","clonotype4",1.17008036029699,0.5078,FALSE
"PT17","clonotype102",0,0.0892333333333334,FALSE
"PT17","clonotype37",0,0.2426,FALSE
"PT17","clonotype1",0.652996311779428,0.587833333333333,FALSE
"PT17","clonotype5",0.972416593999837,0.383766666666667,FALSE
"PT17","clonotype578",0,0.0639333333333333,FALSE
"PT17","clonotype97",1.67035228775049,0.534266666666667,FALSE
"PT17","clonotype4",1.74733081889465,0.575233333333333,FALSE
"PT17","clonotype76",0,0.4476,FALSE
"PT17","clonotype714",0,0.346466666666667,FALSE
"PT17","clonotype1",2.45618949189357,0.3835,FALSE
"PT17","clonotype276",3.14341531289022,0.2871,FALSE
"PT17","clonotype563",0,0.227766666666667,FALSE
"PT17","clonotype30",1.91387536470599,0.250066666666667,FALSE
"PT17","clonotype585",0,0.0524666666666667,FALSE
"PT17","clonotype144",0,0.414933333333333,FALSE
"PT17","clonotype10",1.64097025069686,0.5624,FALSE
"PT17","clonotype921",0.900817846825914,0.0960666666666666,FALSE
"PT17","clonotype53",2.36888830563959,0.53,FALSE
"PT17","clonotype527",0,0.185266666666667,FALSE
"PT17","clonotype5",1.28307643443745,0.595866666666667,FALSE
"PT17","clonotype7",1.50764882833609,0.693166666666667,FALSE
"PT17","clonotype211",2.44945572993294,0.4206,FALSE
"PT17","clonotype2",1.99143631010684,0.6144,TRUE
"PT17","clonotype180",1.68895475224635,0.496266666666667,FALSE
"PT17","clonotype25",0.990116442825103,0.2104,FALSE
"PT17","clonotype220",0,0.177666666666667,FALSE
"PT17","clonotype114",0,0.3673,FALSE
"PT17","clonotype2",2.01316125022495,0.3861,TRUE
"PT17","clonotype10",1.48927729916655,0.5619,FALSE
"PT17","clonotype406",0,0.165233333333333,FALSE
"PT17","clonotype7",0,0.7071,FALSE
"PT17","clonotype43",0,0.27,FALSE
"PT17","clonotype2",1.639612497337,0.575933333333333,TRUE
"PT17","clonotype7",1.76952098525485,0.690066666666667,FALSE
"PT17","clonotype210",1.5695480313034,0.316466666666667,FALSE
"PT17","clonotype206",0,0.338133333333333,FALSE
"PT17","clonotype4",3.4262871463666,0.2636,FALSE
"PT17","clonotype505",0,0.0620666666666667,FALSE
"PT17","clonotype46",3.69978289813299,0.195066666666667,FALSE
"PT17","clonotype218",0,0.242033333333333,FALSE
"PT17","clonotype513",0,0,FALSE
"PT17","clonotype167",0,0.239633333333333,FALSE
"PT17","clonotype2",0.995698049849923,0.791133333333333,TRUE
"PT17","clonotype29",3.05081858089048,0.450166666666667,FALSE
"PT17","clonotype1",2.4128659952542,0.524466666666667,FALSE
"PT17","clonotype212",0,0.143933333333333,FALSE
"PT17","clonotype86",1.93192389156032,0.503133333333333,FALSE
"PT17","clonotype22",2.04299771603219,0.5575,FALSE
"PT17","clonotype12",1.42009996494745,0.562333333333333,TRUE
"PT17","clonotype474",0,0,FALSE
"PT17","clonotype747",0,0.0933666666666667,FALSE
"PT17","clonotype757",1.84430006071138,0.3088,FALSE
"PT17","clonotype851",0,0.1782,FALSE
"PT17","clonotype331",0,0.291666666666667,FALSE
"PT17","clonotype5",1.46150531810437,0.530766666666667,FALSE
"PT17","clonotype330",2.40849742336009,0.265233333333333,FALSE
"PT17","clonotype2",2.2659285721964,0.585766666666667,TRUE
"PT17","clonotype1",2.31324068463059,0.521166666666667,FALSE
"PT17","clonotype1",0,0.4056,FALSE
"PT17","clonotype70",0,0.2346,FALSE
"PT17","clonotype42",1.26539970415965,0.6694,FALSE
"PT17","clonotype303",0.897862225811142,0.355766666666667,FALSE
"PT17","clonotype6",2.14316514733253,0.335366666666667,FALSE
"PT17","clonotype7",1.21257451771212,0.591266666666667,FALSE
"PT17","clonotype909",0,0.0976666666666667,FALSE
"PT17","clonotype857",0,0.294033333333333,FALSE
"PT17","clonotype73",0,0.261533333333333,FALSE
"PT17","clonotype1",1.00162958615245,0.561133333333333,FALSE
"PT17","clonotype47",0,0.247633333333333,FALSE
"PT17","clonotype394",2.67863777656399,0.454833333333333,FALSE
"PT17","clonotype23",2.54639267508798,0.460466666666667,FALSE
"PT17","clonotype1",1.45145587851961,0.3501,FALSE
"PT17","clonotype823",0,0.324866666666667,FALSE
"PT17","clonotype746",0,0.0643333333333334,FALSE
"PT17","clonotype32",2.58224863499555,0.338266666666667,FALSE
"PT17","clonotype24",0,0.24,FALSE
"PT17","clonotype296",0,0.226366666666667,FALSE
"PT17","clonotype65",0,0.294,FALSE
"PT17","clonotype27",1.8182498569248,0.4102,FALSE
"PT17","clonotype2",0,0.715033333333333,TRUE
"PT17","clonotype665",0,0.2865,FALSE
"PT17","clonotype16",1.21172654230635,0.4497,FALSE
"PT17","clonotype6",2.14154418096604,0.126066666666667,FALSE
"PT17","clonotype2",1.32031353812686,0.440833333333333,TRUE
"PT17","clonotype832",0,0.0944,FALSE
"PT17","clonotype11",3.48637831877373,0.519033333333333,FALSE
"PT17","clonotype1",2.37079300592092,0.657166666666667,FALSE
"PT17","clonotype11",0,0.545266666666667,FALSE
"PT17","clonotype13",0,0.4081,FALSE
"PT17","clonotype2",2.634143566019,0.5654,TRUE
"PT17","clonotype3",1.09486090865762,0.4302,FALSE
"PT17","clonotype5",1.55745289988524,0.5253,FALSE
"PT17","clonotype345",0,0.3545,FALSE
"PT17","clonotype4",1.94517032154598,0.463233333333333,FALSE
"PT17","clonotype7",1.2462061126324,0.576833333333333,FALSE
"PT17","clonotype931",0,0.157266666666667,FALSE
"PT17","clonotype44",0.821943004279283,0.175833333333333,FALSE
"PT17","clonotype7",0,0.2665,FALSE
"PT17","clonotype159",0.458351719069071,0.289533333333333,FALSE
"PT17","clonotype52",1.05187102314038,0.545466666666667,FALSE
"PT17","clonotype13",0.958203587824926,0.509,FALSE
"PT17","clonotype17",1.97725079766097,0.721133333333333,FALSE
"PT17","clonotype16",1.52409086565204,0.662366666666667,FALSE
"PT17","clonotype80",2.50791566661402,0.0884666666666667,FALSE
"PT17","clonotype564",1.08704871270666,0.4019,FALSE
"PT17","clonotype2",0,0.536766666666667,TRUE
"PT17","clonotype197",0,0.252733333333333,FALSE
"PT17","clonotype103",0,0.4643,FALSE
"PT17","clonotype344",0,0.168833333333333,FALSE
"PT17","clonotype2",1.56610634363412,0.322233333333333,TRUE
"PT17","clonotype181",0,0.426866666666667,FALSE
"PT17","clonotype1",1.36021076621743,0.327366666666667,FALSE
"PT17","clonotype51",0,0.377533333333333,FALSE
"PT17","clonotype855",0,0.1668,FALSE
"PT17","clonotype194",0,0.3087,FALSE
"PT17","clonotype6",0,0.276066666666667,FALSE
"PT17","clonotype195",0,0.185533333333333,FALSE
"PT17","clonotype674",0,0.214,FALSE
"PT17","clonotype2",1.81492420516238,0.726833333333333,TRUE
"PT17","clonotype659",0.962893156971577,0.658966666666667,FALSE
"PT17","clonotype846",0,0.313933333333333,FALSE
"PT17","clonotype669",0,0.0481666666666667,FALSE
"PT17","clonotype36",1.04530503119699,0.3963,FALSE
"PT17","clonotype2",2.55369310692913,0.6091,TRUE
"PT17","clonotype7",0,0.4501,FALSE
"PT17","clonotype5",0,0.5519,FALSE
"PT17","clonotype12",1.60012989653924,0.3262,TRUE
"PT17","clonotype73",1.46946208041111,0.1966,FALSE
"PT17","clonotype7",1.95680695118,0.519133333333333,FALSE
"PT17","clonotype42",2.445334382134,0.5861,FALSE
"PT17","clonotype3",1.57623266020211,0.494166666666667,FALSE
"PT17","clonotype1",0,0.377866666666667,FALSE
"PT17","clonotype143",0,0.0609,FALSE
"PT17","clonotype25",0.966046070604843,0.267466666666667,FALSE
"PT17","clonotype88",1.84077796090998,0.445633333333333,FALSE
"PT17","clonotype2",2.34752732459203,0.558133333333333,TRUE
"PT17","clonotype39",1.7847788635542,0.266366666666667,FALSE
"PT17","clonotype2",1.88816360477009,0.4973,TRUE
"PT17","clonotype7",1.5002413004011,0.2914,FALSE
"PT17","clonotype28",0,0.1992,FALSE
"PT17","clonotype487",0,0.350233333333333,FALSE
"PT17","clonotype3",2.68745486398629,0.3488,FALSE
"PT17","clonotype145",1.1165184676881,0.0964,FALSE
"PT17","clonotype2",1.09417692099895,0.687433333333333,TRUE
"PT17","clonotype8",1.99523071621272,0.667866666666667,FALSE
"PT17","clonotype11",1.15456017630847,0.607366666666667,FALSE
"PT17","clonotype683",0,0.245433333333333,FALSE
"PT17","clonotype13",0.978874917106793,0.227,FALSE
"PT17","clonotype12",2.05581084639393,0.515633333333333,TRUE
"PT17","clonotype21",1.45458021126918,0.354033333333333,FALSE
"PT17","clonotype16",0,0.617933333333333,FALSE
"PT17","clonotype6",2.05242087302685,0.2905,FALSE
"PT17","clonotype175",1.56512604136937,0.579166666666667,FALSE
"PT17","clonotype49",1.49158841077055,0.0921,FALSE
"PT17","clonotype5",1.16381981094474,0.567966666666667,FALSE
"PT17","clonotype423",3.61107022109312,0.331866666666667,FALSE
"PT17","clonotype4",1.77532969693014,0.519666666666667,FALSE
"PT17","clonotype108",0,0.181466666666667,FALSE
"PT17","clonotype4",1.8728544287105,0.3524,FALSE
"PT17","clonotype286",0,0.229866666666667,FALSE
"PT17","clonotype61",0,0.384366666666667,FALSE
"PT17","clonotype640",0.768190132050694,0.1047,FALSE
"PT17","clonotype2",1.62643667815421,0.481066666666667,TRUE
"PT17","clonotype5",1.19051892685683,0.659066666666667,FALSE
"PT17","clonotype1",0,0.3954,FALSE
"PT17","clonotype129",1.76279781926611,0.749466666666667,FALSE
"PT17","clonotype662",0,0.2292,FALSE
"PT17","clonotype317",2.01791916955766,0.5173,FALSE
"PT17","clonotype445",0,0.219633333333333,FALSE
"PT17","clonotype236",2.37825706881039,0.353533333333333,FALSE
"PT17","clonotype44",1.53527154552927,0.344666666666667,FALSE
"PT17","clonotype4",2.42548400774961,0.737633333333333,FALSE
"PT17","clonotype534",0,0.251033333333333,FALSE
"PT17","clonotype785",0,0.1798,FALSE
"PT17","clonotype533",0,0.428933333333333,FALSE
"PT17","clonotype179",2.46454005497112,0.2819,FALSE
"PT17","clonotype132",2.33706674672688,0.3073,FALSE
"PT17","clonotype6",2.26806774216455,0.1318,FALSE
"PT17","clonotype9",1.09247086161488,0.442666666666667,FALSE
"PT17","clonotype62",1.87817123464992,0.0592333333333334,FALSE
"PT17","clonotype21",1.69637912481981,0.501766666666667,FALSE
"PT17","clonotype8",2.445334382134,0.3829,FALSE
"PT17","clonotype2",1.93782948845914,0.4078,TRUE
"PT17","clonotype36",1.86575792906277,0.0580333333333334,FALSE
"PT17","clonotype59",0,0.3023,FALSE
"PT17","clonotype8",2.09398170590196,0.470233333333333,FALSE
"PT17","clonotype8",2.51505432934804,0.6151,FALSE
"PT17","clonotype16",2.9239565603761,0.538,FALSE
"PT17","clonotype461",0,0.0992666666666666,FALSE
"PT17","clonotype295",0,0.1847,FALSE
"PT17","clonotype2",1.86575792906277,0.614766666666667,TRUE
"PT17","clonotype808",0,0.104466666666667,FALSE
"PT17","clonotype5",0,0.289333333333333,FALSE
"PT17","clonotype508",0,0.290433333333333,FALSE
"PT17","clonotype865",0,0.136733333333333,FALSE
"PT17","clonotype4",1.1541777233382,0.356466666666667,FALSE
"PT17","clonotype7",1.92547513894724,0.6667,FALSE
"PT17","clonotype19",0,0.0782,FALSE
"PT17","clonotype815",0,0.257533333333333,FALSE
"PT17","clonotype13",2.14955233650503,0.540533333333333,FALSE
"PT17","clonotype3",2.48948034991712,0.527533333333333,FALSE
"PT17","clonotype15",0,0.629966666666667,FALSE
"PT17","clonotype10",1.98556687573583,0.627133333333333,FALSE
"PT17","clonotype410",1.27405500413296,0,FALSE
"PT17","clonotype481",0,0.2689,FALSE
"PT17","clonotype342",0,0.3875,FALSE
"PT17","clonotype31",1.18281705011866,0.3418,TRUE
"PT17","clonotype2",1.14733888608712,0.623166666666667,TRUE
"PT17","clonotype2",2.12329128455052,0.527866666666667,TRUE
"PT17","clonotype35",1.68375735144076,0.446266666666667,FALSE
"PT17","clonotype4",0,0.256266666666667,FALSE
"PT17","clonotype861",0,0.447266666666667,FALSE
"PT17","clonotype18",2.08410910414193,0.2635,FALSE
"PT17","clonotype724",0,0.111066666666667,FALSE
"PT17","clonotype10",1.83221280533317,0.561666666666667,FALSE
"PT17","clonotype1",1.66584270327085,0.337,FALSE
"PT17","clonotype149",0,0.255266666666667,FALSE
"PT17","clonotype1",1.05218583799864,0.553633333333333,FALSE
"PT17","clonotype230",0,0.3258,FALSE
"PT17","clonotype20",0,0.158866666666667,FALSE
"PT17","clonotype441",0,0.121866666666667,FALSE
"PT17","clonotype17",2.03036862728597,0.359733333333333,FALSE
"PT17","clonotype820",0,0.138566666666667,FALSE
"PT17","clonotype11",2.24856774772324,0.6203,FALSE
"PT17","clonotype4",1.08941395334998,0.571366666666667,FALSE
"PT17","clonotype749",0,0.362833333333333,FALSE
"PT17","clonotype873",0,0.0854333333333334,FALSE
"PT17","clonotype1",1.11758924550066,0.449233333333333,FALSE
"PT17","clonotype607",0,0.282966666666667,FALSE
"PT17","clonotype51",0,0.400033333333333,FALSE
"PT17","clonotype73",1.92781443180586,0.161533333333333,FALSE
"PT17","clonotype2",1.82270552939656,0.683033333333333,TRUE
"PT17","clonotype17",1.3020275291103,0.5014,FALSE
"PT17","clonotype65",0,0.355166666666667,FALSE
"PT17","clonotype14",1.01693181830679,0.498733333333333,FALSE
"PT17","clonotype761",1.43483231176133,0.169866666666667,FALSE
"PT17","clonotype45",0,0.6102,TRUE
"PT17","clonotype26",1.5818511259474,0.244666666666667,FALSE
"PT17","clonotype3",2.47967800263661,0.589733333333333,FALSE
"PT17","clonotype259",0,0.210933333333333,FALSE
"PT17","clonotype6",2.70849607195109,0.304466666666667,FALSE
"PT17","clonotype7",3.73369155414016,0.4531,FALSE
"PT17","clonotype7",0,0.555033333333333,FALSE
"PT17","clonotype919",0,0.227466666666667,FALSE
"PT17","clonotype4",1.13244239365984,0.338033333333333,FALSE
"PT17","clonotype1",1.03242619955944,0.2385,FALSE
"PT17","clonotype1",1.11509410875687,0.591866666666667,FALSE
"PT17","clonotype1",1.68635160130067,0.514533333333333,FALSE
"PT17","clonotype4",2.61392204038363,0.491866666666667,FALSE
"PT17","clonotype4",1.96799053350771,0.4692,FALSE
"PT17","clonotype13",2.29060585942706,0.590566666666667,FALSE
"PT17","clonotype4",1.66289792842991,0.571833333333333,FALSE
"PT17","clonotype11",1.98223078547185,0.621133333333333,FALSE
"PT17","clonotype597",1.58562127775858,0.310766666666667,FALSE
"PT17","clonotype93",0,0.1409,FALSE
"PT17","clonotype1",2.08200767469631,0.227666666666667,FALSE
"PT17","clonotype49",0,0.1934,FALSE
"PT17","clonotype446",0,0.0732,FALSE
"PT17","clonotype147",0.905865700330793,0.1417,FALSE
"PT17","clonotype680",0.807474771791874,0.387033333333333,FALSE
"PT17","clonotype4",1.62643667815421,0.6474,FALSE
"PT17","clonotype2",0,0.747466666666667,TRUE
"PT17","clonotype1",0,0.431066666666667,FALSE
"PT17","clonotype4",0.904483228752048,0.637666666666667,FALSE
"PT17","clonotype36",0.883379229974345,0.614066666666667,FALSE
"PT17","clonotype17",2.44756466098318,0.217,FALSE
"PT17","clonotype205",0,0.500466666666667,FALSE
"PT17","clonotype8",1.75281973940377,0.668966666666667,FALSE
"PT17","clonotype20",0,0.185733333333333,FALSE
"PT17","clonotype57",1.98056758030107,0.159166666666667,FALSE
"PT17","clonotype1",1.06204366654692,0.747,FALSE
"PT17","clonotype6",0.565748529479446,0.194,FALSE
"PT17","clonotype885",1.37557041761236,0.371933333333333,FALSE
"PT17","clonotype87",0,0.249566666666667,FALSE
"PT17","clonotype467",0,0.122533333333333,FALSE
"PT17","clonotype15",0,0.569,FALSE
"PT17","clonotype891",2.0692722718441,0.408633333333333,FALSE
"PT17","clonotype3",1.47042321371533,0.584133333333333,FALSE
"PT17","clonotype8",1.09315261626661,0.6321,FALSE
"PT17","clonotype1",2.2595399447118,0.525766666666667,FALSE
"PT17","clonotype678",0,0.2343,FALSE
"PT17","clonotype217",0,0.3078,FALSE
"PT17","clonotype3",0,0.588166666666667,FALSE
"PT17","clonotype49",2.07921345338243,0.1639,FALSE
"PT17","clonotype60",1.85067847740347,0.4738,FALSE
"PT17","clonotype6",0.827076105367154,0.281766666666667,FALSE
"PT17","clonotype23",1.28427360558711,0.262633333333333,FALSE
"PT17","clonotype6",1.17860569188491,0.469133333333333,FALSE
"PT17","clonotype615",1.0084991345873,0.541233333333333,FALSE
"PT17","clonotype6",0.935694572547631,0.4308,FALSE
"PT17","clonotype15",2.0724967442574,0.408166666666667,FALSE
"PT17","clonotype46",2.61418215148926,0.226666666666667,FALSE
"PT17","clonotype2",0,0.509166666666667,TRUE
"PT17","clonotype5",1.89114760870097,0.5516,FALSE
"PT17","clonotype64",3.60331436542679,0.287633333333333,FALSE
"PT17","clonotype36",1.5754868392075,0.3757,FALSE
"PT17","clonotype5",2.0247771853995,0.620066666666667,FALSE
"PT17","clonotype822",0,0,FALSE
"PT17","clonotype15",0,0.3259,FALSE
"PT17","clonotype733",2.66682512183485,0.7022,FALSE
"PT17","clonotype13",1.6666861927435,0.5143,FALSE
"PT17","clonotype702",0,0.0711000000000001,FALSE
"PT17","clonotype10",2.42146081092328,0.543233333333333,FALSE
"PT17","clonotype8",2.7988154840939,0.656166666666667,FALSE
"PT17","clonotype2",0,0.519033333333333,TRUE
"PT17","clonotype8",1.23199192490792,0.654466666666667,FALSE
"PT17","clonotype2",1.89705389222818,0.622766666666667,TRUE
"PT17","clonotype6",2.03987895653216,0.120933333333333,FALSE
"PT17","clonotype2",1.20919012807384,0.476366666666667,TRUE
"PT17","clonotype656",0.936930071135202,0.216433333333333,FALSE
"PT17","clonotype3",2.20632003416439,0.637866666666667,FALSE
"PT17","clonotype1",1.26586436006962,0.494433333333333,FALSE
"PT17","clonotype196",0,0.459033333333333,FALSE
"PT17","clonotype1",1.9612628119265,0.595733333333333,FALSE
"PT17","clonotype11",2.39752007023548,0.552733333333333,FALSE
"PT17","clonotype5",2.29632480885715,0.545266666666667,FALSE
"PT17","clonotype803",0,0.178633333333333,FALSE
"PT17","clonotype1",1.09077036480028,0.419066666666667,FALSE
"PT17","clonotype13",1.83482520146021,0.508166666666667,FALSE
"PT17","clonotype545",0,0.1857,FALSE
"PT17","clonotype6",2.04076890171055,0.175433333333333,FALSE
"PT17","clonotype12",2.92937123609918,0.5094,TRUE
"PT17","clonotype2",2.15611115066125,0.6555,TRUE
"PT17","clonotype2",1.83534869238206,0.493033333333333,TRUE
"PT17","clonotype161",2.04065760924488,0.598533333333333,FALSE
"PT17","clonotype5",1.28667510190897,0.5214,FALSE
"PT17","clonotype25",1.77217800620395,0.136866666666667,FALSE
"PT17","clonotype875",1.33889542769708,0.6247,FALSE
"PT17","clonotype50",0,0.3894,FALSE
"PT17","clonotype715",0,0.2414,FALSE
"PT17","clonotype262",0,0.0508666666666666,FALSE
"PT17","clonotype812",0,0.348466666666667,FALSE
"PT17","clonotype1",1.25162662789524,0.510333333333333,FALSE
"PT17","clonotype13",2.57919278058902,0.621,FALSE
"PT17","clonotype1",2.13311207119431,0.6299,FALSE
"PT17","clonotype7",2.06012357300157,0.585233333333333,FALSE
"PT17","clonotype44",1.62244984962606,0.237133333333333,FALSE
"PT17","clonotype213",1.08368838553248,0.398433333333333,FALSE
"PT17","clonotype4",0,0.303133333333333,FALSE
"PT17","clonotype1",2.3034108690819,0.459733333333333,FALSE
"PT17","clonotype8",2.83277529484444,0.6083,FALSE
"PT17","clonotype6",1.33160299660671,0.197033333333333,FALSE
"PT17","clonotype22",2.41147389451683,0.6138,FALSE
"PT17","clonotype3",1.98410574447423,0.496833333333333,FALSE
"PT17","clonotype5",2.36584850675356,0.553833333333333,FALSE
"PT17","clonotype8",0,0.585033333333333,FALSE
"PT17","clonotype430",1.67859535637872,0.241766666666667,FALSE
"PT17","clonotype13",0,0.542533333333333,FALSE
"PT17","clonotype69",1.54842491128392,0.536266666666667,FALSE
"PT17","clonotype169",3.22074651798305,0.4823,FALSE
"PT17","clonotype6",0,0.341166666666667,FALSE
"PT17","clonotype29",2.75533690105975,0.668433333333333,FALSE
"PT17","clonotype1",1.86412893852277,0.4169,FALSE
"PT17","clonotype5",1.59207607118572,0.515866666666667,FALSE
"PT17","clonotype874",0,0.2486,FALSE
"PT17","clonotype14",1.27854877756398,0.572666666666667,FALSE
"PT17","clonotype160",0,0.519333333333333,FALSE
"PT17","clonotype45",0.975634663531522,0.472333333333333,TRUE
"PT17","clonotype87",0.626077663969376,0.2133,FALSE
"PT17","clonotype1",1.01342469199321,0.551133333333333,FALSE
"PT17","clonotype131",1.18080768748525,0.468466666666667,FALSE
"PT17","clonotype642",0,0.0793,FALSE
"PT17","clonotype21",1.32593256908033,0.441266666666667,FALSE
"PT17","clonotype756",3.54666452413564,0.415333333333333,FALSE
"PT17","clonotype3",1.95036704401014,0.654533333333333,FALSE
"PT17","clonotype10",0,0.4503,FALSE
"PT17","clonotype10",1.64097025069686,0.449366666666667,FALSE
"PT17","clonotype27",0.927624068677813,0.512666666666667,FALSE
"PT17","clonotype7",1.85710712345354,0.599433333333333,FALSE
"PT17","clonotype7",1.50124674861831,0.4369,FALSE
"PT17","clonotype16",2.59289712361804,0.227633333333333,FALSE
"PT17","clonotype13",1.69506366891031,0.4551,FALSE
"PT17","clonotype4",1.53105785300656,0.665,FALSE
"PT17","clonotype12",2.78845975169012,0.509133333333333,TRUE
"PT17","clonotype1",2.11261024035878,0.522033333333333,FALSE
"PT17","clonotype630",0,0.1528,FALSE
"PT17","clonotype3",1.5384484864377,0.470133333333333,FALSE
"PT17","clonotype1",2.20993626887421,0.480333333333333,FALSE
"PT17","clonotype3",1.81262986054116,0.388333333333333,FALSE
"PT17","clonotype48",1.52930959309387,0.364733333333333,FALSE
"PT17","clonotype735",0,0.228466666666667,FALSE
"PT17","clonotype6",0,0.4257,FALSE
"PT17","clonotype94",1.46658684147148,0.531933333333333,FALSE
"PT17","clonotype1",0,0.624366666666667,FALSE
"PT17","clonotype293",0,0.0792333333333334,FALSE
"PT17","clonotype4",3.77131794583062,0.341,FALSE
"PT17","clonotype20",0,0.402133333333333,FALSE
"PT17","clonotype602",0,0.233266666666667,FALSE
"PT17","clonotype33",0,0.640166666666667,TRUE
"PT17","clonotype385",0,0.2003,FALSE
"PT17","clonotype144",1.08671169858227,0.5214,FALSE
"PT17","clonotype10",2.35734961979746,0.435833333333333,FALSE
"PT17","clonotype14",1.86286417683418,0.513033333333333,FALSE
"PT17","clonotype1",2.4479082247159,0.626766666666667,FALSE
"PT17","clonotype1",1.69069515600602,0.475833333333333,FALSE
"PT17","clonotype27",2.15446702525676,0.396633333333333,FALSE
"PT17","clonotype15",1.281881637951,0.57,FALSE
"PT17","clonotype70",0,0.149,FALSE
"PT17","clonotype592",0,0.2241,FALSE
"PT17","clonotype605",0,0.299633333333333,FALSE
"PT17","clonotype10",0,0.600866666666667,FALSE
"PT17","clonotype3",0,0.577033333333333,FALSE
"PT17","clonotype797",0,0.339233333333333,FALSE
"PT17","clonotype10",1.16498828116027,0.671866666666667,FALSE
"PT17","clonotype64",2.438072785405,0.217833333333333,FALSE
"PT17","clonotype6",1.27193808545379,0.2341,FALSE
"PT17","clonotype110",0,0.293466666666667,FALSE
"PT17","clonotype7",2.29045966976285,0.3446,FALSE
"PT17","clonotype78",0,0.499233333333333,FALSE
"PT17","clonotype1",2.03765803149097,0.416033333333333,FALSE
"PT17","clonotype32",1.98056758030107,0.5579,FALSE
"PT17","clonotype11",2.65666014745681,0.6471,FALSE
"PT17","clonotype17",2.12573651145025,0.4167,FALSE
"PT17","clonotype398",0,0.461466666666667,FALSE
"PT17","clonotype26",1.4248744811276,0.2609,FALSE
"PT17","clonotype2",3.0992848440368,0.782866666666667,TRUE
"PT17","clonotype26",1.55854401373228,0.232833333333333,FALSE
"PT17","clonotype22",2.10875738766343,0.628766666666667,FALSE
"PT17","clonotype11",1.56073127385753,0.562833333333333,FALSE
"PT17","clonotype92",0,0.3249,FALSE
"PT17","clonotype8",1.67902417996901,0.286033333333333,FALSE
"PT17","clonotype717",3.29011094300753,0.324266666666667,FALSE
"PT17","clonotype4",1.79799949547473,0.533066666666667,FALSE
"PT17","clonotype27",1.406854824129,0.467133333333333,FALSE
"PT17","clonotype1",1.04779625056633,0.584066666666667,FALSE
"PT17","clonotype41",1.39587558932188,0.163766666666667,FALSE
"PT17","clonotype551",0,0.474,FALSE
"PT17","clonotype19",0,0.286633333333333,FALSE
"PT17","clonotype9",1.92042888090063,0.690433333333333,FALSE
"PT17","clonotype628",0,0.208,FALSE
"PT17","clonotype6",1.58411085027365,0.2842,FALSE
"PT17","clonotype188",1.08335354826625,0.299666666666667,FALSE
"PT17","clonotype3",1.50562070261982,0.656866666666667,FALSE
"PT17","clonotype377",0,0.346,FALSE
"PT17","clonotype207",0,0.131066666666667,FALSE
"PT17","clonotype10",2.74910928753573,0.401233333333333,FALSE
"PT17","clonotype69",0.725827905884225,0.738666666666667,FALSE
"PT17","clonotype55",2.74727101186955,0.228666666666667,FALSE
"PT17","clonotype4",1.37835253217707,0.844666666666667,FALSE
"PT17","clonotype539",2.0287203711713,0.189833333333333,FALSE
"PT17","clonotype1",0,0.547933333333333,FALSE
"PT17","clonotype319",0,0.0648666666666666,FALSE
"PT17","clonotype14",1.16498828116027,0.573866666666667,FALSE
"PT17","clonotype34",1.16733265533457,0.5921,TRUE
"PT17","clonotype4",0,0.574866666666667,FALSE
"PT17","clonotype9",1.10978654765305,0.4255,FALSE
"PT17","clonotype27",1.558180123091,0.549,FALSE
"PT17","clonotype38",1.67432045597156,0.4686,FALSE
"PT17","clonotype6",1.38409386624627,0.186333333333333,FALSE
"PT17","clonotype18",2.16169792206358,0.370566666666667,FALSE
"PT17","clonotype173",0,0.425233333333333,FALSE
"PT17","clonotype12",0,0.393566666666667,TRUE
"PT17","clonotype10",0,0.4058,FALSE
"PT17","clonotype1",1.07472312736842,0.290733333333333,FALSE
"PT17","clonotype2",2.01618600716982,0.676766666666667,TRUE
"PT17","clonotype382",1.55975832841013,0.4228,FALSE
"PT17","clonotype283",2.17897688505896,0.522633333333333,FALSE
"PT17","clonotype5",1.09486090865762,0.686366666666667,FALSE
"PT17","clonotype114",0,0.243,FALSE
"PT17","clonotype1",1.3373255735301,0.559133333333333,FALSE
"PT17","clonotype4",1.72910523707705,0.367766666666667,FALSE
"PT17","clonotype7",1.2910220007116,0.539833333333333,FALSE
"PT17","clonotype12",1.1368684786912,0.687333333333333,TRUE
"PT17","clonotype9",2.19173121086104,0.686466666666667,FALSE
"PT17","clonotype17",1.18888868937294,0.584533333333333,FALSE
"PT17","clonotype426",1.04189971456985,0.570766666666667,FALSE
"PT17","clonotype6",1.5049459806879,0.125266666666667,FALSE
"PT17","clonotype20",0,0.191966666666667,FALSE
"PT17","clonotype3",0,0.366733333333333,FALSE
"PT17","clonotype16",0,0.430366666666667,FALSE
"PT17","clonotype9",0,0.376833333333333,FALSE
"PT17","clonotype18",1.558908090605,0.554466666666667,FALSE
"PT17","clonotype361",0,0.339733333333333,FALSE
"PT17","clonotype274",0,0.123466666666667,FALSE
"PT17","clonotype12",0,0.441666666666667,TRUE
"PT17","clonotype9",1.22892826102445,0.498333333333333,FALSE
"PT17","clonotype1",1.56109647137188,0.288866666666667,FALSE
"PT17","clonotype50",0,0.292833333333333,FALSE
"PT17","clonotype12",0.906096536660272,0.5932,TRUE
"PT17","clonotype2",1.47881056501616,0.3164,TRUE
"PT17","clonotype920",0,0.085,FALSE
"PT17","clonotype6",2.43714256102936,0.234766666666667,FALSE
"PT17","clonotype1",0,0.4526,FALSE
"PT17","clonotype766",1.28884464553341,0.328566666666667,FALSE
"PT17","clonotype788",0,0.152733333333333,FALSE
"PT17","clonotype6",0,0.175533333333333,FALSE
"PT17","clonotype1",1.58524337428716,0.574066666666667,FALSE
"PT17","clonotype845",0,0.0177333333333334,FALSE
"PT17","clonotype107",0,0.238133333333333,FALSE
"PT17","clonotype85",0,0.129733333333333,FALSE
"PT17","clonotype1",1.69594038718157,0.535233333333333,FALSE
"PT17","clonotype1",0.907947610350424,0.5254,FALSE
"PT17","clonotype5",1.10036523597781,0.5435,FALSE
"PT17","clonotype304",0.848284928397432,0.6564,FALSE
"PT17","clonotype599",0,0.1036,FALSE
"PT17","clonotype1",1.43849075892327,0.5851,FALSE
"PT17","clonotype2",1.82390935180489,0.6385,TRUE
"PT17","clonotype11",1.05439506278559,0.4876,FALSE
"PT17","clonotype2",1.74999205109229,0.367533333333333,TRUE
"PT17","clonotype729",0,0.336,FALSE
"PT17","clonotype56",1.65829366049517,0.286566666666667,FALSE
"PT17","clonotype11",0.947190016855586,0.580466666666667,FALSE
"PT17","clonotype587",1.21384883839074,0.590766666666667,FALSE
"PT17","clonotype1",1.3733533997241,0.5019,FALSE
"PT17","clonotype10",1.07670197350837,0.6834,FALSE
"PT17","clonotype2",1.70609569950757,0.4973,TRUE
"PT17","clonotype6",1.4919192065393,0.188266666666667,FALSE
"PT17","clonotype3",1.42278137105983,0.659633333333333,FALSE
"PT17","clonotype7",0.942657139551952,0.6506,FALSE
"PT17","clonotype1",0,0.7155,FALSE
"PT17","clonotype1",2.42347036428447,0.473766666666667,FALSE
"PT17","clonotype326",0,0.0605333333333333,FALSE
"PT17","clonotype814",0,0.2623,FALSE
"PT17","clonotype5",1.91119168432386,0.611766666666667,FALSE
"PT17","clonotype40",2.43459640804886,0.399466666666667,FALSE
"PT17","clonotype9",1.23816810221817,0.368866666666667,FALSE
"PT17","clonotype38",0,0.5915,FALSE
"PT17","clonotype2",0,0.783166666666667,TRUE
"PT17","clonotype89",0,0.228866666666667,FALSE
"PT17","clonotype117",0.670333385093558,0.155366666666667,FALSE
"PT17","clonotype7",1.11830429572712,0.349566666666667,FALSE
"PT17","clonotype854",0,0.206133333333333,FALSE
"PT17","clonotype839",0,0.3114,FALSE
"PT17","clonotype6",2.00295511864356,0.279133333333333,FALSE
"PT17","clonotype1",3.31569579877666,0.356666666666667,FALSE
"PT17","clonotype2",2.99533890513993,0.6484,TRUE
"PT17","clonotype101",0,0.286433333333333,FALSE
"PT17","clonotype177",1.574741792357,0.498966666666667,FALSE
"PT17","clonotype92",0,0.2285,FALSE
"PT17","clonotype11",2.27236063563741,0.624533333333333,FALSE
"PT17","clonotype2",1.66038300297646,0.581233333333333,TRUE
"PT17","clonotype666",0,0.1023,FALSE
"PT17","clonotype93",0,0.365966666666667,FALSE
"PT17","clonotype115",0,0.348966666666667,FALSE
"PT17","clonotype3",2.37060236836954,0.5307,FALSE
"PT17","clonotype4",0.867255101731287,0.702166666666667,FALSE
"PT17","clonotype39",1.78118141565868,0.194033333333333,FALSE
"PT17","clonotype168",0,0.1183,FALSE
"PT17","clonotype2",1.61808916323908,0.486866666666667,TRUE
"PT17","clonotype6",0,0.2234,FALSE
"PT17","clonotype28",0,0.1897,FALSE
"PT17","clonotype101",0,0.1546,FALSE
"PT17","clonotype7",2.52390998694019,0.4732,FALSE
"PT17","clonotype5",3.45775577238085,0.3461,FALSE
"PT17","clonotype68",0,0.244633333333333,FALSE
"PT17","clonotype172",0,0.143866666666667,FALSE
"PT17","clonotype576",0,0.0493333333333333,FALSE
"PT17","clonotype33",1.06948319668483,0.562766666666667,TRUE
"PT17","clonotype3",2.0624019046157,0.426933333333333,FALSE
"PT17","clonotype667",0,0.338133333333333,FALSE
"PT17","clonotype7",2.35594033394828,0.550266666666667,FALSE
"PT17","clonotype14",2.28710348406982,0.699233333333333,FALSE
"PT17","clonotype29",0,0.464333333333333,FALSE
"PT17","clonotype18",2.102054359408,0.242633333333333,FALSE
"PT17","clonotype9",1.10418323505142,0.552766666666667,FALSE
"PT17","clonotype11",3.00285056895137,0.558166666666667,FALSE
"PT17","clonotype868",0,0.1894,FALSE
"PT17","clonotype547",0.743538085820532,0.4334,FALSE
"PT17","clonotype14",1.07144189873865,0.189966666666667,FALSE
"PT17","clonotype24",0.745234151119818,0.5557,FALSE
"PT17","clonotype2",1.04499449754882,0.573233333333333,TRUE
"PT17","clonotype209",0,0.325566666666667,FALSE
"PT17","clonotype19",0,0.199866666666667,FALSE
"PT17","clonotype3",0.966309780285272,0.5705,FALSE
"PT17","clonotype130",1.21448706232916,0.223166666666667,FALSE
"PT17","clonotype8",1.79849956198235,0.506166666666667,FALSE
"PT17","clonotype2",1.82339320801074,0.443233333333333,TRUE
"PT17","clonotype16",2.2373073521611,0.552733333333333,FALSE
"PT17","clonotype1",2.23938244969225,0.651166666666667,FALSE
"PT17","clonotype25",1.42727476711707,0.1642,FALSE
"PT17","clonotype795",2.06285827551217,0.396266666666667,FALSE
"PT17","clonotype4",2.32620219389639,0.429233333333333,FALSE
"PT17","clonotype7",2.68832326634594,0.5758,FALSE
"PT17","clonotype2",1.11119670861984,0.393533333333333,TRUE
"PT17","clonotype254",0,0.1702,FALSE
"PT17","clonotype641",0,0.308866666666667,FALSE
"PT17","clonotype16",1.0079229301397,0.4338,FALSE
"PT17","clonotype10",2.18726807011753,0.507266666666667,FALSE
"PT17","clonotype6",0,0.218933333333333,FALSE
"PT17","clonotype26",0,0.119933333333333,FALSE
"PT17","clonotype17",0.7303966103075,0.298633333333333,FALSE
"PT17","clonotype427",0,0.623533333333333,FALSE
"PT17","clonotype11",0,0.514666666666667,FALSE
"PT17","clonotype1",2.11044098200826,0.503666666666667,FALSE
"PT17","clonotype731",0,0.204533333333333,FALSE
"PT17","clonotype2",2.34489382468588,0.5456,TRUE
"PT17","clonotype127",0,0.152266666666667,FALSE
"PT17","clonotype17",1.05788634297051,0.633366666666667,FALSE
"PT17","clonotype4",1.41595050089371,0.301666666666667,FALSE
"PT17","clonotype1",2.50682186757106,0.4895,FALSE
"PT17","clonotype7",0,0.5285,FALSE
"PT17","clonotype4",0,0.516433333333333,FALSE
"PT17","clonotype781",0,0.395533333333333,FALSE
"PT17","clonotype433",0,0.157966666666667,FALSE
"PT17","clonotype1",2.76020577520237,0.6229,FALSE
"PT17","clonotype2",1.69287627801151,0.654366666666667,TRUE
"PT17","clonotype8",1.36656565535006,0.6272,FALSE
"PT17","clonotype759",0,0.266533333333333,FALSE
"PT17","clonotype5",1.56439169703255,0.470466666666667,FALSE
"PT17","clonotype841",1.69418795839424,0.2677,FALSE
"PT17","clonotype780",0,0.180566666666667,FALSE
"PT17","clonotype10",1.971066178988,0.585,FALSE
"PT17","clonotype63",2.98853121547996,0.4771,FALSE
"PT17","clonotype349",0,0.0989333333333333,FALSE
"PT17","clonotype1",2.7714183727503,0.431633333333333,FALSE
"PT17","clonotype8",2.13682247333319,0.4421,FALSE
"PT17","clonotype6",0.868734323642977,0.206133333333333,FALSE
"PT17","clonotype632",0,0.1649,FALSE
"PT17","clonotype22",0,0.7351,FALSE
"PT17","clonotype1",0,0.713966666666667,FALSE
"PT17","clonotype16",1.96901452091706,0.5899,FALSE
"PT17","clonotype1",1.09281162757585,0.679833333333333,FALSE
"PT17","clonotype126",0,0.119933333333333,FALSE
"PT17","clonotype10",2.78560071998615,0.530233333333333,FALSE
"PT17","clonotype11",1.06688320858326,0.571433333333333,FALSE
"PT17","clonotype2",1.71010650271965,0.700066666666667,TRUE
"PT17","clonotype3",2.27307801261454,0.572833333333333,FALSE
"PT17","clonotype33",0,0.587033333333333,TRUE
"PT17","clonotype3",1.07968457771355,0.577266666666667,FALSE
"PT17","clonotype2",0.968424845762961,0.635366666666667,TRUE
"PT17","clonotype1",2.11116348761772,0.503133333333333,FALSE
"PT17","clonotype4",1.56109647137188,0.6624,FALSE
"PT17","clonotype435",0,0.188733333333333,FALSE
"PT17","clonotype6",1.77727546539001,0.324533333333333,FALSE
"PT17","clonotype73",2.01272999919306,0.2094,FALSE
"PT17","clonotype47",0,0.1491,FALSE
"PT17","clonotype10",0,0.188933333333333,FALSE
"PT17","clonotype5",1.77597775451596,0.775966666666667,FALSE
"PT17","clonotype8",1.79799949547473,0.314533333333333,FALSE
"PT17","clonotype84",0,0.2672,FALSE
"PT17","clonotype38",2.20498425201217,0.101433333333333,FALSE
"PT17","clonotype91",0.809117456207882,0.288666666666667,FALSE
"PT17","clonotype575",0,0.100533333333333,FALSE
"PT17","clonotype4",1.93802705441544,0.725633333333333,FALSE
"PT17","clonotype5",3.15131576408293,0.2281,FALSE
"PT17","clonotype89",0,0,FALSE
"PT17","clonotype13",2.34985696059968,0.387466666666667,FALSE
"PT17","clonotype3",1.09486090865762,0.604266666666667,FALSE
"PT17","clonotype1",1.77825014762418,0.689766666666667,FALSE
"PT17","clonotype16",1.55781641852674,0.432533333333333,FALSE
"PT17","clonotype436",1.62543794502953,0.1113,FALSE
"PT17","clonotype23",2.50802511162062,0.433133333333333,FALSE
"PT17","clonotype15",0,0.4256,FALSE
"PT17","clonotype2",1.84007536761332,0.528766666666667,TRUE
"PT17","clonotype31",1.47299291938544,0.241833333333333,TRUE
"PT17","clonotype165",0,0.0798666666666666,FALSE
"PT17","clonotype39",1.58562127775858,0.280033333333333,FALSE
"PT17","clonotype40",1.11616202008385,0.2429,FALSE
"PT17","clonotype267",0,0.0773,FALSE
"PT17","clonotype99",1.7704861394014,0.585366666666667,FALSE
"PT17","clonotype11",1.51959930040291,0.432933333333333,FALSE
"PT17","clonotype2",2.27135721914929,0.560366666666667,TRUE
"PT17","clonotype1",2.34799280399862,0.333766666666667,FALSE
"PT17","clonotype14",1.6807419102395,0.551966666666667,FALSE
"PT17","clonotype100",2.03943432186159,0.4466,FALSE
"PT17","clonotype2",2.84125850582192,0.454933333333333,TRUE
"PT17","clonotype5",3.43231373948573,0.5373,FALSE
"PT17","clonotype9",1.79103128994792,0.491133333333333,FALSE
"PT17","clonotype137",0.963417159849979,0.344533333333333,FALSE
"PT17","clonotype6",1.51513651218137,0.230866666666667,FALSE
"PT17","clonotype917",0,0,FALSE
"PT17","clonotype1",2.78417404433062,0.436466666666667,FALSE
"PT17","clonotype11",1.72135877861045,0.654333333333333,FALSE
"PT17","clonotype1",0,0.562,FALSE
"PT17","clonotype60",1.88444864279049,0.466333333333333,FALSE
"PT17","clonotype849",0,0.157766666666667,FALSE
"PT17","clonotype28",0,0.0951333333333333,FALSE
"PT17","clonotype150",0,0.0960666666666666,FALSE
"PT17","clonotype8",1.0154674493322,0.681466666666667,FALSE
"PT17","clonotype690",0,0.290333333333333,FALSE
"PT17","clonotype10",2.16322752440215,0.5882,FALSE
"PT17","clonotype1",1.5901716128982,0.483166666666667,FALSE
"PT17","clonotype8",1.84112948539985,0.571166666666667,FALSE
"PT17","clonotype28",0,0.272466666666667,FALSE
"PT17","clonotype893",0,0,FALSE
"PT17","clonotype15",1.08536582667523,0.213366666666667,FALSE
"PT17","clonotype1",1.15955646407216,0.564833333333333,FALSE
"PT17","clonotype531",1.67602751286205,0.0673666666666667,FALSE
"PT17","clonotype7",1.84112948539985,0.5854,FALSE
"PT17","clonotype5",2.86762447266984,0.4912,FALSE
"PT17","clonotype170",0,0.6355,FALSE
"PT17","clonotype682",0,0.139266666666667,FALSE
"PT17","clonotype10",1.41447488275735,0.4844,FALSE
"PT17","clonotype362",0,0.2451,FALSE
"PT17","clonotype5",1.9903852618483,0.517666666666667,FALSE
"PT17","clonotype2",2.53396579956217,0.595033333333333,TRUE
"PT17","clonotype15",0,0.5763,FALSE
"PT17","clonotype751",0,0.2464,FALSE
"PT17","clonotype5",1.23067694571705,0.401966666666667,FALSE
"PT17","clonotype34",2.50300286546988,0.4837,TRUE
"PT17","clonotype507",0,0.229333333333333,FALSE
"PT17","clonotype744",0,0.357,FALSE
"PT17","clonotype7",0,0.525833333333333,FALSE
"PT17","clonotype2",1.89002734895549,0.6023,TRUE
"PT17","clonotype6",1.30997632960864,0.2799,FALSE
"PT17","clonotype913",0,0.559433333333333,FALSE
"PT17","clonotype3",1.26400791001381,0.4934,FALSE
"PT17","clonotype15",0,0.591966666666667,FALSE
"PT17","clonotype3",2.11405932040521,0.6144,FALSE
"PT17","clonotype310",0,0.0447,FALSE
"PT17","clonotype520",0,0.144466666666667,FALSE
"PT17","clonotype46",3.24091274819184,0.236733333333333,FALSE
"PT17","clonotype322",1.25344461245204,0.728533333333333,FALSE
"PT17","clonotype13",1.02016896031278,0.5722,FALSE
"PT17","clonotype21",0,0.535166666666667,FALSE
"PT17","clonotype356",0,0.137,FALSE
"PT17","clonotype14",1.61257642863858,0.596066666666667,FALSE
"PT17","clonotype30",0,0.361,FALSE
"PT17","clonotype102",0,0.418266666666667,FALSE
"PT17","clonotype157",1.10140376138514,0.2257,FALSE
"PT17","clonotype50",1.34653905181462,0.413966666666667,FALSE
"PT17","clonotype238",0,0,FALSE
"PT17","clonotype3",2.6362081593355,0.522466666666667,FALSE
"PT17","clonotype10",1.71368934943273,0.563566666666667,FALSE
"PT17","clonotype915",0,0.2037,FALSE
"PT17","clonotype18",1.68031211183244,0.4959,FALSE
"PT17","clonotype595",0,0.609666666666667,FALSE
"PT17","clonotype271",0,0.231833333333333,FALSE
"PT17","clonotype37",0,0.184966666666667,FALSE
"PT17","clonotype2",2.24535661010095,0.615966666666667,TRUE
"PT17","clonotype10",2.42649236778923,0.5234,FALSE
"PT17","clonotype79",0,0.313633333333333,FALSE
"PT17","clonotype4",1.34600890421392,0.656866666666667,FALSE
"PT17","clonotype118",1.68203277199816,0.4936,FALSE
"PT17","clonotype3",0,0.591133333333333,FALSE
"PT17","clonotype13",2.13015463820639,0.420833333333333,FALSE
"PT17","clonotype418",0.953817810477455,0,FALSE
"PT17","clonotype3",1.54770761671151,0.6732,FALSE
"PT17","clonotype1",2.11044098200826,0.2668,FALSE
"PT17","clonotype892",0,0.0551333333333334,FALSE
"PT17","clonotype123",0,0.678833333333333,FALSE
"PT17","clonotype42",0,0.465166666666667,FALSE
"PT17","clonotype2",2.73812679230863,0.453966666666667,TRUE
"PT17","clonotype48",2.73721666486489,0.4405,FALSE
"PT17","clonotype63",2.22932659215347,0.6773,FALSE
"PT17","clonotype877",0,0.2457,FALSE
"PT17","clonotype488",0,0.114866666666667,FALSE
"PT17","clonotype6",0,0.1852,FALSE
"PT17","clonotype466",0,0.0866666666666667,FALSE
"PT17","clonotype1",1.60051564943553,0.581166666666667,FALSE
"PT17","clonotype7",1.10313921077126,0.427,FALSE
"PT17","clonotype55",0,0.267533333333333,FALSE
"PT17","clonotype176",1.73093926570093,0.6516,TRUE
"PT17","clonotype3",1.14922999421508,0.396866666666667,FALSE
"PT17","clonotype2",1.73739275152378,0.7003,TRUE
"PT17","clonotype1",3.14013941526508,0.363466666666667,FALSE
"PT17","clonotype745",1.93408448441017,0.7262,FALSE
"PT17","clonotype3",1.00821094671302,0.654366666666667,FALSE
"PT17","clonotype20",0,0.2415,FALSE
"PT17","clonotype72",1.11830429572712,0.3941,FALSE
"PT17","clonotype11",2.08130829747256,0.438866666666667,FALSE
"PT17","clonotype4",1.85737608345982,0.493266666666667,FALSE
"PT17","clonotype9",1.02075983875883,0.6391,FALSE
"PT17","clonotype1",2.98217112901563,0.651266666666667,FALSE
"PT17","clonotype93",0,0.219033333333333,FALSE
"PT17","clonotype3",0,0.518833333333333,FALSE
"PT17","clonotype74",0,0.1955,FALSE
"PT17","clonotype18",2.80069590293133,0.3749,FALSE
"PT17","clonotype13",2.62838437097108,0.338633333333333,FALSE
"PT17","clonotype6",1.74737547063035,0.163333333333333,FALSE
"PT17","clonotype3",1.51616384781931,0.408333333333333,FALSE
"PT17","clonotype2",1.15917051782506,0.622266666666667,TRUE
"PT17","clonotype8",2.061398716014,0.724666666666667,FALSE
"PT17","clonotype725",0,0.299733333333333,FALSE
"PT17","clonotype13",0,0.625266666666667,FALSE
"PT17","clonotype4",0,0.5812,FALSE
"PT17","clonotype17",2.06057877028884,0.6227,FALSE
"PT17","clonotype1",2.1975392041787,0.5717,FALSE
"PT17","clonotype2",2.4520402589198,0.2868,TRUE
"PT17","clonotype41",0.986523126101492,0.6062,FALSE
"PT17","clonotype147",1.00448003527018,0.18,FALSE
"PT17","clonotype1",1.14583070760145,0.679,FALSE
"PT17","clonotype5",2.02183143240989,0.364866666666667,FALSE
"PT17","clonotype20",0,0.322666666666667,FALSE
"PT17","clonotype200",2.27021175702698,0.280233333333333,FALSE
"PT17","clonotype10",1.77484400221071,0.680866666666667,FALSE
"PT17","clonotype859",0,0.367033333333333,FALSE
"PT17","clonotype6",1.04701641443352,0.211466666666667,FALSE
"PT17","clonotype25",2.33688261915682,0.2455,FALSE
"PT17","clonotype6",1.95882945527604,0.161066666666667,FALSE
"PT17","clonotype2",2.88292150425762,0.534166666666667,TRUE
"PT17","clonotype834",0.900817846825914,0.145533333333333,FALSE
"PT17","clonotype7",1.10908287389963,0.1551,FALSE
"PT17","clonotype566",0,0.235433333333333,FALSE
"PT17","clonotype15",2.5479093025876,0.487966666666667,FALSE
"PT17","clonotype9",1.58941123114409,0.733133333333333,FALSE
"PT17","clonotype5",1.94556894137004,0.364066666666667,FALSE
"PT17","clonotype8",2.40060386376165,0.4661,FALSE
"PT17","clonotype739",0,0.2667,FALSE
"PT17","clonotype48",0.997103687378545,0.5491,FALSE
"PT17","clonotype288",0,0.211266666666667,FALSE
"PT17","clonotype12",1.15207899059568,0.448266666666667,TRUE
"PT17","clonotype24",0,0.247166666666667,FALSE
"PT17","clonotype3",1.41950557780676,0.531866666666667,FALSE
"PT17","clonotype8",1.67945324692386,0.418733333333333,FALSE
"PT17","clonotype796",0,0.1353,FALSE
"PT17","clonotype3",1.64958162547402,0.5944,FALSE
"PT17","clonotype6",0.723056461405842,0.304066666666667,FALSE
"PT17","clonotype14",2.36348024786225,0.698133333333333,FALSE
"PT17","clonotype176",0.980775404414889,0.604266666666667,TRUE
"PT17","clonotype90",0,0.270166666666667,FALSE
"PT17","clonotype8",0.924003056526545,0.506866666666667,FALSE
"PT17","clonotype926",0,0.522633333333333,FALSE
"PT17","clonotype570",0,0.280333333333333,FALSE
"PT17","clonotype33",0,0.465766666666667,TRUE
"PT17","clonotype14",2.51726100376653,0.587466666666667,FALSE
"PT17","clonotype2",1.74623764868523,0.4829,TRUE
"PT17","clonotype765",0,0.101266666666667,FALSE
"PT17","clonotype3",2.4366328077127,0.532,FALSE
"PT17","clonotype536",1.5610234168886,0.0783333333333334,FALSE
"PT17","clonotype12",1.65912869809087,0.645966666666667,TRUE
"PT17","clonotype18",0.985972711135901,0.332766666666667,FALSE
"PT17","clonotype1",3.05773620382829,0.585766666666667,FALSE
"PT17","clonotype103",0,0.5266,FALSE
"PT17","clonotype4",0,0.336133333333333,FALSE
"PT17","clonotype134",0.60584862025475,0.383466666666667,FALSE
"PT17","clonotype1",0,0.362133333333333,FALSE
"PT17","clonotype96",2.00500385840164,0.5541,FALSE
"PT17","clonotype2",0,0.387,TRUE
"PT17","clonotype521",0,0.192266666666667,FALSE
"PT17","clonotype106",1.21087982084638,0.439766666666667,FALSE
"PT17","clonotype33",1.7336984743738,0.5849,TRUE
"PT17","clonotype171",2.75256459627526,0.3771,FALSE
"PT17","clonotype3",0,0.561366666666667,FALSE
"PT17","clonotype162",0,0.236266666666667,FALSE
"PT17","clonotype6",1.46460614617885,0.1493,FALSE
"PT17","clonotype4",2.13126254526042,0.314066666666667,FALSE
"PT17","clonotype387",0,0.256466666666667,FALSE
"PT17","clonotype228",0,0.2709,FALSE
"PT17","clonotype9",1.84961193745524,0.574633333333333,FALSE
"PT17","clonotype9",0,0.4315,FALSE
"PT17","clonotype1",3.83200905476332,0.343033333333333,FALSE
"PT17","clonotype2",1.10175039326146,0.665,TRUE
"PT17","clonotype567",0,0.0917333333333333,FALSE
"PT17","clonotype18",2.06331488174357,0.2617,FALSE
"PT17","clonotype25",0,0.4269,FALSE
"PT17","clonotype18",0.925930617497902,0.675566666666667,FALSE
"PT17","clonotype1",2.59408710222786,0.562533333333333,FALSE
"PT17","clonotype98",0,0.138333333333333,FALSE
"PT17","clonotype77",0,0.445933333333333,FALSE
"PT17","clonotype532",0,0.146333333333333,FALSE
"PT17","clonotype20",0,0.383766666666667,FALSE
"PT17","clonotype2",2.00692895767905,0.3537,TRUE
"PT17","clonotype4",1.48402387772078,0.581433333333333,FALSE
"PT17","clonotype62",0,0,FALSE
"PT17","clonotype4",1.81390368777722,0.574033333333333,FALSE
"PT17","clonotype9",2.73676189225216,0.4824,FALSE
"PT17","clonotype37",0,0.370033333333333,FALSE
"PT17","clonotype9",2.07851626546175,0.725833333333333,FALSE
"PT17","clonotype721",0,0.156,FALSE
"PT17","clonotype25",1.89114760870097,0.330366666666667,FALSE
"PT17","clonotype7",1.09417692099895,0.744166666666667,FALSE
"PT17","clonotype7",2.52213266000033,0.684633333333333,FALSE
"PT17","clonotype651",0,0.241266666666667,FALSE
"PT17","clonotype36",1.68721832680482,0.2366,FALSE
"PT17","clonotype15",1.27099963318151,0.469966666666667,FALSE
"PT17","clonotype6",1.22980194455353,0.2305,FALSE
"PT17","clonotype3",1.26819309380107,0.545533333333333,FALSE
"PT17","clonotype1",2.18491393510787,0.431766666666667,FALSE
"PT17","clonotype696",1.26912714100662,0.481266666666667,FALSE
"PT17","clonotype1",1.93074771447827,0.579333333333333,FALSE
"PT17","clonotype2",3.44460394210048,0.315966666666667,TRUE
"PT17","clonotype27",1.57176932036503,0.3973,FALSE
"PT17","clonotype591",0,0.460166666666667,FALSE
"PT17","clonotype183",0,0.256133333333333,FALSE
"PT17","clonotype130",0,0.1805,FALSE
"PT17","clonotype189",1.04344471216742,0.241333333333333,FALSE
"PT17","clonotype53",2.10062448181868,0.525166666666667,FALSE
"PT17","clonotype3",2.32000106496355,0.597066666666667,FALSE
"PT17","clonotype1",1.48664554381305,0.4513,FALSE
"PT17","clonotype17",1.76184204055116,0.426466666666667,FALSE
"PT17","clonotype9",2.52094950216455,0.649833333333333,FALSE
"PT17","clonotype679",0.921127221941287,0.2664,FALSE
"PT17","clonotype69",0,0.504166666666667,FALSE
"PT17","clonotype9",2.05703442965895,0.622833333333333,FALSE
"PT17","clonotype1",1.59628358987206,0.320066666666667,FALSE
"PT17","clonotype5",1.50091143623759,0.654,FALSE
"PT17","clonotype125",0,0.233466666666667,FALSE
"PT17","clonotype22",1.84642065881848,0.6064,FALSE
"PT17","clonotype24",0,0.135866666666667,FALSE
"PT17","clonotype501",0,0.248333333333333,FALSE
"PT17","clonotype2",2.50955858653354,0.551066666666667,TRUE
"PT17","clonotype323",0,0.1812,FALSE
"PT17","clonotype2",1.50124674861831,0.569566666666667,TRUE
"PT17","clonotype2",2.76020577520237,0.650566666666667,TRUE
"PT17","clonotype13",0.941405967133248,0.266733333333333,FALSE
"PT17","clonotype14",0.899451222050704,0.557066666666667,FALSE
"PT17","clonotype783",1.66640492436858,0.214233333333333,FALSE
"PT17","clonotype14",0.953048164353625,0.480666666666667,FALSE
"PT17","clonotype5",2.02401251682767,0.645666666666667,FALSE
"PT17","clonotype140",1.54770761671151,0.143933333333333,FALSE
"PT17","clonotype12",2.09067870656595,0.335,TRUE
"PT17","clonotype240",0,0.100933333333333,FALSE
"PT17","clonotype442",0,0.0498666666666666,FALSE
"PT17","clonotype246",0.816502044210812,0.3309,FALSE
"PT17","clonotype88",1.27287801340577,0.5106,FALSE
"PT17","clonotype8",2.38539145221907,0.491266666666667,FALSE
"PT17","clonotype33",2.17245911850781,0.4731,TRUE
"PT17","clonotype3",1.26215723949972,0.494566666666667,FALSE
"PT17","clonotype6",1.90928002583274,0.1778,FALSE
"PT17","clonotype6",2.14955233650503,0.4049,FALSE
"PT17","clonotype8",1.12514549270747,0.4044,FALSE
"PT17","clonotype625",0.967895179542861,0.274233333333333,FALSE
"PT17","clonotype17",0,0.6467,FALSE
"PT17","clonotype11",1.21983335394114,0.445533333333333,FALSE
"PT17","clonotype37",0,0.257133333333333,FALSE
"PT17","clonotype691",0,0.2336,FALSE
"PT17","clonotype671",0,0.2792,FALSE
"PT17","clonotype1",0,0.348,FALSE
"PT17","clonotype20",0,0.285,FALSE
"PT17","clonotype351",0,0.346966666666667,FALSE
"PT17","clonotype3",1.66753062994595,0.6026,FALSE
"PT17","clonotype1",1.33005137648441,0.4879,FALSE
"PT17","clonotype718",2.4244766738516,0.0742333333333334,FALSE
"PT17","clonotype6",0,0.305133333333333,FALSE
"PT17","clonotype29",1.01052125948417,0.833066666666667,FALSE
"PT17","clonotype10",3.34808644847388,0.102666666666667,FALSE
"PT17","clonotype27",0.776671505135886,0.555533333333333,FALSE
"PT17","clonotype1",1.71864319051378,0.559766666666667,FALSE
"PT17","clonotype613",0,0.260833333333333,FALSE
"PT17","clonotype10",0,0.503633333333333,FALSE
"PT17","clonotype586",2.63331887219717,0.3305,FALSE
"PT17","clonotype15",2.49901743416038,0.328466666666667,FALSE
"PT17","clonotype15",1.0688319585352,0.548833333333333,FALSE
"PT17","clonotype657",0,0.1668,FALSE
"PT17","clonotype1",1.01928397703367,0.522,FALSE
"PT17","clonotype10",2.17168626267963,0.442,FALSE
"PT17","clonotype104",0,0.278166666666667,FALSE
"PT17","clonotype58",1.61454050365358,0.442866666666667,FALSE
"PT17","clonotype133",0,0.293066666666667,FALSE
"PT17","clonotype252",2.36038390353721,0.6067,FALSE
"PT17","clonotype2",1.15188859501326,0.6786,TRUE
"PT17","clonotype930",0,0.408766666666667,FALSE
"PT17","clonotype40",1.03151892814851,0.400866666666667,FALSE
"PT17","clonotype44",1.99506172148303,0.246066666666667,FALSE
"PT17","clonotype1",2.11164548033304,0.564666666666667,FALSE
"PT17","clonotype55",1.97477159410742,0.082,FALSE
"PT17","clonotype105",1.06204366654692,0.1898,FALSE
"PT17","clonotype506",0,0.0723333333333334,FALSE
"PT17","clonotype6",2.2489874009514,0.288566666666667,FALSE
"PT17","clonotype268",0,0.170833333333333,FALSE
"PT17","clonotype90",0,0.189266666666667,FALSE
"PT17","clonotype554",0,0.306133333333333,FALSE
"PT17","clonotype178",1.51445246457901,0.443766666666667,FALSE
"PT17","clonotype24",0,0.431633333333333,FALSE
"PT17","clonotype24",0,0.0904666666666667,FALSE
"PT17","clonotype127",0,0.3001,FALSE
"PT17","clonotype8",3.12583548838339,0.6446,FALSE
"PT17","clonotype517",0,0.4518,FALSE
"PT17","clonotype1",2.69215274834351,0.406,FALSE
"PT17","clonotype2",0,0.544466666666667,TRUE
"PT17","clonotype8",2.18413055629902,0.543233333333333,FALSE
"PT17","clonotype4",0,0.5083,FALSE
"PT17","clonotype5",2.79276256747977,0.627833333333333,FALSE
"PT17","clonotype399",0,0.358633333333333,FALSE
"PT17","clonotype37",0,0.2831,FALSE
"PT17","clonotype723",0.967366113927122,0.6204,FALSE
"PT17","clonotype3",1.68246354885596,0.7118,FALSE
"PT17","clonotype6",0.96710180601563,0.2602,FALSE
"PT17","clonotype14",1.08301892747535,0.606733333333333,FALSE
"PT17","clonotype880",2.63331887219717,0.2363,FALSE
"PT17","clonotype313",1.04748417068518,0.1272,FALSE
"PT17","clonotype10",1.68117195291781,0.617266666666667,FALSE
"PT17","clonotype2",2.42649236778923,0.491833333333333,TRUE
"PT17","clonotype45",2.2577023565039,0.3833,TRUE
"PT17","clonotype773",0,0.0455333333333333,FALSE
"PT17","clonotype2",1.33628119169051,0.461766666666667,TRUE
"PT17","clonotype38",2.36458471845102,0.3343,FALSE
"PT17","clonotype28",0,0.275266666666667,FALSE
"PT17","clonotype922",0,0.322333333333333,FALSE
"PT17","clonotype711",0,0.280533333333333,FALSE
"PT17","clonotype43",0,0.2449,FALSE
"PT17","clonotype38",2.18126384796797,0.547633333333333,FALSE
"PT17","clonotype10",3.13892502841935,0.610066666666667,FALSE
"PT17","clonotype13",1.87486711517241,0.370233333333333,FALSE
"PT17","clonotype3",3.40247988694281,0.565033333333333,FALSE
"PT17","clonotype448",1.3640160652881,0.364433333333333,FALSE
"PT17","clonotype99",2.41745391701632,0.689366666666667,FALSE
"PT17","clonotype7",1.62683655081614,0.622233333333333,FALSE
"PT17","clonotype359",0,0.215633333333333,FALSE
"PT17","clonotype21",1.90300240531805,0.271966666666667,FALSE
"PT17","clonotype463",0,0.349666666666667,FALSE
"PT17","clonotype596",1.97312276453631,0.4882,FALSE
"PT17","clonotype47",0,0.2019,FALSE
"PT17","clonotype9",2.90627392318078,0.41,FALSE
"PT17","clonotype5",1.53986507817692,0.5167,FALSE
"PT17","clonotype7",1.0506137277333,0.580466666666667,FALSE
"PT17","clonotype128",0,0.3363,FALSE
"PT17","clonotype829",0,0.2099,FALSE
"PT17","clonotype1",1.70832133222544,0.677033333333333,FALSE
"PT17","clonotype3",2.12475762725814,0.4092,FALSE
"PT17","clonotype30",1.73277764655183,0.1686,FALSE
"PT17","clonotype4",1.93251259572655,0.3703,FALSE
"PT17","clonotype10",2.52094950216455,0.588866666666667,FALSE
"PT17","clonotype86",2.58933539662268,0.471266666666667,FALSE
"PT17","clonotype241",0,0.390566666666667,FALSE
"PT17","clonotype91",0,0.179133333333333,FALSE
"PT17","clonotype5",0.99317825433416,0.440933333333333,FALSE
"PT17","clonotype3",2.07991118754162,0.3696,FALSE
"PT17","clonotype3",0,0.369533333333333,FALSE
"PT17","clonotype4",2.24312922577567,0.464033333333333,FALSE
"PT17","clonotype2",3.31787131076383,0.527366666666667,TRUE
"PT17","clonotype3",2.37155592898758,0.4255,FALSE
"PT17","clonotype775",1.97024492557119,0.6069,FALSE
"PT17","clonotype1",2.40849742336009,0.4432,FALSE
"PT17","clonotype44",1.87296408495088,0.249033333333333,FALSE
"PT17","clonotype610",0,0.306666666666667,FALSE
"PT17","clonotype17",1.70210579270438,0.449166666666667,FALSE
"PT17","clonotype10",1.2700626529184,0.655366666666667,FALSE
"PT17","clonotype2",2.37394391629673,0.670666666666667,TRUE
"PT17","clonotype23",2.2577023565039,0.431666666666667,FALSE
"PT17","clonotype2",2.75649415063218,0.579433333333333,TRUE
"PT17","clonotype5",2.24368557712941,0.668966666666667,FALSE
"PT17","clonotype2",2.00842921525454,0.631233333333333,TRUE
"PT17","clonotype89",0,0.2502,FALSE
"PT17","clonotype588",1.6807419102395,0.16,FALSE
"PT17","clonotype1",2.28346882597463,0.7289,FALSE
"PT17","clonotype6",0.613238147549528,0.279633333333333,FALSE
"PT17","clonotype838",0,0.2293,FALSE
"PT17","clonotype44",3.02179349118823,0.2266,FALSE
"PT17","clonotype2",2.43121166931589,0.620233333333333,TRUE
"PT17","clonotype12",2.0198731067953,0.5441,TRUE
"PT17","clonotype2",0,0.269133333333333,TRUE
"PT17","clonotype131",2.09492766360877,0.5232,FALSE
"PT17","clonotype872",0,0.3536,FALSE
"PT17","clonotype1",2.93863734371065,0.5339,FALSE
"PT17","clonotype1",0,0.678833333333333,FALSE
"PT17","clonotype158",2.5787234533512,0.0887333333333333,FALSE
"PT17","clonotype3",1.02461799392623,0.540866666666667,FALSE
"PT17","clonotype523",0.980503437286567,0,FALSE
"PT17","clonotype2",0.94165592647186,0.657933333333333,TRUE
"PT17","clonotype929",0,0.210066666666667,FALSE
"PT17","clonotype5",0.928837604383581,0.382366666666667,FALSE
"PT17","clonotype26",1.63124952076417,0.35,FALSE
"PT17","clonotype285",0,0.2399,FALSE
"PT17","clonotype6",1.98912569225869,0.3192,FALSE
"PT17","clonotype315",0,0.2694,FALSE
"PT17","clonotype10",0,0.626533333333333,FALSE
"PT17","clonotype3",1.13060886094223,0.677,FALSE
"PT17","clonotype8",0,0.4668,FALSE
"PT17","clonotype7",0,0.290466666666667,FALSE
"PT17","clonotype360",0,0.168866666666667,FALSE
"PT17","clonotype1",2.14403917282296,0.519133333333333,FALSE
"PT17","clonotype537",0,0.0581333333333334,FALSE
"PT17","clonotype903",0,0.147133333333333,FALSE
"PT17","clonotype6",0.871921655026937,0.1476,FALSE
"PT17","clonotype478",0,0.2223,FALSE
"PT17","clonotype837",0,0.155966666666667,FALSE
"PT17","clonotype219",0,0.0694,FALSE
"PT17","clonotype19",0,0.243833333333333,FALSE
"PT17","clonotype1",0.916611465188335,0.612233333333333,FALSE
"PT17","clonotype4",2.35640986874754,0.5483,FALSE
"PT17","clonotype1",0,0.569533333333333,FALSE
"PT17","clonotype5",2.03898991221391,0.517833333333333,FALSE
"PT17","clonotype7",1.92197835110111,0.645066666666667,FALSE
"PT17","clonotype1",1.04904651321341,0.4952,FALSE
"PT17","clonotype66",0,0.3441,FALSE
"PT17","clonotype4",3.21096684155113,0.272366666666667,FALSE
"PT17","clonotype8",2.46558879804354,0.506833333333333,FALSE
"PT17","clonotype1",1.00907602487344,0.691333333333333,FALSE
"PT17","clonotype26",1.03698762883974,0.203666666666667,FALSE
"PT17","clonotype39",2.09611151781009,0.216033333333333,FALSE
"PT17","clonotype444",0,0.382333333333333,FALSE
"PT17","clonotype706",0,0.198133333333333,FALSE
"PT17","clonotype9",2.95963370294163,0.5871,FALSE
"PT17","clonotype639",0,0.222,FALSE
"PT17","clonotype55",0.799006264627752,0,FALSE
"PT17","clonotype85",0,0.2278,FALSE
