obs_names,subclus,leiden_recl
Foster_2024.MGUS1_pos:350,Invar,1
Foster_2024.MGUS1_pos:527,Invar,1
Foster_2024.MGUS1_pos:1176,Invar,0
Foster_2024.MGUS1_pos:2045,Invar,1
Foster_2024.MGUS1_pos:2585,Invar,1
Foster_2024.MGUS1_pos:2608,Invar,1
Foster_2024.MGUS1_pos:3713,Invar,0
Foster_2024.MGUS1_pos:4113,Invar,0
Foster_2024.MGUS1_pos:4164,Invar,1
Foster_2024.MGUS1_pos:5673,Invar,0
Foster_2024.MGUS1_pos:6274,Invar,1
Foster_2024.SMM9_neg:926,Invar,0
Foster_2024.SMM9_neg:1053,Invar,0
Foster_2024.SMM9_neg:1407,Invar,0
Foster_2024.SMM9_neg:2042,Invar,0
Foster_2024.SMM9_neg:2575,Invar,0
Foster_2024.SMM9_neg:3318,Invar,1
Foster_2024.SMM7_pos:587,Invar,0
Foster_2024.SMM7_pos:900,Invar,0
Foster_2024.SMM7_pos:1432,Invar,0
Foster_2024.SMM7_pos:1467,Invar,0
Foster_2024.SMM7_pos:1805,Invar,0
Foster_2024.SMM7_pos:1811,Invar,0
Foster_2024.SMM7_pos:2230,Invar,1
Foster_2024.SMM7_pos:2241,Invar,2
Foster_2024.SMM7_pos:2962,Invar,0
Foster_2024.SMM3_neg:217,Invar,0
Foster_2024.SMM3_neg:715,Invar,1
Foster_2024.SMM3_neg:980,Invar,0
Foster_2024.SMM3_neg:1095,Invar,1
Foster_2024.SMM3_neg:1178,Invar,0
Foster_2024.SMM3_neg:1384,Invar,0
Foster_2024.SMM3_neg:1454,Invar,1
Foster_2024.SMM3_neg:1559,Invar,0
Foster_2024.SMM3_neg:1664,Invar,1
Foster_2024.SMM3_neg:1993,Invar,0
Foster_2024.SMM3_neg:2086,Invar,0
Foster_2024.SMM3_neg:2570,Invar,0
Foster_2024.SMM7_neg:1854,Invar,0
Foster_2024.SMM7_neg:2355,Invar,3
Foster_2024.SMM7_neg:2976,Invar,0
Foster_2024.SMM7_neg:3156,Invar,0
Foster_2024.SMM7_neg:3458,Invar,0
Foster_2024.SMM7_neg:4280,Invar,1
Foster_2024.SMM7_neg:4509,Invar,0
Foster_2024.SMM7_neg:4778,Invar,0
Foster_2024.SMM9_pos:7,Invar,0
Foster_2024.SMM9_pos:299,Invar,0
Foster_2024.SMM9_pos:308,Invar,0
Foster_2024.SMM9_pos:1477,Invar,0
Foster_2024.SMM9_pos:1501,Invar,1
Foster_2024.SMM9_pos:1920,Invar,0
Foster_2024.SMM9_pos:2127,Invar,0
Foster_2024.SMM9_pos:3340,Invar,1
Foster_2024.SMM9_pos:3562,Invar,0
Foster_2024.SMM9_pos:3825,Invar,3
Foster_2024.SMM9_pos:3942,Invar,0
Foster_2024.SMM9_pos:4013,Invar,1
Foster_2024.SMM9_pos:4176,Invar,0
Foster_2024.SMM9_pos:4304,Invar,0
Foster_2024.SMM9_pos:4611,Invar,3
Foster_2024.SMM9_pos:5076,Invar,0
Foster_2024.SMM9_pos:5468,Invar,0
Foster_2024.SMM9_pos:5703,Invar,1
Foster_2024.SMM9_pos:6027,Invar,1
Foster_2024.SMM9_pos:6135,Invar,0
Foster_2024.SMM9_pos:6587,Invar,0
Foster_2024.SMM9_pos:6667,Invar,0
Foster_2024.SMM9_pos:7001,Invar,0
Foster_2024.SMM9_pos:7014,Invar,1
Foster_2024.SMM9_pos:7037,Invar,0
Foster_2024.SMM9_pos:7253,Invar,0
Foster_2024.SMM9_pos:7917,Invar,0
Foster_2024.SMM9_pos:8156,Invar,1
Foster_2024.SMM9_pos:8673,Invar,0
Foster_2024.SMM9_pos:9179,Invar,0
Foster_2024.SMM9_pos:9704,Invar,0
Foster_2024.SMM9_pos:9709,Invar,0
Foster_2024.SMM9_pos:10367,Invar,0
Foster_2024.SMM9_pos:10846,Invar,0
Foster_2024.SMM9_pos:10867,Invar,0
Foster_2024.SMM9_pos:10946,Invar,0
Foster_2024.SMM9_pos:10994,Invar,1
Foster_2024.MGUS1_neg:230,Invar,0
Foster_2024.MGUS1_neg:742,Invar,1
Foster_2024.MGUS1_neg:1229,Invar,0
Foster_2024.MGUS1_neg:1432,Invar,1
Foster_2024.MGUS1_neg:2389,Invar,3
Foster_2024.MGUS1_neg:2410,Invar,1
Foster_2024.MGUS1_neg:2441,Invar,1
Foster_2024.MGUS1_neg:3594,Invar,1
Foster_2024.MGUS1_neg:3763,Invar,0
Foster_2024.MGUS1_neg:4081,Invar,1
Foster_2024.MGUS1_neg:4280,Invar,1
Foster_2024.MGUS1_neg:4694,Invar,3
Foster_2024.MGUS1_neg:5044,Invar,0
Foster_2024.MGUS1_neg:5284,Invar,1
Foster_2024.SMM12_pos:393,Invar,1
Foster_2024.SMM12_pos:446,Invar,1
Foster_2024.SMM12_pos:787,Invar,1
Foster_2024.SMM12_pos:874,Invar,1
Foster_2024.SMM12_pos:939,Invar,1
Foster_2024.SMM12_pos:1055,Invar,1
Foster_2024.SMM12_pos:1119,Invar,0
Foster_2024.SMM12_pos:1238,Invar,1
Foster_2024.SMM12_pos:1281,Invar,1
Foster_2024.SMM12_pos:1301,Invar,1
Foster_2024.SMM12_pos:1498,Invar,1
Foster_2024.SMM12_pos:1546,Invar,1
Foster_2024.SMM12_pos:1764,Invar,1
Foster_2024.SMM12_pos:1865,Invar,1
Foster_2024.SMM12_pos:1902,Invar,1
Foster_2024.SMM12_pos:2352,Invar,1
Foster_2024.SMM12_pos:2548,Invar,1
Foster_2024.SMM12_pos:2556,Invar,0
Foster_2024.SMM12_pos:2636,Invar,1
Foster_2024.SMM12_pos:2863,Invar,1
Foster_2024.SMM12_pos:3091,Invar,1
Foster_2024.SMM12_pos:3234,Invar,1
Foster_2024.SMM12_pos:3308,Invar,1
Foster_2024.SMM12_pos:3315,Invar,1
Foster_2024.SMM12_pos:3372,Invar,1
Foster_2024.SMM12_pos:3526,Invar,1
Foster_2024.SMM12_pos:3752,Invar,1
Foster_2024.SMM12_pos:3989,Invar,1
Foster_2024.SMM12_pos:4023,Invar,1
Foster_2024.SMM12_pos:4194,Invar,1
Foster_2024.SMM12_pos:4195,Invar,1
Foster_2024.SMM12_pos:4276,Invar,1
Foster_2024.SMM12_pos:4292,Invar,1
Foster_2024.SMM12_pos:4310,Invar,1
Foster_2024.SMM12_pos:4337,Invar,1
Foster_2024.SMM12_pos:4365,Invar,1
Foster_2024.SMM12_pos:4377,Invar,1
Foster_2024.SMM12_pos:4384,Invar,0
Foster_2024.SMM12_pos:4418,Invar,0
Foster_2024.SMM12_pos:4560,Invar,1
Foster_2024.SMM12_pos:4622,Invar,1
Foster_2024.SMM12_pos:4674,Invar,0
Foster_2024.SMM12_pos:4875,Invar,1
Foster_2024.SMM12_pos:4931,Invar,1
Foster_2024.SMM12_pos:5162,Invar,1
Foster_2024.SMM12_pos:5638,Invar,1
Foster_2024.SMM12_pos:6157,Invar,1
Foster_2024.SMM12_pos:6337,Invar,0
Foster_2024.SMM12_pos:6410,Invar,1
Foster_2024.SMM12_pos:6475,Invar,1
Foster_2024.SMM12_pos:6608,Invar,1
Foster_2024.SMM12_pos:6660,Invar,1
Foster_2024.SMM12_pos:7001,Invar,3
Foster_2024.SMM12_pos:7140,Invar,1
Foster_2024.SMM12_pos:7216,Invar,1
Foster_2024.SMM12_pos:7451,Invar,1
Foster_2024.SMM12_pos:7577,Invar,1
Foster_2024.SMM12_pos:7614,Invar,1
Foster_2024.SMM12_pos:7762,Invar,1
Foster_2024.SMM12_pos:7790,Invar,1
Foster_2024.SMM12_pos:7948,Invar,1
Foster_2024.SMM12_pos:8353,Invar,1
Foster_2024.SMM12_pos:8354,Invar,1
Foster_2024.SMM12_pos:8433,Invar,1
Foster_2024.SMM12_pos:8458,Invar,1
Foster_2024.SMM12_pos:8495,Invar,1
Foster_2024.SMM6_neg:282,Invar,1
Foster_2024.SMM6_neg:389,Invar,1
Foster_2024.SMM6_neg:612,Invar,1
Foster_2024.SMM6_neg:619,Invar,1
Foster_2024.SMM6_neg:633,Invar,0
Foster_2024.SMM6_neg:652,Invar,1
Foster_2024.SMM6_neg:661,Invar,2
Foster_2024.SMM6_neg:970,Invar,0
Foster_2024.SMM6_neg:1076,Invar,1
Foster_2024.SMM6_neg:1091,Invar,0
Foster_2024.SMM6_neg:1130,Invar,0
Foster_2024.SMM6_neg:1201,Invar,1
Foster_2024.SMM6_neg:1395,Invar,3
Foster_2024.SMM6_neg:1523,Invar,1
Foster_2024.SMM6_neg:1758,Invar,0
Foster_2024.SMM6_neg:1844,Invar,1
Foster_2024.SMM6_neg:1881,Invar,1
Foster_2024.SMM6_neg:1993,Invar,1
Foster_2024.SMM6_neg:2062,Invar,2
Foster_2024.SMM6_neg:2099,Invar,1
Foster_2024.SMM6_neg:2163,Invar,0
Foster_2024.SMM6_neg:2202,Invar,2
Foster_2024.SMM6_neg:2239,Invar,1
Foster_2024.SMM6_neg:2352,Invar,1
Foster_2024.SMM6_neg:2605,Invar,1
Foster_2024.SMM6_neg:2625,Invar,0
Foster_2024.SMM6_neg:3039,Invar,0
Foster_2024.SMM6_neg:3045,Invar,1
Foster_2024.SMM6_neg:3182,Invar,0
Foster_2024.SMM6_neg:3218,Invar,0
Foster_2024.SMM6_neg:3298,Invar,0
Foster_2024.SMM6_neg:3570,Invar,1
Foster_2024.SMM6_neg:3702,Invar,1
Foster_2024.SMM8_pos:225,Invar,0
Foster_2024.SMM8_pos:226,Invar,1
Foster_2024.SMM8_pos:261,Invar,1
Foster_2024.SMM8_pos:267,Invar,0
Foster_2024.SMM8_pos:313,Invar,0
Foster_2024.SMM8_pos:347,Invar,0
Foster_2024.SMM8_pos:355,Invar,1
Foster_2024.SMM8_pos:387,Invar,1
Foster_2024.SMM8_pos:392,Invar,0
Foster_2024.SMM8_pos:612,Invar,1
Foster_2024.SMM8_pos:625,Invar,1
Foster_2024.SMM8_pos:642,Invar,1
Foster_2024.SMM8_pos:723,Invar,1
Foster_2024.SMM8_pos:795,Invar,0
Foster_2024.SMM8_pos:916,Invar,1
Foster_2024.SMM8_pos:957,Invar,1
Foster_2024.SMM8_pos:993,Invar,0
Foster_2024.SMM8_pos:1012,Invar,1
Foster_2024.SMM8_pos:1079,Invar,2
Foster_2024.SMM8_pos:1087,Invar,1
Foster_2024.SMM8_pos:1100,Invar,0
Foster_2024.SMM8_pos:1160,Invar,0
Foster_2024.SMM8_pos:1239,Invar,1
Foster_2024.SMM8_pos:1260,Invar,1
Foster_2024.SMM8_pos:1354,Invar,0
Foster_2024.SMM8_pos:1374,Invar,1
Foster_2024.SMM8_pos:1384,Invar,2
Foster_2024.SMM8_pos:1513,Invar,1
Foster_2024.SMM8_pos:1517,Invar,1
Foster_2024.SMM8_pos:1581,Invar,1
Foster_2024.SMM8_pos:1595,Invar,0
Foster_2024.SMM8_pos:1621,Invar,2
Foster_2024.SMM8_pos:1639,Invar,1
Foster_2024.SMM8_pos:1643,Invar,1
Foster_2024.SMM8_pos:1673,Invar,1
Foster_2024.SMM8_pos:1782,Invar,2
Foster_2024.SMM8_pos:1795,Invar,1
Foster_2024.SMM8_pos:1923,Invar,1
Foster_2024.SMM8_pos:1985,Invar,1
Foster_2024.SMM8_pos:1986,Invar,0
Foster_2024.SMM8_pos:2011,Invar,1
Foster_2024.SMM8_pos:2065,Invar,0
Foster_2024.SMM8_pos:2137,Invar,0
Foster_2024.SMM8_pos:2151,Invar,1
Foster_2024.SMM8_pos:2183,Invar,0
Foster_2024.SMM8_pos:2213,Invar,1
Foster_2024.SMM8_pos:2238,Invar,1
Foster_2024.SMM8_pos:2252,Invar,1
Foster_2024.SMM8_pos:2295,Invar,0
Foster_2024.SMM8_pos:2319,Invar,1
Foster_2024.SMM8_pos:2348,Invar,1
Foster_2024.SMM8_pos:2352,Invar,1
Foster_2024.SMM8_pos:2442,Invar,1
Foster_2024.SMM8_pos:2482,Invar,1
Foster_2024.SMM8_pos:2537,Invar,0
Foster_2024.SMM8_pos:2609,Invar,0
Foster_2024.SMM8_pos:2646,Invar,1
Foster_2024.SMM8_pos:2675,Invar,1
Foster_2024.SMM8_pos:2716,Invar,1
Foster_2024.SMM8_pos:2744,Invar,0
Foster_2024.SMM8_pos:2760,Invar,1
Foster_2024.SMM8_pos:2764,Invar,1
Foster_2024.SMM8_pos:2824,Invar,0
Foster_2024.SMM8_pos:2841,Invar,0
Foster_2024.SMM8_pos:2850,Invar,1
Foster_2024.SMM8_pos:2927,Invar,1
Foster_2024.SMM8_pos:3032,Invar,0
Foster_2024.SMM8_pos:3120,Invar,0
Foster_2024.SMM8_pos:3157,Invar,1
Foster_2024.SMM8_pos:3193,Invar,1
Foster_2024.SMM8_pos:3311,Invar,0
Foster_2024.SMM8_pos:3312,Invar,1
Foster_2024.SMM8_pos:3326,Invar,1
Foster_2024.SMM8_pos:3373,Invar,1
Foster_2024.SMM8_pos:3377,Invar,0
Foster_2024.SMM8_pos:3393,Invar,1
Foster_2024.SMM8_pos:3402,Invar,0
Foster_2024.SMM8_pos:3446,Invar,0
Foster_2024.SMM8_pos:3517,Invar,1
Foster_2024.SMM8_pos:3537,Invar,0
Foster_2024.SMM8_pos:3568,Invar,0
Foster_2024.SMM8_pos:3663,Invar,1
Foster_2024.SMM8_pos:3747,Invar,1
Foster_2024.SMM8_pos:3750,Invar,2
Foster_2024.SMM8_pos:3849,Invar,1
Foster_2024.SMM8_pos:3860,Invar,0
Foster_2024.SMM8_pos:3866,Invar,1
Foster_2024.SMM8_pos:4014,Invar,0
Foster_2024.SMM8_pos:4024,Invar,0
Foster_2024.SMM8_pos:4037,Invar,1
Foster_2024.SMM8_pos:4067,Invar,0
Foster_2024.SMM8_pos:4071,Invar,1
Foster_2024.SMM8_pos:4084,Invar,0
Foster_2024.SMM8_pos:4095,Invar,0
Foster_2024.SMM8_pos:4182,Invar,0
Foster_2024.SMM8_pos:4234,Invar,1
Foster_2024.SMM8_pos:4267,Invar,1
Foster_2024.SMM8_pos:4331,Invar,0
Foster_2024.SMM8_pos:4345,Invar,0
Foster_2024.SMM8_pos:4420,Invar,1
Foster_2024.SMM8_pos:4434,Invar,1
Foster_2024.SMM8_pos:4484,Invar,1
Foster_2024.SMM8_pos:4495,Invar,1
Foster_2024.SMM8_pos:4521,Invar,1
Foster_2024.SMM8_pos:4556,Invar,0
Foster_2024.SMM8_pos:4591,Invar,0
Foster_2024.SMM8_pos:4670,Invar,1
Foster_2024.SMM8_pos:4671,Invar,0
Foster_2024.SMM8_pos:4672,Invar,1
Foster_2024.SMM8_pos:4708,Invar,1
Foster_2024.SMM8_pos:4710,Invar,1
Foster_2024.SMM8_pos:4765,Invar,0
Foster_2024.SMM8_pos:4853,Invar,2
Foster_2024.SMM8_pos:4862,Invar,0
Foster_2024.SMM8_pos:4872,Invar,0
Foster_2024.SMM8_pos:4905,Invar,1
Foster_2024.SMM8_pos:4941,Invar,0
Foster_2024.SMM8_pos:4977,Invar,1
Foster_2024.SMM8_pos:4991,Invar,1
Foster_2024.SMM8_pos:5020,Invar,0
Foster_2024.SMM8_pos:5023,Invar,2
Foster_2024.SMM8_pos:5025,Invar,1
Foster_2024.SMM8_pos:5066,Invar,1
Foster_2024.SMM8_pos:5098,Invar,1
Foster_2024.SMM8_pos:5113,Invar,1
Foster_2024.SMM8_pos:5148,Invar,1
Foster_2024.SMM8_pos:5163,Invar,0
Foster_2024.SMM8_pos:5185,Invar,1
Foster_2024.SMM8_pos:5340,Invar,0
Foster_2024.SMM8_pos:5344,Invar,0
Foster_2024.SMM8_pos:5393,Invar,1
Foster_2024.SMM8_pos:5406,Invar,1
Foster_2024.SMM8_pos:5446,Invar,1
Foster_2024.SMM8_pos:5462,Invar,0
Foster_2024.SMM8_pos:5571,Invar,1
Foster_2024.SMM8_pos:5592,Invar,1
Foster_2024.SMM8_pos:5630,Invar,1
Foster_2024.SMM8_pos:5632,Invar,1
Foster_2024.SMM8_pos:5677,Invar,0
Foster_2024.SMM8_pos:5678,Invar,1
Foster_2024.SMM8_pos:5706,Invar,1
Foster_2024.SMM8_pos:5831,Invar,1
Foster_2024.SMM8_pos:5839,Invar,0
Foster_2024.SMM8_pos:5885,Invar,0
Foster_2024.SMM8_pos:5891,Invar,1
Foster_2024.SMM8_pos:5901,Invar,0
Foster_2024.SMM8_pos:5950,Invar,0
Foster_2024.SMM8_pos:5951,Invar,0
Foster_2024.SMM8_pos:6024,Invar,1
Foster_2024.SMM8_pos:6136,Invar,0
Foster_2024.SMM8_pos:6139,Invar,1
Foster_2024.SMM8_pos:6290,Invar,0
Foster_2024.SMM8_pos:6335,Invar,0
Foster_2024.SMM8_pos:6448,Invar,0
Foster_2024.SMM8_pos:6451,Invar,1
Foster_2024.SMM8_pos:6484,Invar,0
Foster_2024.SMM8_pos:6492,Invar,0
Foster_2024.SMM8_pos:6513,Invar,1
Foster_2024.SMM8_pos:6562,Invar,1
Foster_2024.SMM8_pos:6572,Invar,0
Foster_2024.SMM8_pos:6639,Invar,1
Foster_2024.SMM8_pos:6724,Invar,1
Foster_2024.SMM8_pos:6726,Invar,0
Foster_2024.SMM8_pos:6762,Invar,1
Foster_2024.SMM8_pos:6782,Invar,0
Foster_2024.SMM8_pos:6791,Invar,2
Foster_2024.SMM8_pos:6815,Invar,1
Foster_2024.SMM8_pos:6883,Invar,0
Foster_2024.SMM8_pos:6897,Invar,0
Foster_2024.SMM8_pos:6904,Invar,0
Foster_2024.SMM8_pos:6948,Invar,1
Foster_2024.SMM8_pos:6973,Invar,1
Foster_2024.SMM8_pos:6979,Invar,1
Foster_2024.SMM8_pos:7005,Invar,1
Foster_2024.SMM8_pos:7020,Invar,0
Foster_2024.SMM8_pos:7106,Invar,3
Foster_2024.SMM8_pos:7151,Invar,1
Foster_2024.SMM8_pos:7173,Invar,0
Foster_2024.SMM8_pos:7214,Invar,1
Foster_2024.SMM8_pos:7234,Invar,1
Foster_2024.SMM8_pos:7288,Invar,1
Foster_2024.SMM8_pos:7299,Invar,0
Foster_2024.SMM8_pos:7302,Invar,1
Foster_2024.SMM8_pos:7315,Invar,1
Foster_2024.SMM8_pos:7320,Invar,1
Foster_2024.SMM8_pos:7362,Invar,0
Foster_2024.SMM8_pos:7384,Invar,1
Foster_2024.SMM8_pos:7414,Invar,0
Foster_2024.SMM8_pos:7425,Invar,1
Foster_2024.SMM8_pos:7433,Invar,0
Foster_2024.SMM8_pos:7582,Invar,0
Foster_2024.SMM8_pos:7639,Invar,0
Foster_2024.SMM8_pos:7796,Invar,0
Foster_2024.SMM8_pos:7912,Invar,1
Foster_2024.SMM8_pos:7921,Invar,1
Foster_2024.SMM8_pos:7924,Invar,1
Foster_2024.SMM8_pos:7932,Invar,0
Foster_2024.SMM8_pos:7980,Invar,1
Foster_2024.SMM8_pos:7987,Invar,0
Foster_2024.SMM8_pos:7993,Invar,0
Foster_2024.SMM8_pos:8026,Invar,0
Foster_2024.SMM8_pos:8029,Invar,1
Foster_2024.SMM8_pos:8089,Invar,1
Foster_2024.SMM8_pos:8092,Invar,2
Foster_2024.SMM8_pos:8103,Invar,0
Foster_2024.SMM8_pos:8151,Invar,0
Foster_2024.SMM8_pos:8173,Invar,1
Foster_2024.SMM8_pos:8329,Invar,1
Foster_2024.SMM8_pos:8343,Invar,1
Foster_2024.SMM8_pos:8349,Invar,1
Foster_2024.SMM8_pos:8378,Invar,0
Foster_2024.SMM8_pos:8416,Invar,1
Foster_2024.SMM8_pos:8431,Invar,1
Foster_2024.SMM8_pos:8456,Invar,1
Foster_2024.SMM8_pos:8505,Invar,0
Foster_2024.SMM8_pos:8520,Invar,1
Foster_2024.SMM8_pos:8527,Invar,1
Foster_2024.SMM8_pos:8546,Invar,0
Foster_2024.SMM8_pos:8548,Invar,1
Foster_2024.SMM8_pos:8575,Invar,0
Foster_2024.SMM8_pos:8688,Invar,1
Foster_2024.SMM8_pos:8741,Invar,0
Foster_2024.SMM8_pos:8746,Invar,0
Foster_2024.SMM8_pos:8763,Invar,1
Foster_2024.SMM8_pos:8764,Invar,0
Foster_2024.SMM8_pos:8773,Invar,1
Foster_2024.SMM8_pos:8797,Invar,0
Foster_2024.SMM8_pos:8811,Invar,1
Foster_2024.SMM8_pos:8966,Invar,1
Foster_2024.SMM8_pos:8969,Invar,1
Foster_2024.SMM8_pos:9010,Invar,1
Foster_2024.SMM8_pos:9012,Invar,0
Foster_2024.SMM8_pos:9033,Invar,1
Foster_2024.SMM8_pos:9061,Invar,1
Foster_2024.SMM8_pos:9088,Invar,0
Foster_2024.SMM8_pos:9109,Invar,1
Foster_2024.SMM8_pos:9112,Invar,0
Foster_2024.SMM8_pos:9115,Invar,0
Foster_2024.SMM8_pos:9139,Invar,1
Foster_2024.SMM8_pos:9146,Invar,0
Foster_2024.SMM8_pos:9169,Invar,0
Foster_2024.SMM8_pos:9228,Invar,1
Foster_2024.SMM8_pos:9237,Invar,1
Foster_2024.SMM8_pos:9266,Invar,1
Foster_2024.SMM8_pos:9391,Invar,1
Foster_2024.SMM8_pos:9404,Invar,1
Foster_2024.SMM8_pos:9477,Invar,1
Foster_2024.SMM8_pos:9516,Invar,0
Foster_2024.SMM8_pos:9520,Invar,1
Foster_2024.SMM8_pos:9525,Invar,1
Foster_2024.SMM8_pos:9546,Invar,1
Foster_2024.SMM8_pos:9556,Invar,0
Foster_2024.SMM8_pos:9558,Invar,0
Foster_2024.SMM8_pos:9588,Invar,0
Foster_2024.SMM8_pos:9637,Invar,1
Foster_2024.SMM8_pos:9655,Invar,0
Foster_2024.SMM8_pos:9661,Invar,2
Foster_2024.SMM8_pos:9670,Invar,1
Foster_2024.SMM8_pos:9700,Invar,1
Foster_2024.SMM8_neg:10,Invar,1
Foster_2024.SMM8_neg:85,Invar,3
Foster_2024.SMM8_neg:105,Invar,1
Foster_2024.SMM8_neg:249,Invar,0
Foster_2024.SMM8_neg:266,Invar,2
Foster_2024.SMM8_neg:293,Invar,1
Foster_2024.SMM8_neg:339,Invar,0
Foster_2024.SMM8_neg:422,Invar,0
Foster_2024.SMM8_neg:441,Invar,0
Foster_2024.SMM8_neg:541,Invar,2
Foster_2024.SMM8_neg:562,Invar,0
Foster_2024.SMM8_neg:606,Invar,1
Foster_2024.SMM8_neg:609,Invar,3
Foster_2024.SMM8_neg:730,Invar,1
Foster_2024.SMM8_neg:792,Invar,1
Foster_2024.SMM8_neg:826,Invar,1
Foster_2024.SMM8_neg:866,Invar,1
Foster_2024.SMM8_neg:886,Invar,1
Foster_2024.SMM8_neg:912,Invar,1
Foster_2024.SMM8_neg:1009,Invar,1
Foster_2024.SMM8_neg:1096,Invar,1
Foster_2024.SMM8_neg:1097,Invar,2
Foster_2024.SMM8_neg:1148,Invar,2
Foster_2024.SMM8_neg:1261,Invar,1
Foster_2024.SMM8_neg:1356,Invar,1
Foster_2024.SMM8_neg:1427,Invar,1
Foster_2024.SMM8_neg:1436,Invar,1
Foster_2024.SMM8_neg:1528,Invar,1
Foster_2024.SMM8_neg:1608,Invar,1
Foster_2024.SMM8_neg:1753,Invar,1
Foster_2024.SMM8_neg:1796,Invar,1
Foster_2024.SMM8_neg:1833,Invar,1
Foster_2024.SMM8_neg:1993,Invar,1
Foster_2024.SMM8_neg:2016,Invar,1
Foster_2024.SMM8_neg:2032,Invar,1
Foster_2024.SMM8_neg:2101,Invar,1
Foster_2024.SMM8_neg:2110,Invar,2
Foster_2024.SMM8_neg:2155,Invar,1
Foster_2024.SMM8_neg:2166,Invar,1
Foster_2024.SMM8_neg:2196,Invar,1
Foster_2024.SMM8_neg:2204,Invar,1
Foster_2024.SMM8_neg:2430,Invar,0
Foster_2024.SMM8_neg:2495,Invar,2
Foster_2024.SMM8_neg:2515,Invar,0
Foster_2024.SMM8_neg:2570,Invar,1
Foster_2024.SMM8_neg:2574,Invar,0
Foster_2024.SMM8_neg:2604,Invar,0
Foster_2024.SMM8_neg:2731,Invar,1
Foster_2024.SMM8_neg:2835,Invar,0
Foster_2024.SMM8_neg:2896,Invar,1
Foster_2024.SMM8_neg:2928,Invar,2
Foster_2024.SMM8_neg:3052,Invar,2
Foster_2024.SMM8_neg:3142,Invar,1
Foster_2024.SMM8_neg:3188,Invar,1
Foster_2024.SMM8_neg:3257,Invar,0
Foster_2024.SMM8_neg:3270,Invar,1
Foster_2024.SMM8_neg:3360,Invar,0
Foster_2024.SMM8_neg:3544,Invar,1
Foster_2024.SMM8_neg:3583,Invar,3
Foster_2024.SMM8_neg:3654,Invar,0
Foster_2024.SMM8_neg:3667,Invar,2
Foster_2024.SMM8_neg:3711,Invar,1
Foster_2024.SMM8_neg:3717,Invar,2
Foster_2024.SMM8_neg:3720,Invar,0
Foster_2024.SMM8_neg:3819,Invar,1
Foster_2024.SMM8_neg:3842,Invar,1
Foster_2024.SMM8_neg:3957,Invar,3
Foster_2024.SMM8_neg:4001,Invar,1
Foster_2024.SMM8_neg:4003,Invar,1
Foster_2024.SMM8_neg:4037,Invar,1
Foster_2024.SMM8_neg:4043,Invar,1
Foster_2024.SMM8_neg:4183,Invar,1
Foster_2024.SMM8_neg:4196,Invar,1
Foster_2024.SMM8_neg:4253,Invar,1
Foster_2024.SMM8_neg:4284,Invar,1
Foster_2024.SMM8_neg:4289,Invar,1
Foster_2024.SMM8_neg:4341,Invar,0
Foster_2024.SMM8_neg:4400,Invar,1
Foster_2024.SMM8_neg:4422,Invar,1
Foster_2024.SMM8_neg:4424,Invar,1
Foster_2024.SMM8_neg:4451,Invar,1
Foster_2024.SMM8_neg:4491,Invar,1
Foster_2024.SMM8_neg:4532,Invar,0
Foster_2024.SMM8_neg:4587,Invar,1
Foster_2024.SMM8_neg:4651,Invar,1
Foster_2024.SMM8_neg:4670,Invar,1
Foster_2024.SMM8_neg:4776,Invar,1
Foster_2024.SMM8_neg:4874,Invar,1
Foster_2024.SMM8_neg:4930,Invar,1
Foster_2024.SMM8_neg:5057,Invar,2
Foster_2024.SMM8_neg:5084,Invar,1
Foster_2024.SMM8_neg:5126,Invar,1
Foster_2024.SMM8_neg:5146,Invar,1
Foster_2024.SMM8_neg:5167,Invar,0
Foster_2024.SMM6_pos:201,Invar,1
Foster_2024.SMM6_pos:203,Invar,1
Foster_2024.SMM6_pos:206,Invar,0
Foster_2024.SMM6_pos:266,Invar,0
Foster_2024.SMM6_pos:301,Invar,0
Foster_2024.SMM6_pos:464,Invar,0
Foster_2024.SMM6_pos:528,Invar,0
Foster_2024.SMM6_pos:563,Invar,0
Foster_2024.SMM6_pos:582,Invar,2
Foster_2024.SMM6_pos:772,Invar,1
Foster_2024.SMM6_pos:782,Invar,0
Foster_2024.SMM6_pos:916,Invar,1
Foster_2024.SMM6_pos:982,Invar,1
Foster_2024.SMM6_pos:1051,Invar,1
Foster_2024.SMM6_pos:1129,Invar,1
Foster_2024.SMM6_pos:1319,Invar,0
Foster_2024.SMM6_pos:1336,Invar,0
Foster_2024.SMM6_pos:1345,Invar,0
Foster_2024.SMM6_pos:1379,Invar,1
Foster_2024.SMM6_pos:1490,Invar,0
Foster_2024.SMM6_pos:1683,Invar,0
Foster_2024.SMM6_pos:1697,Invar,0
Foster_2024.SMM6_pos:1719,Invar,0
Foster_2024.SMM6_pos:1749,Invar,0
Foster_2024.SMM6_pos:1757,Invar,0
Foster_2024.SMM6_pos:1868,Invar,1
Foster_2024.SMM6_pos:1923,Invar,0
Foster_2024.SMM6_pos:2143,Invar,0
Foster_2024.SMM6_pos:2205,Invar,1
Foster_2024.SMM6_pos:2301,Invar,1
Foster_2024.SMM6_pos:2400,Invar,1
Foster_2024.SMM6_pos:2529,Invar,1
Foster_2024.SMM6_pos:2643,Invar,0
Foster_2024.SMM6_pos:2669,Invar,0
Foster_2024.SMM6_pos:2776,Invar,0
Foster_2024.SMM6_pos:2964,Invar,1
Foster_2024.SMM6_pos:3111,Invar,3
Foster_2024.SMM6_pos:3125,Invar,1
Foster_2024.SMM6_pos:3173,Invar,0
Foster_2024.SMM6_pos:3449,Invar,0
Foster_2024.SMM6_pos:3607,Invar,0
Foster_2024.SMM6_pos:3710,Invar,2
Foster_2024.SMM6_pos:3884,Invar,0
Foster_2024.SMM6_pos:3889,Invar,0
Foster_2024.SMM6_pos:4076,Invar,0
Foster_2024.SMM6_pos:4257,Invar,0
Foster_2024.SMM6_pos:4319,Invar,1
Foster_2024.SMM6_pos:4329,Invar,1
Foster_2024.SMM6_pos:4558,Invar,0
Foster_2024.SMM6_pos:4643,Invar,1
Foster_2024.SMM6_pos:4790,Invar,0
Foster_2024.SMM6_pos:4928,Invar,0
Foster_2024.SMM6_pos:5021,Invar,2
Foster_2024.SMM6_pos:5075,Invar,0
Foster_2024.SMM6_pos:5121,Invar,0
Foster_2024.SMM6_pos:5410,Invar,0
Foster_2024.SMM6_pos:5454,Invar,1
Foster_2024.SMM6_pos:5469,Invar,1
Foster_2024.SMM6_pos:5545,Invar,0
Foster_2024.SMM6_pos:5548,Invar,2
Foster_2024.SMM6_pos:5629,Invar,1
Foster_2024.SMM6_pos:5830,Invar,0
Foster_2024.SMM6_pos:5861,Invar,2
Foster_2024.SMM12_neg:147,Invar,3
Foster_2024.SMM12_neg:218,Invar,3
Foster_2024.SMM12_neg:326,Invar,2
Foster_2024.SMM12_neg:421,Invar,1
Foster_2024.SMM12_neg:486,Invar,1
Foster_2024.SMM12_neg:579,Invar,1
Foster_2024.SMM12_neg:1034,Invar,1
Foster_2024.SMM12_neg:1082,Invar,3
Foster_2024.SMM12_neg:1145,Invar,1
Foster_2024.SMM12_neg:1158,Invar,1
Foster_2024.SMM12_neg:1322,Invar,1
Foster_2024.SMM12_neg:1559,Invar,1
Foster_2024.SMM12_neg:1578,Invar,1
Foster_2024.SMM12_neg:1644,Invar,1
Foster_2024.SMM12_neg:1732,Invar,1
Foster_2024.SMM12_neg:1879,Invar,1
Foster_2024.SMM12_neg:1916,Invar,3
Foster_2024.SMM12_neg:2280,Invar,1
Foster_2024.SMM12_neg:2329,Invar,1
Foster_2024.SMM12_neg:2592,Invar,1
Foster_2024.SMM12_neg:2634,Invar,1
Foster_2024.SMM12_neg:2659,Invar,1
Foster_2024.SMM12_neg:3047,Invar,1
Foster_2024.SMM12_neg:3244,Invar,1
Foster_2024.SMM12_neg:3347,Invar,1
Foster_2024.SMM12_neg:3410,Invar,1
Foster_2024.SMM12_neg:3458,Invar,1
Foster_2024.SMM12_neg:4256,Invar,1
Foster_2024.SMM12_neg:4295,Invar,1
Foster_2024.SMM12_neg:4398,Invar,1
Foster_2024.SMM12_neg:4484,Invar,3
Foster_2024.SMM12_neg:4502,Invar,1
Foster_2024.SMM12_neg:4574,Invar,1
Foster_2024.SMM12_neg:4834,Invar,1
Foster_2024.SMM12_neg:4871,Invar,1
Foster_2024.SMM12_neg:5325,Invar,1
Foster_2024.SMM12_neg:5413,Invar,1
Foster_2024.SMM12_neg:5571,Invar,0
Foster_2024.SMM12_neg:5668,Invar,1
Foster_2024.SMM12_neg:5677,Invar,1
Foster_2024.SMM12_neg:5745,Invar,1
Foster_2024.SMM12_neg:5797,Invar,2
Foster_2024.SMM12_neg:5883,Invar,1
Foster_2024.SMM12_neg:6240,Invar,1
Foster_2024.SMM12_neg:6652,Invar,1
Foster_2024.SMM12_neg:6709,Invar,1
Foster_2024.SMM12_neg:6771,Invar,1
Foster_2024.SMM12_neg:7063,Invar,3
Foster_2024.SMM12_neg:7179,Invar,0
Foster_2024.SMM12_neg:7281,Invar,1
Foster_2024.SMM12_neg:7464,Invar,1
Foster_2024.SMM12_neg:7977,Invar,1
Foster_2024.SMM12_neg:8003,Invar,1
Foster_2024.SMM4_pos:12,Invar,0
Foster_2024.SMM4_pos:59,Invar,1
Foster_2024.SMM4_pos:132,Invar,0
Foster_2024.SMM4_pos:147,Invar,0
Foster_2024.SMM4_pos:221,Invar,0
Foster_2024.SMM4_pos:267,Invar,0
Foster_2024.SMM4_pos:400,Invar,0
Foster_2024.SMM4_pos:440,Invar,1
Foster_2024.SMM4_pos:495,Invar,0
Foster_2024.SMM4_pos:573,Invar,0
Foster_2024.SMM4_pos:583,Invar,0
Foster_2024.SMM4_pos:593,Invar,1
Foster_2024.SMM4_pos:631,Invar,0
Foster_2024.SMM4_pos:657,Invar,0
Foster_2024.SMM4_pos:673,Invar,0
Foster_2024.SMM4_pos:749,Invar,0
Foster_2024.SMM4_pos:798,Invar,0
Foster_2024.SMM4_pos:812,Invar,0
Foster_2024.SMM4_pos:892,Invar,0
Foster_2024.SMM4_pos:898,Invar,0
Foster_2024.SMM4_pos:958,Invar,0
Foster_2024.SMM4_pos:1112,Invar,1
Foster_2024.SMM4_pos:1121,Invar,0
Foster_2024.SMM4_pos:1160,Invar,0
Foster_2024.SMM4_pos:1205,Invar,1
Foster_2024.SMM4_pos:1206,Invar,0
Foster_2024.SMM4_pos:1232,Invar,1
Foster_2024.SMM4_pos:1476,Invar,0
Foster_2024.SMM4_pos:1517,Invar,0
Foster_2024.SMM4_pos:1535,Invar,0
Foster_2024.SMM4_pos:1627,Invar,0
Foster_2024.SMM4_pos:1687,Invar,0
Foster_2024.SMM4_pos:1740,Invar,0
Foster_2024.SMM4_pos:1745,Invar,0
Foster_2024.SMM4_pos:1873,Invar,0
Foster_2024.SMM4_pos:1897,Invar,0
Foster_2024.SMM4_pos:2047,Invar,0
Foster_2024.SMM4_pos:2098,Invar,0
Foster_2024.SMM4_pos:2114,Invar,0
Foster_2024.SMM4_pos:2119,Invar,0
Foster_2024.SMM4_pos:2155,Invar,0
Foster_2024.SMM4_pos:2272,Invar,0
Foster_2024.SMM4_pos:2314,Invar,0
Foster_2024.SMM4_pos:2383,Invar,0
Foster_2024.SMM4_pos:2387,Invar,0
Foster_2024.SMM4_pos:2452,Invar,0
Foster_2024.SMM4_pos:2466,Invar,1
Foster_2024.SMM4_pos:2581,Invar,0
Foster_2024.SMM4_pos:2625,Invar,0
Foster_2024.SMM4_pos:2649,Invar,0
Foster_2024.SMM4_pos:2664,Invar,2
Foster_2024.SMM4_pos:2767,Invar,0
Foster_2024.SMM4_pos:2797,Invar,0
Foster_2024.SMM4_pos:2878,Invar,0
Foster_2024.SMM4_pos:2943,Invar,1
Foster_2024.SMM4_pos:3008,Invar,0
Foster_2024.SMM4_pos:3051,Invar,0
Foster_2024.SMM4_pos:3079,Invar,0
Foster_2024.SMM4_pos:3110,Invar,0
Foster_2024.SMM4_pos:3197,Invar,0
Foster_2024.SMM4_pos:3247,Invar,0
Foster_2024.SMM4_pos:3311,Invar,0
Foster_2024.SMM4_pos:3567,Invar,0
Foster_2024.SMM4_pos:3790,Invar,0
Foster_2024.SMM4_pos:3795,Invar,1
Foster_2024.SMM4_pos:3828,Invar,0
Foster_2024.SMM4_pos:3880,Invar,0
Foster_2024.SMM4_pos:3935,Invar,1
Foster_2024.SMM4_pos:3937,Invar,0
Foster_2024.SMM4_pos:3945,Invar,0
Foster_2024.SMM4_pos:4043,Invar,0
Foster_2024.SMM4_pos:4095,Invar,0
Foster_2024.SMM4_pos:4109,Invar,0
Foster_2024.SMM4_pos:4176,Invar,1
Foster_2024.SMM4_pos:4195,Invar,0
Foster_2024.SMM4_pos:4351,Invar,0
Foster_2024.SMM4_pos:4369,Invar,0
Foster_2024.SMM4_pos:4376,Invar,1
Foster_2024.SMM4_pos:4463,Invar,0
Foster_2024.SMM4_pos:4493,Invar,1
Foster_2024.SMM4_pos:4509,Invar,0
Foster_2024.SMM4_pos:4599,Invar,0
Foster_2024.SMM4_pos:4710,Invar,0
Foster_2024.SMM4_pos:4881,Invar,0
Foster_2024.SMM4_pos:4924,Invar,0
Foster_2024.SMM4_pos:4936,Invar,1
Foster_2024.SMM4_pos:5048,Invar,1
Foster_2024.SMM4_pos:5106,Invar,0
Foster_2024.SMM4_pos:5113,Invar,0
Foster_2024.SMM4_pos:5117,Invar,1
Foster_2024.SMM4_pos:5283,Invar,1
Foster_2024.SMM4_pos:5313,Invar,0
Foster_2024.SMM4_pos:5363,Invar,0
Foster_2024.SMM4_pos:5404,Invar,0
Foster_2024.SMM4_pos:5432,Invar,0
Foster_2024.SMM4_pos:5664,Invar,0
Foster_2024.SMM4_pos:5731,Invar,1
Foster_2024.SMM5_pos:11,Invar,0
Foster_2024.SMM5_pos:59,Invar,0
Foster_2024.SMM5_pos:78,Invar,1
Foster_2024.SMM5_pos:188,Invar,1
Foster_2024.SMM5_pos:287,Invar,1
Foster_2024.SMM5_pos:289,Invar,1
Foster_2024.SMM5_pos:299,Invar,0
Foster_2024.SMM5_pos:327,Invar,1
Foster_2024.SMM5_pos:559,Invar,1
Foster_2024.SMM5_pos:804,Invar,1
Foster_2024.SMM5_pos:865,Invar,1
Foster_2024.SMM5_pos:909,Invar,1
Foster_2024.SMM5_pos:971,Invar,1
Foster_2024.SMM5_pos:1097,Invar,0
Foster_2024.SMM5_pos:1638,Invar,0
Foster_2024.SMM5_pos:1667,Invar,1
Foster_2024.SMM5_pos:1778,Invar,1
Foster_2024.SMM5_pos:1837,Invar,1
Foster_2024.SMM5_pos:1887,Invar,1
Foster_2024.SMM5_pos:1940,Invar,0
Foster_2024.SMM5_pos:2077,Invar,1
Foster_2024.SMM5_pos:2168,Invar,1
Foster_2024.SMM5_pos:2176,Invar,1
Foster_2024.SMM5_pos:2191,Invar,0
Foster_2024.SMM5_pos:2202,Invar,1
Foster_2024.SMM5_pos:2299,Invar,3
Foster_2024.SMM5_pos:2320,Invar,1
Foster_2024.SMM5_pos:2422,Invar,1
Foster_2024.SMM5_pos:2623,Invar,0
Foster_2024.SMM5_pos:2907,Invar,0
Foster_2024.SMM5_pos:2968,Invar,1
Foster_2024.SMM5_pos:3186,Invar,1
Foster_2024.SMM5_pos:3334,Invar,1
Foster_2024.SMM5_pos:3511,Invar,1
Foster_2024.SMM5_pos:3665,Invar,2
Foster_2024.SMM5_pos:3668,Invar,1
Foster_2024.SMM5_pos:3774,Invar,1
Foster_2024.SMM5_pos:3803,Invar,2
Foster_2024.SMM5_pos:3818,Invar,1
Foster_2024.SMM5_pos:4727,Invar,1
Foster_2024.SMM5_pos:4728,Invar,0
Foster_2024.SMM5_pos:4861,Invar,1
Foster_2024.SMM5_pos:4932,Invar,2
Foster_2024.SMM5_pos:5093,Invar,1
Foster_2024.SMM5_pos:5663,Invar,1
Foster_2024.SMM5_pos:5803,Invar,0
Foster_2024.SMM5_pos:5813,Invar,2
Foster_2024.SMM5_pos:6123,Invar,0
Foster_2024.SMM5_pos:6150,Invar,1
Foster_2024.SMM5_pos:6179,Invar,1
Foster_2024.SMM5_pos:6539,Invar,1
Foster_2024.SMM5_pos:6643,Invar,1
Foster_2024.SMM5_pos:6752,Invar,1
Foster_2024.SMM5_pos:7072,Invar,1
Foster_2024.SMM5_pos:7318,Invar,1
Foster_2024.SMM5_pos:7386,Invar,0
Foster_2024.SMM5_pos:7455,Invar,0
Foster_2024.SMM5_pos:7793,Invar,0
Foster_2024.SMM5_pos:7894,Invar,3
Foster_2024.SMM5_pos:8108,Invar,1
Foster_2024.SMM5_pos:8167,Invar,1
Foster_2024.SMM5_pos:8490,Invar,3
Foster_2024.SMM5_pos:8512,Invar,1
Foster_2024.SMM5_pos:8862,Invar,1
Foster_2024.SMM5_pos:8894,Invar,2
Foster_2024.SMM5_pos:8934,Invar,1
Foster_2024.SMM5_pos:8957,Invar,1
Foster_2024.SMM5_pos:9134,Invar,0
Foster_2024.SMM5_pos:9194,Invar,3
Foster_2024.SMM5_pos:9414,Invar,1
Foster_2024.SMM5_pos:9477,Invar,1
Foster_2024.SMM5_pos:9661,Invar,0
Foster_2024.SMM5_pos:9748,Invar,2
Foster_2024.SMM5_pos:9843,Invar,1
Foster_2024.SMM5_pos:9942,Invar,1
Foster_2024.SMM5_pos:9963,Invar,3
Foster_2024.SMM5_pos:9979,Invar,0
Foster_2024.SMM5_pos:10058,Invar,1
Foster_2024.SMM5_neg:301,Invar,1
Foster_2024.SMM5_neg:338,Invar,1
Foster_2024.SMM5_neg:382,Invar,1
Foster_2024.SMM5_neg:565,Invar,1
Foster_2024.SMM5_neg:622,Invar,1
Foster_2024.SMM5_neg:1336,Invar,1
Foster_2024.SMM5_neg:1428,Invar,1
Foster_2024.SMM5_neg:1499,Invar,1
Foster_2024.SMM5_neg:1547,Invar,1
Foster_2024.SMM5_neg:1748,Invar,1
Foster_2024.SMM5_neg:1822,Invar,1
Foster_2024.SMM5_neg:1904,Invar,1
Foster_2024.SMM5_neg:1940,Invar,1
Foster_2024.SMM5_neg:2397,Invar,1
Foster_2024.SMM5_neg:2424,Invar,2
Foster_2024.SMM5_neg:2474,Invar,1
Foster_2024.SMM5_neg:2475,Invar,1
Foster_2024.SMM5_neg:2505,Invar,1
Foster_2024.SMM5_neg:2717,Invar,1
Foster_2024.SMM5_neg:2757,Invar,1
Foster_2024.SMM5_neg:2797,Invar,1
Foster_2024.SMM5_neg:2812,Invar,1
Foster_2024.SMM5_neg:2816,Invar,1
Foster_2024.SMM5_neg:2879,Invar,1
Foster_2024.SMM5_neg:2985,Invar,1
Foster_2024.SMM5_neg:3080,Invar,1
Foster_2024.SMM5_neg:3146,Invar,1
Foster_2024.SMM5_neg:3273,Invar,1
Foster_2024.SMM5_neg:3370,Invar,1
Foster_2024.SMM5_neg:3520,Invar,2
Foster_2024.SMM5_neg:3537,Invar,1
Foster_2024.SMM5_neg:3596,Invar,1
Foster_2024.SMM5_neg:3763,Invar,1
Foster_2024.SMM5_neg:3788,Invar,1
Foster_2024.SMM5_neg:3946,Invar,1
Foster_2024.SMM5_neg:4315,Invar,1
Foster_2024.SMM5_neg:4317,Invar,1
Foster_2024.SMM5_neg:4325,Invar,1
Foster_2024.SMM5_neg:4421,Invar,1
Foster_2024.SMM5_neg:5075,Invar,1
Foster_2024.SMM5_neg:5121,Invar,1
Foster_2024.SMM5_neg:5133,Invar,1
Foster_2024.SMM5_neg:5195,Invar,1
Foster_2024.SMM5_neg:5200,Invar,1
Foster_2024.SMM5_neg:5348,Invar,1
Foster_2024.SMM5_neg:5475,Invar,2
Foster_2024.SMM5_neg:5555,Invar,1
Foster_2024.SMM5_neg:5599,Invar,1
Foster_2024.SMM5_neg:5624,Invar,1
Foster_2024.SMM5_neg:5689,Invar,1
Foster_2024.SMM5_neg:5791,Invar,1
Foster_2024.SMM5_neg:5833,Invar,0
Foster_2024.SMM5_neg:5927,Invar,1
Foster_2024.SMM5_neg:6056,Invar,1
Foster_2024.SMM5_neg:6084,Invar,1
Foster_2024.SMM5_neg:6106,Invar,1
Foster_2024.SMM5_neg:6158,Invar,0
Foster_2024.SMM5_neg:6736,Invar,1
Foster_2024.SMM5_neg:6849,Invar,1
Foster_2024.SMM5_neg:6869,Invar,1
Foster_2024.SMM5_neg:6870,Invar,0
Foster_2024.SMM5_neg:7045,Invar,1
Foster_2024.SMM5_neg:7106,Invar,1
Foster_2024.SMM5_neg:7118,Invar,0
Foster_2024.SMM4_neg:37,Invar,0
Foster_2024.SMM4_neg:114,Invar,0
Foster_2024.SMM4_neg:127,Invar,0
Foster_2024.SMM4_neg:212,Invar,1
Foster_2024.SMM4_neg:310,Invar,0
Foster_2024.SMM4_neg:318,Invar,0
Foster_2024.SMM4_neg:385,Invar,0
Foster_2024.SMM4_neg:399,Invar,1
Foster_2024.SMM4_neg:422,Invar,0
Foster_2024.SMM4_neg:427,Invar,0
Foster_2024.SMM4_neg:443,Invar,0
Foster_2024.SMM4_neg:444,Invar,0
Foster_2024.SMM4_neg:446,Invar,0
Foster_2024.SMM4_neg:459,Invar,1
Foster_2024.SMM4_neg:469,Invar,0
Foster_2024.SMM4_neg:482,Invar,0
Foster_2024.SMM4_neg:543,Invar,1
Foster_2024.SMM4_neg:589,Invar,1
Foster_2024.SMM4_neg:651,Invar,1
Foster_2024.SMM4_neg:722,Invar,0
Foster_2024.SMM4_neg:728,Invar,1
Foster_2024.SMM4_neg:854,Invar,1
Foster_2024.SMM4_neg:857,Invar,0
Foster_2024.SMM4_neg:858,Invar,0
Foster_2024.SMM4_neg:997,Invar,0
Foster_2024.SMM4_neg:1051,Invar,1
Foster_2024.SMM4_neg:1083,Invar,0
Foster_2024.SMM4_neg:1094,Invar,0
Foster_2024.SMM4_neg:1137,Invar,1
Foster_2024.SMM4_neg:1184,Invar,0
Foster_2024.SMM4_neg:1217,Invar,0
Foster_2024.SMM4_neg:1243,Invar,0
Foster_2024.SMM4_neg:1246,Invar,0
Foster_2024.SMM4_neg:1374,Invar,0
Foster_2024.SMM4_neg:1403,Invar,0
Foster_2024.SMM4_neg:1423,Invar,0
Foster_2024.SMM4_neg:1451,Invar,0
Foster_2024.SMM4_neg:1468,Invar,0
Foster_2024.SMM4_neg:1605,Invar,1
Foster_2024.SMM4_neg:1611,Invar,0
Foster_2024.SMM4_neg:1633,Invar,1
Foster_2024.SMM4_neg:1662,Invar,1
Foster_2024.SMM4_neg:1676,Invar,1
Foster_2024.SMM4_neg:1689,Invar,0
Foster_2024.SMM4_neg:1737,Invar,0
Foster_2024.SMM4_neg:1739,Invar,0
Foster_2024.SMM4_neg:1771,Invar,0
Foster_2024.SMM4_neg:1834,Invar,0
Foster_2024.SMM4_neg:1945,Invar,0
Foster_2024.SMM4_neg:1961,Invar,0
Foster_2024.SMM4_neg:2026,Invar,0
Foster_2024.SMM4_neg:2036,Invar,0
Foster_2024.SMM4_neg:2042,Invar,0
Foster_2024.SMM4_neg:2051,Invar,0
Foster_2024.SMM4_neg:2056,Invar,1
Foster_2024.SMM4_neg:2118,Invar,1
Foster_2024.SMM4_neg:2143,Invar,1
Foster_2024.SMM4_neg:2152,Invar,0
Foster_2024.SMM4_neg:2234,Invar,0
Foster_2024.SMM4_neg:2246,Invar,0
Foster_2024.SMM4_neg:2332,Invar,0
Foster_2024.SMM4_neg:2351,Invar,0
Foster_2024.SMM4_neg:2374,Invar,1
Foster_2024.SMM4_neg:2381,Invar,0
Foster_2024.SMM4_neg:2392,Invar,0
Foster_2024.SMM4_neg:2443,Invar,3
Foster_2024.SMM4_neg:2483,Invar,0
Foster_2024.SMM4_neg:2489,Invar,0
Foster_2024.SMM4_neg:2497,Invar,0
Foster_2024.SMM4_neg:2572,Invar,1
Foster_2024.SMM4_neg:2770,Invar,1
Foster_2024.SMM4_neg:2852,Invar,1
Foster_2024.SMM4_neg:2919,Invar,0
Foster_2024.SMM4_neg:2996,Invar,0
Foster_2024.SMM4_neg:3020,Invar,1
Foster_2024.SMM4_neg:3086,Invar,0
Foster_2024.SMM4_neg:3158,Invar,0
Foster_2024.SMM4_neg:3242,Invar,0
Foster_2024.SMM4_neg:3321,Invar,0
Foster_2024.SMM4_neg:3370,Invar,0
Foster_2024.SMM4_neg:3470,Invar,0
Foster_2024.SMM4_neg:3488,Invar,1
Foster_2024.SMM4_neg:3510,Invar,0
Foster_2024.SMM4_neg:3540,Invar,0
Foster_2024.SMM4_neg:3558,Invar,0
Foster_2024.SMM4_neg:3596,Invar,0
Foster_2024.SMM4_neg:3623,Invar,0
Foster_2024.SMM11_neg:54,Invar,1
Foster_2024.SMM11_neg:119,Invar,1
Foster_2024.SMM11_neg:236,Invar,1
Foster_2024.SMM11_neg:381,Invar,1
Foster_2024.SMM11_neg:624,Invar,1
Foster_2024.SMM11_neg:658,Invar,1
Foster_2024.SMM11_neg:712,Invar,1
Foster_2024.SMM11_neg:725,Invar,1
Foster_2024.SMM11_neg:733,Invar,2
Foster_2024.SMM11_neg:741,Invar,0
Foster_2024.SMM11_neg:742,Invar,1
Foster_2024.SMM11_neg:832,Invar,1
Foster_2024.SMM11_neg:834,Invar,1
Foster_2024.SMM11_neg:838,Invar,1
Foster_2024.SMM11_neg:863,Invar,1
Foster_2024.SMM11_neg:968,Invar,1
Foster_2024.SMM11_neg:1043,Invar,1
Foster_2024.SMM11_neg:1096,Invar,1
Foster_2024.SMM11_neg:1098,Invar,1
Foster_2024.SMM11_neg:1345,Invar,1
Foster_2024.SMM11_neg:1398,Invar,1
Foster_2024.SMM11_neg:1417,Invar,0
Foster_2024.SMM11_neg:1463,Invar,1
Foster_2024.SMM11_neg:1476,Invar,1
Foster_2024.SMM11_neg:1498,Invar,0
Foster_2024.SMM11_neg:1603,Invar,1
Foster_2024.SMM11_neg:1689,Invar,1
Foster_2024.SMM11_neg:1752,Invar,1
Foster_2024.SMM11_neg:1778,Invar,1
Foster_2024.SMM11_neg:1889,Invar,1
Foster_2024.SMM11_neg:1904,Invar,1
Foster_2024.SMM11_neg:1946,Invar,1
Foster_2024.SMM11_neg:2412,Invar,1
Foster_2024.SMM11_neg:2475,Invar,3
Foster_2024.SMM11_neg:2650,Invar,0
Foster_2024.SMM11_neg:2654,Invar,1
Foster_2024.SMM11_neg:2665,Invar,1
Foster_2024.SMM11_neg:2686,Invar,2
Foster_2024.SMM11_neg:2702,Invar,1
Foster_2024.SMM11_neg:2837,Invar,0
Foster_2024.SMM11_neg:3098,Invar,1
Foster_2024.SMM11_neg:3130,Invar,1
Foster_2024.SMM11_neg:3150,Invar,1
Foster_2024.SMM11_neg:3174,Invar,1
Foster_2024.SMM11_neg:3249,Invar,1
Foster_2024.SMM11_neg:3263,Invar,0
Foster_2024.SMM11_neg:3284,Invar,1
Foster_2024.SMM11_neg:3358,Invar,1
Foster_2024.SMM11_neg:3419,Invar,1
Foster_2024.SMM11_neg:3583,Invar,1
Foster_2024.SMM11_neg:3641,Invar,1
Foster_2024.SMM11_neg:3785,Invar,1
Foster_2024.SMM11_neg:3840,Invar,1
Foster_2024.SMM11_neg:3852,Invar,1
Foster_2024.SMM11_neg:3955,Invar,1
Foster_2024.SMM11_neg:4044,Invar,1
Foster_2024.SMM11_neg:4051,Invar,1
Foster_2024.SMM11_neg:4087,Invar,1
Foster_2024.SMM11_neg:4260,Invar,1
Foster_2024.SMM11_neg:4529,Invar,1
Foster_2024.SMM11_neg:4666,Invar,1
Foster_2024.SMM11_neg:4753,Invar,0
Foster_2024.SMM11_neg:4812,Invar,1
Foster_2024.SMM10_pos:1,Invar,0
Foster_2024.SMM10_pos:68,Invar,0
Foster_2024.SMM10_pos:92,Invar,0
Foster_2024.SMM10_pos:99,Invar,0
Foster_2024.SMM10_pos:131,Invar,0
Foster_2024.SMM10_pos:196,Invar,0
Foster_2024.SMM10_pos:199,Invar,0
Foster_2024.SMM10_pos:260,Invar,0
Foster_2024.SMM10_pos:304,Invar,0
Foster_2024.SMM10_pos:331,Invar,1
Foster_2024.SMM10_pos:367,Invar,0
Foster_2024.SMM10_pos:388,Invar,0
Foster_2024.SMM10_pos:405,Invar,0
Foster_2024.SMM10_pos:429,Invar,1
Foster_2024.SMM10_pos:434,Invar,1
Foster_2024.SMM10_pos:463,Invar,0
Foster_2024.SMM10_pos:482,Invar,1
Foster_2024.SMM10_pos:568,Invar,1
Foster_2024.SMM10_pos:575,Invar,1
Foster_2024.SMM10_pos:578,Invar,1
Foster_2024.SMM10_pos:586,Invar,0
Foster_2024.SMM10_pos:616,Invar,1
Foster_2024.SMM10_pos:692,Invar,0
Foster_2024.SMM10_pos:707,Invar,1
Foster_2024.SMM10_pos:740,Invar,0
Foster_2024.SMM10_pos:764,Invar,0
Foster_2024.SMM10_pos:831,Invar,0
Foster_2024.SMM10_pos:866,Invar,1
Foster_2024.SMM10_pos:876,Invar,0
Foster_2024.SMM10_pos:893,Invar,0
Foster_2024.SMM10_pos:919,Invar,1
Foster_2024.SMM10_pos:920,Invar,0
Foster_2024.SMM10_pos:923,Invar,1
Foster_2024.SMM10_pos:959,Invar,3
Foster_2024.SMM10_pos:996,Invar,0
Foster_2024.SMM10_pos:1000,Invar,1
Foster_2024.SMM10_pos:1016,Invar,1
Foster_2024.SMM10_pos:1020,Invar,0
Foster_2024.SMM10_pos:1036,Invar,0
Foster_2024.SMM10_pos:1064,Invar,1
Foster_2024.SMM10_pos:1101,Invar,1
Foster_2024.SMM10_pos:1112,Invar,0
Foster_2024.SMM10_pos:1116,Invar,0
Foster_2024.SMM10_pos:1133,Invar,1
Foster_2024.SMM10_pos:1154,Invar,1
Foster_2024.SMM10_pos:1238,Invar,0
Foster_2024.SMM10_pos:1355,Invar,0
Foster_2024.SMM10_pos:1413,Invar,3
Foster_2024.SMM10_pos:1471,Invar,0
Foster_2024.SMM10_pos:1476,Invar,0
Foster_2024.SMM10_pos:1508,Invar,0
Foster_2024.SMM10_pos:1533,Invar,0
Foster_2024.SMM10_pos:1565,Invar,1
Foster_2024.SMM10_pos:1569,Invar,1
Foster_2024.SMM10_pos:1574,Invar,0
Foster_2024.SMM10_pos:1576,Invar,0
Foster_2024.SMM10_pos:1581,Invar,1
Foster_2024.SMM10_pos:1623,Invar,1
Foster_2024.SMM10_pos:1684,Invar,0
Foster_2024.SMM10_pos:1752,Invar,0
Foster_2024.SMM10_pos:1762,Invar,1
Foster_2024.SMM10_pos:1771,Invar,1
Foster_2024.SMM10_pos:1818,Invar,0
Foster_2024.SMM10_pos:1945,Invar,0
Foster_2024.SMM10_pos:1949,Invar,1
Foster_2024.SMM10_pos:1983,Invar,0
Foster_2024.SMM10_pos:1986,Invar,1
Foster_2024.SMM10_pos:2010,Invar,0
Foster_2024.SMM10_pos:2017,Invar,1
Foster_2024.SMM10_pos:2033,Invar,1
Foster_2024.SMM10_pos:2034,Invar,0
Foster_2024.SMM10_pos:2055,Invar,0
Foster_2024.SMM10_pos:2157,Invar,1
Foster_2024.SMM10_pos:2268,Invar,0
Foster_2024.SMM10_pos:2294,Invar,1
Foster_2024.SMM10_pos:2303,Invar,1
Foster_2024.SMM10_pos:2315,Invar,1
Foster_2024.SMM10_pos:2417,Invar,0
Foster_2024.SMM2_neg:17,Invar,1
Foster_2024.SMM2_neg:29,Invar,1
Foster_2024.SMM2_neg:43,Invar,1
Foster_2024.SMM2_neg:69,Invar,3
Foster_2024.SMM2_neg:86,Invar,0
Foster_2024.SMM2_neg:88,Invar,1
Foster_2024.SMM2_neg:99,Invar,1
Foster_2024.SMM2_neg:111,Invar,1
Foster_2024.SMM2_neg:135,Invar,1
Foster_2024.SMM2_neg:172,Invar,1
Foster_2024.SMM2_neg:182,Invar,1
Foster_2024.SMM2_neg:184,Invar,1
Foster_2024.SMM2_neg:200,Invar,1
Foster_2024.SMM2_neg:214,Invar,1
Foster_2024.SMM2_neg:216,Invar,1
Foster_2024.SMM2_neg:229,Invar,1
Foster_2024.SMM2_neg:279,Invar,1
Foster_2024.SMM2_neg:284,Invar,0
Foster_2024.SMM2_neg:300,Invar,1
Foster_2024.SMM2_neg:337,Invar,1
Foster_2024.SMM2_neg:394,Invar,1
Foster_2024.SMM2_neg:398,Invar,1
Foster_2024.SMM2_neg:423,Invar,1
Foster_2024.SMM2_neg:485,Invar,0
Foster_2024.SMM2_neg:493,Invar,1
Foster_2024.SMM2_neg:496,Invar,0
Foster_2024.SMM2_neg:504,Invar,1
Foster_2024.SMM2_neg:527,Invar,1
Foster_2024.SMM2_neg:559,Invar,1
Foster_2024.SMM2_neg:585,Invar,1
Foster_2024.SMM2_neg:613,Invar,1
Foster_2024.SMM2_neg:620,Invar,0
Foster_2024.SMM2_neg:623,Invar,1
Foster_2024.SMM2_neg:660,Invar,1
Foster_2024.SMM2_neg:661,Invar,0
Foster_2024.SMM2_neg:723,Invar,1
Foster_2024.SMM2_neg:738,Invar,1
Foster_2024.SMM2_neg:748,Invar,0
Foster_2024.SMM2_neg:769,Invar,0
Foster_2024.SMM2_neg:787,Invar,1
Foster_2024.SMM2_neg:795,Invar,1
Foster_2024.SMM2_neg:796,Invar,2
Foster_2024.SMM2_neg:828,Invar,1
Foster_2024.SMM2_neg:866,Invar,1
Foster_2024.SMM2_neg:889,Invar,1
Foster_2024.SMM2_neg:903,Invar,1
Foster_2024.SMM2_neg:904,Invar,1
Foster_2024.SMM2_neg:943,Invar,1
Foster_2024.SMM2_neg:957,Invar,1
Foster_2024.SMM2_neg:1035,Invar,1
Foster_2024.SMM2_neg:1049,Invar,1
Foster_2024.SMM2_neg:1072,Invar,1
Foster_2024.SMM2_neg:1123,Invar,1
Foster_2024.SMM2_neg:1131,Invar,1
Foster_2024.SMM2_neg:1209,Invar,1
Foster_2024.SMM2_neg:1306,Invar,1
Foster_2024.SMM2_neg:1323,Invar,1
Foster_2024.SMM2_neg:1347,Invar,1
Foster_2024.SMM2_neg:1356,Invar,1
Foster_2024.SMM2_neg:1415,Invar,1
Foster_2024.SMM2_neg:1426,Invar,1
Foster_2024.SMM2_neg:1506,Invar,1
Foster_2024.SMM2_neg:1515,Invar,0
Foster_2024.SMM2_neg:1522,Invar,0
Foster_2024.SMM2_neg:1527,Invar,1
Foster_2024.SMM2_neg:1585,Invar,1
Foster_2024.SMM2_neg:1604,Invar,0
Foster_2024.SMM2_neg:1624,Invar,1
Foster_2024.SMM2_neg:1664,Invar,1
Foster_2024.SMM2_neg:1704,Invar,1
Foster_2024.SMM2_neg:1717,Invar,0
Foster_2024.SMM2_neg:1730,Invar,1
Foster_2024.SMM2_neg:1739,Invar,0
Foster_2024.SMM2_neg:1752,Invar,1
Foster_2024.SMM2_neg:1759,Invar,1
Foster_2024.SMM2_neg:1760,Invar,1
Foster_2024.SMM2_neg:1843,Invar,1
Foster_2024.SMM2_neg:1853,Invar,1
Foster_2024.SMM2_neg:1931,Invar,1
Foster_2024.SMM2_neg:1942,Invar,1
Foster_2024.SMM2_neg:1973,Invar,1
Foster_2024.SMM2_neg:1975,Invar,1
Foster_2024.SMM2_neg:1983,Invar,0
Foster_2024.SMM2_neg:1989,Invar,1
Foster_2024.SMM2_neg:2014,Invar,1
Foster_2024.SMM2_neg:2021,Invar,1
Foster_2024.SMM2_neg:2026,Invar,1
Foster_2024.SMM2_neg:2027,Invar,1
Foster_2024.SMM2_neg:2053,Invar,0
Foster_2024.SMM2_neg:2087,Invar,1
Foster_2024.SMM2_neg:2093,Invar,1
Foster_2024.SMM2_neg:2106,Invar,1
Foster_2024.SMM2_neg:2127,Invar,1
Foster_2024.SMM2_neg:2150,Invar,3
Foster_2024.SMM2_neg:2163,Invar,0
Foster_2024.SMM2_neg:2270,Invar,1
Foster_2024.SMM2_neg:2297,Invar,1
Foster_2024.SMM2_neg:2308,Invar,1
Foster_2024.SMM2_neg:2316,Invar,3
Foster_2024.SMM2_neg:2326,Invar,1
Foster_2024.SMM2_neg:2331,Invar,1
Foster_2024.SMM2_neg:2347,Invar,1
Foster_2024.SMM2_neg:2365,Invar,1
Foster_2024.SMM2_neg:2382,Invar,0
Foster_2024.SMM2_neg:2405,Invar,1
Foster_2024.SMM2_neg:2422,Invar,1
Foster_2024.SMM2_neg:2455,Invar,1
Foster_2024.SMM2_neg:2519,Invar,0
Foster_2024.SMM2_neg:2539,Invar,1
Foster_2024.SMM2_neg:2551,Invar,1
Foster_2024.SMM2_neg:2605,Invar,0
Foster_2024.SMM2_neg:2616,Invar,1
Foster_2024.SMM2_neg:2650,Invar,0
Foster_2024.SMM2_neg:2656,Invar,1
Foster_2024.SMM2_neg:2672,Invar,1
Foster_2024.SMM2_neg:2699,Invar,1
Foster_2024.SMM2_neg:2726,Invar,1
Foster_2024.SMM2_neg:2745,Invar,3
Foster_2024.SMM2_neg:2749,Invar,1
Foster_2024.SMM2_neg:2812,Invar,1
Foster_2024.SMM2_neg:2826,Invar,1
Foster_2024.SMM2_neg:2832,Invar,1
Foster_2024.SMM2_neg:2902,Invar,1
Foster_2024.SMM2_neg:2909,Invar,1
Foster_2024.SMM2_neg:2948,Invar,0
Foster_2024.SMM2_neg:2951,Invar,1
Foster_2024.SMM2_neg:2961,Invar,1
Foster_2024.SMM2_neg:2968,Invar,1
Foster_2024.SMM2_neg:2991,Invar,1
Foster_2024.SMM2_neg:3000,Invar,0
Foster_2024.SMM2_neg:3058,Invar,1
Foster_2024.SMM2_neg:3061,Invar,3
Foster_2024.SMM2_neg:3066,Invar,3
Foster_2024.SMM2_neg:3077,Invar,3
Foster_2024.SMM2_neg:3108,Invar,1
Foster_2024.SMM2_neg:3133,Invar,1
Foster_2024.SMM2_neg:3138,Invar,1
Foster_2024.SMM2_neg:3157,Invar,1
Foster_2024.SMM2_neg:3173,Invar,1
Foster_2024.SMM2_neg:3204,Invar,3
Foster_2024.SMM2_neg:3227,Invar,3
Foster_2024.SMM2_neg:3233,Invar,1
Foster_2024.SMM2_neg:3287,Invar,1
Foster_2024.SMM2_neg:3301,Invar,1
Foster_2024.SMM2_neg:3343,Invar,1
Foster_2024.SMM2_neg:3346,Invar,1
Foster_2024.SMM2_neg:3350,Invar,1
Foster_2024.SMM2_neg:3386,Invar,1
Foster_2024.SMM2_neg:3393,Invar,1
Foster_2024.SMM2_neg:3407,Invar,1
Foster_2024.SMM2_neg:3443,Invar,1
Foster_2024.SMM2_neg:3456,Invar,0
Foster_2024.SMM2_neg:3463,Invar,1
Foster_2024.SMM2_neg:3464,Invar,1
Foster_2024.SMM2_neg:3474,Invar,1
Foster_2024.SMM2_neg:3508,Invar,1
Foster_2024.SMM2_neg:3515,Invar,1
Foster_2024.SMM2_neg:3554,Invar,1
Foster_2024.SMM1_pos:193,Invar,0
Foster_2024.SMM1_pos:228,Invar,1
Foster_2024.SMM1_pos:374,Invar,1
Foster_2024.SMM1_pos:523,Invar,0
Foster_2024.SMM1_pos:542,Invar,0
Foster_2024.SMM1_pos:546,Invar,0
Foster_2024.SMM1_pos:567,Invar,0
Foster_2024.SMM1_pos:783,Invar,2
Foster_2024.SMM1_pos:795,Invar,0
Foster_2024.SMM1_pos:952,Invar,0
Foster_2024.SMM1_pos:983,Invar,0
Foster_2024.SMM1_pos:993,Invar,0
Foster_2024.SMM1_pos:1218,Invar,0
Foster_2024.SMM1_pos:1287,Invar,0
Foster_2024.SMM1_pos:1411,Invar,0
Foster_2024.SMM1_pos:1414,Invar,0
Foster_2024.SMM1_pos:1897,Invar,0
Foster_2024.SMM1_pos:2137,Invar,0
Foster_2024.SMM1_pos:2227,Invar,0
Foster_2024.SMM1_pos:2244,Invar,0
Foster_2024.SMM1_pos:2252,Invar,0
Foster_2024.SMM1_pos:2275,Invar,0
Foster_2024.SMM1_pos:2506,Invar,0
Foster_2024.SMM1_pos:2888,Invar,0
Foster_2024.SMM1_pos:3095,Invar,0
Foster_2024.SMM1_pos:3107,Invar,3
Foster_2024.SMM1_pos:3323,Invar,0
Foster_2024.SMM1_pos:3333,Invar,0
Foster_2024.SMM1_pos:3541,Invar,0
Foster_2024.SMM1_pos:3850,Invar,0
Foster_2024.SMM1_pos:3914,Invar,0
Foster_2024.SMM1_pos:4010,Invar,0
Foster_2024.SMM1_pos:4016,Invar,0
Foster_2024.SMM1_pos:4243,Invar,0
Foster_2024.SMM1_pos:4356,Invar,1
Foster_2024.SMM1_pos:4396,Invar,0
Foster_2024.SMM1_pos:4560,Invar,0
Foster_2024.SMM1_pos:4566,Invar,1
Foster_2024.SMM1_pos:4612,Invar,1
Foster_2024.SMM1_pos:4752,Invar,0
Foster_2024.SMM1_pos:4968,Invar,0
Foster_2024.SMM1_pos:5299,Invar,0
Foster_2024.SMM1_pos:5392,Invar,0
Foster_2024.SMM1_pos:5400,Invar,0
Foster_2024.SMM1_pos:5461,Invar,0
Foster_2024.SMM1_pos:5534,Invar,0
Foster_2024.SMM1_pos:5556,Invar,0
Foster_2024.SMM1_pos:5577,Invar,0
Foster_2024.SMM1_pos:5691,Invar,0
Foster_2024.SMM1_pos:5812,Invar,0
Foster_2024.SMM1_pos:6005,Invar,0
Foster_2024.SMM1_pos:6071,Invar,0
Foster_2024.SMM1_pos:6165,Invar,0
Foster_2024.SMM1_pos:6217,Invar,0
Foster_2024.SMM1_pos:6339,Invar,0
Foster_2024.SMM1_pos:6363,Invar,0
Foster_2024.SMM1_pos:6569,Invar,0
Foster_2024.SMM1_pos:6664,Invar,0
Foster_2024.SMM1_pos:6715,Invar,0
Foster_2024.SMM1_pos:6807,Invar,0
Foster_2024.SMM1_pos:6828,Invar,0
Foster_2024.SMM1_pos:6880,Invar,0
Foster_2024.SMM1_pos:6914,Invar,0
Foster_2024.SMM1_pos:6958,Invar,0
Foster_2024.SMM1_pos:6997,Invar,0
Foster_2024.SMM1_pos:7104,Invar,0
Foster_2024.SMM1_pos:7264,Invar,0
Foster_2024.SMM1_pos:7507,Invar,1
Foster_2024.SMM1_pos:7556,Invar,1
Foster_2024.SMM1_pos:7603,Invar,0
Foster_2024.SMM1_pos:7654,Invar,0
Foster_2024.SMM1_pos:7786,Invar,0
Foster_2024.SMM1_pos:7928,Invar,0
Foster_2024.SMM1_pos:8346,Invar,0
Foster_2024.SMM1_pos:8365,Invar,0
Foster_2024.SMM1_pos:8372,Invar,0
Foster_2024.SMM1_pos:8448,Invar,0
Foster_2024.SMM1_pos:8487,Invar,0
Foster_2024.SMM1_pos:8506,Invar,1
Foster_2024.SMM1_pos:8600,Invar,0
Foster_2024.SMM1_pos:8767,Invar,0
Foster_2024.SMM1_pos:8903,Invar,0
Foster_2024.SMM1_pos:8938,Invar,0
Foster_2024.SMM1_pos:9019,Invar,0
Foster_2024.SMM1_pos:9090,Invar,0
Foster_2024.SMM1_pos:9198,Invar,1
Foster_2024.SMM1_pos:9424,Invar,1
Foster_2024.SMM1_pos:9457,Invar,0
Foster_2024.SMM1_pos:9467,Invar,0
Foster_2024.SMM1_pos:9820,Invar,0
Foster_2024.SMM1_pos:9848,Invar,0
Foster_2024.SMM1_pos:9874,Invar,0
Foster_2024.SMM1_pos:9909,Invar,0
Foster_2024.SMM1_pos:9983,Invar,0
Foster_2024.SMM1_pos:10284,Invar,0
Foster_2024.SMM1_pos:10393,Invar,1
Foster_2024.SMM1_pos:10413,Invar,1
Foster_2024.SMM1_pos:10436,Invar,0
Foster_2024.SMM1_pos:10537,Invar,0
Foster_2024.SMM1_pos:10865,Invar,1
Foster_2024.SMM1_pos:10876,Invar,0
Foster_2024.SMM1_pos:11072,Invar,0
Foster_2024.SMM1_pos:11294,Invar,0
Foster_2024.SMM1_pos:11358,Invar,0
Foster_2024.SMM1_neg:97,Invar,0
Foster_2024.SMM1_neg:533,Invar,0
Foster_2024.SMM1_neg:698,Invar,0
Foster_2024.SMM1_neg:723,Invar,0
Foster_2024.SMM1_neg:1303,Invar,0
Foster_2024.SMM1_neg:2211,Invar,0
Foster_2024.SMM1_neg:2454,Invar,0
Foster_2024.SMM1_neg:2455,Invar,0
Foster_2024.SMM1_neg:2814,Invar,0
Foster_2024.SMM1_neg:2942,Invar,1
Foster_2024.SMM1_neg:2953,Invar,0
Foster_2024.SMM1_neg:3017,Invar,1
Foster_2024.SMM1_neg:3151,Invar,0
Foster_2024.SMM1_neg:3519,Invar,0
Foster_2024.SMM1_neg:3748,Invar,0
Foster_2024.SMM1_neg:3810,Invar,0
Foster_2024.SMM1_neg:4258,Invar,0
Foster_2024.SMM1_neg:4475,Invar,0
Foster_2024.SMM1_neg:4530,Invar,0
Foster_2024.SMM1_neg:4746,Invar,0
Foster_2024.SMM1_neg:5026,Invar,0
Foster_2024.SMM1_neg:5064,Invar,0
Foster_2024.SMM1_neg:5162,Invar,0
Foster_2024.SMM1_neg:5179,Invar,0
Foster_2024.SMM1_neg:5210,Invar,0
Foster_2024.SMM1_neg:5327,Invar,0
Foster_2024.SMM1_neg:5354,Invar,0
Foster_2024.SMM1_neg:5470,Invar,0
Foster_2024.SMM1_neg:5946,Invar,0
Foster_2024.SMM1_neg:6222,Invar,0
Foster_2024.SMM1_neg:6795,Invar,0
Foster_2024.SMM1_neg:7100,Invar,0
Foster_2024.SMM1_neg:7629,Invar,0
Foster_2024.SMM1_neg:8143,Invar,0
Foster_2024.SMM1_neg:8580,Invar,0
Foster_2024.SMM1_neg:8593,Invar,0
Foster_2024.SMM2_pos:34,Invar,1
Foster_2024.SMM2_pos:57,Invar,1
Foster_2024.SMM2_pos:181,Invar,1
Foster_2024.SMM2_pos:206,Invar,1
Foster_2024.SMM2_pos:407,Invar,0
Foster_2024.SMM2_pos:411,Invar,1
Foster_2024.SMM2_pos:437,Invar,0
Foster_2024.SMM2_pos:453,Invar,0
Foster_2024.SMM2_pos:462,Invar,0
Foster_2024.SMM2_pos:479,Invar,0
Foster_2024.SMM2_pos:565,Invar,1
Foster_2024.SMM2_pos:573,Invar,1
Foster_2024.SMM2_pos:631,Invar,1
Foster_2024.SMM2_pos:674,Invar,1
Foster_2024.SMM2_pos:679,Invar,0
Foster_2024.SMM2_pos:690,Invar,1
Foster_2024.SMM2_pos:694,Invar,0
Foster_2024.SMM2_pos:779,Invar,1
Foster_2024.SMM2_pos:781,Invar,0
Foster_2024.SMM2_pos:791,Invar,0
Foster_2024.SMM2_pos:818,Invar,0
Foster_2024.SMM2_pos:906,Invar,0
Foster_2024.SMM2_pos:953,Invar,0
Foster_2024.SMM2_pos:1063,Invar,0
Foster_2024.SMM2_pos:1100,Invar,0
Foster_2024.SMM2_pos:1124,Invar,1
Foster_2024.SMM2_pos:1135,Invar,1
Foster_2024.SMM2_pos:1145,Invar,0
Foster_2024.SMM2_pos:1226,Invar,1
Foster_2024.SMM2_pos:1239,Invar,0
Foster_2024.SMM2_pos:1283,Invar,2
Foster_2024.SMM2_pos:1383,Invar,0
Foster_2024.SMM2_pos:1388,Invar,0
Foster_2024.SMM2_pos:1420,Invar,0
Foster_2024.SMM2_pos:1470,Invar,0
Foster_2024.SMM2_pos:1527,Invar,0
Foster_2024.SMM2_pos:1680,Invar,0
Foster_2024.SMM2_pos:1735,Invar,1
Foster_2024.SMM2_pos:1737,Invar,0
Foster_2024.SMM2_pos:1767,Invar,0
Foster_2024.SMM2_pos:1805,Invar,0
Foster_2024.SMM2_pos:1818,Invar,1
Foster_2024.SMM2_pos:1846,Invar,0
Foster_2024.SMM2_pos:1884,Invar,1
Foster_2024.SMM2_pos:1968,Invar,0
Foster_2024.SMM2_pos:2043,Invar,1
Foster_2024.SMM2_pos:2119,Invar,1
Foster_2024.SMM2_pos:2252,Invar,1
Foster_2024.SMM2_pos:2338,Invar,1
Foster_2024.SMM2_pos:2345,Invar,0
Foster_2024.SMM2_pos:2369,Invar,1
Foster_2024.SMM2_pos:2412,Invar,1
Foster_2024.SMM2_pos:2539,Invar,1
Foster_2024.SMM2_pos:2612,Invar,0
Foster_2024.SMM2_pos:2713,Invar,0
Foster_2024.SMM2_pos:2893,Invar,0
Foster_2024.SMM2_pos:2969,Invar,1
Foster_2024.SMM2_pos:2970,Invar,0
Foster_2024.SMM2_pos:3008,Invar,0
Foster_2024.SMM2_pos:3098,Invar,1
Foster_2024.SMM2_pos:3116,Invar,1
Foster_2024.SMM2_pos:3133,Invar,0
Foster_2024.SMM2_pos:3167,Invar,1
Foster_2024.SMM2_pos:3281,Invar,1
Foster_2024.SMM2_pos:3422,Invar,0
Foster_2024.SMM2_pos:3427,Invar,0
Foster_2024.SMM2_pos:3445,Invar,0
Foster_2024.SMM2_pos:3461,Invar,0
Foster_2024.SMM2_pos:3564,Invar,1
Foster_2024.SMM2_pos:3569,Invar,1
Foster_2024.SMM2_pos:3863,Invar,0
Foster_2024.SMM2_pos:3982,Invar,1
Foster_2024.SMM2_pos:3985,Invar,1
Foster_2024.SMM2_pos:4052,Invar,1
Foster_2024.SMM2_pos:4158,Invar,0
Foster_2024.SMM2_pos:4180,Invar,1
Foster_2024.SMM2_pos:4385,Invar,0
Foster_2024.SMM2_pos:4408,Invar,1
Foster_2024.SMM2_pos:4560,Invar,0
Foster_2024.SMM2_pos:4656,Invar,1
Foster_2024.SMM2_pos:4721,Invar,0
Foster_2024.SMM2_pos:4729,Invar,1
Foster_2024.SMM2_pos:4741,Invar,0
Foster_2024.SMM2_pos:4791,Invar,1
Foster_2024.SMM2_pos:4820,Invar,1
Foster_2024.SMM2_pos:4848,Invar,1
Foster_2024.SMM2_pos:4945,Invar,0
Foster_2024.SMM2_pos:5022,Invar,1
Foster_2024.SMM2_pos:5149,Invar,1
Foster_2024.SMM2_pos:5167,Invar,0
Foster_2024.SMM2_pos:5173,Invar,1
Foster_2024.SMM2_pos:5196,Invar,0
Foster_2024.SMM2_pos:5234,Invar,1
Foster_2024.SMM2_pos:5385,Invar,0
Foster_2024.SMM2_pos:5447,Invar,1
Foster_2024.SMM2_pos:5775,Invar,0
Foster_2024.SMM2_pos:5866,Invar,1
Foster_2024.SMM2_pos:5876,Invar,0
Foster_2024.SMM2_pos:5929,Invar,1
Foster_2024.SMM2_pos:6231,Invar,1
Foster_2024.SMM2_pos:6241,Invar,0
Foster_2024.SMM2_pos:6256,Invar,0
Foster_2024.SMM2_pos:6399,Invar,0
Foster_2024.SMM2_pos:6422,Invar,1
Foster_2024.SMM2_pos:6456,Invar,0
Foster_2024.SMM2_pos:6460,Invar,1
Foster_2024.SMM2_pos:6474,Invar,0
Foster_2024.SMM2_pos:6516,Invar,0
Foster_2024.SMM10_neg:155,Invar,1
Foster_2024.SMM10_neg:167,Invar,1
Foster_2024.SMM10_neg:275,Invar,1
Foster_2024.SMM10_neg:379,Invar,0
Foster_2024.SMM10_neg:650,Invar,2
Foster_2024.SMM10_neg:678,Invar,0
Foster_2024.SMM10_neg:755,Invar,1
Foster_2024.SMM10_neg:764,Invar,1
Foster_2024.SMM10_neg:801,Invar,0
Foster_2024.SMM10_neg:912,Invar,1
Foster_2024.SMM10_neg:1038,Invar,1
Foster_2024.SMM10_neg:1058,Invar,2
Foster_2024.SMM10_neg:1071,Invar,1
Foster_2024.SMM10_neg:1239,Invar,0
Foster_2024.SMM10_neg:1254,Invar,0
Foster_2024.SMM10_neg:1346,Invar,1
Foster_2024.SMM10_neg:1428,Invar,0
Foster_2024.SMM10_neg:1506,Invar,1
Foster_2024.SMM10_neg:1535,Invar,1
Foster_2024.SMM10_neg:1541,Invar,3
Foster_2024.SMM10_neg:1568,Invar,1
Foster_2024.SMM10_neg:1798,Invar,0
Foster_2024.SMM10_neg:1916,Invar,0
Foster_2024.SMM10_neg:1952,Invar,0
Foster_2024.SMM10_neg:1968,Invar,1
Foster_2024.SMM10_neg:2200,Invar,1
Foster_2024.SMM10_neg:2309,Invar,1
Foster_2024.SMM10_neg:2463,Invar,0
Foster_2024.SMM10_neg:2497,Invar,0
Foster_2024.SMM10_neg:2582,Invar,1
Foster_2024.SMM10_neg:2765,Invar,1
Foster_2024.SMM10_neg:3004,Invar,0
Foster_2024.SMM10_neg:3150,Invar,1
Foster_2024.SMM10_neg:3173,Invar,1
Foster_2024.SMM10_neg:3265,Invar,1
Foster_2024.SMM10_neg:3268,Invar,3
Foster_2024.SMM10_neg:3349,Invar,0
Foster_2024.SMM10_neg:3409,Invar,1
Foster_2024.SMM10_neg:3457,Invar,1
Foster_2024.SMM10_neg:3466,Invar,1
Foster_2024.SMM10_neg:3936,Invar,1
Foster_2024.SMM10_neg:3941,Invar,3
Foster_2024.SMM10_neg:4010,Invar,0
Foster_2024.SMM10_neg:4028,Invar,0
Foster_2024.SMM10_neg:4330,Invar,1
Foster_2024.SMM10_neg:4331,Invar,0
Foster_2024.SMM10_neg:4373,Invar,1
Foster_2024.SMM10_neg:4430,Invar,0
Foster_2024.SMM10_neg:4491,Invar,1
Foster_2024.SMM10_neg:4578,Invar,1
Foster_2024.SMM10_neg:4660,Invar,1
Foster_2024.SMM10_neg:4661,Invar,1
Foster_2024.SMM10_neg:4671,Invar,0
Foster_2024.SMM10_neg:4696,Invar,1
Foster_2024.SMM10_neg:4725,Invar,1
Foster_2024.SMM10_neg:4863,Invar,0
Foster_2024.SMM10_neg:4915,Invar,1
Foster_2024.SMM10_neg:5023,Invar,0
Foster_2024.SMM11_pos:24,Invar,1
Foster_2024.SMM11_pos:49,Invar,1
Foster_2024.SMM11_pos:65,Invar,1
Foster_2024.SMM11_pos:77,Invar,1
Foster_2024.SMM11_pos:369,Invar,0
Foster_2024.SMM11_pos:370,Invar,0
Foster_2024.SMM11_pos:383,Invar,1
Foster_2024.SMM11_pos:417,Invar,1
Foster_2024.SMM11_pos:1031,Invar,1
Foster_2024.SMM11_pos:1071,Invar,1
Foster_2024.SMM11_pos:1251,Invar,1
Foster_2024.SMM11_pos:1272,Invar,1
Foster_2024.SMM11_pos:1297,Invar,1
Foster_2024.SMM11_pos:1385,Invar,1
Foster_2024.SMM11_pos:1446,Invar,1
Foster_2024.SMM11_pos:1472,Invar,1
Foster_2024.SMM11_pos:1519,Invar,1
Foster_2024.SMM11_pos:1532,Invar,1
Foster_2024.SMM11_pos:1641,Invar,0
Foster_2024.SMM11_pos:1657,Invar,1
Foster_2024.SMM11_pos:1721,Invar,1
Foster_2024.SMM11_pos:1809,Invar,1
Foster_2024.SMM11_pos:1841,Invar,1
Foster_2024.SMM11_pos:1863,Invar,1
Foster_2024.SMM11_pos:1886,Invar,1
Foster_2024.SMM11_pos:1902,Invar,0
Foster_2024.SMM11_pos:1906,Invar,1
Foster_2024.SMM11_pos:2044,Invar,1
Foster_2024.SMM11_pos:2051,Invar,1
Foster_2024.SMM11_pos:2077,Invar,1
Foster_2024.SMM11_pos:2086,Invar,1
Foster_2024.SMM11_pos:2324,Invar,1
Foster_2024.SMM11_pos:2388,Invar,1
Foster_2024.SMM11_pos:2424,Invar,0
Foster_2024.SMM11_pos:2605,Invar,1
Foster_2024.SMM11_pos:2634,Invar,1
Foster_2024.SMM11_pos:2648,Invar,1
Foster_2024.SMM11_pos:2854,Invar,1
Foster_2024.SMM11_pos:2967,Invar,1
Foster_2024.SMM11_pos:3118,Invar,1
Foster_2024.SMM11_pos:3327,Invar,1
Foster_2024.SMM11_pos:3572,Invar,1
Foster_2024.SMM11_pos:3631,Invar,1
Foster_2024.SMM11_pos:3638,Invar,1
Foster_2024.SMM11_pos:3702,Invar,1
Foster_2024.SMM11_pos:3755,Invar,1
Foster_2024.SMM11_pos:3776,Invar,1
Foster_2024.SMM11_pos:3864,Invar,0
Foster_2024.SMM11_pos:3906,Invar,1
Foster_2024.SMM11_pos:3933,Invar,1
Foster_2024.SMM11_pos:3972,Invar,1
Foster_2024.SMM11_pos:4081,Invar,1
Foster_2024.SMM11_pos:4165,Invar,1
Foster_2024.SMM11_pos:4243,Invar,1
Foster_2024.SMM11_pos:4259,Invar,0
Foster_2024.SMM11_pos:4278,Invar,1
Foster_2024.SMM11_pos:4279,Invar,1
Foster_2024.SMM11_pos:4353,Invar,1
Foster_2024.SMM11_pos:4408,Invar,0
Foster_2024.SMM11_pos:4549,Invar,1
Foster_2024.SMM11_pos:4619,Invar,1
Foster_2024.SMM11_pos:4640,Invar,1
Foster_2024.SMM11_pos:4667,Invar,1
Foster_2024.SMM11_pos:4682,Invar,1
Foster_2024.SMM11_pos:4722,Invar,1
Foster_2024.SMM11_pos:4893,Invar,1
Foster_2024.SMM11_pos:4905,Invar,1
Foster_2024.SMM11_pos:4913,Invar,1
Foster_2024.SMM11_pos:4972,Invar,0
Foster_2024.SMM11_pos:5002,Invar,0
Foster_2024.SMM11_pos:5299,Invar,1
Foster_2024.SMM11_pos:5489,Invar,1
Foster_2024.SMM11_pos:5492,Invar,1
Foster_2024.SMM11_pos:5586,Invar,1
Foster_2024.SMM11_pos:5651,Invar,1
Foster_2024.SMM11_pos:5697,Invar,3
Foster_2024.SMM11_pos:5746,Invar,1
Foster_2024.SMM11_pos:5759,Invar,1
Foster_2024.SMM11_pos:5797,Invar,1
Foster_2024.SMM11_pos:5856,Invar,1
Foster_2024.SMM11_pos:5894,Invar,1
Foster_2024.SMM11_pos:5928,Invar,1
Foster_2024.SMM11_pos:5979,Invar,1
Foster_2024.SMM11_pos:6093,Invar,1
Foster_2024.SMM11_pos:6155,Invar,1
Foster_2024.SMM11_pos:6215,Invar,1
Foster_2024.SMM11_pos:6248,Invar,1
Foster_2024.SMM11_pos:6308,Invar,1
Foster_2024.SMM11_pos:6344,Invar,3
Foster_2024.SMM11_pos:6354,Invar,1
Foster_2024.SMM11_pos:6358,Invar,1
Foster_2024.SMM11_pos:6449,Invar,1
Foster_2024.SMM11_pos:6535,Invar,1
Foster_2024.SMM11_pos:6707,Invar,0
Foster_2024.SMM11_pos:7000,Invar,1
Foster_2024.SMM11_pos:7039,Invar,0
Foster_2024.SMM11_pos:7106,Invar,1
Foster_2024.SMM11_pos:7124,Invar,1
Foster_2024.SMM11_pos:7235,Invar,1
Foster_2024.SMM11_pos:7271,Invar,3
Foster_2024.SMM11_pos:7321,Invar,1
Foster_2024.SMM11_pos:7348,Invar,1
Foster_2024.SMM11_pos:7380,Invar,1
Foster_2024.SMM11_pos:7406,Invar,1
Foster_2024.SMM11_pos:7408,Invar,1
Foster_2024.SMM11_pos:7486,Invar,1
Foster_2024.SMM11_pos:7561,Invar,1
Foster_2024.SMM11_pos:7771,Invar,0
Foster_2024.SMM11_pos:7786,Invar,1
Foster_2024.SMM11_pos:7792,Invar,1
Foster_2024.SMM11_pos:7827,Invar,1
Foster_2024.SMM11_pos:7889,Invar,1
Foster_2024.SMM11_pos:7980,Invar,1
Foster_2024.SMM11_pos:8114,Invar,1
Foster_2024.SMM11_pos:8120,Invar,1
Foster_2024.SMM11_pos:8137,Invar,1
Foster_2024.SMM11_pos:8166,Invar,1
Foster_2024.SMM11_pos:8175,Invar,0
Foster_2024.SMM11_pos:8243,Invar,1
Foster_2024.SMM11_pos:8270,Invar,1
Foster_2024.SMM11_pos:8273,Invar,0
Foster_2024.SMM11_pos:8310,Invar,0
Foster_2024.SMM11_pos:8325,Invar,1
Foster_2024.SMM11_pos:8560,Invar,1
Foster_2024.SMM11_pos:8563,Invar,1
Foster_2024.SMM11_pos:8687,Invar,1
Foster_2024.SMM11_pos:8698,Invar,0
Foster_2024.SMM11_pos:8752,Invar,1
Foster_2024.SMM11_pos:8763,Invar,1
Foster_2024.SMM11_pos:8824,Invar,1
Foster_2024.SMM11_pos:8856,Invar,0
Foster_2024.SMM11_pos:8868,Invar,1
Foster_2024.SMM11_pos:8898,Invar,1
Foster_2024.SMM11_pos:8941,Invar,0
Foster_2024.SMM11_pos:8977,Invar,0
Foster_2024.SMM11_pos:9087,Invar,1
Foster_2024.SMM11_pos:9135,Invar,1
Foster_2024.SMM11_pos:9137,Invar,1
Foster_2024.SMM11_pos:9199,Invar,0
Foster_2024.SMM11_pos:9225,Invar,1
Foster_2024.SMM11_pos:9317,Invar,1
Foster_2024.SMM11_pos:9370,Invar,1
Foster_2024.SMM11_pos:9373,Invar,1
Foster_2024.SMM11_pos:9394,Invar,1
Foster_2024.SMM11_pos:9400,Invar,1
Foster_2024.SMM11_pos:9402,Invar,0
Foster_2024.SMM11_pos:9415,Invar,1
Foster_2024.SMM11_pos:9429,Invar,1
Foster_2024.SMM11_pos:9489,Invar,0
Foster_2024.SMM11_pos:9508,Invar,1
Foster_2024.SMM11_pos:9517,Invar,1
Foster_2024.SMM11_pos:9547,Invar,1
Foster_2024.SMM11_pos:9557,Invar,1
Foster_2024.SMM11_pos:9752,Invar,1
Foster_2024.SMM11_pos:9782,Invar,1
Foster_2024.SMM11_pos:9879,Invar,1
Foster_2024.SMM11_pos:9893,Invar,1
Foster_2024.SMM11_pos:9908,Invar,1
Foster_2024.SMM11_pos:9990,Invar,1
Foster_2024.SMM11_pos:10074,Invar,1
Foster_2024.SMM11_pos:10085,Invar,1
Foster_2024.SMM11_pos:10086,Invar,0
Foster_2024.MM4_neg:103,Invar,0
Foster_2024.MM4_neg:262,Invar,0
Foster_2024.MM4_neg:678,Invar,0
Foster_2024.MM4_neg:1081,Invar,0
Foster_2024.MM4_neg:1384,Invar,0
Foster_2024.MM4_neg:1546,Invar,0
Foster_2024.MM4_neg:1983,Invar,0
Foster_2024.MM4_neg:2341,Invar,0
Foster_2024.MM4_neg:2549,Invar,0
Foster_2024.MM4_neg:2658,Invar,0
Foster_2024.MM4_neg:2780,Invar,0
Foster_2024.MM4_neg:2807,Invar,0
Foster_2024.MM4_neg:3633,Invar,0
Foster_2024.SMM14_neg:14,Invar,0
Foster_2024.SMM14_neg:53,Invar,0
Foster_2024.SMM14_neg:61,Invar,0
Foster_2024.SMM14_neg:212,Invar,1
Foster_2024.SMM14_neg:216,Invar,1
Foster_2024.SMM14_neg:293,Invar,1
Foster_2024.SMM14_neg:352,Invar,1
Foster_2024.SMM14_neg:404,Invar,0
Foster_2024.SMM14_neg:450,Invar,0
Foster_2024.SMM14_neg:474,Invar,0
Foster_2024.SMM14_neg:498,Invar,0
Foster_2024.SMM14_neg:753,Invar,0
Foster_2024.SMM14_neg:756,Invar,0
Foster_2024.SMM14_neg:783,Invar,0
Foster_2024.SMM14_neg:811,Invar,1
Foster_2024.SMM14_neg:957,Invar,1
Foster_2024.SMM14_neg:967,Invar,0
Foster_2024.SMM14_neg:1086,Invar,3
Foster_2024.SMM14_neg:1139,Invar,1
Foster_2024.SMM14_neg:1185,Invar,1
Foster_2024.SMM14_neg:1208,Invar,1
Foster_2024.SMM14_neg:1254,Invar,2
Foster_2024.SMM14_neg:1417,Invar,0
Foster_2024.SMM14_pos:110,Invar,0
Foster_2024.SMM14_pos:136,Invar,1
Foster_2024.SMM14_pos:165,Invar,0
Foster_2024.SMM14_pos:180,Invar,0
Foster_2024.SMM14_pos:222,Invar,1
Foster_2024.SMM14_pos:248,Invar,0
Foster_2024.SMM14_pos:353,Invar,0
Foster_2024.SMM14_pos:454,Invar,1
Foster_2024.SMM14_pos:534,Invar,0
Foster_2024.SMM14_pos:610,Invar,0
Foster_2024.SMM14_pos:719,Invar,1
Foster_2024.SMM14_pos:869,Invar,0
Foster_2024.SMM14_pos:872,Invar,0
Foster_2024.SMM14_pos:878,Invar,1
Foster_2024.SMM14_pos:881,Invar,1
Foster_2024.SMM14_pos:926,Invar,1
Foster_2024.SMM14_pos:928,Invar,0
Foster_2024.MM4_pos:69,Invar,1
Foster_2024.MM4_pos:118,Invar,0
Foster_2024.MM4_pos:131,Invar,0
Foster_2024.MM4_pos:146,Invar,0
Foster_2024.MM4_pos:188,Invar,0
Foster_2024.MM4_pos:375,Invar,1
Foster_2024.MM4_pos:477,Invar,0
Foster_2024.MM4_pos:591,Invar,0
Foster_2024.MM4_pos:656,Invar,0
Foster_2024.MM4_pos:659,Invar,0
Foster_2024.MM4_pos:917,Invar,0
Foster_2024.MM4_pos:949,Invar,0
Foster_2024.MM4_pos:995,Invar,0
Foster_2024.MM4_pos:1098,Invar,0
Foster_2024.MM4_pos:1223,Invar,0
Foster_2024.MM4_pos:1553,Invar,1
Foster_2024.MM4_pos:1753,Invar,0
Foster_2024.MM4_pos:1836,Invar,0
Foster_2024.MM4_pos:1951,Invar,0
Foster_2024.MM4_pos:2173,Invar,1
Foster_2024.MM4_pos:2301,Invar,0
Foster_2024.MM4_pos:2586,Invar,0
Foster_2024.MM4_pos:2597,Invar,0
Foster_2024.MM4_pos:3250,Invar,1
Foster_2024.MM4_pos:3567,Invar,0
Foster_2024.MM4_pos:3577,Invar,3
Foster_2024.MM4_pos:3660,Invar,1
Foster_2024.MM4_pos:4092,Invar,0
Foster_2024.MM4_pos:4094,Invar,0
Foster_2024.MM4_pos:4332,Invar,0
Foster_2024.MM4_pos:4346,Invar,1
Foster_2024.MM4_pos:4394,Invar,0
Foster_2024.MM4_pos:4405,Invar,0
Foster_2024.MM4_pos:4491,Invar,0
Foster_2024.MM4_pos:4546,Invar,1
Foster_2024.MM4_pos:4655,Invar,0
Foster_2024.MM4_pos:4782,Invar,0
Foster_2024.MM4_pos:5038,Invar,0
Foster_2024.MM4_pos:5111,Invar,1
Foster_2024.MM4_pos:5341,Invar,0
Foster_2024.MM4_pos:5353,Invar,0
Foster_2024.MM4_pos:5729,Invar,0
Foster_2024.MM4_pos:6033,Invar,1
Foster_2024.MM4_pos:6245,Invar,0
Foster_2024.MM4_pos:6431,Invar,0
Foster_2024.MM4_pos:6508,Invar,2
Foster_2024.MM4_pos:6570,Invar,0
Foster_2024.MM4_pos:6942,Invar,0
Foster_2024.MM4_pos:7150,Invar,0
Foster_2024.MM4_pos:7227,Invar,0
Foster_2024.MM4_pos:7297,Invar,0
Foster_2024.MM4_pos:7391,Invar,0
Foster_2024.MM4_pos:7694,Invar,1
Foster_2024.MM4_pos:7836,Invar,0
Foster_2024.MM4_pos:7975,Invar,1
Foster_2024.MM4_pos:8070,Invar,0
Foster_2024.MM4_pos:8148,Invar,0
Foster_2024.MM4_pos:8191,Invar,0
Foster_2024.MM4_pos:8232,Invar,1
Foster_2024.MM4_pos:8333,Invar,0
Foster_2024.MM4_pos:8596,Invar,0
Foster_2024.MM4_pos:8677,Invar,0
Foster_2024.MM4_pos:8779,Invar,0
Foster_2024.MM4_pos:8786,Invar,0
Foster_2024.MM4_pos:8839,Invar,0
Foster_2024.MM5_pos:35,Invar,1
Foster_2024.MM5_pos:262,Invar,2
Foster_2024.MM5_pos:286,Invar,0
Foster_2024.MM5_pos:417,Invar,3
Foster_2024.MM5_pos:465,Invar,0
Foster_2024.MM5_pos:535,Invar,0
Foster_2024.MM5_pos:583,Invar,0
Foster_2024.MM5_pos:841,Invar,0
Foster_2024.MM5_pos:1196,Invar,2
Foster_2024.MM5_pos:1259,Invar,2
Foster_2024.MM5_pos:1385,Invar,2
Foster_2024.MM5_pos:1467,Invar,2
Foster_2024.MM5_pos:1526,Invar,0
Foster_2024.MM5_pos:1556,Invar,0
Foster_2024.MM5_pos:1595,Invar,0
Foster_2024.MM5_pos:1685,Invar,0
Foster_2024.MM5_pos:1721,Invar,0
Foster_2024.MM5_pos:1861,Invar,2
Foster_2024.MM5_pos:1927,Invar,0
Foster_2024.MM5_pos:2611,Invar,2
Foster_2024.MM5_pos:2735,Invar,0
Foster_2024.MM5_pos:2985,Invar,0
Foster_2024.MM5_pos:3197,Invar,1
Foster_2024.MM5_pos:3292,Invar,0
Foster_2024.MM5_pos:3338,Invar,2
Foster_2024.MM5_pos:3512,Invar,1
Foster_2024.MM5_pos:3575,Invar,1
Foster_2024.MM5_pos:3604,Invar,3
Foster_2024.MM5_pos:3711,Invar,2
Foster_2024.MM5_pos:3778,Invar,3
Foster_2024.MM5_pos:3886,Invar,3
Foster_2024.MM5_pos:3982,Invar,0
Foster_2024.MM5_pos:4006,Invar,2
Foster_2024.MM5_pos:4165,Invar,1
Foster_2024.MM5_pos:4171,Invar,0
Foster_2024.MM5_pos:4319,Invar,2
Foster_2024.MM5_pos:4366,Invar,0
Foster_2024.MM5_pos:4465,Invar,1
Foster_2024.MM5_pos:4484,Invar,3
Foster_2024.MM5_pos:4702,Invar,0
Foster_2024.MM5_pos:4928,Invar,1
Foster_2024.MM5_pos:5064,Invar,3
Foster_2024.MM5_pos:5376,Invar,1
Foster_2024.MM5_pos:5385,Invar,3
Foster_2024.MM5_pos:5469,Invar,0
Foster_2024.MM5_pos:5575,Invar,0
Foster_2024.MM5_pos:5864,Invar,3
Foster_2024.MM5_pos:5956,Invar,2
Foster_2024.MM5_pos:6178,Invar,0
Foster_2024.MM5_pos:6282,Invar,0
Foster_2024.MM5_pos:6522,Invar,1
Foster_2024.MM5_pos:6568,Invar,0
Foster_2024.MM5_pos:6832,Invar,0
Foster_2024.MM5_pos:6836,Invar,3
Foster_2024.MM5_pos:6850,Invar,2
Foster_2024.MM5_pos:6899,Invar,0
Foster_2024.MM5_pos:6965,Invar,0
Foster_2024.MM5_pos:7091,Invar,1
Foster_2024.MM5_pos:7109,Invar,0
Foster_2024.MM5_pos:7675,Invar,2
Foster_2024.MM5_pos:7975,Invar,0
Foster_2024.MM5_pos:8029,Invar,2
Foster_2024.MM5_pos:8065,Invar,2
Foster_2024.MM5_pos:8183,Invar,2
Foster_2024.MM5_pos:8351,Invar,1
Foster_2024.MM5_pos:8382,Invar,1
Foster_2024.MM5_pos:8582,Invar,1
Foster_2024.MM5_pos:8734,Invar,0
Foster_2024.MM5_pos:8776,Invar,0
Foster_2024.MM5_pos:8800,Invar,2
Foster_2024.MM5_pos:9002,Invar,2
Foster_2024.MM5_pos:9221,Invar,0
Foster_2024.MM5_pos:10494,Invar,1
Foster_2024.MM5_pos:10702,Invar,0
Foster_2024.MM5_pos:10769,Invar,2
Foster_2024.MM5_pos:10859,Invar,3
Foster_2024.MM5_pos:10892,Invar,0
Foster_2024.MM5_pos:11028,Invar,2
Foster_2024.MM5_pos:11092,Invar,1
Foster_2024.MM5_pos:11211,Invar,2
Foster_2024.MM5_pos:11426,Invar,0
Foster_2024.MM5_pos:11541,Invar,2
Foster_2024.MM5_pos:11714,Invar,0
Foster_2024.MM5_pos:11793,Invar,0
Foster_2024.MM5_pos:11795,Invar,0
Foster_2024.MM5_pos:11808,Invar,0
Foster_2024.MM5_pos:12014,Invar,2
Foster_2024.MM5_pos:12046,Invar,2
Foster_2024.MM5_pos:12149,Invar,0
Foster_2024.MM5_pos:12211,Invar,2
Foster_2024.MM5_pos:12222,Invar,2
Foster_2024.MM5_pos:12230,Invar,2
Foster_2024.MM5_pos:12277,Invar,0
Foster_2024.MM5_pos:12677,Invar,0
Foster_2024.MM5_pos:12799,Invar,0
Foster_2024.MM5_pos:13032,Invar,0
Foster_2024.MM5_pos:13247,Invar,1
Foster_2024.MM5_pos:13325,Invar,2
Foster_2024.MM5_pos:13466,Invar,0
Foster_2024.MM5_pos:13488,Invar,2
Foster_2024.MM5_pos:13529,Invar,0
Foster_2024.MM5_pos:13818,Invar,0
Foster_2024.MM5_pos:13829,Invar,0
Foster_2024.MM5_pos:13899,Invar,3
Foster_2024.MM5_pos:14281,Invar,0
Foster_2024.MM5_pos:14319,Invar,0
Foster_2024.MM5_pos:14454,Invar,0
Foster_2024.MM5_pos:14764,Invar,0
Foster_2024.MM5_pos:14855,Invar,2
Foster_2024.MM6_pos:47,Invar,1
Foster_2024.MM6_pos:84,Invar,0
Foster_2024.MM6_pos:260,Invar,0
Foster_2024.MM6_pos:304,Invar,1
Foster_2024.MM6_pos:499,Invar,0
Foster_2024.MM6_pos:505,Invar,1
Foster_2024.MM6_pos:539,Invar,0
Foster_2024.MM6_pos:596,Invar,0
Foster_2024.MM6_pos:696,Invar,1
Foster_2024.MM6_pos:751,Invar,1
Foster_2024.MM6_pos:752,Invar,1
Foster_2024.MM6_pos:965,Invar,0
Foster_2024.MM6_pos:1224,Invar,0
Foster_2024.MM6_pos:1336,Invar,1
Foster_2024.MM6_pos:1478,Invar,1
Foster_2024.MM6_pos:1602,Invar,0
Foster_2024.MM6_pos:1676,Invar,1
Foster_2024.MM6_pos:1741,Invar,1
Foster_2024.MM6_pos:1742,Invar,0
Foster_2024.MM6_pos:1982,Invar,0
Foster_2024.MM6_pos:2021,Invar,1
Foster_2024.MM6_pos:2042,Invar,1
Foster_2024.MM6_pos:2244,Invar,1
Foster_2024.MM6_pos:2306,Invar,0
Foster_2024.MM6_pos:2320,Invar,0
Foster_2024.MM6_pos:2402,Invar,1
Foster_2024.MM6_pos:2543,Invar,0
Foster_2024.MM6_pos:2679,Invar,2
Foster_2024.MM6_pos:2931,Invar,1
Foster_2024.MM6_pos:2933,Invar,0
Foster_2024.MM6_pos:3008,Invar,1
Foster_2024.MM6_pos:3041,Invar,0
Foster_2024.MM6_pos:3047,Invar,1
Foster_2024.MM6_pos:3137,Invar,0
Foster_2024.MM6_pos:3212,Invar,1
Foster_2024.MM6_pos:3239,Invar,1
Foster_2024.MM6_pos:3281,Invar,0
Foster_2024.MM6_pos:3621,Invar,1
Foster_2024.MM6_pos:3811,Invar,0
Foster_2024.MM6_pos:3870,Invar,1
Foster_2024.MM6_pos:3912,Invar,1
Foster_2024.MM6_pos:3977,Invar,1
Foster_2024.MM6_pos:3979,Invar,0
Foster_2024.MM6_pos:3987,Invar,2
Foster_2024.MM6_pos:4244,Invar,0
Foster_2024.MM6_pos:4260,Invar,1
Foster_2024.MM6_pos:4287,Invar,1
Foster_2024.MM6_pos:4452,Invar,1
Foster_2024.MM6_pos:4698,Invar,1
Foster_2024.MM6_pos:4830,Invar,0
Foster_2024.MM6_pos:4904,Invar,1
Foster_2024.MM6_pos:4987,Invar,1
Foster_2024.MM6_pos:5110,Invar,1
Foster_2024.MM6_pos:5315,Invar,0
Foster_2024.MM6_pos:5374,Invar,0
Foster_2024.MM6_pos:5412,Invar,1
Foster_2024.MM6_pos:5485,Invar,0
Foster_2024.MM6_pos:5541,Invar,1
Foster_2024.MM6_pos:5543,Invar,1
Foster_2024.MM6_pos:5691,Invar,1
Foster_2024.MM6_pos:5911,Invar,1
Foster_2024.MM6_pos:6013,Invar,0
Foster_2024.MM6_pos:6171,Invar,0
Foster_2024.MM6_pos:6295,Invar,0
Foster_2024.MM6_pos:6597,Invar,1
Foster_2024.MM6_pos:6640,Invar,0
Foster_2024.MM6_pos:6680,Invar,1
Foster_2024.MM6_pos:6745,Invar,0
Foster_2024.MM6_pos:6913,Invar,1
Foster_2024.MM6_pos:6956,Invar,1
Foster_2024.MM6_pos:6969,Invar,0
Foster_2024.MM6_pos:6991,Invar,2
Foster_2024.MM6_pos:7043,Invar,1
Foster_2024.MM6_pos:7055,Invar,0
Foster_2024.MM6_pos:7057,Invar,3
Foster_2024.MM6_pos:7166,Invar,2
Foster_2024.MM6_pos:7256,Invar,1
Foster_2024.MM6_pos:7459,Invar,1
Foster_2024.MM6_pos:7463,Invar,2
Foster_2024.MM6_pos:7554,Invar,0
Foster_2024.MM6_pos:7565,Invar,0
Foster_2024.MM6_pos:7598,Invar,0
Foster_2024.MM6_pos:7664,Invar,1
Foster_2024.MM6_pos:7757,Invar,0
Foster_2024.MM6_pos:7796,Invar,0
Foster_2024.MM6_pos:7807,Invar,1
Foster_2024.MM6_pos:7827,Invar,0
Foster_2024.MM6_pos:8004,Invar,1
Foster_2024.MM6_pos:8010,Invar,1
Foster_2024.MM6_pos:8212,Invar,2
Foster_2024.MM6_pos:8264,Invar,1
Foster_2024.MM6_pos:8268,Invar,1
Foster_2024.MM6_pos:8283,Invar,0
Foster_2024.MM6_pos:8285,Invar,1
Foster_2024.MM6_pos:8373,Invar,0
Foster_2024.MM6_pos:8409,Invar,1
Foster_2024.MM6_pos:8598,Invar,1
Foster_2024.MM6_pos:8689,Invar,1
Foster_2024.MM6_pos:8714,Invar,1
Foster_2024.MM6_pos:8779,Invar,1
Foster_2024.MM6_pos:8825,Invar,0
Foster_2024.MM6_pos:8828,Invar,0
Foster_2024.MM6_pos:8985,Invar,1
Foster_2024.MM6_pos:9030,Invar,1
Foster_2024.MM6_pos:9063,Invar,1
Foster_2024.MM6_pos:9082,Invar,0
Foster_2024.MM6_pos:9136,Invar,1
Foster_2024.MM6_pos:9140,Invar,1
Foster_2024.MM6_pos:9252,Invar,1
Foster_2024.MM6_pos:9473,Invar,1
Foster_2024.MM6_pos:9493,Invar,0
Foster_2024.MM6_pos:9510,Invar,3
Foster_2024.MM6_pos:9546,Invar,0
Foster_2024.MM6_pos:9886,Invar,1
Foster_2024.MM6_pos:9939,Invar,1
Foster_2024.MM6_pos:10026,Invar,1
Foster_2024.MM6_pos:10031,Invar,1
Foster_2024.MM6_pos:10274,Invar,1
Foster_2024.MM6_pos:10309,Invar,0
Foster_2024.MM6_pos:10454,Invar,3
Foster_2024.MM6_pos:10479,Invar,1
Foster_2024.MM6_pos:10576,Invar,0
Foster_2024.MM6_pos:10765,Invar,0
Foster_2024.MM6_pos:10953,Invar,1
Foster_2024.MM6_pos:10974,Invar,0
Foster_2024.MM6_pos:11137,Invar,1
Foster_2024.MM6_pos:11177,Invar,1
Foster_2024.MM6_pos:11183,Invar,1
Foster_2024.MM6_pos:11284,Invar,0
Foster_2024.MM6_pos:11441,Invar,0
Foster_2024.MM6_pos:11481,Invar,0
Foster_2024.MM6_pos:11482,Invar,1
Foster_2024.MM6_neg:1241,Invar,0
Foster_2024.MM6_neg:1962,Invar,3
Foster_2024.MM6_neg:3110,Invar,3
Foster_2024.MM6_neg:3116,Invar,1
Foster_2024.MM6_neg:3302,Invar,1
Foster_2024.MM6_neg:5228,Invar,1
Foster_2024.MM6_neg:6266,Invar,0
Foster_2024.MM6_neg:6386,Invar,1
Foster_2024.MM5_neg:813,Invar,2
Foster_2024.MM5_neg:1001,Invar,2
Foster_2024.MM5_neg:1382,Invar,2
Foster_2024.MM5_neg:2112,Invar,1
Foster_2024.MM5_neg:2236,Invar,2
Foster_2024.MM5_neg:2277,Invar,1
Foster_2024.MM5_neg:2736,Invar,2
Foster_2024.MM5_neg:3261,Invar,1
Foster_2024.MM3_pos:98,Invar,1
Foster_2024.MM3_pos:192,Invar,1
Foster_2024.MM3_pos:441,Invar,1
Foster_2024.MM3_pos:555,Invar,2
Foster_2024.MM3_pos:1006,Invar,0
Foster_2024.MM3_pos:1287,Invar,1
Foster_2024.HD3_neg:143,Invar,3
Foster_2024.HD3_neg:304,Invar,0
Foster_2024.HD3_neg:617,Invar,3
Foster_2024.HD3_neg:883,Invar,0
Foster_2024.HD3_neg:1181,Invar,2
Foster_2024.HD3_neg:1245,Invar,2
Foster_2024.HD3_neg:1439,Invar,0
Foster_2024.HD3_neg:1676,Invar,1
Foster_2024.HD3_neg:1677,Invar,0
Foster_2024.HD3_neg:1911,Invar,0
Foster_2024.HD3_neg:2101,Invar,0
Foster_2024.HD3_neg:2163,Invar,0
Foster_2024.HD3_neg:2506,Invar,0
Foster_2024.HD3_neg:3100,Invar,0
Foster_2024.HD3_neg:3139,Invar,0
Foster_2024.HD3_neg:3639,Invar,1
Foster_2024.HD3_neg:4066,Invar,0
Foster_2024.HD3_neg:4381,Invar,2
Foster_2024.HD3_neg:4384,Invar,0
Foster_2024.HD3_neg:4673,Invar,0
Foster_2024.HD3_neg:4728,Invar,0
Foster_2024.HD2_pos:25,Invar,3
Foster_2024.HD2_pos:94,Invar,1
Foster_2024.HD2_pos:98,Invar,0
Foster_2024.HD2_pos:333,Invar,3
Foster_2024.HD2_pos:357,Invar,2
Foster_2024.HD2_pos:538,Invar,1
Foster_2024.HD2_pos:656,Invar,2
Foster_2024.HD2_pos:834,Invar,0
Foster_2024.HD2_pos:1009,Invar,3
Foster_2024.HD2_pos:1288,Invar,0
Foster_2024.HD2_pos:1507,Invar,1
Foster_2024.HD2_pos:1762,Invar,3
Foster_2024.HD2_pos:2018,Invar,1
Foster_2024.HD2_pos:2166,Invar,3
Foster_2024.HD2_pos:2252,Invar,1
Foster_2024.HD2_pos:2338,Invar,2
Foster_2024.HD2_pos:2388,Invar,0
Foster_2024.HD2_pos:2480,Invar,1
Foster_2024.HD2_pos:2552,Invar,3
Foster_2024.HD2_pos:2567,Invar,2
Foster_2024.HD2_pos:2583,Invar,3
Foster_2024.HD2_pos:2685,Invar,0
Foster_2024.HD2_pos:2694,Invar,3
Foster_2024.HD2_pos:2837,Invar,0
Foster_2024.HD2_pos:2864,Invar,2
Foster_2024.HD2_pos:2915,Invar,3
Foster_2024.HD2_pos:2931,Invar,3
Foster_2024.HD2_pos:2944,Invar,3
Foster_2024.HD2_pos:2959,Invar,3
Foster_2024.HD2_pos:3003,Invar,3
Foster_2024.HD2_pos:3321,Invar,0
Foster_2024.HD2_pos:3497,Invar,2
Foster_2024.HD2_pos:3655,Invar,3
Foster_2024.HD2_pos:3665,Invar,3
Foster_2024.HD2_pos:3740,Invar,3
Foster_2024.HD2_pos:4031,Invar,0
Foster_2024.HD2_pos:4260,Invar,3
Foster_2024.HD2_pos:4314,Invar,3
Foster_2024.HD2_pos:4391,Invar,3
Foster_2024.HD2_pos:4778,Invar,3
Foster_2024.HD2_pos:4923,Invar,3
Foster_2024.HD2_pos:5270,Invar,3
Foster_2024.HD2_pos:5303,Invar,1
Foster_2024.HD2_pos:5346,Invar,2
Foster_2024.HD2_pos:5452,Invar,3
Foster_2024.HD2_pos:5536,Invar,3
Foster_2024.HD2_pos:5677,Invar,3
Foster_2024.HD2_pos:5820,Invar,2
Foster_2024.HD2_pos:5878,Invar,2
Foster_2024.HD2_pos:5972,Invar,0
Foster_2024.HD2_pos:6141,Invar,3
Foster_2024.HD2_pos:6156,Invar,3
Foster_2024.HD2_pos:6164,Invar,0
Foster_2024.HD2_pos:6435,Invar,0
Foster_2024.HD2_pos:6664,Invar,3
Foster_2024.HD2_pos:6800,Invar,0
Foster_2024.HD2_pos:6977,Invar,3
Foster_2024.HD2_pos:6986,Invar,3
Foster_2024.HD2_pos:7380,Invar,3
Foster_2024.HD2_pos:7470,Invar,0
Foster_2024.HD2_pos:7630,Invar,3
Foster_2024.HD2_pos:7783,Invar,0
Foster_2024.HD2_pos:7965,Invar,3
Foster_2024.HD2_pos:8028,Invar,1
Foster_2024.HD2_pos:8125,Invar,3
Foster_2024.HD2_pos:8164,Invar,3
Foster_2024.HD2_pos:8313,Invar,1
Foster_2024.HD2_pos:8411,Invar,3
Foster_2024.HD2_pos:8632,Invar,3
Foster_2024.HD2_pos:8779,Invar,0
Foster_2024.HD2_pos:8858,Invar,3
Foster_2024.SMM13_neg:171,Invar,1
Foster_2024.SMM13_neg:368,Invar,1
Foster_2024.SMM13_neg:1062,Invar,1
Foster_2024.SMM13_neg:1064,Invar,1
Foster_2024.SMM13_neg:1292,Invar,1
Foster_2024.SMM13_neg:1600,Invar,1
Foster_2024.SMM13_neg:1701,Invar,1
Foster_2024.SMM13_neg:1750,Invar,1
Foster_2024.SMM13_neg:2231,Invar,1
Foster_2024.SMM13_neg:2506,Invar,1
Foster_2024.SMM13_neg:2630,Invar,0
Foster_2024.SMM13_neg:2806,Invar,0
Foster_2024.SMM13_neg:3010,Invar,1
Foster_2024.SMM13_neg:3016,Invar,3
Foster_2024.SMM13_neg:3046,Invar,1
Foster_2024.SMM13_neg:3108,Invar,1
Foster_2024.SMM13_neg:3156,Invar,0
Foster_2024.SMM13_neg:3672,Invar,3
Foster_2024.SMM13_neg:3687,Invar,3
Foster_2024.SMM13_neg:3694,Invar,3
Foster_2024.SMM13_neg:3715,Invar,1
Foster_2024.SMM13_neg:3743,Invar,1
Foster_2024.SMM13_neg:3907,Invar,1
Foster_2024.SMM13_neg:3969,Invar,1
Foster_2024.SMM13_neg:4053,Invar,3
Foster_2024.SMM13_neg:4074,Invar,1
Foster_2024.SMM13_neg:4100,Invar,1
Foster_2024.SMM13_neg:4442,Invar,1
Foster_2024.SMM13_neg:4784,Invar,3
Foster_2024.SMM13_neg:4948,Invar,1
Foster_2024.SMM13_neg:5049,Invar,1
Foster_2024.SMM13_neg:5178,Invar,1
Foster_2024.SMM13_neg:5224,Invar,0
Foster_2024.SMM13_neg:5338,Invar,1
Foster_2024.SMM13_neg:5720,Invar,1
Foster_2024.SMM13_neg:5967,Invar,1
Foster_2024.SMM13_neg:6264,Invar,1
Foster_2024.SMM13_neg:6367,Invar,1
Foster_2024.SMM13_neg:6411,Invar,1
Foster_2024.SMM13_neg:6533,Invar,1
Foster_2024.SMM13_neg:6570,Invar,1
Foster_2024.SMM13_neg:6791,Invar,1
Foster_2024.SMM13_pos:293,Invar,3
Foster_2024.SMM13_pos:323,Invar,1
Foster_2024.SMM13_pos:333,Invar,1
Foster_2024.SMM13_pos:667,Invar,3
Foster_2024.SMM13_pos:702,Invar,0
Foster_2024.SMM13_pos:898,Invar,1
Foster_2024.SMM13_pos:927,Invar,1
Foster_2024.SMM13_pos:933,Invar,1
Foster_2024.SMM13_pos:955,Invar,1
Foster_2024.SMM13_pos:977,Invar,0
Foster_2024.SMM13_pos:1204,Invar,1
Foster_2024.SMM13_pos:1238,Invar,0
Foster_2024.SMM13_pos:1412,Invar,1
Foster_2024.SMM13_pos:1468,Invar,1
Foster_2024.SMM13_pos:1509,Invar,1
Foster_2024.SMM13_pos:1759,Invar,0
Foster_2024.SMM13_pos:1823,Invar,1
Foster_2024.SMM13_pos:1833,Invar,1
Foster_2024.SMM13_pos:2051,Invar,0
Foster_2024.SMM13_pos:2181,Invar,1
Foster_2024.SMM13_pos:2257,Invar,1
Foster_2024.SMM13_pos:2274,Invar,1
Foster_2024.SMM13_pos:2295,Invar,1
Foster_2024.SMM13_pos:2482,Invar,1
Foster_2024.SMM13_pos:2728,Invar,3
Foster_2024.SMM13_pos:2783,Invar,0
Foster_2024.SMM13_pos:2792,Invar,1
Foster_2024.SMM13_pos:2939,Invar,1
Foster_2024.SMM13_pos:3103,Invar,0
Foster_2024.SMM13_pos:3759,Invar,0
Foster_2024.SMM13_pos:4219,Invar,1
Foster_2024.SMM13_pos:4501,Invar,1
Foster_2024.SMM13_pos:4801,Invar,1
Foster_2024.SMM13_pos:5184,Invar,1
Foster_2024.SMM13_pos:6416,Invar,1
Foster_2024.SMM13_pos:6594,Invar,1
Foster_2024.SMM13_pos:6764,Invar,1
Foster_2024.SMM13_pos:7033,Invar,1
Foster_2024.SMM13_pos:7072,Invar,1
Foster_2024.SMM13_pos:7098,Invar,1
Foster_2024.SMM13_pos:7353,Invar,0
Foster_2024.SMM13_pos:7379,Invar,0
Foster_2024.SMM13_pos:7530,Invar,1
Foster_2024.SMM13_pos:7707,Invar,1
Foster_2024.SMM13_pos:7773,Invar,2
Foster_2024.SMM13_pos:8671,Invar,0
Foster_2024.SMM13_pos:8679,Invar,0
Foster_2024.SMM13_pos:8852,Invar,1
Foster_2024.SMM13_pos:8991,Invar,0
Foster_2024.SMM13_pos:9359,Invar,1
Foster_2024.SMM13_pos:10052,Invar,0
Foster_2024.SMM13_pos:10195,Invar,0
Foster_2024.SMM13_pos:10265,Invar,1
Foster_2024.SMM13_pos:10276,Invar,1
Foster_2024.SMM13_pos:10714,Invar,0
Foster_2024.SMM13_pos:10844,Invar,1
Foster_2024.SMM13_pos:10902,Invar,0
Foster_2024.SMM13_pos:11037,Invar,1
Foster_2024.SMM13_pos:11173,Invar,1
Foster_2024.SMM13_pos:11624,Invar,1
Foster_2024.SMM13_pos:11741,Invar,1
Foster_2024.SMM13_pos:11803,Invar,0
Foster_2024.SMM13_pos:11912,Invar,1
Foster_2024.SMM13_pos:12221,Invar,1
Foster_2024.SMM13_pos:12336,Invar,0
Foster_2024.SMM13_pos:12476,Invar,0
Foster_2024.SMM13_pos:12856,Invar,1
Foster_2024.HD2_neg:100,Invar,1
Foster_2024.HD2_neg:168,Invar,2
Foster_2024.HD2_neg:520,Invar,3
Foster_2024.HD2_neg:790,Invar,3
Foster_2024.HD2_neg:1196,Invar,3
Foster_2024.HD2_neg:1248,Invar,3
Foster_2024.HD2_neg:1428,Invar,3
Foster_2024.HD2_neg:1659,Invar,3
Foster_2024.HD2_neg:1831,Invar,1
Foster_2024.HD2_neg:1862,Invar,3
Foster_2024.HD2_neg:2232,Invar,1
Foster_2024.HD2_neg:2242,Invar,2
Foster_2024.HD2_neg:2249,Invar,3
Foster_2024.HD2_neg:2393,Invar,3
Foster_2024.HD2_neg:2411,Invar,3
Foster_2024.HD2_neg:2426,Invar,1
Foster_2024.HD2_neg:2703,Invar,3
Foster_2024.HD2_neg:2870,Invar,3
Foster_2024.HD2_neg:2933,Invar,1
Foster_2024.HD2_neg:2937,Invar,3
Foster_2024.HD2_neg:2939,Invar,1
Foster_2024.HD3_pos:358,Invar,0
Foster_2024.HD3_pos:574,Invar,0
Foster_2024.HD3_pos:746,Invar,0
Foster_2024.HD3_pos:820,Invar,3
Foster_2024.HD3_pos:1334,Invar,3
Foster_2024.HD3_pos:1613,Invar,0
Foster_2024.HD3_pos:1835,Invar,0
Foster_2024.HD3_pos:2144,Invar,0
Foster_2024.HD3_pos:2189,Invar,0
Foster_2024.HD3_pos:2249,Invar,2
Foster_2024.HD3_pos:2673,Invar,0
Foster_2024.HD3_pos:2847,Invar,0
Foster_2024.HD3_pos:2903,Invar,0
Foster_2024.HD3_pos:2943,Invar,0
Foster_2024.HD3_pos:2985,Invar,0
Foster_2024.HD3_pos:3341,Invar,0
Foster_2024.HD3_pos:3486,Invar,3
Foster_2024.HD3_pos:3521,Invar,0
Foster_2024.HD3_pos:3809,Invar,0
Foster_2024.HD3_pos:4019,Invar,0
Foster_2024.HD3_pos:4227,Invar,0
Foster_2024.HD3_pos:4431,Invar,0
Foster_2024.HD3_pos:4819,Invar,3
Foster_2024.HD3_pos:4931,Invar,0
Foster_2024.HD3_pos:5058,Invar,0
Foster_2024.HD3_pos:5257,Invar,0
Foster_2024.HD3_pos:5331,Invar,0
Foster_2024.HD3_pos:5552,Invar,0
Foster_2024.HD3_pos:5950,Invar,0
Foster_2024.HD3_pos:6007,Invar,0
Foster_2024.HD3_pos:6123,Invar,0
Foster_2024.HD3_pos:6147,Invar,0
Foster_2024.HD3_pos:6214,Invar,0
Foster_2024.HD3_pos:6304,Invar,0
Foster_2024.HD3_pos:6362,Invar,0
Foster_2024.HD3_pos:6524,Invar,0
Foster_2024.HD3_pos:6592,Invar,1
Foster_2024.HD3_pos:6715,Invar,0
Foster_2024.HD3_pos:6819,Invar,2
Foster_2024.HD3_pos:7026,Invar,0
Foster_2024.HD3_pos:7029,Invar,0
Foster_2024.HD3_pos:7176,Invar,0
Foster_2024.HD3_pos:7250,Invar,0
Foster_2024.HD3_pos:7311,Invar,0
Foster_2024.HD3_pos:7536,Invar,0
Foster_2024.HD3_pos:7582,Invar,0
Foster_2024.HD3_pos:7641,Invar,1
Foster_2024.HD3_pos:8163,Invar,0
Foster_2024.HD3_pos:8193,Invar,0
Foster_2024.HD3_pos:8284,Invar,0
Foster_2024.HD3_pos:8652,Invar,0
Foster_2024.HD3_pos:8678,Invar,1
Foster_2024.HD3_pos:8849,Invar,0
Foster_2024.HD3_pos:9014,Invar,0
Foster_2024.MM3_neg:93,Invar,1
Foster_2024.MM3_neg:160,Invar,1
Foster_2024.MM3_neg:437,Invar,2
Foster_2024.MM3_neg:605,Invar,2
Foster_2024.MM3_neg:685,Invar,1
Foster_2024.MM3_neg:1102,Invar,1
Foster_2024.MM3_neg:1236,Invar,1
Foster_2024.MM7_neg:1652,Invar,1
Foster_2024.MM7_neg:3018,Invar,0
Foster_2024.HD1_pos:141,Invar,1
Foster_2024.HD1_pos:148,Invar,0
Foster_2024.HD1_pos:187,Invar,1
Foster_2024.HD1_pos:532,Invar,0
Foster_2024.HD1_pos:588,Invar,3
Foster_2024.HD1_pos:642,Invar,0
Foster_2024.HD1_pos:660,Invar,0
Foster_2024.HD1_pos:851,Invar,1
Foster_2024.HD1_pos:862,Invar,0
Foster_2024.HD1_pos:1086,Invar,0
Foster_2024.HD1_pos:1143,Invar,0
Foster_2024.HD1_pos:1171,Invar,0
Foster_2024.HD1_pos:1299,Invar,1
Foster_2024.HD1_pos:1317,Invar,0
Foster_2024.HD1_pos:2520,Invar,0
Foster_2024.HD1_pos:2986,Invar,2
Foster_2024.HD1_pos:3038,Invar,0
Foster_2024.HD1_pos:3101,Invar,0
Foster_2024.HD1_pos:3409,Invar,0
Foster_2024.HD1_pos:3562,Invar,0
Foster_2024.HD1_pos:3783,Invar,0
Foster_2024.HD1_pos:3820,Invar,2
Foster_2024.HD1_pos:3937,Invar,0
Foster_2024.HD1_pos:3969,Invar,3
Foster_2024.HD1_pos:4440,Invar,0
Foster_2024.HD1_pos:4590,Invar,0
Foster_2024.HD1_pos:4614,Invar,3
Foster_2024.HD1_pos:4722,Invar,0
Foster_2024.HD1_neg:235,Invar,2
Foster_2024.HD1_neg:1871,Invar,0
Foster_2024.HD1_neg:3125,Invar,3
Foster_2024.HD1_neg:3171,Invar,0
Foster_2024.HD1_neg:3182,Invar,0
Foster_2024.MM7_pos:124,Invar,0
Foster_2024.MM7_pos:220,Invar,2
Foster_2024.MM7_pos:308,Invar,2
Foster_2024.MM7_pos:477,Invar,0
Foster_2024.MM7_pos:480,Invar,0
Foster_2024.MM7_pos:1212,Invar,0
Foster_2024.MM7_pos:1409,Invar,0
Foster_2024.MM7_pos:1459,Invar,0
Foster_2024.MM7_pos:1462,Invar,0
Foster_2024.MM7_pos:1481,Invar,0
Foster_2024.MM7_pos:1581,Invar,0
Foster_2024.MM7_pos:1716,Invar,2
Foster_2024.MM7_pos:1832,Invar,0
Foster_2024.MM7_pos:1967,Invar,0
Foster_2024.MM7_pos:2244,Invar,0
Foster_2024.MM7_pos:2538,Invar,0
Foster_2024.MM7_pos:2673,Invar,3
Foster_2024.MM7_pos:2679,Invar,3
Foster_2024.MM7_pos:2776,Invar,0
Foster_2024.MM7_pos:2780,Invar,1
Foster_2024.MM7_pos:2784,Invar,0
Foster_2024.MM7_pos:3317,Invar,0
Foster_2024.MM7_pos:3590,Invar,0
Foster_2024.MM7_pos:3597,Invar,0
Foster_2024.MM7_pos:3718,Invar,3
Foster_2024.MM7_pos:3751,Invar,0
Foster_2024.MM7_pos:3873,Invar,0
Foster_2024.MM7_pos:3980,Invar,0
Foster_2024.MM7_pos:4110,Invar,0
Foster_2024.MM7_pos:4354,Invar,2
Foster_2024.MM7_pos:4362,Invar,2
Foster_2024.MM7_pos:4510,Invar,0
Foster_2024.MM7_pos:4642,Invar,3
Foster_2024.MM7_pos:4751,Invar,2
Foster_2024.MM7_pos:4928,Invar,1
Foster_2024.MM7_pos:5163,Invar,2
Foster_2024.MM7_pos:5369,Invar,0
Foster_2024.MM7_pos:5597,Invar,2
Foster_2024.MM7_pos:5809,Invar,0
Foster_2024.MM7_pos:5851,Invar,0
Foster_2024.MM7_pos:5894,Invar,0
Foster_2024.MM7_pos:6122,Invar,3
Foster_2024.MM7_pos:6475,Invar,3
Foster_2024.MM7_pos:6486,Invar,0
Foster_2024.MM7_pos:6548,Invar,1
Foster_2024.MM7_pos:6623,Invar,3
Foster_2024.MM7_pos:6640,Invar,0
Foster_2024.MM7_pos:6698,Invar,3
Foster_2024.MM7_pos:6742,Invar,1
Foster_2024.MM7_pos:6763,Invar,1
Foster_2024.MM7_pos:6798,Invar,0
Foster_2024.MM7_pos:7059,Invar,0
Foster_2024.MM7_pos:7130,Invar,2
Foster_2024.MM7_pos:7223,Invar,1
Foster_2024.MM7_pos:7275,Invar,0
Foster_2024.MM7_pos:7319,Invar,0
Foster_2024.MM7_pos:7725,Invar,0
Foster_2024.MM7_pos:7923,Invar,1
Foster_2024.MM7_pos:7931,Invar,1
Foster_2024.MM7_pos:7977,Invar,0
Foster_2024.MM7_pos:8025,Invar,1
Foster_2024.MM7_pos:8035,Invar,2
Foster_2024.MM7_pos:8150,Invar,0
Foster_2024.MM7_pos:8234,Invar,0
Foster_2024.MM7_pos:8398,Invar,2
Foster_2024.MM7_pos:8540,Invar,0
Foster_2024.MM7_pos:8547,Invar,1
Foster_2024.MM7_pos:8699,Invar,0
Foster_2024.MM7_pos:8970,Invar,0
Foster_2024.MM7_pos:9006,Invar,0
Foster_2024.MM7_pos:9561,Invar,1
Foster_2024.MM7_pos:9717,Invar,2
Foster_2024.MM7_pos:9756,Invar,3
Foster_2024.MM7_pos:9770,Invar,2
Foster_2024.MM7_pos:9877,Invar,0
Foster_2024.MM7_pos:9895,Invar,2
Foster_2024.MM7_pos:9978,Invar,0
Foster_2024.MM7_pos:10008,Invar,0
Foster_2024.MM7_pos:10012,Invar,2
Foster_2024.MM7_pos:10123,Invar,1
Foster_2024.MM7_pos:10144,Invar,0
Foster_2024.MM7_pos:10404,Invar,2
Foster_2024.MM7_pos:10519,Invar,2
Foster_2024.MM7_pos:10545,Invar,1
Foster_2024.MM7_pos:10567,Invar,0
Foster_2024.MM7_pos:10641,Invar,0
Foster_2024.MM7_pos:10684,Invar,0
Foster_2024.MM7_pos:10745,Invar,0
Foster_2024.MM7_pos:10753,Invar,0
Foster_2024.MM7_pos:10995,Invar,0
Foster_2024.MM7_pos:11012,Invar,0
Foster_2024.MM7_pos:11097,Invar,0
Foster_2024.MM7_pos:11349,Invar,1
Foster_2024.MM7_pos:11425,Invar,0
Foster_2024.MM7_pos:11648,Invar,2
Foster_2024.MM7_pos:11735,Invar,2
Foster_2024.MM7_pos:11795,Invar,3
Foster_2024.MM7_pos:11804,Invar,0
Foster_2024.MM7_pos:11819,Invar,1
Foster_2024.MM7_pos:11881,Invar,3
Foster_2024.MM7_pos:11957,Invar,0
Foster_2024.MM7_pos:12017,Invar,0
Foster_2024.MM7_pos:12270,Invar,3
Foster_2024.MM7_pos:12276,Invar,3
Foster_2024.MM7_pos:12298,Invar,2
Foster_2024.MM7_pos:12318,Invar,2
Oetjen_2018.G:65,Invar,0
Oetjen_2018.G:174,Invar,1
Oetjen_2018.G:246,Invar,1
Oetjen_2018.G:399,Invar,0
Oetjen_2018.G:515,Invar,0
Oetjen_2018.G:669,Invar,1
Oetjen_2018.S_T1:432,Invar,1
Oetjen_2018.S_T1:749,Invar,3
Oetjen_2018.S_T1:751,Invar,1
Oetjen_2018.S_T1:757,Invar,3
Oetjen_2018.S_T1:853,Invar,3
Oetjen_2018.S_T1:924,Invar,1
Oetjen_2018.S_T1:944,Invar,1
Oetjen_2018.S_T1:1095,Invar,3
Oetjen_2018.S_T1:1158,Invar,3
Oetjen_2018.S_T1:1170,Invar,1
Oetjen_2018.S_T1:1405,Invar,3
Oetjen_2018.S_T1:1584,Invar,3
Oetjen_2018.U:58,Invar,0
Oetjen_2018.U:313,Invar,0
Oetjen_2018.U:1331,Invar,1
Oetjen_2018.U:2150,Invar,1
Oetjen_2018.U:2226,Invar,1
Oetjen_2018.U:2489,Invar,1
Oetjen_2018.U:2556,Invar,1
Oetjen_2018.U:2716,Invar,2
Oetjen_2018.U:2735,Invar,1
Oetjen_2018.U:2749,Invar,1
Oetjen_2018.U:2972,Invar,1
Oetjen_2018.U:3489,Invar,0
Oetjen_2018.T:31,Invar,0
Oetjen_2018.T:53,Invar,0
Oetjen_2018.T:73,Invar,1
Oetjen_2018.T:84,Invar,1
Oetjen_2018.T:88,Invar,1
Oetjen_2018.T:110,Invar,0
Oetjen_2018.T:138,Invar,2
Oetjen_2018.T:154,Invar,0
Oetjen_2018.T:182,Invar,0
Oetjen_2018.T:194,Invar,0
Oetjen_2018.T:200,Invar,0
Oetjen_2018.T:251,Invar,0
Oetjen_2018.T:288,Invar,3
Oetjen_2018.T:295,Invar,1
Oetjen_2018.T:314,Invar,2
Oetjen_2018.T:320,Invar,1
Oetjen_2018.T:349,Invar,0
Oetjen_2018.T:370,Invar,1
Oetjen_2018.T:379,Invar,0
Oetjen_2018.T:407,Invar,0
Oetjen_2018.T:426,Invar,1
Oetjen_2018.T:454,Invar,2
Oetjen_2018.T:528,Invar,2
Oetjen_2018.T:531,Invar,1
Oetjen_2018.T:549,Invar,0
Oetjen_2018.T:551,Invar,1
Oetjen_2018.T:646,Invar,2
Oetjen_2018.T:648,Invar,2
Oetjen_2018.T:667,Invar,1
Oetjen_2018.T:676,Invar,2
Oetjen_2018.T:694,Invar,2
Oetjen_2018.T:705,Invar,3
Oetjen_2018.T:715,Invar,1
Oetjen_2018.T:922,Invar,1
Oetjen_2018.T:930,Invar,0
Oetjen_2018.T:966,Invar,2
Oetjen_2018.T:977,Invar,2
Oetjen_2018.T:981,Invar,0
Oetjen_2018.T:1012,Invar,1
Oetjen_2018.T:1036,Invar,0
Oetjen_2018.T:1084,Invar,1
Oetjen_2018.T:1104,Invar,1
Oetjen_2018.T:1129,Invar,1
Oetjen_2018.T:1174,Invar,0
Oetjen_2018.T:1251,Invar,0
Oetjen_2018.T:1254,Invar,1
Oetjen_2018.T:1255,Invar,1
Oetjen_2018.T:1269,Invar,1
Oetjen_2018.T:1282,Invar,1
Oetjen_2018.T:1363,Invar,1
Oetjen_2018.T:1368,Invar,1
Oetjen_2018.T:1374,Invar,0
Oetjen_2018.T:1396,Invar,2
Oetjen_2018.T:1416,Invar,1
Oetjen_2018.T:1434,Invar,1
Oetjen_2018.T:1435,Invar,1
Oetjen_2018.T:1439,Invar,0
Oetjen_2018.T:1440,Invar,1
Oetjen_2018.T:1458,Invar,1
Oetjen_2018.T:1496,Invar,0
Oetjen_2018.T:1499,Invar,0
Oetjen_2018.T:1525,Invar,1
Oetjen_2018.T:1530,Invar,1
Oetjen_2018.T:1568,Invar,3
Oetjen_2018.T:1633,Invar,1
Oetjen_2018.T:1640,Invar,1
Oetjen_2018.T:1643,Invar,0
Oetjen_2018.T:1681,Invar,0
Oetjen_2018.T:1822,Invar,1
Oetjen_2018.T:1840,Invar,2
Oetjen_2018.T:2047,Invar,0
Oetjen_2018.T:2053,Invar,1
Oetjen_2018.T:2093,Invar,1
Oetjen_2018.T:2119,Invar,1
Oetjen_2018.T:2123,Invar,3
Oetjen_2018.T:2132,Invar,2
Oetjen_2018.T:2168,Invar,3
Oetjen_2018.T:2214,Invar,2
Oetjen_2018.T:2270,Invar,1
Oetjen_2018.T:2319,Invar,0
Oetjen_2018.T:2363,Invar,0
Oetjen_2018.T:2508,Invar,0
Oetjen_2018.T:2537,Invar,0
Oetjen_2018.T:2548,Invar,3
Oetjen_2018.T:2604,Invar,2
Oetjen_2018.T:2614,Invar,2
Oetjen_2018.T:2652,Invar,1
Oetjen_2018.T:2721,Invar,1
Oetjen_2018.T:2779,Invar,0
Oetjen_2018.T:2809,Invar,0
Oetjen_2018.T:2816,Invar,2
Oetjen_2018.T:2827,Invar,0
Oetjen_2018.T:3012,Invar,3
Oetjen_2018.T:3015,Invar,1
Oetjen_2018.T:3050,Invar,1
Oetjen_2018.T:3059,Invar,2
Oetjen_2018.T:3095,Invar,2
Oetjen_2018.T:3128,Invar,1
Oetjen_2018.T:3133,Invar,2
Oetjen_2018.T:3172,Invar,1
Oetjen_2018.T:3236,Invar,2
Oetjen_2018.T:3290,Invar,1
Oetjen_2018.T:3336,Invar,0
Oetjen_2018.T:3405,Invar,2
Oetjen_2018.T:3416,Invar,1
Oetjen_2018.W:51,Invar,3
Oetjen_2018.W:62,Invar,3
Oetjen_2018.W:147,Invar,0
Oetjen_2018.W:187,Invar,1
Oetjen_2018.W:245,Invar,3
Oetjen_2018.W:299,Invar,3
Oetjen_2018.W:324,Invar,2
Oetjen_2018.W:331,Invar,3
Oetjen_2018.W:373,Invar,2
Oetjen_2018.W:374,Invar,3
Oetjen_2018.W:376,Invar,3
Oetjen_2018.W:422,Invar,0
Oetjen_2018.W:423,Invar,3
Oetjen_2018.W:451,Invar,0
Oetjen_2018.W:581,Invar,3
Oetjen_2018.W:602,Invar,1
Oetjen_2018.W:619,Invar,0
Oetjen_2018.W:632,Invar,0
Oetjen_2018.W:687,Invar,3
Oetjen_2018.W:698,Invar,3
Oetjen_2018.W:753,Invar,0
Oetjen_2018.W:757,Invar,3
Oetjen_2018.W:761,Invar,2
Oetjen_2018.W:770,Invar,0
Oetjen_2018.W:792,Invar,0
Oetjen_2018.W:872,Invar,0
Oetjen_2018.W:882,Invar,3
Oetjen_2018.W:948,Invar,0
Oetjen_2018.W:1087,Invar,3
Oetjen_2018.W:1250,Invar,0
Oetjen_2018.W:1323,Invar,3
Oetjen_2018.W:1484,Invar,0
Oetjen_2018.W:1611,Invar,3
Oetjen_2018.W:1757,Invar,0
Oetjen_2018.W:1759,Invar,2
Oetjen_2018.W:1790,Invar,3
Oetjen_2018.W:1834,Invar,0
Oetjen_2018.W:2062,Invar,3
Oetjen_2018.W:2118,Invar,3
Oetjen_2018.W:2152,Invar,0
Oetjen_2018.W:2323,Invar,0
Oetjen_2018.W:2329,Invar,3
Oetjen_2018.W:2383,Invar,3
Oetjen_2018.W:2385,Invar,2
Oetjen_2018.W:2498,Invar,0
Oetjen_2018.W:2503,Invar,3
Oetjen_2018.W:2506,Invar,3
Oetjen_2018.W:2664,Invar,3
Oetjen_2018.W:2674,Invar,3
Oetjen_2018.W:2730,Invar,2
Oetjen_2018.W:2782,Invar,3
Oetjen_2018.W:2849,Invar,3
Oetjen_2018.W:2915,Invar,3
Oetjen_2018.W:2959,Invar,3
Oetjen_2018.W:2992,Invar,2
Oetjen_2018.W:3037,Invar,0
Oetjen_2018.W:3039,Invar,3
Oetjen_2018.W:3060,Invar,2
Oetjen_2018.W:3096,Invar,0
Oetjen_2018.W:3099,Invar,3
Oetjen_2018.L:63,Invar,2
Oetjen_2018.L:75,Invar,0
Oetjen_2018.L:100,Invar,0
Oetjen_2018.L:103,Invar,0
Oetjen_2018.L:104,Invar,1
Oetjen_2018.L:211,Invar,1
Oetjen_2018.L:298,Invar,2
Oetjen_2018.L:355,Invar,1
Oetjen_2018.L:748,Invar,2
Oetjen_2018.L:782,Invar,0
Oetjen_2018.L:794,Invar,1
Oetjen_2018.L:849,Invar,1
Oetjen_2018.L:861,Invar,2
Oetjen_2018.L:871,Invar,0
Oetjen_2018.L:1071,Invar,2
Oetjen_2018.L:1134,Invar,2
Oetjen_2018.L:1153,Invar,2
Oetjen_2018.L:1246,Invar,1
Oetjen_2018.L:1339,Invar,1
Oetjen_2018.L:1404,Invar,1
Oetjen_2018.L:1513,Invar,1
Oetjen_2018.L:1551,Invar,0
Oetjen_2018.L:1651,Invar,2
Oetjen_2018.L:1674,Invar,1
Oetjen_2018.L:1706,Invar,1
Oetjen_2018.L:1724,Invar,0
Oetjen_2018.L:1739,Invar,1
Oetjen_2018.L:1842,Invar,3
Oetjen_2018.L:1853,Invar,2
Oetjen_2018.L:1890,Invar,2
Oetjen_2018.L:1905,Invar,2
Oetjen_2018.L:1976,Invar,1
Oetjen_2018.L:2000,Invar,1
Oetjen_2018.L:2042,Invar,1
Oetjen_2018.L:2044,Invar,1
Oetjen_2018.L:2119,Invar,1
Oetjen_2018.L:2125,Invar,2
Oetjen_2018.L:2135,Invar,1
Oetjen_2018.L:2303,Invar,2
Oetjen_2018.L:2320,Invar,1
Oetjen_2018.L:2464,Invar,0
Oetjen_2018.L:2532,Invar,0
Oetjen_2018.L:2565,Invar,1
Oetjen_2018.L:2609,Invar,1
Oetjen_2018.L:2643,Invar,2
Oetjen_2018.L:2645,Invar,1
Oetjen_2018.L:2758,Invar,2
Oetjen_2018.L:2792,Invar,2
Oetjen_2018.L:2825,Invar,1
Oetjen_2018.L:2833,Invar,2
Oetjen_2018.L:2874,Invar,1
Oetjen_2018.L:2880,Invar,2
Oetjen_2018.L:2959,Invar,0
Oetjen_2018.L:2975,Invar,1
Oetjen_2018.L:3000,Invar,2
Oetjen_2018.L:3113,Invar,1
Oetjen_2018.L:3127,Invar,3
Oetjen_2018.L:3144,Invar,2
Oetjen_2018.L:3215,Invar,3
Oetjen_2018.L:3221,Invar,1
Oetjen_2018.L:3252,Invar,1
Oetjen_2018.L:3265,Invar,1
Oetjen_2018.L:3269,Invar,1
Oetjen_2018.L:3280,Invar,2
Oetjen_2018.L:3290,Invar,3
Oetjen_2018.L:3449,Invar,2
Oetjen_2018.L:3466,Invar,2
Oetjen_2018.L:3499,Invar,0
Oetjen_2018.L:3504,Invar,0
Oetjen_2018.L:3523,Invar,0
Oetjen_2018.L:3538,Invar,2
Oetjen_2018.L:3584,Invar,1
Oetjen_2018.L:3585,Invar,1
Oetjen_2018.L:3674,Invar,1
Oetjen_2018.L:3717,Invar,0
Oetjen_2018.L:3745,Invar,0
Oetjen_2018.L:3797,Invar,1
Oetjen_2018.L:3827,Invar,1
Oetjen_2018.L:3870,Invar,1
Oetjen_2018.L:3871,Invar,1
Oetjen_2018.L:3904,Invar,1
Oetjen_2018.L:3953,Invar,1
Oetjen_2018.L:4015,Invar,1
Oetjen_2018.L:4026,Invar,0
Oetjen_2018.L:4056,Invar,0
Oetjen_2018.L:4075,Invar,2
Oetjen_2018.L:4086,Invar,2
Oetjen_2018.B:109,Invar,3
Oetjen_2018.B:373,Invar,2
Oetjen_2018.B:386,Invar,2
Oetjen_2018.B:457,Invar,2
Oetjen_2018.B:620,Invar,2
Oetjen_2018.B:636,Invar,2
Oetjen_2018.B:703,Invar,2
Oetjen_2018.B:741,Invar,2
Oetjen_2018.B:760,Invar,2
Oetjen_2018.B:878,Invar,2
Oetjen_2018.B:917,Invar,2
Oetjen_2018.B:1041,Invar,2
Oetjen_2018.B:1110,Invar,2
Oetjen_2018.B:1111,Invar,2
Oetjen_2018.B:1201,Invar,2
Oetjen_2018.B:1619,Invar,2
Oetjen_2018.B:1632,Invar,2
Oetjen_2018.B:1715,Invar,2
Oetjen_2018.B:1895,Invar,2
Oetjen_2018.B:2480,Invar,1
Oetjen_2018.C_T1_S1:288,Invar,3
Oetjen_2018.C_T1_S1:555,Invar,1
Oetjen_2018.C_T1_S1:878,Invar,3
Oetjen_2018.C_T1_S1:891,Invar,1
Oetjen_2018.C_T1_S1:1199,Invar,3
Oetjen_2018.C_T1_S1:1395,Invar,2
Oetjen_2018.O:23,Invar,2
Oetjen_2018.O:25,Invar,0
Oetjen_2018.O:28,Invar,0
Oetjen_2018.O:41,Invar,2
Oetjen_2018.O:50,Invar,2
Oetjen_2018.O:95,Invar,2
Oetjen_2018.O:117,Invar,2
Oetjen_2018.O:127,Invar,2
Oetjen_2018.O:130,Invar,2
Oetjen_2018.O:310,Invar,2
Oetjen_2018.O:312,Invar,2
Oetjen_2018.O:361,Invar,2
Oetjen_2018.O:366,Invar,2
Oetjen_2018.O:401,Invar,1
Oetjen_2018.O:422,Invar,2
Oetjen_2018.O:424,Invar,0
Oetjen_2018.O:426,Invar,0
Oetjen_2018.O:464,Invar,1
Oetjen_2018.O:487,Invar,0
Oetjen_2018.O:494,Invar,2
Oetjen_2018.O:525,Invar,0
Oetjen_2018.O:534,Invar,0
Oetjen_2018.O:565,Invar,1
Oetjen_2018.O:569,Invar,1
Oetjen_2018.O:576,Invar,2
Oetjen_2018.O:580,Invar,2
Oetjen_2018.O:590,Invar,2
Oetjen_2018.O:607,Invar,3
Oetjen_2018.O:620,Invar,2
Oetjen_2018.O:628,Invar,0
Oetjen_2018.O:656,Invar,2
Oetjen_2018.O:668,Invar,2
Oetjen_2018.O:688,Invar,0
Oetjen_2018.O:725,Invar,0
Oetjen_2018.O:728,Invar,2
Oetjen_2018.O:740,Invar,0
Oetjen_2018.O:747,Invar,3
Oetjen_2018.O:785,Invar,2
Oetjen_2018.O:813,Invar,0
Oetjen_2018.O:814,Invar,0
Oetjen_2018.O:821,Invar,2
Oetjen_2018.O:824,Invar,3
Oetjen_2018.O:833,Invar,2
Oetjen_2018.O:873,Invar,2
Oetjen_2018.O:877,Invar,2
Oetjen_2018.O:884,Invar,0
Oetjen_2018.O:950,Invar,2
Oetjen_2018.O:963,Invar,2
Oetjen_2018.O:967,Invar,2
Oetjen_2018.O:996,Invar,0
Oetjen_2018.O:999,Invar,1
Oetjen_2018.O:1006,Invar,2
Oetjen_2018.O:1043,Invar,1
Oetjen_2018.O:1080,Invar,2
Oetjen_2018.O:1193,Invar,2
Oetjen_2018.O:1196,Invar,3
Oetjen_2018.O:1225,Invar,0
Oetjen_2018.O:1230,Invar,3
Oetjen_2018.O:1259,Invar,2
Oetjen_2018.O:1274,Invar,1
Oetjen_2018.O:1278,Invar,2
Oetjen_2018.O:1314,Invar,2
Oetjen_2018.O:1333,Invar,2
Oetjen_2018.O:1338,Invar,1
Oetjen_2018.O:1348,Invar,2
Oetjen_2018.O:1376,Invar,1
Oetjen_2018.O:1385,Invar,2
Oetjen_2018.O:1413,Invar,0
Oetjen_2018.O:1418,Invar,0
Oetjen_2018.O:1461,Invar,2
Oetjen_2018.O:1466,Invar,0
Oetjen_2018.O:1541,Invar,2
Oetjen_2018.O:1579,Invar,0
Oetjen_2018.O:1583,Invar,2
Oetjen_2018.O:1617,Invar,2
Oetjen_2018.O:1633,Invar,0
Oetjen_2018.O:1662,Invar,0
Oetjen_2018.O:1696,Invar,2
Oetjen_2018.O:1703,Invar,2
Oetjen_2018.O:1724,Invar,2
Oetjen_2018.O:1729,Invar,2
Oetjen_2018.O:1734,Invar,2
Oetjen_2018.O:1746,Invar,2
Oetjen_2018.O:1782,Invar,2
Oetjen_2018.O:1784,Invar,2
Oetjen_2018.O:1787,Invar,0
Oetjen_2018.O:1796,Invar,0
Oetjen_2018.O:1826,Invar,1
Oetjen_2018.O:1848,Invar,2
Oetjen_2018.O:1880,Invar,0
Oetjen_2018.O:1898,Invar,2
Oetjen_2018.O:1915,Invar,1
Oetjen_2018.O:2010,Invar,2
Oetjen_2018.O:2018,Invar,0
Oetjen_2018.O:2027,Invar,2
Oetjen_2018.O:2084,Invar,2
Oetjen_2018.O:2115,Invar,0
Oetjen_2018.O:2127,Invar,1
Oetjen_2018.O:2205,Invar,2
Oetjen_2018.O:2239,Invar,1
Oetjen_2018.O:2268,Invar,1
Oetjen_2018.O:2277,Invar,2
Oetjen_2018.O:2303,Invar,0
Oetjen_2018.O:2315,Invar,2
Oetjen_2018.O:2329,Invar,2
Oetjen_2018.O:2410,Invar,2
Oetjen_2018.O:2433,Invar,3
Oetjen_2018.O:2490,Invar,0
Oetjen_2018.O:2531,Invar,1
Oetjen_2018.O:2542,Invar,3
Oetjen_2018.O:2625,Invar,2
Oetjen_2018.O:2633,Invar,2
Oetjen_2018.O:2703,Invar,2
Oetjen_2018.O:2706,Invar,2
Oetjen_2018.O:2717,Invar,0
Oetjen_2018.O:2783,Invar,0
Oetjen_2018.O:2807,Invar,2
Oetjen_2018.O:2845,Invar,0
Oetjen_2018.O:2864,Invar,2
Oetjen_2018.O:2920,Invar,0
Oetjen_2018.O:2924,Invar,2
Oetjen_2018.O:2946,Invar,2
Oetjen_2018.O:2954,Invar,2
Oetjen_2018.O:3022,Invar,0
Oetjen_2018.O:3023,Invar,2
Oetjen_2018.O:3030,Invar,0
Oetjen_2018.O:3036,Invar,1
Oetjen_2018.O:3080,Invar,2
Oetjen_2018.O:3093,Invar,0
Oetjen_2018.O:3105,Invar,1
Oetjen_2018.O:3109,Invar,2
Oetjen_2018.O:3149,Invar,0
Oetjen_2018.O:3150,Invar,2
Oetjen_2018.O:3195,Invar,0
Oetjen_2018.O:3232,Invar,0
Oetjen_2018.O:3261,Invar,2
Oetjen_2018.O:3297,Invar,2
Oetjen_2018.O:3328,Invar,2
Oetjen_2018.O:3346,Invar,1
Oetjen_2018.O:3348,Invar,0
Oetjen_2018.O:3395,Invar,0
Oetjen_2018.O:3407,Invar,2
Oetjen_2018.O:3428,Invar,2
Oetjen_2018.O:3470,Invar,2
Oetjen_2018.O:3475,Invar,1
Oetjen_2018.O:3519,Invar,2
Oetjen_2018.O:3527,Invar,0
Oetjen_2018.O:3587,Invar,0
Oetjen_2018.O:3591,Invar,2
Oetjen_2018.O:3608,Invar,2
Oetjen_2018.O:3631,Invar,1
Oetjen_2018.O:3636,Invar,2
Oetjen_2018.O:3639,Invar,1
Oetjen_2018.O:3652,Invar,2
Oetjen_2018.O:3669,Invar,1
Oetjen_2018.O:3674,Invar,2
Oetjen_2018.O:3677,Invar,2
Oetjen_2018.O:3712,Invar,2
Oetjen_2018.O:3738,Invar,1
Oetjen_2018.O:3775,Invar,0
Oetjen_2018.O:3800,Invar,1
Oetjen_2018.O:3824,Invar,0
Oetjen_2018.O:3881,Invar,2
Oetjen_2018.O:3884,Invar,2
Oetjen_2018.O:3937,Invar,2
Oetjen_2018.O:3958,Invar,2
Oetjen_2018.O:3990,Invar,2
Oetjen_2018.O:3993,Invar,2
Oetjen_2018.O:4002,Invar,0
Oetjen_2018.O:4089,Invar,0
Oetjen_2018.O:4152,Invar,2
Oetjen_2018.O:4153,Invar,1
Oetjen_2018.O:4170,Invar,2
Oetjen_2018.O:4239,Invar,3
Oetjen_2018.O:4253,Invar,2
Oetjen_2018.O:4286,Invar,3
Oetjen_2018.O:4304,Invar,2
Oetjen_2018.O:4318,Invar,2
Oetjen_2018.O:4339,Invar,0
Oetjen_2018.O:4377,Invar,2
Oetjen_2018.O:4417,Invar,2
Oetjen_2018.O:4465,Invar,0
Oetjen_2018.O:4467,Invar,2
Oetjen_2018.O:4474,Invar,2
Oetjen_2018.O:4488,Invar,2
Oetjen_2018.O:4511,Invar,2
Oetjen_2018.O:4518,Invar,0
Oetjen_2018.O:4534,Invar,0
Oetjen_2018.O:4536,Invar,2
Oetjen_2018.O:4558,Invar,2
Oetjen_2018.O:4567,Invar,2
Oetjen_2018.O:4583,Invar,2
Oetjen_2018.O:4600,Invar,1
Oetjen_2018.O:4616,Invar,2
Oetjen_2018.O:4633,Invar,3
Oetjen_2018.O:4664,Invar,1
Oetjen_2018.O:4672,Invar,2
Oetjen_2018.O:4679,Invar,2
Oetjen_2018.O:4714,Invar,2
Oetjen_2018.O:4718,Invar,2
Oetjen_2018.O:4735,Invar,2
Oetjen_2018.O:4739,Invar,2
Oetjen_2018.O:4752,Invar,1
Oetjen_2018.O:4800,Invar,2
Oetjen_2018.P:68,Invar,0
Oetjen_2018.P:269,Invar,2
Oetjen_2018.P:607,Invar,0
Oetjen_2018.P:1426,Invar,1
Oetjen_2018.M:44,Invar,2
Oetjen_2018.M:100,Invar,1
Oetjen_2018.M:104,Invar,2
Oetjen_2018.M:136,Invar,0
Oetjen_2018.M:163,Invar,1
Oetjen_2018.M:201,Invar,3
Oetjen_2018.M:246,Invar,1
Oetjen_2018.M:397,Invar,2
Oetjen_2018.M:446,Invar,2
Oetjen_2018.M:497,Invar,2
Oetjen_2018.M:516,Invar,1
Oetjen_2018.M:586,Invar,0
Oetjen_2018.M:592,Invar,3
Oetjen_2018.M:681,Invar,0
Oetjen_2018.M:808,Invar,1
Oetjen_2018.M:906,Invar,2
Oetjen_2018.M:949,Invar,2
Oetjen_2018.M:956,Invar,1
Oetjen_2018.M:1089,Invar,2
Oetjen_2018.M:1113,Invar,1
Oetjen_2018.M:1283,Invar,1
Oetjen_2018.M:1340,Invar,3
Oetjen_2018.M:1411,Invar,2
Oetjen_2018.M:1434,Invar,0
Oetjen_2018.M:1515,Invar,1
Oetjen_2018.M:1537,Invar,3
Oetjen_2018.M:1565,Invar,2
Oetjen_2018.M:1576,Invar,1
Oetjen_2018.M:1689,Invar,1
Oetjen_2018.M:1772,Invar,0
Oetjen_2018.M:1804,Invar,1
Oetjen_2018.M:1847,Invar,1
Oetjen_2018.M:2010,Invar,0
Oetjen_2018.M:2019,Invar,1
Oetjen_2018.M:2039,Invar,3
Oetjen_2018.M:2061,Invar,2
Oetjen_2018.M:2118,Invar,1
Oetjen_2018.M:2176,Invar,1
Oetjen_2018.N:55,Invar,0
Oetjen_2018.N:133,Invar,0
Oetjen_2018.N:160,Invar,0
Oetjen_2018.N:291,Invar,0
Oetjen_2018.N:354,Invar,0
Oetjen_2018.N:355,Invar,0
Oetjen_2018.N:375,Invar,0
Oetjen_2018.N:383,Invar,2
Oetjen_2018.N:519,Invar,0
Oetjen_2018.N:532,Invar,0
Oetjen_2018.N:538,Invar,0
Oetjen_2018.N:561,Invar,1
Oetjen_2018.N:564,Invar,0
Oetjen_2018.N:618,Invar,1
Oetjen_2018.N:662,Invar,0
Oetjen_2018.N:699,Invar,0
Oetjen_2018.N:702,Invar,0
Oetjen_2018.N:777,Invar,0
Oetjen_2018.N:781,Invar,1
Oetjen_2018.N:782,Invar,0
Oetjen_2018.N:808,Invar,0
Oetjen_2018.N:817,Invar,2
Oetjen_2018.N:832,Invar,0
Oetjen_2018.N:834,Invar,0
Oetjen_2018.N:872,Invar,0
Oetjen_2018.N:874,Invar,0
Oetjen_2018.N:876,Invar,0
Oetjen_2018.N:881,Invar,0
Oetjen_2018.N:894,Invar,2
Oetjen_2018.N:899,Invar,1
Oetjen_2018.N:914,Invar,0
Oetjen_2018.N:924,Invar,1
Oetjen_2018.N:936,Invar,0
Oetjen_2018.N:1058,Invar,0
Oetjen_2018.N:1081,Invar,0
Oetjen_2018.N:1094,Invar,2
Oetjen_2018.N:1102,Invar,0
Oetjen_2018.N:1124,Invar,0
Oetjen_2018.N:1154,Invar,0
Oetjen_2018.N:1176,Invar,0
Oetjen_2018.N:1187,Invar,0
Oetjen_2018.N:1337,Invar,0
Oetjen_2018.N:1347,Invar,0
Oetjen_2018.N:1359,Invar,0
Oetjen_2018.N:1403,Invar,2
Oetjen_2018.N:1443,Invar,3
Oetjen_2018.N:1547,Invar,1
Oetjen_2018.N:1576,Invar,1
Oetjen_2018.N:1781,Invar,0
Oetjen_2018.N:1800,Invar,2
Oetjen_2018.N:1830,Invar,0
Oetjen_2018.N:1869,Invar,0
Oetjen_2018.N:1909,Invar,1
Oetjen_2018.N:1951,Invar,2
Oetjen_2018.N:1958,Invar,2
Oetjen_2018.N:2012,Invar,0
Oetjen_2018.N:2052,Invar,0
Oetjen_2018.N:2059,Invar,3
Oetjen_2018.N:2077,Invar,0
Oetjen_2018.N:2099,Invar,0
Oetjen_2018.N:2159,Invar,1
Oetjen_2018.N:2165,Invar,0
Oetjen_2018.N:2219,Invar,2
Oetjen_2018.N:2223,Invar,0
Oetjen_2018.N:2289,Invar,0
Oetjen_2018.N:2296,Invar,0
Oetjen_2018.N:2419,Invar,2
Oetjen_2018.N:2514,Invar,0
Oetjen_2018.N:2565,Invar,0
Oetjen_2018.N:2629,Invar,0
Oetjen_2018.N:2639,Invar,0
Oetjen_2018.N:2644,Invar,0
Oetjen_2018.N:2658,Invar,0
Oetjen_2018.N:2666,Invar,0
Oetjen_2018.N:2689,Invar,2
Oetjen_2018.N:2703,Invar,0
Oetjen_2018.N:2722,Invar,0
Oetjen_2018.N:2727,Invar,3
Oetjen_2018.N:2772,Invar,1
Oetjen_2018.N:2956,Invar,2
Oetjen_2018.N:2982,Invar,1
Oetjen_2018.N:3023,Invar,0
Oetjen_2018.N:3034,Invar,0
Oetjen_2018.N:3058,Invar,3
Oetjen_2018.N:3081,Invar,0
Oetjen_2018.N:3104,Invar,0
Oetjen_2018.N:3195,Invar,1
Oetjen_2018.N:3312,Invar,0
Oetjen_2018.N:3330,Invar,2
Oetjen_2018.N:3378,Invar,0
Oetjen_2018.N:3394,Invar,3
Oetjen_2018.N:3400,Invar,0
Oetjen_2018.N:3433,Invar,1
Oetjen_2018.N:3529,Invar,1
Oetjen_2018.N:3569,Invar,1
Oetjen_2018.N:3585,Invar,0
Oetjen_2018.N:3591,Invar,0
Oetjen_2018.N:3614,Invar,3
Oetjen_2018.N:3712,Invar,0
Oetjen_2018.N:3730,Invar,0
Oetjen_2018.N:3811,Invar,0
Oetjen_2018.N:3859,Invar,0
Oetjen_2018.N:3872,Invar,0
Oetjen_2018.N:3948,Invar,3
Oetjen_2018.N:4024,Invar,0
Oetjen_2018.N:4063,Invar,0
Oetjen_2018.N:4097,Invar,0
Oetjen_2018.N:4100,Invar,2
Oetjen_2018.N:4110,Invar,0
Oetjen_2018.N:4118,Invar,2
Oetjen_2018.N:4128,Invar,2
Oetjen_2018.N:4136,Invar,1
Oetjen_2018.N:4142,Invar,0
Oetjen_2018.Q:34,Invar,0
Oetjen_2018.Q:66,Invar,3
Oetjen_2018.Q:159,Invar,0
Oetjen_2018.Q:172,Invar,3
Oetjen_2018.Q:173,Invar,3
Oetjen_2018.Q:184,Invar,0
Oetjen_2018.Q:215,Invar,3
Oetjen_2018.Q:276,Invar,0
Oetjen_2018.Q:293,Invar,0
Oetjen_2018.Q:338,Invar,3
Oetjen_2018.Q:349,Invar,3
Oetjen_2018.Q:376,Invar,0
Oetjen_2018.Q:406,Invar,0
Oetjen_2018.Q:454,Invar,3
Oetjen_2018.Q:511,Invar,3
Oetjen_2018.Q:529,Invar,1
Oetjen_2018.Q:576,Invar,0
Oetjen_2018.Q:632,Invar,3
Oetjen_2018.Q:635,Invar,3
Oetjen_2018.Q:638,Invar,3
Oetjen_2018.Q:639,Invar,0
Oetjen_2018.Q:654,Invar,3
Oetjen_2018.Q:687,Invar,3
Oetjen_2018.Q:729,Invar,3
Oetjen_2018.Q:746,Invar,1
Oetjen_2018.Q:751,Invar,0
Oetjen_2018.Q:767,Invar,3
Oetjen_2018.Q:820,Invar,0
Oetjen_2018.Q:846,Invar,3
Oetjen_2018.Q:853,Invar,3
Oetjen_2018.Q:860,Invar,3
Oetjen_2018.Q:873,Invar,3
Oetjen_2018.Q:909,Invar,1
Oetjen_2018.Q:925,Invar,3
Oetjen_2018.J:349,Invar,0
Oetjen_2018.J:518,Invar,2
Oetjen_2018.J:725,Invar,0
Oetjen_2018.J:787,Invar,3
Oetjen_2018.J:1151,Invar,0
Oetjen_2018.J:1634,Invar,2
Oetjen_2018.J:1636,Invar,0
Oetjen_2018.J:1994,Invar,0
Oetjen_2018.J:2019,Invar,3
Oetjen_2018.J:2026,Invar,2
Oetjen_2018.J:2160,Invar,3
Oetjen_2018.J:2402,Invar,2
Oetjen_2018.C_T1_S2:51,Invar,3
Oetjen_2018.C_T1_S2:352,Invar,1
Oetjen_2018.C_T1_S2:505,Invar,0
Oetjen_2018.C_T1_S2:541,Invar,3
Oetjen_2018.C_T1_S2:804,Invar,3
Oetjen_2018.C_T1_S2:847,Invar,3
Oetjen_2018.C_T1_S2:861,Invar,0
Oetjen_2018.C_T1_S2:1032,Invar,0
Oetjen_2018.C_T1_S2:1085,Invar,3
Oetjen_2018.A:39,Invar,1
Oetjen_2018.A:148,Invar,2
Oetjen_2018.A:182,Invar,1
Oetjen_2018.A:197,Invar,2
Oetjen_2018.A:203,Invar,2
Oetjen_2018.A:286,Invar,0
Oetjen_2018.A:450,Invar,3
Oetjen_2018.A:517,Invar,1
Oetjen_2018.A:597,Invar,2
Oetjen_2018.A:682,Invar,2
Oetjen_2018.A:687,Invar,1
Oetjen_2018.A:721,Invar,0
Oetjen_2018.A:722,Invar,2
Oetjen_2018.A:926,Invar,2
Oetjen_2018.A:929,Invar,1
Oetjen_2018.A:960,Invar,0
Oetjen_2018.A:978,Invar,0
Oetjen_2018.A:1043,Invar,1
Oetjen_2018.A:1133,Invar,2
Oetjen_2018.A:1251,Invar,2
Oetjen_2018.A:1352,Invar,2
Oetjen_2018.A:1386,Invar,2
Oetjen_2018.A:1391,Invar,1
Oetjen_2018.A:1393,Invar,1
Oetjen_2018.A:1440,Invar,2
Oetjen_2018.A:1451,Invar,0
Oetjen_2018.A:1473,Invar,2
Oetjen_2018.A:1475,Invar,2
Oetjen_2018.A:1518,Invar,0
Oetjen_2018.A:1561,Invar,2
Oetjen_2018.A:1636,Invar,2
Oetjen_2018.A:1750,Invar,0
Oetjen_2018.A:1800,Invar,1
Oetjen_2018.A:1806,Invar,2
Oetjen_2018.A:1885,Invar,1
Oetjen_2018.A:1996,Invar,1
Oetjen_2018.A:2031,Invar,1
Oetjen_2018.A:2068,Invar,2
Oetjen_2018.A:2142,Invar,0
Oetjen_2018.A:2167,Invar,1
Oetjen_2018.A:2202,Invar,0
Oetjen_2018.A:2229,Invar,0
Oetjen_2018.A:2230,Invar,2
Oetjen_2018.A:2371,Invar,2
Oetjen_2018.F:6,Invar,0
Oetjen_2018.F:41,Invar,0
Oetjen_2018.F:146,Invar,1
Oetjen_2018.F:241,Invar,2
Oetjen_2018.F:342,Invar,2
Oetjen_2018.F:431,Invar,0
Oetjen_2018.F:497,Invar,0
Oetjen_2018.F:539,Invar,3
Oetjen_2018.F:854,Invar,0
Oetjen_2018.F:940,Invar,2
Oetjen_2018.F:1003,Invar,0
Oetjen_2018.F:1082,Invar,0
Oetjen_2018.F:1377,Invar,1
Oetjen_2018.F:1389,Invar,3
Oetjen_2018.F:1555,Invar,0
Oetjen_2018.F:1594,Invar,0
Oetjen_2018.F:1697,Invar,0
Oetjen_2018.F:1892,Invar,1
Oetjen_2018.F:2248,Invar,0
Oetjen_2018.F:2576,Invar,0
Oetjen_2018.C_T2:46,Invar,3
Oetjen_2018.C_T2:61,Invar,3
Oetjen_2018.C_T2:103,Invar,3
Oetjen_2018.C_T2:194,Invar,3
Oetjen_2018.C_T2:225,Invar,3
Oetjen_2018.C_T2:260,Invar,3
Oetjen_2018.C_T2:266,Invar,3
Oetjen_2018.C_T2:309,Invar,3
Oetjen_2018.C_T2:348,Invar,3
Oetjen_2018.C_T2:349,Invar,3
Oetjen_2018.C_T2:353,Invar,3
Oetjen_2018.C_T2:376,Invar,3
Oetjen_2018.C_T2:430,Invar,3
Oetjen_2018.C_T2:447,Invar,3
Oetjen_2018.C_T2:527,Invar,3
Oetjen_2018.C_T2:564,Invar,1
Oetjen_2018.C_T2:651,Invar,3
Oetjen_2018.C_T2:654,Invar,3
Oetjen_2018.C_T2:692,Invar,3
Oetjen_2018.S_T2:30,Invar,3
Oetjen_2018.S_T2:46,Invar,3
Oetjen_2018.S_T2:85,Invar,3
Oetjen_2018.S_T2:102,Invar,1
Oetjen_2018.S_T2:117,Invar,3
Oetjen_2018.S_T2:125,Invar,1
Oetjen_2018.S_T2:133,Invar,3
Oetjen_2018.S_T2:178,Invar,1
Oetjen_2018.S_T2:241,Invar,1
Oetjen_2018.S_T2:260,Invar,3
Oetjen_2018.S_T2:289,Invar,1
Oetjen_2018.S_T2:303,Invar,3
Oetjen_2018.S_T2:327,Invar,3
Oetjen_2018.S_T2:407,Invar,3
Oetjen_2018.S_T2:447,Invar,3
Oetjen_2018.S_T2:457,Invar,3
Oetjen_2018.S_T2:477,Invar,3
Oetjen_2018.S_T2:534,Invar,3
Oetjen_2018.S_T2:550,Invar,3
Oetjen_2018.S_T2:565,Invar,3
Oetjen_2018.S_T2:683,Invar,3
Oetjen_2018.S_T2:695,Invar,1
Oetjen_2018.S_T2:712,Invar,3
Oetjen_2018.S_T2:719,Invar,3
Oetjen_2018.S_T2:732,Invar,1
Oetjen_2018.S_T2:741,Invar,3
Oetjen_2018.S_T2:838,Invar,0
Oetjen_2018.S_T2:844,Invar,1
Oetjen_2018.S_T2:884,Invar,3
Oetjen_2018.S_T2:950,Invar,3
Oetjen_2018.S_T2:1003,Invar,3
Oetjen_2018.K:8,Invar,0
Oetjen_2018.K:122,Invar,1
Oetjen_2018.K:244,Invar,0
Oetjen_2018.K:369,Invar,2
Oetjen_2018.K:386,Invar,2
Oetjen_2018.K:388,Invar,0
Oetjen_2018.K:419,Invar,0
Oetjen_2018.K:467,Invar,2
Oetjen_2018.K:513,Invar,1
Oetjen_2018.K:517,Invar,0
Oetjen_2018.K:580,Invar,1
Oetjen_2018.K:592,Invar,2
Oetjen_2018.K:619,Invar,0
Oetjen_2018.K:790,Invar,2
Oetjen_2018.K:807,Invar,2
Oetjen_2018.K:858,Invar,1
Oetjen_2018.K:927,Invar,1
Oetjen_2018.K:941,Invar,1
Oetjen_2018.K:992,Invar,2
Oetjen_2018.K:1034,Invar,2
Oetjen_2018.K:1045,Invar,1
Oetjen_2018.K:1050,Invar,3
Oetjen_2018.K:1112,Invar,1
Oetjen_2018.K:1144,Invar,1
Oetjen_2018.K:1158,Invar,3
Oetjen_2018.K:1221,Invar,0
Oetjen_2018.K:1289,Invar,1
Oetjen_2018.K:1347,Invar,1
Oetjen_2018.K:1439,Invar,1
Oetjen_2018.K:1445,Invar,3
Oetjen_2018.K:1470,Invar,1
Oetjen_2018.K:1535,Invar,0
Oetjen_2018.K:1574,Invar,3
Oetjen_2018.K:1628,Invar,1
Oetjen_2018.K:1641,Invar,0
Oetjen_2018.K:1786,Invar,1
Oetjen_2018.K:1788,Invar,3
Oetjen_2018.K:1929,Invar,1
Oetjen_2018.K:2071,Invar,1
Oetjen_2018.K:2151,Invar,1
Oetjen_2018.K:2180,Invar,1
Oetjen_2018.K:2183,Invar,1
Oetjen_2018.K:2333,Invar,1
Oetjen_2018.K:2547,Invar,1
Oetjen_2018.K:2604,Invar,1
Oetjen_2018.K:2634,Invar,1
Oetjen_2018.K:2728,Invar,2
Oetjen_2018.K:2825,Invar,0
Oetjen_2018.K:2863,Invar,3
Oetjen_2018.K:2935,Invar,1
Oetjen_2018.K:3083,Invar,1
Oetjen_2018.K:3137,Invar,1
Oetjen_2018.K:3212,Invar,0
Oetjen_2018.K:3355,Invar,1
Oetjen_2018.K:3428,Invar,2
Oetjen_2018.K:3467,Invar,0
Oetjen_2018.K:3469,Invar,0
Oetjen_2018.K:3533,Invar,1
Oetjen_2018.K:3540,Invar,1
Oetjen_2018.K:3580,Invar,3
Oetjen_2018.K:3609,Invar,2
Oetjen_2018.K:3656,Invar,1
Oetjen_2018.K:3686,Invar,2
Oetjen_2018.K:3707,Invar,1
Oetjen_2018.K:3851,Invar,0
Oetjen_2018.K:4012,Invar,3
Oetjen_2018.K:4101,Invar,1
Oetjen_2018.K:4170,Invar,3
Oetjen_2018.K:4192,Invar,1
Oetjen_2018.K:4217,Invar,1
Oetjen_2018.K:4280,Invar,3
Oetjen_2018.K:4331,Invar,1
Oetjen_2018.K:4387,Invar,3
Oetjen_2018.K:4401,Invar,2
Oetjen_2018.K:4419,Invar,0
Oetjen_2018.K:4421,Invar,2
Oetjen_2018.K:4490,Invar,1
Oetjen_2018.K:4497,Invar,1
Oetjen_2018.K:4516,Invar,2
Oetjen_2018.K:4554,Invar,0
Oetjen_2018.K:4575,Invar,1
Oetjen_2018.K:4592,Invar,3
Oetjen_2018.K:4615,Invar,0
Oetjen_2018.K:4636,Invar,1
Oetjen_2018.K:4743,Invar,0
Oetjen_2018.K:4786,Invar,2
Oetjen_2018.K:5148,Invar,1
Oetjen_2018.K:5149,Invar,1
Oetjen_2018.K:5205,Invar,1
Oetjen_2018.K:5243,Invar,1
Oetjen_2018.K:5294,Invar,1
Oetjen_2018.K:5300,Invar,1
Oetjen_2018.K:5320,Invar,0
Oetjen_2018.K:5415,Invar,1
Oetjen_2018.K:5416,Invar,2
Oetjen_2018.K:5442,Invar,1
Oetjen_2018.K:5533,Invar,1
Oetjen_2018.K:5582,Invar,0
Oetjen_2018.K:5630,Invar,2
Oetjen_2018.K:5660,Invar,0
Oetjen_2018.K:5661,Invar,3
Oetjen_2018.K:5678,Invar,1
Oetjen_2018.K:5689,Invar,3
Oetjen_2018.K:5775,Invar,2
Oetjen_2018.K:6035,Invar,1
Oetjen_2018.K:6107,Invar,1
Oetjen_2018.K:6134,Invar,2
Oetjen_2018.K:6203,Invar,3
Oetjen_2018.K:6359,Invar,1
Oetjen_2018.K:6361,Invar,1
Oetjen_2018.K:6381,Invar,2
Oetjen_2018.K:6575,Invar,2
Oetjen_2018.K:6615,Invar,0
Oetjen_2018.K:6647,Invar,1
Oetjen_2018.K:6658,Invar,2
Oetjen_2018.K:6666,Invar,1
Oetjen_2018.K:6775,Invar,1
Oetjen_2018.K:6807,Invar,3
Oetjen_2018.K:6818,Invar,1
Oetjen_2018.K:6847,Invar,2
Oetjen_2018.E:29,Invar,3
Oetjen_2018.E:78,Invar,3
Oetjen_2018.E:97,Invar,3
Oetjen_2018.E:164,Invar,2
Oetjen_2018.E:175,Invar,3
Oetjen_2018.E:189,Invar,3
Oetjen_2018.E:217,Invar,1
Oetjen_2018.E:317,Invar,3
Oetjen_2018.E:322,Invar,3
Oetjen_2018.E:414,Invar,3
Oetjen_2018.E:448,Invar,3
Oetjen_2018.E:562,Invar,3
Oetjen_2018.E:568,Invar,3
Oetjen_2018.E:619,Invar,3
Oetjen_2018.E:707,Invar,3
Oetjen_2018.E:718,Invar,3
Oetjen_2018.E:722,Invar,3
Oetjen_2018.E:724,Invar,3
Oetjen_2018.E:824,Invar,3
Oetjen_2018.E:843,Invar,3
Oetjen_2018.E:899,Invar,3
Oetjen_2018.E:914,Invar,3
Oetjen_2018.E:931,Invar,3
Oetjen_2018.E:936,Invar,3
Oetjen_2018.E:948,Invar,3
Oetjen_2018.E:981,Invar,3
Oetjen_2018.E:1179,Invar,3
Oetjen_2018.E:1237,Invar,3
Oetjen_2018.E:1377,Invar,3
Oetjen_2018.E:1399,Invar,1
Oetjen_2018.E:1456,Invar,3
Oetjen_2018.E:1540,Invar,3
Oetjen_2018.E:1547,Invar,3
Oetjen_2018.E:1588,Invar,3
Oetjen_2018.E:1596,Invar,3
Oetjen_2018.E:1604,Invar,3
Oetjen_2018.E:1620,Invar,3
Oetjen_2018.E:1658,Invar,3
Oetjen_2018.E:1677,Invar,3
Oetjen_2018.E:1693,Invar,3
Oetjen_2018.E:1702,Invar,3
Oetjen_2018.E:1712,Invar,1
Oetjen_2018.S_T1:2292,Invar,1
Oetjen_2018.S_T1:2321,Invar,1
Oetjen_2018.S_T1:2470,Invar,3
Oetjen_2018.S_T1:2999,Invar,3
Oetjen_2018.S_T1:3154,Invar,3
Oetjen_2018.S_T2:1032,Invar,0
Oetjen_2018.S_T2:1074,Invar,1
Oetjen_2018.S_T2:1076,Invar,3
Oetjen_2018.S_T2:1118,Invar,1
Oetjen_2018.S_T2:1146,Invar,1
Oetjen_2018.S_T2:1263,Invar,3
Oetjen_2018.S_T2:1288,Invar,0
Oetjen_2018.S_T2:1315,Invar,3
Oetjen_2018.S_T2:1354,Invar,3
Oetjen_2018.S_T2:1530,Invar,3
Oetjen_2018.S_T2:1535,Invar,0
Oetjen_2018.S_T2:1569,Invar,0
Oetjen_2018.S_T2:1574,Invar,3
Oetjen_2018.S_T2:1577,Invar,3
Oetjen_2018.S_T2:1582,Invar,1
Oetjen_2018.S_T2:1599,Invar,1
Oetjen_2018.S_T2:1610,Invar,3
Oetjen_2018.S_T2:1631,Invar,3
Oetjen_2018.S_T2:1646,Invar,3
Oetjen_2018.S_T2:1700,Invar,3
Oetjen_2018.S_T2:1721,Invar,3
Oetjen_2018.S_T2:1781,Invar,1
Oetjen_2018.S_T2:1787,Invar,3
Oetjen_2018.S_T2:1822,Invar,3
Oetjen_2018.S_T2:1837,Invar,1
Oetjen_2018.S_T2:1891,Invar,3
Oetjen_2018.S_T2:1901,Invar,3
Oetjen_2018.S_T2:1921,Invar,3
Oetjen_2018.S_T2:1942,Invar,3
Oetjen_2018.S_T2:1993,Invar,3
Oetjen_2018.S_T2:2001,Invar,3
Oetjen_2018.S_T2:2025,Invar,3
Oetjen_2018.S_T2:2029,Invar,3
Oetjen_2018.S_T2:2042,Invar,3
Oetjen_2018.S_T2:2081,Invar,1
Oetjen_2018.S_T2:2132,Invar,3
Oetjen_2018.S_T2:2145,Invar,3
Oetjen_2018.S_T2:2157,Invar,1
Oetjen_2018.S_T2:2223,Invar,3
Oetjen_2018.S_T2:2225,Invar,3
Oetjen_2018.S_T2:2263,Invar,3
Oetjen_2018.S_T2:2313,Invar,3
Oetjen_2018.S_T2:2319,Invar,0
Oetjen_2018.S_T2:2323,Invar,3
Oetjen_2018.S_T2:2356,Invar,3
Oetjen_2018.S_T2:2381,Invar,3
Oetjen_2018.S_T2:2470,Invar,3
Oetjen_2018.S_T2:2507,Invar,3
Oetjen_2018.S_T2:2536,Invar,3
Oetjen_2018.S_T2:2581,Invar,3
Oetjen_2018.S_T2:2610,Invar,3
Oetjen_2018.S_T2:2617,Invar,3
Oetjen_2018.S_T2:2668,Invar,3
Oetjen_2018.S_T2:2693,Invar,3
Oetjen_2018.S_T2:2717,Invar,3
Oetjen_2018.S_T2:2822,Invar,3
Oetjen_2018.S_T2:2860,Invar,0
Oetjen_2018.S_T2:2928,Invar,3
Oetjen_2018.S_T2:2937,Invar,3
Oetjen_2018.S_T2:3013,Invar,3
Oetjen_2018.S_T2:3067,Invar,3
Oetjen_2018.S_T2:3106,Invar,3
Oetjen_2018.S_T2:3141,Invar,3
Oetjen_2018.S_T2:3158,Invar,3
Oetjen_2018.S_T2:3266,Invar,3
Oetjen_2018.S_T2:3279,Invar,3
Oetjen_2018.S_T2:3283,Invar,3
Oetjen_2018.S_T2:3320,Invar,0
Oetjen_2018.S_T2:3343,Invar,3
Oetjen_2018.S_T2:3364,Invar,3
Oetjen_2018.S_T2:3398,Invar,3
Oetjen_2018.S_T2:3401,Invar,3
Oetjen_2018.S_T2:3457,Invar,3
Oetjen_2018.S_T2:3503,Invar,3
Oetjen_2018.S_T2:3522,Invar,3
Oetjen_2018.S_T2:3529,Invar,3
Oetjen_2018.S_T2:3556,Invar,1
Oetjen_2018.S_T2:3557,Invar,3
Oetjen_2018.S_T2:3595,Invar,0
Oetjen_2018.S_T2:3607,Invar,3
Oetjen_2018.S_T2:3608,Invar,3
Oetjen_2018.S_T2:3628,Invar,3
Oetjen_2018.S_T2:3653,Invar,3
Oetjen_2018.S_T2:3732,Invar,3
Oetjen_2018.S_T2:3765,Invar,3
Oetjen_2018.S_T2:3854,Invar,3
Oetjen_2018.S_T2:3881,Invar,3
Oetjen_2018.S_T2:3891,Invar,3
Oetjen_2018.S_T2:3931,Invar,3
Oetjen_2018.S_T2:3949,Invar,3
Oetjen_2018.S_T2:3959,Invar,3
Oetjen_2018.S_T2:3963,Invar,1
Oetjen_2018.S_T2:3965,Invar,3
Oetjen_2018.S_T2:3971,Invar,0
Oetjen_2018.S_T2:4007,Invar,3
Oetjen_2018.S_T2:4076,Invar,3
Oetjen_2018.S_T2:4182,Invar,0
Oetjen_2018.S_T2:4186,Invar,3
Oetjen_2018.S_T2:4207,Invar,0
Oetjen_2018.S_T2:4243,Invar,3
Oetjen_2018.S_T2:4250,Invar,3
Oetjen_2018.S_T2:4254,Invar,3
Oetjen_2018.S_T2:4312,Invar,1
Oetjen_2018.S_T2:4357,Invar,1
Oetjen_2018.S_T2:4395,Invar,1
Oetjen_2018.S_T2:4424,Invar,3
Oetjen_2018.S_T2:4447,Invar,1
Oetjen_2018.S_T2:4454,Invar,3
Oetjen_2018.S_T2:4476,Invar,3
Oetjen_2018.S_T2:4478,Invar,3
Oetjen_2018.S_T2:4484,Invar,3
Oetjen_2018.S_T2:4509,Invar,1
Oetjen_2018.S_T2:4541,Invar,0
Oetjen_2018.S_T2:4595,Invar,3
Oetjen_2018.S_T2:4647,Invar,0
Oetjen_2018.S_T2:4657,Invar,3
Oetjen_2018.S_T2:4672,Invar,1
Oetjen_2018.S_T2:4703,Invar,0
Oetjen_2018.S_T2:4737,Invar,0
Oetjen_2018.S_T2:4760,Invar,3
Oetjen_2018.S_T2:4780,Invar,1
Oetjen_2018.S_T2:4798,Invar,1
Oetjen_2018.S_T2:4825,Invar,3
Oetjen_2018.S_T2:4848,Invar,3
Oetjen_2018.S_T2:4882,Invar,0
Oetjen_2018.S_T2:4924,Invar,3
Oetjen_2018.S_T2:4955,Invar,3
Oetjen_2018.S_T2:4991,Invar,3
Oetjen_2018.S_T2:5043,Invar,3
Oetjen_2018.S_T2:5046,Invar,3
Oetjen_2018.S_T2:5063,Invar,3
Oetjen_2018.S_T2:5085,Invar,3
Oetjen_2018.S_T2:5214,Invar,3
Oetjen_2018.S_T2:5232,Invar,3
Oetjen_2018.S_T2:5241,Invar,3
Oetjen_2018.S_T2:5251,Invar,3
Oetjen_2018.S_T2:5256,Invar,3
Oetjen_2018.S_T2:5267,Invar,3
Oetjen_2018.S_T2:5299,Invar,3
Oetjen_2018.S_T2:5346,Invar,3
Oetjen_2018.S_T2:5354,Invar,3
Oetjen_2018.S_T2:5357,Invar,3
Oetjen_2018.S_T2:5363,Invar,3
Oetjen_2018.S_T2:5405,Invar,3
Oetjen_2018.S_T2:5434,Invar,3
Oetjen_2018.S_T2:5445,Invar,3
Oetjen_2018.S_T2:5449,Invar,3
Oetjen_2018.S_T2:5454,Invar,3
Oetjen_2018.S_T2:5543,Invar,1
Oetjen_2018.S_T2:5580,Invar,3
Oetjen_2018.H:35,Invar,3
Oetjen_2018.H:84,Invar,3
Oetjen_2018.H:149,Invar,0
Oetjen_2018.H:388,Invar,0
Oetjen_2018.H:555,Invar,0
Oetjen_2018.H:700,Invar,0
Oetjen_2018.H:806,Invar,0
Oetjen_2018.H:840,Invar,0
Oetjen_2018.H:908,Invar,1
Oetjen_2018.H:988,Invar,0
Oetjen_2018.H:1238,Invar,1
Oetjen_2018.H:1240,Invar,0
Oetjen_2018.H:1248,Invar,0
Oetjen_2018.H:1262,Invar,0
Oetjen_2018.H:1289,Invar,0
Oetjen_2018.H:1310,Invar,0
Oetjen_2018.H:1344,Invar,0
Oetjen_2018.H:1364,Invar,0
Oetjen_2018.H:1410,Invar,2
Oetjen_2018.H:1459,Invar,0
Oetjen_2018.H:1722,Invar,2
Oetjen_2018.H:1978,Invar,0
Oetjen_2018.H:2074,Invar,0
Oetjen_2018.H:2115,Invar,0
Oetjen_2018.H:2191,Invar,0
Oetjen_2018.H:2298,Invar,1
Oetjen_2018.H:2315,Invar,0
Oetjen_2018.H:2340,Invar,0
Oetjen_2018.H:2432,Invar,0
Oetjen_2018.H:2503,Invar,0
Oetjen_2018.H:2510,Invar,0
Oetjen_2018.H:2535,Invar,0
Oetjen_2018.H:2537,Invar,2
Oetjen_2018.H:2743,Invar,0
Oetjen_2018.H:2803,Invar,0
Oetjen_2018.H:2809,Invar,2
Oetjen_2018.H:2838,Invar,1
Oetjen_2018.H:2842,Invar,0
Oetjen_2018.H:2919,Invar,0
Oetjen_2018.H:2999,Invar,0
Oetjen_2018.H:3102,Invar,0
Oetjen_2018.H:3242,Invar,2
Oetjen_2018.H:3347,Invar,0
Oetjen_2018.R:16,Invar,0
Oetjen_2018.R:114,Invar,0
Oetjen_2018.R:138,Invar,2
Oetjen_2018.R:150,Invar,1
Oetjen_2018.R:172,Invar,3
Oetjen_2018.R:229,Invar,3
Oetjen_2018.R:263,Invar,3
Oetjen_2018.R:287,Invar,0
Oetjen_2018.R:358,Invar,2
Oetjen_2018.R:436,Invar,3
Oetjen_2018.R:448,Invar,1
Oetjen_2018.R:470,Invar,0
Oetjen_2018.R:525,Invar,3
Oetjen_2018.R:619,Invar,3
Oetjen_2018.R:670,Invar,3
Oetjen_2018.R:681,Invar,1
Oetjen_2018.R:753,Invar,1
Oetjen_2018.R:764,Invar,0
Oetjen_2018.R:809,Invar,3
Oetjen_2018.R:832,Invar,3
Oetjen_2018.R:896,Invar,1
Oetjen_2018.R:921,Invar,3
Oetjen_2018.R:922,Invar,2
Oetjen_2018.R:1046,Invar,3
Oetjen_2018.R:1059,Invar,2
Oetjen_2018.R:1079,Invar,0
Oetjen_2018.R:1115,Invar,0
Oetjen_2018.R:1312,Invar,3
Oetjen_2018.R:1316,Invar,3
Oetjen_2018.R:1358,Invar,3
Oetjen_2018.R:1360,Invar,3
Oetjen_2018.R:1363,Invar,2
Oetjen_2018.R:1533,Invar,3
Oetjen_2018.R:1552,Invar,0
Oetjen_2018.R:1599,Invar,3
Oetjen_2018.R:1645,Invar,3
Oetjen_2018.R:1648,Invar,3
Oetjen_2018.R:1666,Invar,3
Oetjen_2018.R:1673,Invar,3
Oetjen_2018.R:1796,Invar,1
Oetjen_2018.R:1896,Invar,3
Oetjen_2018.R:1905,Invar,0
Oetjen_2018.R:1957,Invar,0
Oetjen_2018.R:2099,Invar,2
Oetjen_2018.R:2176,Invar,3
Oetjen_2018.R:2198,Invar,3
Oetjen_2018.R:2225,Invar,3
Oetjen_2018.R:2234,Invar,1
Oetjen_2018.R:2265,Invar,3
Oetjen_2018.R:2299,Invar,1
Bailur_2019.mgus14:173,Invar,1
Bailur_2019.mgus14:380,Invar,0
Bailur_2019.mgus14:510,Invar,2
Bailur_2019.mgus14:615,Invar,3
Bailur_2019.mgus14:1131,Invar,3
Bailur_2019.mgus14:1382,Invar,1
Bailur_2019.mgus14:1398,Invar,3
Bailur_2019.mgus14:1428,Invar,2
Bailur_2019.mgus14:1598,Invar,3
Bailur_2019.mgus14:2012,Invar,2
Bailur_2019.mgus14:2027,Invar,2
Bailur_2019.mgus14:2055,Invar,3
Bailur_2019.mgus14:2177,Invar,1
Bailur_2019.mgus13:217,Invar,0
Bailur_2019.mgus13:296,Invar,2
Bailur_2019.mgus13:395,Invar,2
Bailur_2019.mgus13:608,Invar,2
Bailur_2019.mgus13:796,Invar,2
Bailur_2019.mgus13:810,Invar,2
Bailur_2019.mgus13:925,Invar,3
Bailur_2019.mgus13:1010,Invar,0
Bailur_2019.mgus13:1081,Invar,2
Bailur_2019.mgus13:1125,Invar,1
Bailur_2019.mgus13:1179,Invar,2
Bailur_2019.mgus13:1240,Invar,2
Bailur_2019.mgus13:1323,Invar,2
Bailur_2019.mgus13:1385,Invar,2
Bailur_2019.mgus13:1893,Invar,0
Bailur_2019.mgus13:2257,Invar,2
Bailur_2019.mgus13:2263,Invar,2
Bailur_2019.mgus13:2470,Invar,3
Bailur_2019.mgus13:2502,Invar,2
Bailur_2019.mm2:460,Invar,3
Bailur_2019.mm2:625,Invar,0
Bailur_2019.mm2:814,Invar,1
Bailur_2019.mm2:856,Invar,0
Bailur_2019.mm2:1043,Invar,0
Bailur_2019.mm2:1122,Invar,0
Bailur_2019.mgus4:27,Invar,0
Bailur_2019.mgus4:220,Invar,1
Bailur_2019.mgus4:522,Invar,1
Bailur_2019.mgus4:1018,Invar,1
Bailur_2019.mgus4:1121,Invar,3
Bailur_2019.mgus4:1386,Invar,1
Bailur_2019.mgus4:1404,Invar,1
Bailur_2019.mm5:69,Invar,3
Bailur_2019.mm5:515,Invar,1
Bailur_2019.mgus3:17,Invar,0
Bailur_2019.mgus3:319,Invar,1
Bailur_2019.mgus3:379,Invar,0
Bailur_2019.mgus3:700,Invar,1
Bailur_2019.mgus3:792,Invar,1
Bailur_2019.mgus3:952,Invar,1
Bailur_2019.mgus3:1049,Invar,1
Bailur_2019.mgus3:1431,Invar,1
Bailur_2019.mm4:3,Invar,0
Bailur_2019.mm4:1037,Invar,1
Bailur_2019.mm4:1933,Invar,0
Bailur_2019.mgus2:8,Invar,1
Bailur_2019.mgus2:182,Invar,1
Bailur_2019.mm3:4,Invar,0
Bailur_2019.mm3:31,Invar,0
Bailur_2019.mm3:63,Invar,0
Bailur_2019.mm3:92,Invar,0
Bailur_2019.mm3:125,Invar,0
Bailur_2019.mm3:169,Invar,0
Bailur_2019.mm3:196,Invar,0
Bailur_2019.mm3:216,Invar,0
Bailur_2019.mm3:236,Invar,0
Bailur_2019.mm3:237,Invar,0
Bailur_2019.mm3:273,Invar,1
Bailur_2019.mm3:281,Invar,0
Bailur_2019.mm3:289,Invar,1
Bailur_2019.mm3:296,Invar,1
Bailur_2019.mm3:310,Invar,0
Bailur_2019.mm3:340,Invar,0
Bailur_2019.mm3:351,Invar,0
Bailur_2019.mm3:471,Invar,0
Bailur_2019.mm3:472,Invar,0
Bailur_2019.mm3:533,Invar,1
Bailur_2019.mm3:541,Invar,0
Bailur_2019.mm3:550,Invar,0
Bailur_2019.mm3:622,Invar,0
Bailur_2019.mm3:637,Invar,0
Bailur_2019.mm3:640,Invar,0
Bailur_2019.mm3:686,Invar,1
Bailur_2019.mm3:691,Invar,0
Bailur_2019.mm3:697,Invar,1
Bailur_2019.mm3:728,Invar,0
Bailur_2019.mm3:732,Invar,1
Bailur_2019.mm3:740,Invar,0
Bailur_2019.mm3:760,Invar,0
Bailur_2019.mm3:777,Invar,0
Bailur_2019.mm3:784,Invar,0
Bailur_2019.mm3:832,Invar,0
Bailur_2019.mm3:835,Invar,1
Bailur_2019.mm3:843,Invar,1
Bailur_2019.mm3:860,Invar,0
Bailur_2019.mm3:872,Invar,0
Bailur_2019.mm3:891,Invar,0
Bailur_2019.mm3:908,Invar,1
Bailur_2019.mm3:954,Invar,0
Bailur_2019.mm3:968,Invar,1
Bailur_2019.mm3:1102,Invar,0
Bailur_2019.mm3:1140,Invar,0
Bailur_2019.mm3:1141,Invar,1
Bailur_2019.mm3:1147,Invar,0
Bailur_2019.mm3:1157,Invar,0
Bailur_2019.mm3:1160,Invar,0
Bailur_2019.mm3:1185,Invar,0
Bailur_2019.mm3:1197,Invar,1
Bailur_2019.mm3:1244,Invar,0
Bailur_2019.mm3:1249,Invar,0
Bailur_2019.mm3:1261,Invar,1
Bailur_2019.mm3:1270,Invar,0
Bailur_2019.mm3:1279,Invar,0
Bailur_2019.mm3:1307,Invar,0
Bailur_2019.mgus5:18,Invar,0
Bailur_2019.mgus5:56,Invar,0
Bailur_2019.mgus5:136,Invar,3
Bailur_2019.mgus5:257,Invar,0
Bailur_2019.mgus5:376,Invar,1
Bailur_2019.mgus5:397,Invar,0
Bailur_2019.mgus5:691,Invar,1
Bailur_2019.mgus5:844,Invar,1
Bailur_2019.mgus5:933,Invar,0
Bailur_2019.mgus5:1484,Invar,1
Bailur_2019.mgus5:1676,Invar,1
Bailur_2019.mgus5:1937,Invar,0
Bailur_2019.mgus5:1986,Invar,1
Bailur_2019.mgus12:18,Invar,1
Bailur_2019.mgus12:72,Invar,1
Bailur_2019.mgus12:130,Invar,1
Bailur_2019.mgus12:181,Invar,1
Bailur_2019.mgus12:255,Invar,0
Bailur_2019.mgus12:313,Invar,2
Bailur_2019.mgus12:367,Invar,0
Bailur_2019.mgus12:385,Invar,1
Bailur_2019.mgus12:398,Invar,1
Bailur_2019.mgus12:446,Invar,0
Bailur_2019.mgus12:469,Invar,1
Bailur_2019.mgus12:490,Invar,1
Bailur_2019.mgus12:509,Invar,0
Bailur_2019.mgus12:532,Invar,0
Bailur_2019.mgus12:588,Invar,1
Bailur_2019.mgus12:595,Invar,0
Bailur_2019.mgus12:596,Invar,0
Bailur_2019.mgus12:715,Invar,1
Bailur_2019.mgus12:765,Invar,3
Bailur_2019.mgus12:893,Invar,1
Bailur_2019.mgus12:947,Invar,1
Bailur_2019.mgus12:994,Invar,0
Bailur_2019.mgus12:1017,Invar,1
Bailur_2019.mgus12:1032,Invar,0
Bailur_2019.mgus12:1035,Invar,0
Bailur_2019.mgus12:1121,Invar,0
Bailur_2019.mgus12:1172,Invar,2
Bailur_2019.mgus12:1182,Invar,1
Bailur_2019.mgus12:1187,Invar,1
Bailur_2019.mgus12:1221,Invar,1
Bailur_2019.mgus12:1233,Invar,0
Bailur_2019.mgus12:1268,Invar,0
Bailur_2019.mgus12:1301,Invar,1
Bailur_2019.mgus12:1333,Invar,0
Bailur_2019.mgus12:1427,Invar,1
Bailur_2019.mgus12:1453,Invar,0
Bailur_2019.mgus12:1455,Invar,1
Bailur_2019.mgus12:1480,Invar,0
Bailur_2019.mgus12:1524,Invar,1
Bailur_2019.mgus12:1576,Invar,1
Bailur_2019.mgus12:1642,Invar,0
Bailur_2019.mgus12:1651,Invar,1
Bailur_2019.mgus12:1843,Invar,1
Bailur_2019.mgus12:1866,Invar,1
Bailur_2019.mgus12:1868,Invar,0
Bailur_2019.mgus12:1874,Invar,1
Bailur_2019.mgus12:1940,Invar,1
Bailur_2019.mgus12:1948,Invar,0
Bailur_2019.mgus12:1977,Invar,0
Bailur_2019.hd1:17,Invar,0
Bailur_2019.hd1:98,Invar,0
Bailur_2019.hd1:112,Invar,1
Bailur_2019.hd1:162,Invar,1
Bailur_2019.hd1:350,Invar,0
Bailur_2019.hd1:423,Invar,0
Bailur_2019.hd1:432,Invar,1
Bailur_2019.hd1:467,Invar,0
Bailur_2019.hd1:492,Invar,1
Bailur_2019.hd1:504,Invar,0
Bailur_2019.hd1:554,Invar,0
Bailur_2019.hd1:559,Invar,0
Bailur_2019.hd1:615,Invar,0
Bailur_2019.hd1:659,Invar,0
Bailur_2019.hd1:662,Invar,0
Bailur_2019.hd1:695,Invar,1
Bailur_2019.hd1:817,Invar,0
Bailur_2019.hd1:870,Invar,0
Bailur_2019.hd1:911,Invar,0
Bailur_2019.hd1:984,Invar,0
Bailur_2019.hd1:1046,Invar,0
Bailur_2019.hd1:1071,Invar,0
Bailur_2019.hd1:1081,Invar,1
Bailur_2019.hd6:4,Invar,1
Bailur_2019.hd6:34,Invar,1
Bailur_2019.hd6:91,Invar,1
Bailur_2019.hd6:155,Invar,1
Bailur_2019.hd6:201,Invar,0
Bailur_2019.hd6:278,Invar,1
Bailur_2019.hd6:376,Invar,1
Bailur_2019.hd6:405,Invar,1
Bailur_2019.hd6:505,Invar,0
Bailur_2019.hd6:514,Invar,1
Bailur_2019.hd6:548,Invar,0
Bailur_2019.hd6:555,Invar,1
Bailur_2019.hd6:565,Invar,3
Bailur_2019.hd6:566,Invar,1
Bailur_2019.hd6:623,Invar,1
Bailur_2019.hd6:636,Invar,3
Bailur_2019.hd6:678,Invar,3
Bailur_2019.hd6:758,Invar,1
Bailur_2019.hd6:764,Invar,1
Bailur_2019.hd6:767,Invar,1
Bailur_2019.hd6:811,Invar,1
Bailur_2019.hd6:866,Invar,1
Bailur_2019.hd6:944,Invar,3
Bailur_2019.hd6:950,Invar,1
Bailur_2019.hd6:965,Invar,1
Bailur_2019.hd6:972,Invar,3
Bailur_2019.hd6:1040,Invar,1
Bailur_2019.hd6:1055,Invar,1
Bailur_2019.hd6:1143,Invar,3
Bailur_2019.hd6:1214,Invar,0
Bailur_2019.hd6:1235,Invar,1
Bailur_2019.hd6:1263,Invar,1
Bailur_2019.hd6:1290,Invar,1
Bailur_2019.hd6:1294,Invar,1
Bailur_2019.hd6:1336,Invar,1
Bailur_2019.hd8:102,Invar,1
Bailur_2019.hd8:208,Invar,0
Bailur_2019.hd8:241,Invar,0
Bailur_2019.hd8:335,Invar,0
Bailur_2019.hd8:442,Invar,0
Bailur_2019.hd8:641,Invar,0
Bailur_2019.hd8:670,Invar,0
Bailur_2019.hd8:722,Invar,0
Bailur_2019.hd8:799,Invar,0
Bailur_2019.hd8:821,Invar,1
Bailur_2019.hd8:878,Invar,0
Bailur_2019.hd8:932,Invar,0
Bailur_2019.hd8:944,Invar,1
Bailur_2019.hd8:975,Invar,1
Bailur_2019.hd8:1033,Invar,1
Bailur_2019.hd8:1132,Invar,1
Bailur_2019.hd8:1137,Invar,0
Bailur_2019.hd8:1206,Invar,0
Bailur_2019.hd8:1382,Invar,0
Bailur_2019.hd8:1388,Invar,0
Bailur_2019.hd8:1413,Invar,0
Bailur_2019.hd8:1427,Invar,0
Bailur_2019.hd8:1430,Invar,1
Bailur_2019.hd8:1480,Invar,0
Bailur_2019.hd8:1530,Invar,0
Bailur_2019.hd8:1587,Invar,1
Bailur_2019.hd8:1646,Invar,1
Bailur_2019.hd7:19,Invar,1
Bailur_2019.hd7:142,Invar,1
Bailur_2019.hd7:159,Invar,2
Bailur_2019.hd7:226,Invar,1
Bailur_2019.hd7:318,Invar,1
Bailur_2019.hd7:341,Invar,0
Bailur_2019.hd7:519,Invar,3
Bailur_2019.hd7:600,Invar,1
Bailur_2019.hd7:601,Invar,1
Bailur_2019.hd7:628,Invar,1
Bailur_2019.hd7:654,Invar,1
Bailur_2019.hd7:1043,Invar,3
Bailur_2019.hd7:1069,Invar,1
Bailur_2019.hd7:1109,Invar,3
Bailur_2019.hd7:1243,Invar,1
Bailur_2019.hd7:1524,Invar,3
Bailur_2019.hd7:1528,Invar,3
Bailur_2019.hd7:1575,Invar,1
Bailur_2019.hd7:1604,Invar,2
Bailur_2019.hd7:1678,Invar,1
Bailur_2019.hd7:1756,Invar,1
Bailur_2019.hd7:1878,Invar,1
Bailur_2019.hd7:1921,Invar,1
Bailur_2019.mm11:3,Invar,0
Bailur_2019.mm11:1062,Invar,1
Bailur_2019.mm11:1967,Invar,0
Bailur_2019.mgus10:248,Invar,0
Bailur_2019.mgus10:898,Invar,2
Bailur_2019.mgus10:1357,Invar,2
Bailur_2019.mm8:375,Invar,1
Bailur_2019.mgus9:6,Invar,2
Bailur_2019.mgus9:30,Invar,2
Bailur_2019.mgus9:32,Invar,2
Bailur_2019.mgus9:81,Invar,2
Bailur_2019.mgus9:130,Invar,2
Bailur_2019.mgus9:145,Invar,2
Bailur_2019.mgus9:156,Invar,2
Bailur_2019.mgus9:176,Invar,2
Bailur_2019.mgus9:189,Invar,2
Bailur_2019.mgus9:190,Invar,2
Bailur_2019.mgus9:200,Invar,2
Bailur_2019.mgus9:212,Invar,2
Bailur_2019.mgus9:216,Invar,2
Bailur_2019.mgus9:218,Invar,2
Bailur_2019.mgus9:240,Invar,2
Bailur_2019.mgus9:243,Invar,2
Bailur_2019.mgus9:259,Invar,2
Bailur_2019.mgus9:267,Invar,2
Bailur_2019.mgus9:281,Invar,2
Bailur_2019.mgus9:283,Invar,2
Bailur_2019.mgus9:295,Invar,2
Bailur_2019.mgus9:309,Invar,2
Bailur_2019.mgus9:323,Invar,2
Bailur_2019.mgus9:327,Invar,2
Bailur_2019.mgus9:332,Invar,2
Bailur_2019.mgus9:348,Invar,2
Bailur_2019.mgus9:386,Invar,2
Bailur_2019.mgus9:395,Invar,2
Bailur_2019.mgus9:418,Invar,2
Bailur_2019.mgus9:425,Invar,2
Bailur_2019.mgus9:430,Invar,2
Bailur_2019.mgus9:466,Invar,2
Bailur_2019.mgus9:491,Invar,2
Bailur_2019.mgus9:496,Invar,3
Bailur_2019.mgus9:517,Invar,2
Bailur_2019.mgus9:530,Invar,2
Bailur_2019.mgus9:555,Invar,2
Bailur_2019.mgus9:594,Invar,2
Bailur_2019.mgus9:604,Invar,2
Bailur_2019.mgus9:613,Invar,2
Bailur_2019.mgus9:632,Invar,2
Bailur_2019.mgus9:636,Invar,2
Bailur_2019.mgus9:640,Invar,2
Bailur_2019.mgus9:645,Invar,2
Bailur_2019.mgus9:656,Invar,2
Bailur_2019.mgus9:660,Invar,2
Bailur_2019.mgus9:668,Invar,2
Bailur_2019.mgus9:672,Invar,2
Bailur_2019.mgus9:694,Invar,2
Bailur_2019.mgus9:708,Invar,2
Bailur_2019.mgus9:723,Invar,2
Bailur_2019.mgus9:724,Invar,2
Bailur_2019.mgus9:726,Invar,2
Bailur_2019.mgus9:737,Invar,2
Bailur_2019.mgus9:739,Invar,2
Bailur_2019.mgus9:753,Invar,2
Bailur_2019.mgus9:757,Invar,2
Bailur_2019.mgus9:759,Invar,2
Bailur_2019.mgus9:760,Invar,2
Bailur_2019.mgus9:771,Invar,2
Bailur_2019.mgus9:776,Invar,2
Bailur_2019.mgus9:784,Invar,2
Bailur_2019.mgus9:785,Invar,2
Bailur_2019.mgus9:792,Invar,2
Bailur_2019.mgus9:794,Invar,2
Bailur_2019.mgus9:795,Invar,2
Bailur_2019.mgus9:816,Invar,2
Bailur_2019.mgus9:852,Invar,2
Bailur_2019.mgus9:860,Invar,2
Bailur_2019.mgus9:882,Invar,2
Bailur_2019.mgus9:891,Invar,2
Bailur_2019.mgus9:898,Invar,2
Bailur_2019.mgus9:910,Invar,2
Bailur_2019.mgus9:919,Invar,2
Bailur_2019.mgus9:923,Invar,2
Bailur_2019.mgus9:966,Invar,2
Bailur_2019.mgus9:968,Invar,2
Bailur_2019.mgus9:969,Invar,2
Bailur_2019.mgus9:971,Invar,2
Bailur_2019.mgus9:973,Invar,2
Bailur_2019.mgus9:1036,Invar,2
Bailur_2019.mgus9:1040,Invar,2
Bailur_2019.mgus9:1041,Invar,2
Bailur_2019.mgus9:1046,Invar,2
Bailur_2019.mgus9:1054,Invar,2
Bailur_2019.mgus9:1080,Invar,2
Bailur_2019.mgus9:1085,Invar,2
Bailur_2019.mgus9:1117,Invar,2
Bailur_2019.mgus9:1121,Invar,2
Bailur_2019.mgus9:1122,Invar,2
Bailur_2019.mgus9:1123,Invar,2
Bailur_2019.mgus9:1125,Invar,2
Bailur_2019.mgus9:1129,Invar,2
Bailur_2019.mgus9:1136,Invar,2
Bailur_2019.mgus9:1137,Invar,2
Bailur_2019.mgus9:1159,Invar,2
Bailur_2019.mgus9:1161,Invar,2
Bailur_2019.mgus9:1180,Invar,2
Bailur_2019.mgus9:1213,Invar,2
Bailur_2019.mgus9:1214,Invar,2
Bailur_2019.mgus9:1218,Invar,2
Bailur_2019.mgus9:1222,Invar,2
Bailur_2019.mgus9:1225,Invar,2
Bailur_2019.mgus9:1261,Invar,2
Bailur_2019.mgus9:1285,Invar,2
Bailur_2019.mgus9:1299,Invar,2
Bailur_2019.mgus9:1300,Invar,2
Bailur_2019.mgus9:1307,Invar,2
Bailur_2019.mgus9:1326,Invar,2
Bailur_2019.mgus9:1328,Invar,2
Bailur_2019.mgus9:1334,Invar,2
Bailur_2019.mgus9:1375,Invar,2
Bailur_2019.mgus9:1392,Invar,2
Bailur_2019.mgus9:1404,Invar,2
Bailur_2019.mgus9:1428,Invar,2
Bailur_2019.mgus9:1442,Invar,2
Bailur_2019.mgus9:1456,Invar,2
Bailur_2019.mgus9:1460,Invar,2
Bailur_2019.mgus9:1464,Invar,2
Bailur_2019.mgus9:1488,Invar,2
Bailur_2019.mgus9:1507,Invar,2
Bailur_2019.mgus9:1529,Invar,2
Bailur_2019.mgus9:1534,Invar,2
Bailur_2019.mgus9:1544,Invar,2
Bailur_2019.mgus9:1550,Invar,2
Bailur_2019.mgus9:1557,Invar,2
Bailur_2019.mgus9:1577,Invar,2
Bailur_2019.mgus9:1584,Invar,2
Bailur_2019.mgus9:1587,Invar,2
Bailur_2019.mgus9:1595,Invar,2
Bailur_2019.mgus9:1601,Invar,2
Bailur_2019.mgus9:1613,Invar,2
Bailur_2019.mgus9:1618,Invar,2
Bailur_2019.mgus9:1626,Invar,2
Bailur_2019.mgus9:1634,Invar,2
Bailur_2019.mm6:440,Invar,1
Bailur_2019.mm6:1107,Invar,0
Bailur_2019.mm1:43,Invar,1
Bailur_2019.mm1:76,Invar,1
Bailur_2019.mm1:135,Invar,1
Bailur_2019.mm1:168,Invar,1
Bailur_2019.mm1:381,Invar,0
Bailur_2019.mm1:403,Invar,1
Bailur_2019.mm1:422,Invar,0
Bailur_2019.mm1:512,Invar,1
Bailur_2019.mm1:573,Invar,1
Bailur_2019.mm1:875,Invar,1
Bailur_2019.mm1:1100,Invar,1
Bailur_2019.mm1:1243,Invar,0
Bailur_2019.mgus7:163,Invar,1
Bailur_2019.mgus7:243,Invar,1
Bailur_2019.mgus7:293,Invar,1
Bailur_2019.mgus7:365,Invar,1
Bailur_2019.mgus7:406,Invar,1
Bailur_2019.mgus7:414,Invar,3
Bailur_2019.mgus7:447,Invar,3
Bailur_2019.mgus7:543,Invar,3
Bailur_2019.mgus7:551,Invar,1
Bailur_2019.mgus7:987,Invar,1
Bailur_2019.mgus7:1072,Invar,1
Bailur_2019.mgus7:1169,Invar,1
Bailur_2019.mgus7:1282,Invar,0
Bailur_2019.mgus6:229,Invar,1
Bailur_2019.mgus6:438,Invar,0
Bailur_2019.mgus6:615,Invar,1
Bailur_2019.mgus6:671,Invar,1
Bailur_2019.mgus6:1041,Invar,1
Bailur_2019.mgus6:1115,Invar,1
Bailur_2019.mgus6:1469,Invar,1
Bailur_2019.mgus6:1496,Invar,1
Bailur_2019.mm7:353,Invar,1
Bailur_2019.mm7:645,Invar,1
Bailur_2019.mm7:886,Invar,1
Bailur_2019.mm7:1017,Invar,1
Bailur_2019.mm7:1240,Invar,1
Bailur_2019.mm7:1348,Invar,1
Bailur_2019.mgus1:96,Invar,0
Bailur_2019.mgus1:156,Invar,0
Bailur_2019.mgus1:192,Invar,0
Bailur_2019.mgus1:200,Invar,0
Bailur_2019.mgus1:251,Invar,1
Bailur_2019.mgus1:457,Invar,0
Bailur_2019.mgus1:678,Invar,0
Bailur_2019.mgus1:799,Invar,0
Bailur_2019.mgus8:115,Invar,0
Bailur_2019.mgus8:841,Invar,0
Bailur_2019.mgus8:945,Invar,0
Bailur_2019.mgus11:467,Invar,0
Bailur_2019.mgus11:982,Invar,0
Bailur_2019.mgus11:1200,Invar,1
Bailur_2019.mgus11:1229,Invar,0
Bailur_2019.mgus11:1371,Invar,1
Bailur_2019.mgus11:1851,Invar,0
Bailur_2019.mgus11:1859,Invar,0
Bailur_2019.mm9:89,Invar,1
Bailur_2019.mm9:262,Invar,1
Bailur_2019.mm9:667,Invar,1
Bailur_2019.mm9:1009,Invar,1
Bailur_2019.mm9:1043,Invar,3
Bailur_2019.hd5:24,Invar,2
Bailur_2019.hd5:106,Invar,2
Bailur_2019.hd5:225,Invar,2
Bailur_2019.hd5:260,Invar,2
Bailur_2019.hd5:261,Invar,0
Bailur_2019.hd5:329,Invar,2
Bailur_2019.hd5:362,Invar,2
Bailur_2019.hd5:491,Invar,1
Bailur_2019.hd5:585,Invar,2
Bailur_2019.hd5:641,Invar,1
Bailur_2019.hd5:643,Invar,2
Bailur_2019.hd5:649,Invar,2
Bailur_2019.hd5:657,Invar,2
Bailur_2019.hd5:664,Invar,2
Bailur_2019.hd5:669,Invar,2
Bailur_2019.hd5:767,Invar,2
Bailur_2019.hd5:792,Invar,2
Bailur_2019.hd5:920,Invar,2
Bailur_2019.hd5:942,Invar,2
Bailur_2019.hd2:6,Invar,1
Bailur_2019.hd2:30,Invar,1
Bailur_2019.hd2:34,Invar,0
Bailur_2019.hd2:169,Invar,1
Bailur_2019.hd2:222,Invar,1
Bailur_2019.hd2:246,Invar,1
Bailur_2019.hd2:264,Invar,0
Bailur_2019.hd2:407,Invar,1
Bailur_2019.hd2:467,Invar,3
Bailur_2019.hd2:504,Invar,1
Bailur_2019.hd2:590,Invar,1
Bailur_2019.hd2:605,Invar,1
Bailur_2019.hd2:645,Invar,1
Bailur_2019.hd2:667,Invar,0
Bailur_2019.hd2:719,Invar,0
Bailur_2019.hd2:744,Invar,1
Bailur_2019.hd2:802,Invar,1
Bailur_2019.hd2:820,Invar,0
Bailur_2019.hd2:905,Invar,2
Bailur_2019.hd2:932,Invar,1
Bailur_2019.hd2:970,Invar,1
Bailur_2019.hd2:983,Invar,1
Bailur_2019.hd2:984,Invar,1
Bailur_2019.hd2:1002,Invar,1
Bailur_2019.hd2:1037,Invar,1
Bailur_2019.hd2:1144,Invar,1
Bailur_2019.hd2:1148,Invar,1
Bailur_2019.hd2:1153,Invar,1
Bailur_2019.hd2:1161,Invar,1
Bailur_2019.hd3:14,Invar,0
Bailur_2019.hd3:24,Invar,1
Bailur_2019.hd3:41,Invar,1
Bailur_2019.hd3:91,Invar,1
Bailur_2019.hd3:118,Invar,1
Bailur_2019.hd3:124,Invar,1
Bailur_2019.hd3:145,Invar,1
Bailur_2019.hd3:146,Invar,1
Bailur_2019.hd3:147,Invar,1
Bailur_2019.hd3:162,Invar,1
Bailur_2019.hd3:186,Invar,1
Bailur_2019.hd3:244,Invar,1
Bailur_2019.hd3:257,Invar,1
Bailur_2019.hd3:288,Invar,1
Bailur_2019.hd3:308,Invar,1
Bailur_2019.hd3:310,Invar,1
Bailur_2019.hd3:319,Invar,1
Bailur_2019.hd3:322,Invar,0
Bailur_2019.hd3:323,Invar,1
Bailur_2019.hd3:329,Invar,1
Bailur_2019.hd3:333,Invar,2
Bailur_2019.hd3:352,Invar,0
Bailur_2019.hd3:361,Invar,2
Bailur_2019.hd3:409,Invar,1
Bailur_2019.hd3:449,Invar,1
Bailur_2019.hd3:453,Invar,0
Bailur_2019.hd3:504,Invar,0
Bailur_2019.hd3:507,Invar,1
Bailur_2019.hd3:511,Invar,1
Bailur_2019.hd3:552,Invar,1
Bailur_2019.hd3:650,Invar,1
Bailur_2019.hd3:684,Invar,1
Bailur_2019.hd3:708,Invar,0
Bailur_2019.hd3:718,Invar,1
Bailur_2019.hd3:720,Invar,1
Bailur_2019.hd3:759,Invar,1
Bailur_2019.hd3:762,Invar,1
Bailur_2019.hd3:794,Invar,1
Bailur_2019.hd3:797,Invar,1
Bailur_2019.hd3:839,Invar,1
Bailur_2019.hd4:57,Invar,0
Bailur_2019.hd4:64,Invar,0
Bailur_2019.hd4:77,Invar,0
Bailur_2019.hd4:114,Invar,0
Bailur_2019.hd4:170,Invar,0
Bailur_2019.hd4:241,Invar,0
Bailur_2019.hd4:286,Invar,0
Bailur_2019.hd4:355,Invar,0
Bailur_2019.hd4:417,Invar,1
Bailur_2019.hd4:493,Invar,0
Bailur_2019.hd4:518,Invar,0
Bailur_2019.hd4:528,Invar,2
Bailur_2019.hd4:542,Invar,0
Bailur_2019.hd4:544,Invar,0
Bailur_2019.hd4:547,Invar,1
Bailur_2019.hd4:557,Invar,0
Bailur_2019.hd4:569,Invar,0
Bailur_2019.hd4:577,Invar,0
Bailur_2019.hd4:589,Invar,0
Bailur_2019.hd4:624,Invar,0
Bailur_2019.hd4:633,Invar,0
Bailur_2019.hd4:644,Invar,0
Bailur_2019.hd4:689,Invar,0
Bailur_2019.hd4:697,Invar,1
Bailur_2019.hd4:717,Invar,0
Bailur_2019.hd4:763,Invar,0
Bailur_2019.hd4:764,Invar,0
Bailur_2019.hd4:817,Invar,0
Bailur_2019.hd4:861,Invar,0
Bailur_2019.hd4:931,Invar,0
Bailur_2019.hd4:942,Invar,0
Bailur_2019.hd4:946,Invar,0
Bailur_2019.hd4:980,Invar,0
Bailur_2019.hd4:1001,Invar,0
Bailur_2019.hd4:1029,Invar,0
Bailur_2019.hd4:1047,Invar,0
Bailur_2019.hd4:1050,Invar,0
Bailur_2019.hd4:1092,Invar,1
Bailur_2019.hd4:1102,Invar,0
Bailur_2019.hd4:1103,Invar,0
Zavidij_2020.MGUS-1:10,Invar,1
Zavidij_2020.MGUS-1:57,Invar,2
Zavidij_2020.MGUS-1:158,Invar,1
Zavidij_2020.MGUS-1:169,Invar,1
Zavidij_2020.MGUS-1:196,Invar,1
Zavidij_2020.MGUS-1:374,Invar,1
Zavidij_2020.MGUS-1:430,Invar,1
Zavidij_2020.MGUS-1:712,Invar,1
Zavidij_2020.MGUS-1:1289,Invar,1
Zavidij_2020.MGUS-1:1468,Invar,1
Zavidij_2020.MGUS-4:150,Invar,0
Zavidij_2020.MGUS-4:190,Invar,1
Zavidij_2020.MGUS-4:227,Invar,1
Zavidij_2020.MGUS-4:277,Invar,3
Zavidij_2020.MM-5:11,Invar,1
Zavidij_2020.MM-5:113,Invar,1
Zavidij_2020.MM-5:248,Invar,1
Zavidij_2020.MM-5:297,Invar,3
Zavidij_2020.MM-5:320,Invar,1
Zavidij_2020.MM-5:551,Invar,1
Zavidij_2020.MM-5:605,Invar,0
Zavidij_2020.MM-5:610,Invar,3
Zavidij_2020.MM-5:645,Invar,1
Zavidij_2020.MM-5:871,Invar,1
Zavidij_2020.MM-5:923,Invar,0
Zavidij_2020.MM-5:1024,Invar,1
Zavidij_2020.SMMh-4:17,Invar,0
Zavidij_2020.SMMh-4:62,Invar,1
Zavidij_2020.SMMh-4:85,Invar,0
Zavidij_2020.SMMh-4:181,Invar,3
Zavidij_2020.SMMh-4:184,Invar,1
Zavidij_2020.SMMh-4:236,Invar,1
Zavidij_2020.SMMh-4:279,Invar,2
Zavidij_2020.SMMh-4:314,Invar,1
Zavidij_2020.SMMh-4:319,Invar,1
Zavidij_2020.SMMh-4:422,Invar,1
Zavidij_2020.SMMh-4:426,Invar,1
Zavidij_2020.SMMh-4:455,Invar,0
Zavidij_2020.SMMh-4:468,Invar,1
Zavidij_2020.SMMh-4:488,Invar,1
Zavidij_2020.SMMh-4:549,Invar,0
Zavidij_2020.SMMh-4:605,Invar,1
Zavidij_2020.SMMh-4:693,Invar,1
Zavidij_2020.SMMh-4:722,Invar,1
Zavidij_2020.SMMh-4:750,Invar,1
Zavidij_2020.SMMh-4:810,Invar,1
Zavidij_2020.SMMh-4:874,Invar,1
Zavidij_2020.SMMh-4:897,Invar,1
Zavidij_2020.SMMh-4:945,Invar,1
Zavidij_2020.SMMh-4:984,Invar,3
Zavidij_2020.SMMh-4:990,Invar,0
Zavidij_2020.SMMh-4:1008,Invar,1
Zavidij_2020.SMMh-4:1197,Invar,1
Zavidij_2020.SMMh-4:1200,Invar,0
Zavidij_2020.SMMh-4:1386,Invar,1
Zavidij_2020.SMMh-4:1638,Invar,0
Zavidij_2020.SMMh-4:1640,Invar,1
Zavidij_2020.SMMh-4:1653,Invar,1
Zavidij_2020.SMMh-4:1698,Invar,1
Zavidij_2020.SMMh-4:1750,Invar,3
Zavidij_2020.SMMh-4:1847,Invar,3
Zavidij_2020.SMMh-4:1883,Invar,1
Zavidij_2020.MM-1:21,Invar,1
Zavidij_2020.MM-1:89,Invar,1
Zavidij_2020.MM-1:221,Invar,3
Zavidij_2020.MM-1:243,Invar,1
Zavidij_2020.MM-1:494,Invar,1
Zavidij_2020.MM-1:583,Invar,1
Zavidij_2020.MM-1:714,Invar,1
Zavidij_2020.MM-1:757,Invar,1
Zavidij_2020.MM-1:943,Invar,1
Zavidij_2020.MM-1:975,Invar,3
Zavidij_2020.MM-1:989,Invar,1
Zavidij_2020.MM-1:999,Invar,1
Zavidij_2020.MM-1:1368,Invar,1
Zavidij_2020.MM-1:1452,Invar,1
Zavidij_2020.MM-1:1518,Invar,3
Zavidij_2020.MM-1:1668,Invar,1
Zavidij_2020.MM-1:1938,Invar,1
Zavidij_2020.MM-1:2092,Invar,1
Zavidij_2020.SMMl-1:41,Invar,1
Zavidij_2020.SMMl-1:121,Invar,1
Zavidij_2020.SMMl-1:217,Invar,1
Zavidij_2020.SMMl-1:338,Invar,1
Zavidij_2020.SMMl-1:343,Invar,1
Zavidij_2020.SMMl-1:462,Invar,1
Zavidij_2020.SMMl-1:563,Invar,1
Zavidij_2020.SMMl-1:622,Invar,1
Zavidij_2020.SMMl-1:671,Invar,2
Zavidij_2020.SMMl-1:674,Invar,0
Zavidij_2020.SMMl-1:719,Invar,3
Zavidij_2020.SMMh-10:21,Invar,0
Zavidij_2020.SMMh-10:218,Invar,0
Zavidij_2020.NBM-10:98,Invar,2
Zavidij_2020.NBM-10:149,Invar,1
Zavidij_2020.NBM-10:461,Invar,1
Zavidij_2020.NBM-10:577,Invar,0
Zavidij_2020.NBM-10:607,Invar,0
Zavidij_2020.NBM-10:619,Invar,2
Zavidij_2020.NBM-10:733,Invar,0
Zavidij_2020.NBM-10:761,Invar,0
Zavidij_2020.NBM-10:877,Invar,0
Zavidij_2020.NBM-10:911,Invar,0
Zavidij_2020.NBM-10:913,Invar,3
Zavidij_2020.NBM-10:942,Invar,1
Zavidij_2020.NBM-10:1001,Invar,1
Zavidij_2020.NBM-10:1040,Invar,0
Zavidij_2020.NBM-10:1050,Invar,0
Zavidij_2020.MM-8:242,Invar,1
Zavidij_2020.SMMh-3:6,Invar,1
Zavidij_2020.SMMh-3:275,Invar,0
Zavidij_2020.MGUS-3:7,Invar,3
Zavidij_2020.MGUS-3:12,Invar,1
Zavidij_2020.MGUS-3:164,Invar,1
Zavidij_2020.MGUS-3:207,Invar,1
Zavidij_2020.MGUS-3:526,Invar,1
Zavidij_2020.SMMh-2:30,Invar,0
Zavidij_2020.SMMh-2:69,Invar,0
Zavidij_2020.SMMh-2:86,Invar,2
Zavidij_2020.SMMh-2:105,Invar,1
Zavidij_2020.SMMh-2:111,Invar,2
Zavidij_2020.SMMh-2:120,Invar,2
Zavidij_2020.SMMh-2:173,Invar,2
Zavidij_2020.SMMh-2:203,Invar,2
Zavidij_2020.SMMh-2:207,Invar,2
Zavidij_2020.SMMh-2:208,Invar,0
Zavidij_2020.NBM-11:26,Invar,1
Zavidij_2020.NBM-11:79,Invar,3
Zavidij_2020.NBM-11:120,Invar,1
Zavidij_2020.NBM-11:138,Invar,1
Zavidij_2020.NBM-11:139,Invar,1
Zavidij_2020.NBM-11:159,Invar,3
Zavidij_2020.NBM-11:208,Invar,1
Zavidij_2020.NBM-11:219,Invar,1
Zavidij_2020.NBM-11:246,Invar,1
Zavidij_2020.NBM-11:263,Invar,3
Zavidij_2020.NBM-11:341,Invar,3
Zavidij_2020.NBM-11:383,Invar,1
Zavidij_2020.NBM-11:426,Invar,3
Zavidij_2020.NBM-11:513,Invar,1
Zavidij_2020.NBM-11:588,Invar,1
Zavidij_2020.NBM-11:638,Invar,1
Zavidij_2020.NBM-11:690,Invar,1
Zavidij_2020.NBM-11:744,Invar,1
Zavidij_2020.NBM-11:802,Invar,2
Zavidij_2020.SMMh-6:268,Invar,2
Zavidij_2020.SMMh-6:281,Invar,1
Zavidij_2020.SMMh-6:407,Invar,1
Zavidij_2020.SMMh-6:409,Invar,0
Zavidij_2020.SMMh-6:509,Invar,1
Zavidij_2020.SMMh-6:597,Invar,2
Zavidij_2020.SMMh-6:709,Invar,1
Zavidij_2020.SMMh-6:774,Invar,1
Zavidij_2020.NBM-2:226,Invar,1
Zavidij_2020.NBM-2:258,Invar,1
Zavidij_2020.NBM-2:552,Invar,0
Zavidij_2020.NBM-2:553,Invar,1
Zavidij_2020.NBM-2:577,Invar,2
Zavidij_2020.NBM-1:33,Invar,0
Zavidij_2020.MM-3:33,Invar,1
Zavidij_2020.MM-3:212,Invar,1
Zavidij_2020.MM-3:460,Invar,0
Zavidij_2020.MM-3:830,Invar,3
Zavidij_2020.MGUS-2:18,Invar,1
Zavidij_2020.MGUS-2:68,Invar,0
Zavidij_2020.MGUS-2:109,Invar,1
Zavidij_2020.MGUS-2:125,Invar,1
Zavidij_2020.MGUS-2:140,Invar,1
Zavidij_2020.SMMh-8:191,Invar,0
Zavidij_2020.SMMl-2:161,Invar,1
Zavidij_2020.SMMl-2:465,Invar,1
Zavidij_2020.SMMl-2:687,Invar,3
Zavidij_2020.MM-7:30,Invar,3
Zavidij_2020.MM-7:36,Invar,0
Zavidij_2020.MM-7:48,Invar,1
Zavidij_2020.MM-7:93,Invar,3
Zavidij_2020.MM-7:218,Invar,1
Zavidij_2020.MM-7:331,Invar,1
Zavidij_2020.MM-7:361,Invar,3
Zavidij_2020.MM-7:385,Invar,3
Zavidij_2020.MM-7:393,Invar,1
Zavidij_2020.MM-7:412,Invar,0
Zavidij_2020.MM-7:488,Invar,1
Zavidij_2020.MM-7:551,Invar,3
Zavidij_2020.MM-7:553,Invar,3
Zavidij_2020.MM-7:580,Invar,1
Zavidij_2020.MM-7:625,Invar,1
Zavidij_2020.MM-7:635,Invar,3
Zavidij_2020.MM-4:1,Invar,1
Zavidij_2020.MM-4:21,Invar,1
Zavidij_2020.MM-4:121,Invar,0
Zavidij_2020.MM-4:178,Invar,0
Zavidij_2020.MM-4:222,Invar,1
Zavidij_2020.MM-4:271,Invar,0
Zavidij_2020.MM-4:295,Invar,0
Zavidij_2020.MM-4:312,Invar,0
Zavidij_2020.MM-4:345,Invar,0
Zavidij_2020.MM-4:402,Invar,0
Zavidij_2020.MM-4:413,Invar,3
Zavidij_2020.MM-4:427,Invar,3
Zavidij_2020.MM-4:466,Invar,0
Zavidij_2020.MM-4:556,Invar,1
Zavidij_2020.MM-4:594,Invar,1
Zavidij_2020.MM-4:652,Invar,1
Zavidij_2020.MM-4:690,Invar,0
Zavidij_2020.MM-4:725,Invar,1
Zavidij_2020.MM-4:741,Invar,0
Zavidij_2020.NBM-8:8,Invar,3
Zavidij_2020.NBM-8:263,Invar,1
Zavidij_2020.NBM-8:290,Invar,3
Zavidij_2020.NBM-8:550,Invar,3
Zavidij_2020.NBM-8:594,Invar,0
Zavidij_2020.NBM-8:647,Invar,3
Kfoury_2021.BMM4:29,Invar,1
Kfoury_2021.BMM4:58,Invar,1
Kfoury_2021.BMM4:150,Invar,1
Kfoury_2021.BMM4:252,Invar,3
Kfoury_2021.BMM4:284,Invar,1
Kfoury_2021.BMM4:350,Invar,1
Kfoury_2021.BMM4:415,Invar,1
Kfoury_2021.BMM4:422,Invar,1
Kfoury_2021.BMM4:537,Invar,1
Kfoury_2021.BMM4:578,Invar,1
Kfoury_2021.BMM4:690,Invar,1
Kfoury_2021.BMM4:788,Invar,1
Kfoury_2021.BMM4:850,Invar,1
Kfoury_2021.BMM4:1095,Invar,1
Kfoury_2021.BMM4:1102,Invar,1
Kfoury_2021.BMM4:1141,Invar,1
Kfoury_2021.BMM4:1213,Invar,1
Kfoury_2021.BMM8:66,Invar,1
Kfoury_2021.BMM8:92,Invar,1
Kfoury_2021.BMM8:133,Invar,1
Kfoury_2021.BMM8:134,Invar,1
Kfoury_2021.BMM8:136,Invar,1
Kfoury_2021.BMM8:159,Invar,1
Kfoury_2021.BMM8:270,Invar,1
Kfoury_2021.BMM8:412,Invar,1
Kfoury_2021.BMM8:444,Invar,1
Kfoury_2021.BMM8:462,Invar,1
Kfoury_2021.BMM8:533,Invar,1
Kfoury_2021.BMM8:537,Invar,1
Kfoury_2021.BMM8:551,Invar,1
Kfoury_2021.BMM8:556,Invar,1
Kfoury_2021.BMM8:640,Invar,3
Kfoury_2021.BMM8:795,Invar,1
Kfoury_2021.BMM8:872,Invar,1
Kfoury_2021.BMM8:1123,Invar,1
Kfoury_2021.BMM8:1271,Invar,1
Kfoury_2021.BMM8:1407,Invar,1
Kfoury_2021.BMM8:1425,Invar,1
Kfoury_2021.BMM8:1506,Invar,1
Kfoury_2021.BMM8:1520,Invar,1
Kfoury_2021.BMM8:1544,Invar,0
Kfoury_2021.BMM8:1601,Invar,1
Kfoury_2021.BMM8:1773,Invar,1
Kfoury_2021.BMM8:1781,Invar,1
Kfoury_2021.BMM8:1793,Invar,1
Kfoury_2021.BMM8:1927,Invar,1
Kfoury_2021.BMM8:1992,Invar,1
Kfoury_2021.BMM8:2018,Invar,1
Kfoury_2021.BMM8:2070,Invar,1
Kfoury_2021.BMM8:2173,Invar,0
Kfoury_2021.BMM3:70,Invar,1
Kfoury_2021.BMM3:108,Invar,1
Kfoury_2021.BMM3:191,Invar,1
Kfoury_2021.BMM3:252,Invar,1
Kfoury_2021.BMM3:276,Invar,1
Kfoury_2021.BMM3:296,Invar,1
Kfoury_2021.BMM3:317,Invar,0
Kfoury_2021.BMM3:342,Invar,1
Kfoury_2021.BMM3:363,Invar,1
Kfoury_2021.BMM3:386,Invar,0
Kfoury_2021.BMM3:416,Invar,1
Kfoury_2021.BMM3:449,Invar,1
Kfoury_2021.BMM3:467,Invar,3
Kfoury_2021.BMM3:468,Invar,1
Kfoury_2021.BMM3:469,Invar,1
Kfoury_2021.BMM3:486,Invar,1
Kfoury_2021.BMM3:530,Invar,1
Kfoury_2021.BMM3:550,Invar,1
Kfoury_2021.BMM3:561,Invar,1
Kfoury_2021.BMM3:588,Invar,1
Kfoury_2021.BMM3:601,Invar,1
Kfoury_2021.BMM3:605,Invar,1
Kfoury_2021.BMM3:619,Invar,1
Kfoury_2021.BMM3:711,Invar,1
Kfoury_2021.BMM3:715,Invar,1
Kfoury_2021.BMM3:719,Invar,1
Kfoury_2021.BMM3:793,Invar,1
Kfoury_2021.BMM3:816,Invar,1
Kfoury_2021.BMM3:958,Invar,1
Kfoury_2021.BMM3:961,Invar,1
Kfoury_2021.BMM3:964,Invar,1
Kfoury_2021.BMM3:983,Invar,1
Kfoury_2021.BMM3:1062,Invar,0
Kfoury_2021.BMM3:1082,Invar,0
Kfoury_2021.BMM3:1114,Invar,1
Kfoury_2021.BMM3:1184,Invar,1
Kfoury_2021.BMM3:1187,Invar,1
Kfoury_2021.BMM3:1188,Invar,1
Kfoury_2021.BMM3:1245,Invar,1
Kfoury_2021.BMM3:1284,Invar,1
Kfoury_2021.BMM3:1391,Invar,1
Kfoury_2021.BMM3:1393,Invar,1
Kfoury_2021.BMM3:1416,Invar,1
Kfoury_2021.BMM3:1470,Invar,1
Kfoury_2021.BMM3:1477,Invar,1
Kfoury_2021.BMM3:1485,Invar,1
Kfoury_2021.BMM3:1492,Invar,0
Kfoury_2021.BMM3:1567,Invar,0
Kfoury_2021.BMM3:1579,Invar,1
Kfoury_2021.BMM3:1583,Invar,1
Kfoury_2021.BMM3:1628,Invar,1
Kfoury_2021.BMM3:1647,Invar,1
Kfoury_2021.BMM3:1706,Invar,0
Kfoury_2021.BMM3:1719,Invar,1
Kfoury_2021.BMM3:1776,Invar,1
Kfoury_2021.BMM3:1794,Invar,1
Kfoury_2021.BMM3:1810,Invar,1
Kfoury_2021.BMM3:1817,Invar,1
Kfoury_2021.BMM3:1850,Invar,1
Kfoury_2021.BMM3:1852,Invar,1
Kfoury_2021.BMM3:1893,Invar,1
Kfoury_2021.BMM3:1923,Invar,1
Kfoury_2021.BMM3:1971,Invar,1
Kfoury_2021.BMM3:1993,Invar,1
Kfoury_2021.BMM3:2065,Invar,1
Kfoury_2021.BMM3:2091,Invar,1
Kfoury_2021.BMM3:2135,Invar,1
Kfoury_2021.BMM3:2305,Invar,1
Kfoury_2021.BMM3:2368,Invar,1
Kfoury_2021.BMM3:2384,Invar,0
Kfoury_2021.BMM3:2415,Invar,1
Kfoury_2021.BMM3:2421,Invar,1
Kfoury_2021.BMM3:2519,Invar,1
Kfoury_2021.BMM3:2534,Invar,1
Kfoury_2021.BMM3:2560,Invar,1
Kfoury_2021.BMM3:2579,Invar,1
Kfoury_2021.BMM3:2650,Invar,1
Kfoury_2021.BMM3:2687,Invar,1
Kfoury_2021.BMM3:2719,Invar,1
Kfoury_2021.BMM3:2783,Invar,1
Kfoury_2021.BMM3:2792,Invar,1
Kfoury_2021.BMM3:2795,Invar,1
Kfoury_2021.BMM3:2843,Invar,0
Kfoury_2021.BMM3:2894,Invar,1
Kfoury_2021.BMM3:3040,Invar,1
Kfoury_2021.BMM3:3044,Invar,1
Kfoury_2021.BMM3:3136,Invar,1
Kfoury_2021.BMM3:3178,Invar,1
Kfoury_2021.BMM3:3202,Invar,1
Kfoury_2021.BMM3:3269,Invar,0
Kfoury_2021.BMM3:3340,Invar,0
Kfoury_2021.BMM3:3419,Invar,1
Kfoury_2021.BMM3:3481,Invar,1
Kfoury_2021.BMM3:3489,Invar,1
Kfoury_2021.BMM3:3536,Invar,1
Kfoury_2021.BMM3:3549,Invar,1
Kfoury_2021.BMM3:3555,Invar,1
Kfoury_2021.BMM3:3558,Invar,1
Kfoury_2021.BMM3:3559,Invar,1
Kfoury_2021.BMM3:3566,Invar,1
Kfoury_2021.BMM3:3618,Invar,1
Kfoury_2021.BMM3:3694,Invar,1
Kfoury_2021.BMM3:3704,Invar,1
Kfoury_2021.BMM3:3794,Invar,1
Kfoury_2021.BMM3:3803,Invar,1
Kfoury_2021.BMM3:3876,Invar,1
Kfoury_2021.BMM9:165,Invar,1
Kfoury_2021.BMM9:173,Invar,0
Kfoury_2021.BMM9:297,Invar,1
Kfoury_2021.BMM9:314,Invar,1
Kfoury_2021.BMM9:328,Invar,1
Kfoury_2021.BMM9:329,Invar,1
Kfoury_2021.BMM9:374,Invar,1
Kfoury_2021.BMM9:375,Invar,1
Kfoury_2021.BMM9:411,Invar,1
Kfoury_2021.BMM9:430,Invar,1
Kfoury_2021.BMM9:525,Invar,1
Kfoury_2021.BMM9:554,Invar,1
Kfoury_2021.BMM9:762,Invar,1
Kfoury_2021.BMM9:804,Invar,1
Kfoury_2021.BMM9:898,Invar,3
Kfoury_2021.BMM9:939,Invar,1
Kfoury_2021.BMM9:959,Invar,1
Kfoury_2021.BMM9:1006,Invar,1
Kfoury_2021.BMM9:1010,Invar,1
Kfoury_2021.BMM9:1144,Invar,1
Kfoury_2021.BMM9:1283,Invar,1
Kfoury_2021.BMM9:1296,Invar,1
Kfoury_2021.BMM9:1313,Invar,1
Kfoury_2021.BMM9:1352,Invar,1
Kfoury_2021.BMM9:1482,Invar,1
Kfoury_2021.BMM9:1568,Invar,1
Kfoury_2021.BMM9:1589,Invar,1
Kfoury_2021.BMM9:1614,Invar,1
Kfoury_2021.BMM9:1969,Invar,1
Kfoury_2021.BMM9:2097,Invar,1
Kfoury_2021.BMM9:2153,Invar,1
Kfoury_2021.BMM9:2165,Invar,1
Kfoury_2021.BMM9:2347,Invar,1
Kfoury_2021.BMM5:25,Invar,0
Kfoury_2021.BMM5:34,Invar,1
Kfoury_2021.BMM5:44,Invar,1
Kfoury_2021.BMM5:61,Invar,1
Kfoury_2021.BMM5:116,Invar,1
Kfoury_2021.BMM5:154,Invar,1
Kfoury_2021.BMM5:248,Invar,1
Kfoury_2021.BMM5:277,Invar,1
Kfoury_2021.BMM5:280,Invar,1
Kfoury_2021.BMM5:300,Invar,1
Kfoury_2021.BMM5:417,Invar,1
Kfoury_2021.BMM5:481,Invar,1
Kfoury_2021.BMM5:486,Invar,3
Kfoury_2021.BMM5:501,Invar,1
Kfoury_2021.BMM5:569,Invar,1
Kfoury_2021.BMM5:620,Invar,1
Kfoury_2021.BMM5:623,Invar,0
Kfoury_2021.BMM5:640,Invar,1
Kfoury_2021.BMM5:641,Invar,1
Kfoury_2021.BMM5:663,Invar,1
Kfoury_2021.BMM5:682,Invar,1
Kfoury_2021.BMM5:700,Invar,1
Kfoury_2021.BMM5:734,Invar,1
Kfoury_2021.BMM5:741,Invar,1
Kfoury_2021.BMM5:809,Invar,1
Kfoury_2021.BMM5:815,Invar,1
Kfoury_2021.BMM5:816,Invar,1
Kfoury_2021.BMM5:891,Invar,2
Kfoury_2021.BMM5:1023,Invar,1
Kfoury_2021.BMM5:1048,Invar,1
Kfoury_2021.BMM5:1050,Invar,0
Kfoury_2021.BMM5:1095,Invar,1
Kfoury_2021.BMM5:1123,Invar,1
Kfoury_2021.BMM5:1130,Invar,1
Kfoury_2021.BMM5:1215,Invar,1
Kfoury_2021.BMM5:1238,Invar,1
Kfoury_2021.BMM5:1243,Invar,1
Kfoury_2021.BMM5:1305,Invar,1
Kfoury_2021.BMM5:1327,Invar,1
Kfoury_2021.BMM5:1356,Invar,1
Kfoury_2021.BMM5:1363,Invar,1
Kfoury_2021.BMM5:1377,Invar,1
Kfoury_2021.BMM5:1428,Invar,1
Kfoury_2021.BMM5:1530,Invar,1
Kfoury_2021.BMM5:1565,Invar,1
Kfoury_2021.BMM5:1582,Invar,1
Kfoury_2021.BMM5:1588,Invar,1
Kfoury_2021.BMM5:1640,Invar,1
Kfoury_2021.BMM5:1643,Invar,0
Kfoury_2021.BMM5:1679,Invar,1
Kfoury_2021.BMM5:1708,Invar,1
Kfoury_2021.BMM5:1732,Invar,3
Kfoury_2021.BMM5:1767,Invar,1
Kfoury_2021.BMM5:1790,Invar,0
Kfoury_2021.BMM5:1810,Invar,1
Kfoury_2021.BMM5:1831,Invar,1
Kfoury_2021.BMM5:1836,Invar,1
Kfoury_2021.BMM5:1852,Invar,1
Kfoury_2021.BMM5:1856,Invar,1
Kfoury_2021.BMM5:1896,Invar,1
Kfoury_2021.BMM5:1909,Invar,1
Kfoury_2021.BMM5:1920,Invar,1
Kfoury_2021.BMM5:1961,Invar,1
Kfoury_2021.BMM5:1968,Invar,1
Kfoury_2021.BMM5:1991,Invar,1
Kfoury_2021.BMM5:2023,Invar,1
Kfoury_2021.BMM5:2085,Invar,1
Kfoury_2021.BMM5:2112,Invar,1
Kfoury_2021.BMM5:2125,Invar,1
Kfoury_2021.BMM5:2136,Invar,1
Kfoury_2021.BMM5:2179,Invar,1
Kfoury_2021.BMM5:2186,Invar,1
Kfoury_2021.BMM5:2263,Invar,1
Kfoury_2021.BMM5:2276,Invar,1
Kfoury_2021.BMM5:2302,Invar,1
Kfoury_2021.BMM5:2398,Invar,1
Kfoury_2021.BMM5:2440,Invar,1
Kfoury_2021.BMM5:2496,Invar,1
Kfoury_2021.BMM5:2528,Invar,1
Kfoury_2021.BMM5:2563,Invar,1
Kfoury_2021.BMM5:2571,Invar,2
Kfoury_2021.BMM5:2587,Invar,1
Kfoury_2021.BMM5:2591,Invar,1
Kfoury_2021.BMM5:2628,Invar,1
Kfoury_2021.BMM5:2673,Invar,1
Kfoury_2021.BMM5:2676,Invar,1
Kfoury_2021.BMM5:2764,Invar,1
Kfoury_2021.BMM5:2953,Invar,1
Kfoury_2021.BMM5:2955,Invar,1
Kfoury_2021.BMM5:2958,Invar,1
Kfoury_2021.BMM6:15,Invar,1
Kfoury_2021.BMM6:56,Invar,3
Kfoury_2021.BMM6:168,Invar,0
Kfoury_2021.BMM6:174,Invar,1
Kfoury_2021.BMM6:301,Invar,0
Kfoury_2021.BMM6:380,Invar,1
Kfoury_2021.BMM6:450,Invar,0
Kfoury_2021.BMM6:479,Invar,1
Kfoury_2021.BMM6:498,Invar,1
Kfoury_2021.BMM6:579,Invar,1
Kfoury_2021.BMM6:735,Invar,1
Kfoury_2021.BMM6:785,Invar,0
Kfoury_2021.BMM6:803,Invar,1
Kfoury_2021.BMM6:831,Invar,1
Kfoury_2021.BMM6:969,Invar,1
Kfoury_2021.BMM6:979,Invar,1
Kfoury_2021.BMM6:1089,Invar,0
Kfoury_2021.BMM6:1155,Invar,1
Kfoury_2021.BMM6:1163,Invar,1
Kfoury_2021.BMM6:1295,Invar,1
Kfoury_2021.BMM6:1386,Invar,1
Kfoury_2021.BMM6:1418,Invar,1
Kfoury_2021.BMM6:1558,Invar,1
Kfoury_2021.BMM6:1568,Invar,0
Kfoury_2021.BMM6:1630,Invar,1
Kfoury_2021.BMM6:1732,Invar,1
Kfoury_2021.BMM6:1848,Invar,1
Kfoury_2021.BMM6:1888,Invar,0
Kfoury_2021.BMM6:1921,Invar,1
Kfoury_2021.BMM6:1950,Invar,1
Kfoury_2021.BMM6:1962,Invar,0
Kfoury_2021.BMM6:2190,Invar,1
Kfoury_2021.BMM6:2234,Invar,1
Kfoury_2021.BMM6:2305,Invar,1
Kfoury_2021.BMM6:2330,Invar,1
Kfoury_2021.BMM6:2507,Invar,0
Kfoury_2021.BMM6:2581,Invar,1
Kfoury_2021.BMM6:2608,Invar,1
Kfoury_2021.BMM6:2622,Invar,1
Kfoury_2021.BMM6:2678,Invar,1
Kfoury_2021.BMM6:2684,Invar,1
Kfoury_2021.BMM6:2706,Invar,1
Kfoury_2021.BMM6:2803,Invar,1
Kfoury_2021.BMM6:2837,Invar,0
Kfoury_2021.BMM6:2852,Invar,1
Kfoury_2021.BMM6:2888,Invar,1
Kfoury_2021.BMM6:2928,Invar,1
Kfoury_2021.BMM6:2934,Invar,1
Kfoury_2021.BMM6:2953,Invar,1
Kfoury_2021.BMM6:2970,Invar,1
Kfoury_2021.BMM6:3003,Invar,1
Kfoury_2021.BMM6:3023,Invar,1
Kfoury_2021.BMM6:3045,Invar,1
Kfoury_2021.BMM6:3217,Invar,1
Kfoury_2021.BMM6:3339,Invar,1
Kfoury_2021.BMM6:3347,Invar,1
Kfoury_2021.BMM6:3355,Invar,1
Kfoury_2021.BMM6:3430,Invar,1
Kfoury_2021.BMM6:3491,Invar,1
Kfoury_2021.BMM6:3550,Invar,1
Kfoury_2021.BMM6:3678,Invar,3
Kfoury_2021.BMM6:3908,Invar,1
Kfoury_2021.BMM2:38,Invar,1
Kfoury_2021.BMM2:155,Invar,1
Kfoury_2021.BMM2:276,Invar,1
Kfoury_2021.BMM2:382,Invar,1
Kfoury_2021.BMM2:703,Invar,0
Kfoury_2021.BMM2:752,Invar,1
Kfoury_2021.BMM2:1031,Invar,0
Kfoury_2021.BMM2:1123,Invar,1
Kfoury_2021.BMM2:1150,Invar,1
Kfoury_2021.BMM2:1160,Invar,1
Kfoury_2021.BMM2:1225,Invar,0
Kfoury_2021.BMM2:1292,Invar,1
Kfoury_2021.BMM2:1511,Invar,1
Kfoury_2021.BMM2:1516,Invar,1
Kfoury_2021.BMM2:1702,Invar,0
Kfoury_2021.BMM2:2097,Invar,1
Kfoury_2021.BMM2:2139,Invar,1
Kfoury_2021.BMM2:2147,Invar,0
Kfoury_2021.BMM2:2153,Invar,0
Kfoury_2021.BMM2:2279,Invar,1
Kfoury_2021.BMM2:2343,Invar,1
Kfoury_2021.BMM2:2354,Invar,1
Kfoury_2021.BMM2:2379,Invar,0
Kfoury_2021.BMM2:2482,Invar,1
Kfoury_2021.BMM2:2585,Invar,1
Kfoury_2021.BMM2:2748,Invar,1
Kfoury_2021.BMM2:2778,Invar,1
Kfoury_2021.BMM2:2862,Invar,1
Kfoury_2021.BMM2:2917,Invar,1
Kfoury_2021.BMM2:2939,Invar,3
Kfoury_2021.BMM2:3611,Invar,0
Kfoury_2021.BMM2:3632,Invar,1
Kfoury_2021.BMM2:3707,Invar,1
Kfoury_2021.BMM2:3820,Invar,1
Kfoury_2021.BMM2:3891,Invar,0
Kfoury_2021.BMM2:3899,Invar,1
Kfoury_2021.BMM2:4020,Invar,0
Kfoury_2021.BMM2:4148,Invar,1
Kfoury_2021.BMM2:4299,Invar,1
Granja_2019.BMMC_D1T1:224,Invar,2
Granja_2019.BMMC_D1T1:229,Invar,1
Granja_2019.BMMC_D1T1:429,Invar,1
Granja_2019.BMMC_D1T1:456,Invar,2
Granja_2019.BMMC_D1T1:491,Invar,2
Granja_2019.BMMC_D1T1:574,Invar,0
Granja_2019.BMMC_D1T1:960,Invar,0
Granja_2019.BMMC_D1T1:1018,Invar,1
Granja_2019.BMMC_D1T1:1089,Invar,1
Granja_2019.BMMC_D1T1:1129,Invar,1
Granja_2019.BMMC_D1T1:1399,Invar,1
Granja_2019.BMMC_D1T1:1442,Invar,1
Granja_2019.BMMC_D1T1:1492,Invar,0
Granja_2019.BMMC_D1T1:1628,Invar,0
Granja_2019.BMMC_D1T1:1636,Invar,1
Granja_2019.BMMC_D1T1:1707,Invar,2
Granja_2019.BMMC_D1T1:1745,Invar,1
Granja_2019.BMMC_D1T1:1856,Invar,0
Granja_2019.BMMC_D1T1:1899,Invar,3
Granja_2019.BMMC_D1T1:2022,Invar,2
Granja_2019.BMMC_D1T1:2686,Invar,2
Granja_2019.BMMC_D1T1:2928,Invar,0
Granja_2019.BMMC_D1T1:2959,Invar,0
Granja_2019.BMMC_D1T1:2961,Invar,0
Granja_2019.BMMC_D1T1:3164,Invar,2
Granja_2019.BMMC_D1T1:3172,Invar,2
Granja_2019.BMMC_D1T1:3195,Invar,2
Granja_2019.BMMC_D1T1:3365,Invar,1
Granja_2019.BMMC_D1T1:3809,Invar,0
Granja_2019.BMMC_D1T1:4034,Invar,2
Granja_2019.BMMC_D1T1:4050,Invar,1
Granja_2019.BMMC_D1T1:4071,Invar,0
Granja_2019.BMMC_D1T1:4181,Invar,2
Granja_2019.BMMC_D1T1:4256,Invar,2
Granja_2019.BMMC_D1T1:4302,Invar,1
Granja_2019.BMMC_D1T1:4706,Invar,0
Granja_2019.BMMC_D1T1:4723,Invar,1
Granja_2019.BMMC_D1T1:4783,Invar,1
Granja_2019.BMMC_D1T1:4818,Invar,2
Granja_2019.BMMC_D1T1:5042,Invar,0
Granja_2019.BMMC_D1T1:5110,Invar,0
Granja_2019.BMMC_D1T1:5128,Invar,2
Granja_2019.BMMC_D1T1:5844,Invar,2
Granja_2019.BMMC_D1T1:5862,Invar,1
Granja_2019.BMMC_D1T1:5870,Invar,0
Granja_2019.BMMC_D1T1:6185,Invar,3
Granja_2019.BMMC_D1T2:20,Invar,1
Granja_2019.BMMC_D1T2:461,Invar,2
Granja_2019.BMMC_D1T2:509,Invar,1
Granja_2019.BMMC_D1T2:519,Invar,2
Granja_2019.BMMC_D1T2:528,Invar,1
Granja_2019.BMMC_D1T2:618,Invar,2
Granja_2019.BMMC_D1T2:767,Invar,1
Granja_2019.BMMC_D1T2:896,Invar,3
Granja_2019.BMMC_D1T2:1179,Invar,1
Granja_2019.BMMC_D1T2:1237,Invar,1
Granja_2019.BMMC_D1T2:1403,Invar,1
Granja_2019.BMMC_D1T2:1477,Invar,1
Granja_2019.BMMC_D1T2:1565,Invar,2
Granja_2019.BMMC_D1T2:1574,Invar,2
Granja_2019.BMMC_D1T2:1658,Invar,1
Granja_2019.BMMC_D1T2:1674,Invar,3
Granja_2019.BMMC_D1T2:1675,Invar,2
Granja_2019.BMMC_D1T2:1854,Invar,0
Granja_2019.BMMC_D1T2:1967,Invar,2
Granja_2019.BMMC_D1T2:2264,Invar,1
Granja_2019.BMMC_D1T2:2280,Invar,0
Granja_2019.BMMC_D1T2:2329,Invar,3
Granja_2019.BMMC_D1T2:2499,Invar,0
Granja_2019.BMMC_D1T2:2635,Invar,1
Granja_2019.BMMC_D1T2:2829,Invar,0
Granja_2019.BMMC_D1T2:2975,Invar,1
Granja_2019.BMMC_D1T2:3214,Invar,1
Granja_2019.BMMC_D1T2:3578,Invar,0
Granja_2019.BMMC_D1T2:3705,Invar,1
Granja_2019.BMMC_D1T2:3722,Invar,1
Granja_2019.BMMC_D1T2:3860,Invar,0
Granja_2019.BMMC_D1T2:3954,Invar,0
Granja_2019.BMMC_D1T2:4000,Invar,2
Granja_2019.BMMC_D1T2:4098,Invar,2
Granja_2019.BMMC_D1T2:4214,Invar,3
Granja_2019.BMMC_D1T2:4239,Invar,2
Granja_2019.BMMC_D1T2:4244,Invar,2
Granja_2019.BMMC_D1T2:4426,Invar,1
Granja_2019.BMMC_D1T2:5322,Invar,3
Granja_2019.BMMC_D1T2:5603,Invar,1
Granja_2019.BMMC_D1T2:5615,Invar,0
Granja_2019.BMMC_D1T2:5624,Invar,2
Granja_2019.BMMC_D1T2:5628,Invar,2
Granja_2019.BMMC_D1T2:5632,Invar,2
Granja_2019.BMMC_D1T2:5668,Invar,2
Granja_2019.BMMC_D1T2:5925,Invar,0
Granja_2019.BMMC_D1T2:6003,Invar,2
Granja_2019.BMMC_D1T2:6019,Invar,1
Granja_2019.BMMC_D1T2:6041,Invar,1
Zheng_2021.P20181219-T:91,Invar,1
Zheng_2021.P20181219-T:118,Invar,1
Zheng_2021.P20181219-T:125,Invar,3
Zheng_2021.P20181219-T:232,Invar,1
Zheng_2021.P20181219-T:317,Invar,2
Zheng_2021.P20181219-T:326,Invar,1
Zheng_2021.P20181219-T:358,Invar,1
Zheng_2021.P20181219-T:379,Invar,0
Zheng_2021.P20181219-T:398,Invar,1
Zheng_2021.P20181219-T:472,Invar,1
Zheng_2021.P20181219-T:474,Invar,0
Zheng_2021.P20181219-T:481,Invar,0
Zheng_2021.P20181219-T:482,Invar,1
Zheng_2021.P20181219-T:576,Invar,0
Zheng_2021.P20181219-T:660,Invar,1
Zheng_2021.P20181219-T:703,Invar,1
Zheng_2021.P20181219-T:736,Invar,1
Zheng_2021.P20181219-T:959,Invar,1
Zheng_2021.P20181219-T:1161,Invar,1
Zheng_2021.P20181219-T:1209,Invar,1
Zheng_2021.P20181219-T:1216,Invar,1
Zheng_2021.P20181219-T:1308,Invar,1
Zheng_2021.P20181219-T:1387,Invar,1
Zheng_2021.P20181219-T:1399,Invar,1
Zheng_2021.P20181219-T:1552,Invar,1
Zheng_2021.P20181219-T:1661,Invar,0
Zheng_2021.P20181219-T:1662,Invar,1
Zheng_2021.P20181219-T:1717,Invar,1
Zheng_2021.P20181219-T:1729,Invar,0
Zheng_2021.P20181219-T:1858,Invar,1
Zheng_2021.P20181219-T:1934,Invar,1
Zheng_2021.P20181219-T:1953,Invar,0
Zheng_2021.P20181219-T:2066,Invar,1
Zheng_2021.P20181219-T:2098,Invar,2
Zheng_2021.P20181219-T:2168,Invar,2
Zheng_2021.P20181219-T:2187,Invar,1
Zheng_2021.P20181219-T:2248,Invar,1
Zheng_2021.P20181219-T:2379,Invar,1
Zheng_2021.P20181219-T:2499,Invar,1
Zheng_2021.P20181219-T:2558,Invar,1
Zheng_2021.P20181219-T:2620,Invar,0
Zheng_2021.P20181219-T:2635,Invar,1
Zheng_2021.P20181219-T:2636,Invar,1
Zheng_2021.P20181219-T:2824,Invar,1
Zheng_2021.P20181219-T:2902,Invar,1
Zheng_2021.P20181219-T:2911,Invar,1
Zheng_2021.P20181219-T:2945,Invar,1
Zheng_2021.P20181219-T:3007,Invar,1
Zheng_2021.P20181219-T:3063,Invar,1
Zheng_2021.P20181219-T:3088,Invar,1
Zheng_2021.P20181219-T:3139,Invar,1
Zheng_2021.P20181219-T:3147,Invar,1
Zheng_2021.P20181219-T:3190,Invar,1
Zheng_2021.P20181219-T:3288,Invar,1
Zheng_2021.P20181219-T:3324,Invar,1
Zheng_2021.P20181219-T:3343,Invar,1
Zheng_2021.P20181219-T:3391,Invar,1
Zheng_2021.P20181219-T:3393,Invar,0
Zheng_2021.P20181219-T:3416,Invar,0
Zheng_2021.P20190122-P:39,Invar,1
Zheng_2021.P20190122-P:64,Invar,0
Zheng_2021.P20190122-P:73,Invar,1
Zheng_2021.P20190122-P:101,Invar,0
Zheng_2021.P20190122-P:104,Invar,1
Zheng_2021.P20190122-P:113,Invar,2
Zheng_2021.P20190122-P:119,Invar,1
Zheng_2021.P20190122-P:125,Invar,0
Zheng_2021.P20190122-P:135,Invar,0
Zheng_2021.P20190122-P:149,Invar,1
Zheng_2021.P20190122-P:163,Invar,1
Zheng_2021.P20190122-P:165,Invar,0
Zheng_2021.P20190122-P:168,Invar,1
Zheng_2021.P20190122-P:213,Invar,1
Zheng_2021.P20190122-P:239,Invar,1
Zheng_2021.P20190122-P:265,Invar,0
Zheng_2021.P20190122-P:277,Invar,1
Zheng_2021.P20190122-P:283,Invar,1
Zheng_2021.P20190122-P:316,Invar,1
Zheng_2021.P20190122-P:325,Invar,1
Zheng_2021.P20190122-P:327,Invar,1
Zheng_2021.P20190122-P:335,Invar,1
Zheng_2021.P20190122-P:374,Invar,1
Zheng_2021.P20190122-P:398,Invar,1
Zheng_2021.P20190122-P:399,Invar,0
Zheng_2021.P20190122-P:427,Invar,1
Zheng_2021.P20190122-P:453,Invar,0
Zheng_2021.P20190122-P:457,Invar,1
Zheng_2021.P20190122-P:469,Invar,0
Zheng_2021.P20190122-P:475,Invar,0
Zheng_2021.P20190122-P:489,Invar,0
Zheng_2021.P20190122-P:490,Invar,1
Zheng_2021.P20190122-P:510,Invar,1
Zheng_2021.P20190122-P:522,Invar,1
Zheng_2021.P20190122-P:523,Invar,1
Zheng_2021.P20190122-P:524,Invar,1
Zheng_2021.P20190122-P:539,Invar,1
Zheng_2021.P20190122-P:541,Invar,1
Zheng_2021.P20190122-P:577,Invar,1
Zheng_2021.P20190122-P:595,Invar,1
Zheng_2021.P20190122-P:599,Invar,0
Zheng_2021.P20190122-P:619,Invar,0
Zheng_2021.P20190122-P:631,Invar,1
Zheng_2021.P20190122-P:643,Invar,1
Zheng_2021.P20190122-P:647,Invar,1
Zheng_2021.P20190122-P:651,Invar,1
Zheng_2021.P20190122-P:654,Invar,1
Zheng_2021.P20190122-P:663,Invar,1
Zheng_2021.P20190122-P:668,Invar,1
Zheng_2021.P20190122-P:669,Invar,0
Zheng_2021.P20190122-P:673,Invar,1
Zheng_2021.P20190122-P:684,Invar,1
Zheng_2021.P20190122-P:696,Invar,1
Zheng_2021.P20190122-P:710,Invar,0
Zheng_2021.P20190122-P:715,Invar,1
Zheng_2021.P20190122-P:728,Invar,1
Zheng_2021.P20190122-P:738,Invar,0
Zheng_2021.P20190122-P:757,Invar,1
Zheng_2021.P20190122-P:759,Invar,1
Zheng_2021.P20190122-P:776,Invar,1
Zheng_2021.P20190122-P:780,Invar,1
Zheng_2021.P20190122-P:782,Invar,1
Zheng_2021.P20190122-P:786,Invar,1
Zheng_2021.P20190122-P:791,Invar,1
Zheng_2021.P20190122-P:823,Invar,0
Zheng_2021.P20190122-P:857,Invar,1
Zheng_2021.P20190122-P:861,Invar,1
Zheng_2021.P20190122-P:882,Invar,1
Zheng_2021.P20190122-P:919,Invar,2
Zheng_2021.P20190122-P:930,Invar,1
Zheng_2021.P20190122-P:933,Invar,1
Zheng_2021.P20190122-P:942,Invar,0
Zheng_2021.P20190122-P:949,Invar,1
Zheng_2021.P20190122-P:1004,Invar,1
Zheng_2021.P20190122-P:1027,Invar,1
Zheng_2021.P20190122-P:1028,Invar,0
Zheng_2021.P20190122-P:1036,Invar,1
Zheng_2021.P20190122-P:1048,Invar,1
Zheng_2021.P20190122-P:1071,Invar,0
Zheng_2021.P20190122-P:1073,Invar,0
Zheng_2021.P20190122-P:1093,Invar,0
Zheng_2021.P20190122-P:1104,Invar,1
Zheng_2021.P20190122-P:1126,Invar,1
Zheng_2021.P20190122-P:1142,Invar,1
Zheng_2021.P20190122-P:1185,Invar,0
Zheng_2021.P20190122-P:1186,Invar,1
Zheng_2021.P20190122-P:1196,Invar,1
Zheng_2021.P20190122-P:1197,Invar,0
Zheng_2021.P20190122-P:1235,Invar,0
Zheng_2021.P20190122-P:1264,Invar,1
Zheng_2021.P20190122-P:1283,Invar,1
Zheng_2021.P20190122-P:1315,Invar,1
Zheng_2021.P20190122-P:1326,Invar,1
Zheng_2021.P20190122-P:1335,Invar,1
Zheng_2021.P20190122-P:1343,Invar,0
Zheng_2021.P20190122-P:1349,Invar,1
Zheng_2021.P20190122-P:1372,Invar,0
Zheng_2021.P20190122-P:1414,Invar,2
Zheng_2021.P20190122-P:1473,Invar,0
Zheng_2021.P20190122-P:1474,Invar,1
Zheng_2021.P20190122-P:1482,Invar,1
Zheng_2021.P20190122-P:1485,Invar,1
Zheng_2021.P20190122-P:1493,Invar,1
Zheng_2021.P20190122-P:1523,Invar,0
Zheng_2021.P20190122-P:1554,Invar,0
Zheng_2021.P20190122-P:1559,Invar,1
Zheng_2021.P20190122-P:1609,Invar,1
Zheng_2021.P20190122-P:1621,Invar,1
Zheng_2021.P20190122-P:1630,Invar,1
Zheng_2021.P20190122-P:1637,Invar,1
Zheng_2021.P20190122-P:1646,Invar,1
Zheng_2021.P20190122-P:1662,Invar,0
Zheng_2021.P20190122-P:1674,Invar,1
Zheng_2021.P20190122-P:1675,Invar,1
Zheng_2021.P20190122-P:1681,Invar,0
Zheng_2021.P20190122-P:1719,Invar,1
Zheng_2021.P20190122-P:1735,Invar,1
Zheng_2021.P20190122-P:1754,Invar,1
Zheng_2021.P20190122-P:1767,Invar,0
Zheng_2021.P20190122-P:1777,Invar,1
Zheng_2021.P20190122-P:1781,Invar,1
Zheng_2021.P20190122-P:1785,Invar,1
Zheng_2021.P20190122-P:1790,Invar,1
Zheng_2021.P20190122-P:1810,Invar,1
Zheng_2021.P20190122-P:1835,Invar,1
Zheng_2021.P20190122-P:1854,Invar,1
Zheng_2021.P20190122-P:1874,Invar,0
Zheng_2021.P20190122-P:1934,Invar,0
Zheng_2021.P20190122-P:1970,Invar,1
Zheng_2021.P20190122-P:1990,Invar,0
Zheng_2021.P20190122-P:1993,Invar,1
Zheng_2021.P20190122-P:1997,Invar,1
Zheng_2021.P20190122-P:2001,Invar,1
Zheng_2021.P20190122-P:2005,Invar,1
Zheng_2021.P20190122-P:2008,Invar,1
Zheng_2021.P20190122-P:2034,Invar,0
Zheng_2021.P20190122-P:2036,Invar,0
Zheng_2021.P20190122-P:2048,Invar,1
Zheng_2021.P20190122-P:2088,Invar,0
Zheng_2021.P20190122-P:2096,Invar,1
Zheng_2021.P20190122-P:2103,Invar,1
Zheng_2021.P20190122-P:2134,Invar,0
Zheng_2021.P20190122-P:2167,Invar,1
Zheng_2021.P20190122-P:2193,Invar,1
Zheng_2021.P20190122-P:2202,Invar,1
Zheng_2021.P20190122-P:2208,Invar,1
Zheng_2021.P20190122-P:2209,Invar,1
Zheng_2021.P20190122-P:2265,Invar,1
Zheng_2021.P20190122-P:2294,Invar,1
Zheng_2021.P20190122-P:2310,Invar,1
Zheng_2021.P20190122-P:2313,Invar,1
Zheng_2021.P20190122-P:2320,Invar,0
Zheng_2021.P20190122-P:2321,Invar,0
Zheng_2021.P20190122-P:2329,Invar,1
Zheng_2021.P20190122-P:2348,Invar,1
Zheng_2021.P20190122-P:2368,Invar,1
Zheng_2021.P20190122-P:2397,Invar,1
Zheng_2021.P20190122-P:2412,Invar,1
Zheng_2021.P20190122-P:2417,Invar,1
Zheng_2021.P20190122-P:2442,Invar,1
Zheng_2021.P20190122-P:2465,Invar,1
Zheng_2021.P20190122-P:2472,Invar,1
Zheng_2021.P20190122-P:2477,Invar,1
Zheng_2021.P20190122-P:2509,Invar,0
Zheng_2021.P20190122-P:2519,Invar,1
Zheng_2021.P20190122-P:2538,Invar,1
Zheng_2021.P20190122-P:2542,Invar,1
Zheng_2021.P20190122-P:2575,Invar,1
Zheng_2021.P20190122-P:2581,Invar,1
Zheng_2021.P20190122-P:2583,Invar,1
Zheng_2021.P20190122-P:2599,Invar,1
Zheng_2021.P20190122-P:2624,Invar,1
Zheng_2021.P20190122-P:2629,Invar,1
Zheng_2021.P20190122-P:2658,Invar,1
Zheng_2021.P20190122-P:2661,Invar,0
Zheng_2021.P20190122-P:2665,Invar,1
Zheng_2021.P20190122-P:2687,Invar,0
Zheng_2021.P20190122-P:2692,Invar,1
Zheng_2021.P20190122-P:2694,Invar,1
Zheng_2021.P20190122-P:2701,Invar,0
Zheng_2021.P20190122-P:2705,Invar,0
Zheng_2021.P20190122-P:2723,Invar,0
Zheng_2021.P20190122-P:2736,Invar,1
Zheng_2021.P20190122-P:2773,Invar,1
Zheng_2021.P20190122-P:2790,Invar,1
Zheng_2021.P20190122-P:2801,Invar,1
Zheng_2021.P20190122-T:11,Invar,2
Zheng_2021.P20190122-T:165,Invar,1
Zheng_2021.P20190122-T:257,Invar,2
Zheng_2021.P20190122-T:300,Invar,2
Zheng_2021.P20190122-T:312,Invar,2
Zheng_2021.P20190122-T:426,Invar,2
Zheng_2021.P20190122-T:473,Invar,2
Zheng_2021.P20190122-T:476,Invar,2
Zheng_2021.P20190122-T:542,Invar,1
Zheng_2021.P20190122-T:547,Invar,0
Zheng_2021.P20190122-T:579,Invar,0
Zheng_2021.P20190122-T:580,Invar,2
Zheng_2021.P20190122-T:698,Invar,2
Zheng_2021.P20190122-T:727,Invar,2
Zheng_2021.P20190122-T:735,Invar,2
Zheng_2021.P20190122-T:746,Invar,2
Zheng_2021.P20190122-T:767,Invar,2
Zheng_2021.P20190122-T:885,Invar,2
Zheng_2021.P20190122-T:935,Invar,2
Zheng_2021.P20190122-T:957,Invar,2
Zheng_2021.P20190122-T:1014,Invar,2
Zheng_2021.P20190122-T:1146,Invar,2
Zheng_2021.P20190122-T:1213,Invar,1
Zheng_2021.P20190122-T:1224,Invar,2
Zheng_2021.P20190122-T:1238,Invar,2
Zheng_2021.P20190122-T:1244,Invar,2
Zheng_2021.P20190122-T:1251,Invar,1
Zheng_2021.P20190122-T:1290,Invar,2
Zheng_2021.P20190122-T:1531,Invar,2
Zheng_2021.P20190122-T:1561,Invar,1
Zheng_2021.P20190122-T:1580,Invar,2
Zheng_2021.P20190122-T:1635,Invar,2
Zheng_2021.P20190122-T:1660,Invar,2
Zheng_2021.P20190122-T:1662,Invar,2
Zheng_2021.P20190122-T:1673,Invar,2
Zheng_2021.P20190122-T:1711,Invar,2
Zheng_2021.P20190122-T:1742,Invar,2
Zheng_2021.P20190122-T:1778,Invar,2
Zheng_2021.P20190122-T:1864,Invar,2
Zheng_2021.P20190122-T:1870,Invar,2
Zheng_2021.P20190122-T:1920,Invar,0
Zheng_2021.P20190122-T:1960,Invar,2
Zheng_2021.P20190122-T:2037,Invar,2
Zheng_2021.P20190122-T:2178,Invar,1
Zheng_2021.P20190122-T:2324,Invar,2
Zheng_2021.P20190122-T:2414,Invar,0
Zheng_2021.P20190122-T:2507,Invar,2
Zheng_2021.P20190122-T:2663,Invar,0
Zheng_2021.P20190122-T:2701,Invar,2
Zheng_2021.P20190122-T:2738,Invar,2
Zheng_2021.P20190122-T:2834,Invar,2
Zheng_2021.P20190122-T:2879,Invar,2
Zheng_2021.P20190122-T:2930,Invar,2
Zheng_2021.P20190122-T:2963,Invar,1
Zheng_2021.P20190122-T:2980,Invar,2
Zheng_2021.P20190122-T:3033,Invar,2
Zheng_2021.P20190122-T:3042,Invar,2
Zheng_2021.P20190122-T:3150,Invar,3
Zheng_2021.P20190122-T:3584,Invar,2
Zheng_2021.P20190122-T:3640,Invar,2
Zheng_2021.P20190122-T:3653,Invar,2
Zheng_2021.P20190122-T:3677,Invar,2
Zheng_2021.P20190122-T:3742,Invar,2
Zheng_2021.P20190122-T:3863,Invar,2
Zheng_2021.P20190122-T:3948,Invar,2
Zheng_2021.P20190122-T:4016,Invar,2
Zheng_2021.P20190122-T:4167,Invar,0
Zheng_2021.P20190122-T:4196,Invar,1
Zheng_2021.P20190122-T:4205,Invar,2
Zheng_2021.P20190122-T:4231,Invar,2
Zheng_2021.P20190122-T:4300,Invar,2
Zheng_2021.P20190122-T:4346,Invar,2
Zheng_2021.P20190122-T:4364,Invar,2
Zheng_2021.P20190122-T:4370,Invar,2
Zheng_2021.P20190122-T:4374,Invar,0
Zheng_2021.P20190122-T:4424,Invar,2
Zheng_2021.P20190122-T:4573,Invar,0
Zheng_2021.P20190122-T:4622,Invar,2
Zheng_2021.P20190122-T:4666,Invar,2
Zheng_2021.P20190122-T:4729,Invar,2
Zheng_2021.P20190122-T:4763,Invar,2
Zheng_2021.P20190122-T:4814,Invar,0
Zheng_2021.P20190122-T:4853,Invar,3
Zheng_2021.P20190122-T:4919,Invar,2
Zheng_2021.P20190122-T:5017,Invar,0
Zheng_2021.P20190122-T:5033,Invar,2
Zheng_2021.P20190122-T:5049,Invar,0
Zheng_2021.P20190122-T:5060,Invar,2
Zheng_2021.P20190122-T:5188,Invar,2
Zheng_2021.P20190122-T:5285,Invar,2
Zheng_2021.P20190122-T:5353,Invar,2
Zheng_2021.P20190122-T:5390,Invar,2
Zheng_2021.P20190122-T:5444,Invar,2
Zheng_2021.P20190122-T:5543,Invar,2
Zheng_2021.P20190322-P:3,Invar,1
Zheng_2021.P20190322-P:13,Invar,1
Zheng_2021.P20190322-P:29,Invar,1
Zheng_2021.P20190322-P:31,Invar,0
Zheng_2021.P20190322-P:46,Invar,0
Zheng_2021.P20190322-P:54,Invar,1
Zheng_2021.P20190322-P:59,Invar,0
Zheng_2021.P20190322-P:60,Invar,1
Zheng_2021.P20190322-P:73,Invar,0
Zheng_2021.P20190322-P:76,Invar,0
Zheng_2021.P20190322-P:103,Invar,0
Zheng_2021.P20190322-P:104,Invar,0
Zheng_2021.P20190322-P:108,Invar,0
Zheng_2021.P20190322-P:118,Invar,0
Zheng_2021.P20190322-P:120,Invar,0
Zheng_2021.P20190322-P:125,Invar,0
Zheng_2021.P20190322-P:133,Invar,0
Zheng_2021.P20190322-P:141,Invar,1
Zheng_2021.P20190322-P:146,Invar,0
Zheng_2021.P20190322-P:158,Invar,1
Zheng_2021.P20190322-P:161,Invar,0
Zheng_2021.P20190322-P:170,Invar,0
Zheng_2021.P20190322-P:187,Invar,0
Zheng_2021.P20190322-P:208,Invar,0
Zheng_2021.P20190322-P:214,Invar,0
Zheng_2021.P20190322-P:217,Invar,0
Zheng_2021.P20190322-P:218,Invar,1
Zheng_2021.P20190322-P:219,Invar,0
Zheng_2021.P20190322-P:223,Invar,0
Zheng_2021.P20190322-P:229,Invar,0
Zheng_2021.P20190322-P:234,Invar,0
Zheng_2021.P20190322-P:240,Invar,0
Zheng_2021.P20190322-P:241,Invar,0
Zheng_2021.P20190322-P:255,Invar,0
Zheng_2021.P20190322-P:266,Invar,0
Zheng_2021.P20190322-P:300,Invar,0
Zheng_2021.P20190322-P:311,Invar,0
Zheng_2021.P20190322-P:314,Invar,1
Zheng_2021.P20190322-P:315,Invar,0
Zheng_2021.P20190322-P:320,Invar,1
Zheng_2021.P20190322-P:324,Invar,0
Zheng_2021.P20190322-P:328,Invar,0
Zheng_2021.P20190322-P:337,Invar,0
Zheng_2021.P20190322-P:341,Invar,0
Zheng_2021.P20190322-P:343,Invar,0
Zheng_2021.P20190322-P:354,Invar,0
Zheng_2021.P20190322-P:356,Invar,0
Zheng_2021.P20190322-P:372,Invar,0
Zheng_2021.P20190322-P:374,Invar,1
Zheng_2021.P20190322-P:389,Invar,0
Zheng_2021.P20190322-P:390,Invar,0
Zheng_2021.P20190322-P:394,Invar,0
Zheng_2021.P20190322-P:434,Invar,0
Zheng_2021.P20190322-P:436,Invar,0
Zheng_2021.P20190322-P:440,Invar,0
Zheng_2021.P20190322-P:447,Invar,0
Zheng_2021.P20190322-P:459,Invar,0
Zheng_2021.P20190322-P:463,Invar,0
Zheng_2021.P20190322-P:470,Invar,0
Zheng_2021.P20190322-P:471,Invar,0
Zheng_2021.P20190322-P:472,Invar,0
Zheng_2021.P20190322-P:483,Invar,0
Zheng_2021.P20190322-P:487,Invar,0
Zheng_2021.P20190322-P:500,Invar,0
Zheng_2021.P20190322-P:506,Invar,0
Zheng_2021.P20190322-P:519,Invar,0
Zheng_2021.P20190322-P:549,Invar,0
Zheng_2021.P20190322-P:552,Invar,0
Zheng_2021.P20190322-P:556,Invar,0
Zheng_2021.P20190322-P:570,Invar,0
Zheng_2021.P20190322-P:582,Invar,0
Zheng_2021.P20190322-P:602,Invar,0
Zheng_2021.P20190322-P:616,Invar,0
Zheng_2021.P20190322-P:617,Invar,0
Zheng_2021.P20190322-P:620,Invar,1
Zheng_2021.P20190322-P:642,Invar,0
Zheng_2021.P20190322-P:659,Invar,0
Zheng_2021.P20190322-P:681,Invar,0
Zheng_2021.P20190322-P:682,Invar,0
Zheng_2021.P20190322-P:694,Invar,0
Zheng_2021.P20190322-P:703,Invar,1
Zheng_2021.P20190322-P:729,Invar,0
Zheng_2021.P20190322-P:736,Invar,0
Zheng_2021.P20190322-P:742,Invar,0
Zheng_2021.P20190322-P:746,Invar,0
Zheng_2021.P20190322-P:761,Invar,0
Zheng_2021.P20190322-P:764,Invar,0
Zheng_2021.P20190322-P:768,Invar,0
Zheng_2021.P20190322-P:798,Invar,0
Zheng_2021.P20190322-P:823,Invar,0
Zheng_2021.P20190322-P:829,Invar,1
Zheng_2021.P20190322-P:837,Invar,0
Zheng_2021.P20190322-P:843,Invar,0
Zheng_2021.P20190322-P:851,Invar,0
Zheng_2021.P20190322-P:859,Invar,0
Zheng_2021.P20190322-P:872,Invar,0
Zheng_2021.P20190322-P:873,Invar,0
Zheng_2021.P20190322-P:880,Invar,0
Zheng_2021.P20190322-P:882,Invar,0
Zheng_2021.P20190322-P:883,Invar,0
Zheng_2021.P20190322-P:895,Invar,0
Zheng_2021.P20190322-P:898,Invar,0
Zheng_2021.P20190322-P:904,Invar,0
Zheng_2021.P20190322-P:908,Invar,0
Zheng_2021.P20190322-P:909,Invar,1
Zheng_2021.P20190322-P:925,Invar,0
Zheng_2021.P20190322-P:929,Invar,0
Zheng_2021.P20190322-P:936,Invar,1
Zheng_2021.P20190322-P:938,Invar,0
Zheng_2021.P20190322-P:952,Invar,0
Zheng_2021.P20190322-P:956,Invar,0
Zheng_2021.P20190322-P:967,Invar,0
Zheng_2021.P20190322-P:968,Invar,0
Zheng_2021.P20190322-P:988,Invar,2
Zheng_2021.P20190322-P:998,Invar,1
Zheng_2021.P20190322-P:1010,Invar,0
Zheng_2021.P20190322-P:1011,Invar,0
Zheng_2021.P20190322-P:1034,Invar,1
Zheng_2021.P20190322-P:1052,Invar,0
Zheng_2021.P20190322-P:1085,Invar,0
Zheng_2021.P20190322-P:1094,Invar,0
Zheng_2021.P20190322-P:1102,Invar,0
Zheng_2021.P20190322-P:1108,Invar,0
Zheng_2021.P20190322-P:1109,Invar,0
Zheng_2021.P20190322-P:1120,Invar,1
Zheng_2021.P20190322-P:1148,Invar,0
Zheng_2021.P20190322-P:1157,Invar,0
Zheng_2021.P20190322-P:1166,Invar,0
Zheng_2021.P20190322-P:1168,Invar,0
Zheng_2021.P20190322-P:1169,Invar,0
Zheng_2021.P20190322-P:1171,Invar,0
Zheng_2021.P20190322-P:1175,Invar,0
Zheng_2021.P20190322-P:1176,Invar,0
Zheng_2021.P20190322-P:1179,Invar,0
Zheng_2021.P20190322-P:1184,Invar,0
Zheng_2021.P20190322-P:1199,Invar,0
Zheng_2021.P20190322-P:1200,Invar,0
Zheng_2021.P20190322-P:1206,Invar,0
Zheng_2021.P20190322-P:1213,Invar,1
Zheng_2021.P20190322-P:1215,Invar,0
Zheng_2021.P20190322-P:1216,Invar,0
Zheng_2021.P20190322-P:1220,Invar,0
Zheng_2021.P20190322-P:1221,Invar,0
Zheng_2021.P20190322-P:1234,Invar,0
Zheng_2021.P20190322-P:1255,Invar,0
Zheng_2021.P20190322-P:1257,Invar,0
Zheng_2021.P20190322-P:1277,Invar,0
Zheng_2021.P20190322-P:1303,Invar,0
Zheng_2021.P20190322-P:1305,Invar,0
Zheng_2021.P20190322-P:1306,Invar,0
Zheng_2021.P20190322-P:1308,Invar,0
Zheng_2021.P20190322-P:1309,Invar,0
Zheng_2021.P20190322-P:1310,Invar,0
Zheng_2021.P20190322-P:1311,Invar,0
Zheng_2021.P20190322-P:1315,Invar,1
Zheng_2021.P20190322-P:1318,Invar,1
Zheng_2021.P20190322-P:1335,Invar,0
Zheng_2021.P20190322-P:1338,Invar,0
Zheng_2021.P20190322-P:1344,Invar,0
Zheng_2021.P20190322-P:1346,Invar,0
Zheng_2021.P20190322-P:1348,Invar,0
Zheng_2021.P20190322-P:1349,Invar,0
Zheng_2021.P20190322-P:1353,Invar,0
Zheng_2021.P20190322-P:1361,Invar,0
Zheng_2021.P20190322-P:1365,Invar,0
Zheng_2021.P20190322-P:1368,Invar,0
Zheng_2021.P20190322-P:1381,Invar,0
Zheng_2021.P20190322-P:1390,Invar,0
Zheng_2021.P20190322-P:1394,Invar,0
Zheng_2021.P20190322-P:1396,Invar,0
Zheng_2021.P20190322-P:1399,Invar,0
Zheng_2021.P20190322-P:1400,Invar,1
Zheng_2021.P20190322-P:1402,Invar,0
Zheng_2021.P20190322-P:1405,Invar,0
Zheng_2021.P20190322-P:1407,Invar,0
Zheng_2021.P20190322-P:1408,Invar,0
Zheng_2021.P20190322-P:1410,Invar,0
Zheng_2021.P20190322-P:1411,Invar,0
Zheng_2021.P20190322-P:1420,Invar,0
Zheng_2021.P20190322-P:1424,Invar,0
Zheng_2021.P20190322-P:1435,Invar,0
Zheng_2021.P20190322-P:1454,Invar,0
Zheng_2021.P20190322-P:1455,Invar,0
Zheng_2021.P20190322-P:1458,Invar,0
Zheng_2021.P20190322-P:1470,Invar,0
Zheng_2021.P20190322-P:1475,Invar,0
Zheng_2021.P20190322-P:1488,Invar,0
Zheng_2021.P20190322-P:1492,Invar,1
Zheng_2021.P20190322-P:1493,Invar,0
Zheng_2021.P20190322-P:1494,Invar,0
Zheng_2021.P20190322-P:1517,Invar,0
Zheng_2021.P20190322-P:1518,Invar,0
Zheng_2021.P20190322-P:1519,Invar,0
Zheng_2021.P20190322-P:1528,Invar,0
Zheng_2021.P20190322-P:1529,Invar,0
Zheng_2021.P20190322-P:1563,Invar,0
Zheng_2021.P20190322-P:1565,Invar,0
Zheng_2021.P20190322-P:1570,Invar,0
Zheng_2021.P20190322-P:1571,Invar,0
Zheng_2021.P20190322-P:1578,Invar,0
Zheng_2021.P20190322-P:1588,Invar,0
Zheng_2021.P20190322-P:1591,Invar,0
Zheng_2021.P20190322-P:1622,Invar,0
Zheng_2021.P20190322-P:1634,Invar,0
Zheng_2021.P20190322-P:1636,Invar,0
Zheng_2021.P20190322-P:1650,Invar,0
Zheng_2021.P20190322-P:1653,Invar,0
Zheng_2021.P20190322-P:1659,Invar,0
Zheng_2021.P20190322-P:1668,Invar,0
Zheng_2021.P20190322-P:1670,Invar,0
Zheng_2021.P20190322-P:1674,Invar,0
Zheng_2021.P20190322-P:1688,Invar,0
Zheng_2021.P20190322-P:1694,Invar,0
Zheng_2021.P20190322-P:1697,Invar,0
Zheng_2021.P20190322-P:1699,Invar,0
Zheng_2021.P20190322-P:1701,Invar,0
Zheng_2021.P20190322-P:1702,Invar,0
Zheng_2021.P20190322-P:1705,Invar,0
Zheng_2021.P20190322-P:1716,Invar,1
Zheng_2021.P20190322-P:1721,Invar,0
Zheng_2021.P20190322-P:1724,Invar,0
Zheng_2021.P20190322-P:1726,Invar,0
Zheng_2021.P20190322-P:1730,Invar,0
Zheng_2021.P20190322-P:1731,Invar,0
Zheng_2021.P20190322-P:1740,Invar,0
Zheng_2021.P20190322-P:1758,Invar,0
Zheng_2021.P20190322-P:1767,Invar,0
Zheng_2021.P20190322-P:1770,Invar,0
Zheng_2021.P20190322-P:1783,Invar,0
Zheng_2021.P20190322-P:1802,Invar,0
Zheng_2021.P20190322-P:1811,Invar,0
Zheng_2021.P20190322-P:1835,Invar,0
Zheng_2021.P20190322-P:1837,Invar,0
Zheng_2021.P20190322-P:1842,Invar,1
Zheng_2021.P20190322-P:1848,Invar,0
Zheng_2021.P20190322-P:1857,Invar,0
Zheng_2021.P20190322-P:1866,Invar,0
Zheng_2021.P20190322-P:1869,Invar,0
Zheng_2021.P20190322-P:1877,Invar,0
Zheng_2021.P20190322-P:1885,Invar,0
Zheng_2021.P20190322-P:1891,Invar,0
Zheng_2021.P20190322-P:1895,Invar,0
Zheng_2021.P20190322-P:1935,Invar,0
Zheng_2021.P20190322-P:2017,Invar,0
Zheng_2021.P20190322-P:2034,Invar,1
Zheng_2021.P20190322-P:2039,Invar,0
Zheng_2021.P20190322-P:2044,Invar,0
Zheng_2021.P20190322-P:2051,Invar,0
Zheng_2021.P20190322-P:2058,Invar,0
Zheng_2021.P20190322-P:2060,Invar,1
Zheng_2021.P20190322-P:2061,Invar,0
Zheng_2021.P20190322-P:2081,Invar,0
Zheng_2021.P20190322-P:2091,Invar,0
Zheng_2021.P20190322-P:2129,Invar,0
Zheng_2021.P20190322-P:2134,Invar,0
Zheng_2021.P20190322-P:2140,Invar,1
Zheng_2021.P20190322-P:2174,Invar,0
Zheng_2021.P20190322-P:2183,Invar,0
Zheng_2021.P20190322-P:2223,Invar,0
Zheng_2021.P20190322-P:2231,Invar,0
Zheng_2021.P20190322-P:2234,Invar,1
Zheng_2021.P20190322-P:2245,Invar,0
Zheng_2021.P20190322-P:2246,Invar,0
Zheng_2021.P20190322-P:2255,Invar,0
Zheng_2021.P20190322-P:2266,Invar,0
Zheng_2021.P20190322-P:2276,Invar,0
Zheng_2021.P20190322-P:2282,Invar,0
Zheng_2021.P20190322-P:2302,Invar,0
Zheng_2021.P20190322-P:2313,Invar,0
Zheng_2021.P20190322-P:2321,Invar,0
Zheng_2021.P20190322-P:2324,Invar,0
Zheng_2021.P20190322-P:2325,Invar,0
Zheng_2021.P20190322-P:2326,Invar,0
Zheng_2021.P20190322-P:2328,Invar,0
Zheng_2021.P20190322-P:2331,Invar,0
Zheng_2021.P20190322-P:2334,Invar,0
Zheng_2021.P20190322-P:2341,Invar,0
Zheng_2021.P20190322-P:2374,Invar,0
Zheng_2021.P20190322-P:2382,Invar,0
Zheng_2021.P20190322-P:2391,Invar,0
Zheng_2021.P20190322-P:2402,Invar,0
Zheng_2021.P20190322-P:2420,Invar,0
Zheng_2021.P20190322-P:2424,Invar,0
Zheng_2021.P20190322-P:2426,Invar,0
Zheng_2021.P20190322-P:2427,Invar,0
Zheng_2021.P20190322-P:2428,Invar,0
Zheng_2021.P20190322-P:2433,Invar,0
Zheng_2021.P20190322-P:2446,Invar,0
Zheng_2021.P20190322-P:2452,Invar,0
Zheng_2021.P20190322-P:2461,Invar,0
Zheng_2021.P20190322-P:2476,Invar,0
Zheng_2021.P20190322-P:2488,Invar,3
Zheng_2021.P20190322-P:2491,Invar,0
Zheng_2021.P20190322-P:2493,Invar,0
Zheng_2021.P20190322-P:2511,Invar,0
Zheng_2021.P20190322-P:2531,Invar,0
Zheng_2021.P20190322-P:2534,Invar,0
Zheng_2021.P20190322-P:2540,Invar,0
Zheng_2021.P20190322-P:2551,Invar,0
Zheng_2021.P20190322-P:2571,Invar,0
Zheng_2021.P20190322-P:2577,Invar,0
Zheng_2021.P20190322-P:2584,Invar,1
Zheng_2021.P20190322-P:2588,Invar,0
Zheng_2021.P20190322-P:2593,Invar,0
Zheng_2021.P20190322-P:2597,Invar,0
Zheng_2021.P20190322-P:2602,Invar,0
Zheng_2021.P20190322-P:2605,Invar,0
Zheng_2021.P20190322-P:2648,Invar,0
Zheng_2021.P20190322-P:2664,Invar,0
Zheng_2021.P20190322-P:2670,Invar,0
Zheng_2021.P20190322-P:2695,Invar,0
Zheng_2021.P20190322-P:2702,Invar,0
Zheng_2021.P20190322-P:2733,Invar,0
Zheng_2021.P20190322-P:2744,Invar,0
Zheng_2021.P20190322-P:2746,Invar,1
Zheng_2021.P20190322-P:2748,Invar,0
Zheng_2021.P20190322-P:2753,Invar,1
Zheng_2021.P20190322-P:2755,Invar,1
Zheng_2021.P20190322-P:2760,Invar,0
Zheng_2021.P20190322-P:2763,Invar,0
Zheng_2021.P20190322-P:2765,Invar,0
Zheng_2021.P20190322-P:2771,Invar,0
Zheng_2021.P20190322-P:2772,Invar,0
Zheng_2021.P20190322-P:2783,Invar,1
Zheng_2021.P20190322-P:2785,Invar,0
Zheng_2021.P20190322-P:2800,Invar,0
Zheng_2021.P20190322-P:2808,Invar,0
Zheng_2021.P20190322-P:2817,Invar,0
Zheng_2021.P20190322-P:2822,Invar,0
Zheng_2021.P20190322-P:2824,Invar,0
Zheng_2021.P20190322-P:2840,Invar,0
Zheng_2021.P20190322-P:2855,Invar,0
Zheng_2021.P20190322-P:2856,Invar,0
Zheng_2021.P20190322-P:2875,Invar,0
Zheng_2021.P20190322-P:2892,Invar,0
Zheng_2021.P20190322-P:2897,Invar,0
Zheng_2021.P20190322-P:2901,Invar,0
Zheng_2021.P20190322-P:2903,Invar,0
Zheng_2021.P20190322-P:2906,Invar,1
Zheng_2021.P20190322-P:2930,Invar,1
Zheng_2021.P20190322-P:2944,Invar,0
Zheng_2021.P20190322-P:2963,Invar,0
Zheng_2021.P20190322-P:2967,Invar,0
Zheng_2021.P20190322-P:2977,Invar,0
Zheng_2021.P20190322-P:2978,Invar,0
Zheng_2021.P20190322-P:2981,Invar,0
Zheng_2021.P20190322-P:2983,Invar,0
Zheng_2021.P20190322-P:2992,Invar,0
Zheng_2021.P20190322-P:2995,Invar,0
Zheng_2021.P20190322-P:3029,Invar,0
Zheng_2021.P20190322-P:3030,Invar,1
Zheng_2021.P20190322-P:3032,Invar,0
Zheng_2021.P20190322-P:3039,Invar,0
Zheng_2021.P20190322-P:3051,Invar,0
Zheng_2021.P20190322-P:3065,Invar,1
Zheng_2021.P20190322-P:3068,Invar,0
Zheng_2021.P20190322-P:3074,Invar,1
Zheng_2021.P20190322-P:3078,Invar,0
Zheng_2021.P20190322-P:3079,Invar,0
Zheng_2021.P20190322-P:3086,Invar,0
Zheng_2021.P20190322-P:3091,Invar,0
Zheng_2021.P20190322-P:3106,Invar,0
Zheng_2021.P20190322-P:3107,Invar,0
Zheng_2021.P20190322-P:3115,Invar,0
Zheng_2021.P20190322-P:3119,Invar,0
Zheng_2021.P20190322-P:3149,Invar,0
Zheng_2021.P20190322-P:3152,Invar,0
Zheng_2021.P20190322-P:3154,Invar,0
Zheng_2021.P20190322-P:3181,Invar,0
Zheng_2021.P20190322-P:3194,Invar,3
Zheng_2021.P20190322-P:3197,Invar,0
Zheng_2021.P20190322-P:3209,Invar,1
Zheng_2021.P20190322-P:3213,Invar,0
Zheng_2021.P20190322-P:3231,Invar,0
Zheng_2021.P20190322-P:3254,Invar,1
Zheng_2021.P20190322-P:3261,Invar,0
Zheng_2021.P20190322-P:3264,Invar,0
Zheng_2021.P20190322-P:3268,Invar,0
Zheng_2021.P20190322-P:3286,Invar,0
Zheng_2021.P20190322-P:3287,Invar,0
Zheng_2021.P20190322-P:3297,Invar,0
Zheng_2021.P20190322-P:3311,Invar,0
Zheng_2021.P20190322-P:3324,Invar,0
Zheng_2021.P20190322-P:3332,Invar,0
Zheng_2021.P20190322-P:3336,Invar,0
Zheng_2021.P20190322-P:3348,Invar,0
Zheng_2021.P20190322-P:3350,Invar,0
Zheng_2021.P20190322-P:3351,Invar,0
Zheng_2021.P20190322-P:3354,Invar,0
Zheng_2021.P20190322-P:3357,Invar,0
Zheng_2021.P20190322-P:3359,Invar,0
Zheng_2021.P20190322-P:3361,Invar,0
Zheng_2021.P20190322-P:3367,Invar,0
Zheng_2021.P20190322-P:3371,Invar,0
Zheng_2021.P20190322-P:3374,Invar,0
Zheng_2021.P20190322-P:3376,Invar,0
Zheng_2021.P20190322-P:3381,Invar,0
Zheng_2021.P20190322-P:3385,Invar,0
Zheng_2021.P20190322-P:3386,Invar,0
Zheng_2021.P20190322-P:3398,Invar,0
Zheng_2021.P20190322-P:3403,Invar,0
Zheng_2021.P20190322-P:3416,Invar,0
Zheng_2021.P20190322-P:3419,Invar,0
Zheng_2021.P20190322-P:3436,Invar,0
Zheng_2021.P20190322-P:3454,Invar,1
Zheng_2021.P20190322-P:3468,Invar,0
Zheng_2021.P20190322-P:3469,Invar,0
Zheng_2021.P20190322-P:3476,Invar,0
Zheng_2021.P20190322-P:3483,Invar,0
Zheng_2021.P20190322-P:3485,Invar,0
Zheng_2021.P20190322-P:3489,Invar,0
Zheng_2021.P20190322-P:3494,Invar,0
Zheng_2021.P20190322-P:3495,Invar,0
Zheng_2021.P20190322-P:3503,Invar,0
Zheng_2021.P20190322-P:3507,Invar,0
Zheng_2021.P20190322-P:3510,Invar,0
Zheng_2021.P20190322-P:3519,Invar,0
Zheng_2021.P20190322-P:3520,Invar,0
Zheng_2021.P20190322-P:3531,Invar,0
Zheng_2021.P20190322-P:3535,Invar,1
Zheng_2021.P20190322-P:3536,Invar,0
Zheng_2021.P20190322-P:3539,Invar,0
Zheng_2021.P20190322-P:3541,Invar,0
Zheng_2021.P20190322-P:3551,Invar,0
Zheng_2021.P20190322-P:3557,Invar,0
Zheng_2021.P20190322-P:3572,Invar,0
Zheng_2021.P20190322-P:3581,Invar,0
Zheng_2021.P20190322-P:3582,Invar,0
Zheng_2021.P20190322-P:3603,Invar,0
Zheng_2021.P20190322-P:3623,Invar,0
Zheng_2021.P20190322-P:3628,Invar,0
Zheng_2021.P20190322-P:3636,Invar,0
Zheng_2021.P20190322-P:3642,Invar,0
Zheng_2021.P20190322-P:3648,Invar,0
Zheng_2021.P20190322-P:3654,Invar,0
Zheng_2021.P20190322-P:3659,Invar,0
Zheng_2021.P20190322-P:3669,Invar,0
Zheng_2021.P20190322-P:3685,Invar,0
Zheng_2021.P20190322-P:3690,Invar,0
Zheng_2021.P20190322-P:3692,Invar,0
Zheng_2021.P20190322-P:3712,Invar,0
Zheng_2021.P20190322-P:3716,Invar,0
Zheng_2021.P20190322-P:3728,Invar,0
Zheng_2021.P20190322-P:3731,Invar,0
Zheng_2021.P20190322-P:3734,Invar,0
Zheng_2021.P20190322-P:3741,Invar,0
Zheng_2021.P20190322-P:3747,Invar,0
Zheng_2021.P20190322-P:3757,Invar,0
Zheng_2021.P20190322-P:3758,Invar,0
Zheng_2021.P20190322-P:3769,Invar,1
Zheng_2021.P20190322-P:3777,Invar,0
Zheng_2021.P20190322-P:3786,Invar,0
Zheng_2021.P20190322-P:3795,Invar,0
Zheng_2021.P20190322-P:3797,Invar,0
Zheng_2021.P20190322-P:3801,Invar,0
Zheng_2021.P20190322-P:3808,Invar,0
Zheng_2021.P20190322-P:3812,Invar,0
Zheng_2021.P20190322-P:3819,Invar,0
Zheng_2021.P20190322-P:3832,Invar,0
Zheng_2021.P20190322-P:3839,Invar,0
Zheng_2021.P20190322-P:3844,Invar,0
Zheng_2021.P20190322-P:3862,Invar,0
Zheng_2021.P20190322-P:3874,Invar,0
Zheng_2021.P20190322-P:3895,Invar,0
Zheng_2021.P20190322-P:3897,Invar,0
Zheng_2021.P20190322-P:3911,Invar,0
Zheng_2021.P20190322-P:3920,Invar,0
Zheng_2021.P20190322-P:3921,Invar,0
Zheng_2021.P20190322-P:3934,Invar,0
Zheng_2021.P20190322-P:3939,Invar,0
Zheng_2021.P20190322-P:3940,Invar,0
Zheng_2021.P20190322-P:3941,Invar,0
Zheng_2021.P20190322-P:3942,Invar,0
Zheng_2021.P20190322-P:3975,Invar,0
Zheng_2021.P20190322-P:3982,Invar,1
Zheng_2021.P20190322-P:3992,Invar,0
Zheng_2021.P20190322-P:3993,Invar,0
Zheng_2021.P20190322-P:4004,Invar,0
Zheng_2021.P20190322-P:4033,Invar,0
Zheng_2021.P20190322-P:4050,Invar,0
Zheng_2021.P20190322-P:4071,Invar,0
Zheng_2021.P20190322-P:4080,Invar,0
Zheng_2021.P20190322-P:4088,Invar,0
Zheng_2021.P20190322-P:4105,Invar,0
Zheng_2021.P20190322-P:4118,Invar,1
Zheng_2021.P20190322-P:4127,Invar,0
Zheng_2021.P20190322-P:4133,Invar,0
Zheng_2021.P20190322-P:4140,Invar,0
Zheng_2021.P20190322-P:4145,Invar,0
Zheng_2021.P20190322-P:4158,Invar,0
Zheng_2021.P20190322-P:4177,Invar,1
Zheng_2021.P20190322-P:4188,Invar,0
Zheng_2021.P20190322-P:4198,Invar,0
Zheng_2021.P20190322-P:4201,Invar,1
Zheng_2021.P20190322-P:4208,Invar,1
Zheng_2021.P20190322-P:4209,Invar,2
Zheng_2021.P20190322-P:4211,Invar,0
Zheng_2021.P20190322-P:4217,Invar,0
Zheng_2021.P20190322-P:4220,Invar,0
Zheng_2021.P20190322-P:4225,Invar,0
Zheng_2021.P20190322-P:4236,Invar,0
Zheng_2021.P20190322-P:4240,Invar,0
Zheng_2021.P20190322-P:4241,Invar,0
Zheng_2021.P20190322-P:4256,Invar,0
Zheng_2021.P20190322-P:4278,Invar,0
Zheng_2021.P20190322-P:4279,Invar,0
Zheng_2021.P20190322-P:4295,Invar,0
Zheng_2021.P20190322-P:4302,Invar,0
Zheng_2021.P20190322-P:4305,Invar,0
Zheng_2021.P20190322-P:4309,Invar,0
Zheng_2021.P20190322-P:4326,Invar,0
Zheng_2021.P20190322-P:4328,Invar,0
Zheng_2021.P20190322-P:4331,Invar,0
Zheng_2021.P20190322-P:4333,Invar,0
Zheng_2021.P20190322-P:4353,Invar,0
Zheng_2021.P20190322-P:4360,Invar,0
Zheng_2021.P20190322-P:4381,Invar,0
Zheng_2021.P20190322-P:4411,Invar,0
Zheng_2021.P20190322-P:4429,Invar,0
Zheng_2021.P20190322-P:4433,Invar,0
Zheng_2021.P20190322-P:4453,Invar,0
Zheng_2021.P20190322-P:4455,Invar,0
Zheng_2021.P20190322-P:4469,Invar,0
Zheng_2021.P20190322-P:4486,Invar,0
Zheng_2021.P20190322-P:4491,Invar,0
Zheng_2021.P20190322-P:4510,Invar,0
Zheng_2021.P20190322-P:4529,Invar,0
Zheng_2021.P20190322-P:4532,Invar,0
Zheng_2021.P20190322-P:4538,Invar,0
Zheng_2021.P20190322-P:4539,Invar,0
Zheng_2021.P20190322-P:4546,Invar,0
Zheng_2021.P20190322-P:4550,Invar,0
Zheng_2021.P20190322-P:4563,Invar,0
Zheng_2021.P20190322-P:4574,Invar,0
Zheng_2021.P20190322-P:4584,Invar,0
Zheng_2021.P20190322-P:4590,Invar,0
Zheng_2021.P20190322-P:4591,Invar,0
Zheng_2021.P20190322-P:4600,Invar,0
Zheng_2021.P20190322-T:82,Invar,0
Zheng_2021.P20190322-T:121,Invar,2
Zheng_2021.P20190322-T:145,Invar,2
Zheng_2021.P20190322-T:157,Invar,2
Zheng_2021.P20190322-T:243,Invar,1
Zheng_2021.P20190322-T:249,Invar,2
Zheng_2021.P20190322-T:629,Invar,2
Zheng_2021.P20190322-T:700,Invar,2
Zheng_2021.P20190322-T:805,Invar,2
Zheng_2021.P20190322-T:817,Invar,2
Zheng_2021.P20190322-T:834,Invar,2
Zheng_2021.P20190322-T:948,Invar,2
Zheng_2021.P20190322-T:1003,Invar,2
Zheng_2021.P20190322-T:1016,Invar,2
Zheng_2021.P20190322-T:1078,Invar,0
Zheng_2021.P20190322-T:1089,Invar,0
Zheng_2021.P20190322-T:1215,Invar,2
Zheng_2021.P20190322-T:1320,Invar,2
Zheng_2021.P20190322-T:1392,Invar,2
Zheng_2021.P20190322-T:1416,Invar,2
Zheng_2021.P20190322-T:1422,Invar,2
Zheng_2021.P20190322-T:1475,Invar,2
Zheng_2021.P20190322-T:1506,Invar,2
Zheng_2021.P20190322-T:1556,Invar,0
Zheng_2021.P20190322-T:1589,Invar,2
Zheng_2021.P20190322-T:1600,Invar,0
Zheng_2021.P20190322-T:1642,Invar,2
Zheng_2021.P20190322-T:1665,Invar,2
Zheng_2021.P20190322-T:1742,Invar,2
Zheng_2021.P20190322-T:1875,Invar,2
Zheng_2021.P20190322-T:1992,Invar,0
Zheng_2021.P20190322-T:1996,Invar,2
Zheng_2021.P20190322-T:2006,Invar,2
Zheng_2021.P20190322-T:2034,Invar,0
Zheng_2021.P20190322-T:2117,Invar,2
Zheng_2021.P20190322-T:2244,Invar,2
Zheng_2021.P20190322-T:2294,Invar,2
Zheng_2021.P20190322-T:2363,Invar,0
Zheng_2021.P20190322-T:2375,Invar,2
Zheng_2021.P20190322-T:2408,Invar,2
Zheng_2021.P20190322-T:2462,Invar,2
Zheng_2021.P20190322-T:2503,Invar,0
Zheng_2021.P20190322-T:2510,Invar,0
Zheng_2021.P20190322-T:2584,Invar,2
Zheng_2021.P20190322-T:2614,Invar,2
Zheng_2021.P20190322-T:2618,Invar,2
Zheng_2021.P20190322-T:2651,Invar,2
Zheng_2021.P20190322-T:2942,Invar,2
Zheng_2021.P20190322-T:2946,Invar,2
Liu_2021.77570_Primary:486,Invar,1
Liu_2021.77570_Primary:985,Invar,1
Liu_2021.77570_Primary:1223,Invar,1
Liu_2021.77570_Primary:1297,Invar,1
Liu_2021.77570_Primary:2365,Invar,0
Liu_2021.77570_Primary:5559,Invar,1
Liu_2021.77570_Primary:5562,Invar,0
Liu_2021.47491_SMM:99,Invar,1
Liu_2021.47491_SMM:152,Invar,1
Liu_2021.47491_SMM:301,Invar,1
Liu_2021.47491_SMM:342,Invar,1
Liu_2021.47491_SMM:353,Invar,3
Liu_2021.47491_SMM:419,Invar,0
Liu_2021.47491_SMM:616,Invar,1
Liu_2021.47491_SMM:642,Invar,1
Liu_2021.47491_SMM:685,Invar,1
Liu_2021.47491_SMM:732,Invar,1
Liu_2021.47491_SMM:744,Invar,1
Liu_2021.47491_SMM:1093,Invar,0
Liu_2021.47491_SMM:1209,Invar,1
Liu_2021.47491_SMM:1223,Invar,1
Liu_2021.47491_SMM:1273,Invar,1
Liu_2021.47491_SMM:1499,Invar,1
Liu_2021.47491_SMM:1571,Invar,0
Liu_2021.47491_SMM:1573,Invar,1
Liu_2021.47491_SMM:1580,Invar,1
Liu_2021.47491_SMM:1676,Invar,0
Liu_2021.47491_SMM:1712,Invar,1
Liu_2021.47491_SMM:1732,Invar,1
Liu_2021.47491_SMM:1824,Invar,1
Liu_2021.47491_SMM:1847,Invar,1
Liu_2021.47491_SMM:1870,Invar,1
Liu_2021.47491_SMM:1890,Invar,0
Liu_2021.47491_SMM:1907,Invar,1
Liu_2021.47491_SMM:1909,Invar,1
Liu_2021.47491_SMM:1913,Invar,1
Liu_2021.47491_SMM:2007,Invar,1
Liu_2021.47491_SMM:2029,Invar,1
Liu_2021.59114_Primary:176,Invar,2
Liu_2021.59114_Primary:274,Invar,0
Liu_2021.59114_Primary:291,Invar,0
Liu_2021.59114_Primary:322,Invar,0
Liu_2021.59114_Primary:328,Invar,0
Liu_2021.59114_Primary:434,Invar,0
Liu_2021.59114_Primary:518,Invar,3
Liu_2021.59114_Primary:821,Invar,3
Liu_2021.59114_Primary:1003,Invar,3
Liu_2021.59114_Primary:1052,Invar,0
Liu_2021.59114_Primary:1195,Invar,1
Liu_2021.59114_Primary:1247,Invar,0
Liu_2021.59114_Primary:1255,Invar,0
Liu_2021.59114_Primary:1474,Invar,0
Liu_2021.59114_Primary:1790,Invar,0
Liu_2021.59114_Primary:1919,Invar,1
Liu_2021.59114_Primary:1994,Invar,3
Liu_2021.59114_Primary:2069,Invar,0
Liu_2021.59114_Primary:2236,Invar,0
Liu_2021.59114_Primary:2341,Invar,0
Liu_2021.59114_Primary:2353,Invar,0
Liu_2021.59114_Primary:2364,Invar,0
Liu_2021.59114_Primary:2436,Invar,0
Liu_2021.59114_Primary:2516,Invar,0
Liu_2021.59114_Primary:2547,Invar,0
Liu_2021.59114_Primary:2555,Invar,0
Liu_2021.59114_Primary:2764,Invar,0
Liu_2021.59114_Primary:2853,Invar,0
Liu_2021.59114_Primary:2855,Invar,0
Liu_2021.59114_Primary:2948,Invar,2
Liu_2021.59114_Primary:2982,Invar,1
Liu_2021.83942_Primary:932,Invar,0
Liu_2021.83942_Primary:1015,Invar,0
Liu_2021.83942_Primary:2042,Invar,3
Liu_2021.83942_Primary:2902,Invar,1
Liu_2021.83942_Primary:3287,Invar,1
Liu_2021.83942_Primary:3361,Invar,0
Liu_2021.83942_Primary:5240,Invar,0
Liu_2021.83942_Primary:6710,Invar,0
Liu_2021.58408_Primary:617,Invar,0
Liu_2021.58408_Primary:1995,Invar,0
Liu_2021.58408_Primary:3392,Invar,0
Liu_2021.58408_SMM:219,Invar,0
Liu_2021.58408_SMM:746,Invar,0
Liu_2021.58408_SMM:1169,Invar,0
Liu_2021.58408_SMM:1650,Invar,0
Liu_2021.58408_SMM:1692,Invar,0
Liu_2021.58408_SMM:1980,Invar,0
Liu_2021.58408_SMM:2020,Invar,1
Liu_2021.58408_SMM:2153,Invar,0
Liu_2021.58408_SMM:2183,Invar,1
Liu_2021.58408_SMM:2447,Invar,0
Liu_2021.58408_SMM:2452,Invar,0
Liu_2021.58408_SMM:2592,Invar,0
Liu_2021.58408_SMM:2853,Invar,1
Liu_2021.37692_SMM:166,Invar,1
Liu_2021.37692_Primary:31,Invar,2
Liu_2021.37692_Primary:142,Invar,0
Liu_2021.37692_Primary:170,Invar,1
Liu_2021.37692_Primary:232,Invar,1
Liu_2021.37692_Primary:271,Invar,1
Liu_2021.37692_Primary:312,Invar,1
Liu_2021.37692_Primary:344,Invar,0
Liu_2021.37692_Primary:459,Invar,0
Liu_2021.37692_Primary:591,Invar,2
Liu_2021.37692_Primary:629,Invar,1
Liu_2021.37692_Primary:670,Invar,0
Liu_2021.37692_Primary:774,Invar,1
Liu_2021.37692_Primary:988,Invar,1
Liu_2021.37692_Primary:1106,Invar,1
Liu_2021.37692_Primary:1111,Invar,1
Liu_2021.37692_Primary:1279,Invar,3
Liu_2021.37692_Primary:1331,Invar,1
Liu_2021.37692_Primary:1338,Invar,1
Liu_2021.37692_Primary:1345,Invar,1
Liu_2021.37692_Primary:1413,Invar,3
Liu_2021.37692_Primary:1450,Invar,0
Liu_2021.37692_Primary:1603,Invar,0
Liu_2021.37692_Primary:1829,Invar,1
Liu_2021.37692_Primary:1855,Invar,1
Liu_2021.37692_Primary:2124,Invar,1
Liu_2021.37692_Primary:2253,Invar,2
Liu_2021.37692_Primary:2521,Invar,3
Liu_2021.37692_Primary:2675,Invar,0
Liu_2021.37692_Primary:2815,Invar,1
Liu_2021.37692_Primary:2839,Invar,1
Liu_2021.37692_Primary:2899,Invar,1
Liu_2021.37692_Primary:2996,Invar,1
Liu_2021.37692_Primary:3076,Invar,3
Liu_2021.37692_Primary:3085,Invar,1
Liu_2021.37692_Primary:3244,Invar,1
Liu_2021.37692_Primary:3515,Invar,3
Liu_2021.37692_Primary:3567,Invar,1
Liu_2021.37692_Primary:3625,Invar,1
Liu_2021.37692_Primary:3720,Invar,1
Liu_2021.60359_Primary:157,Invar,1
Liu_2021.60359_Primary:1072,Invar,1
Liu_2021.60359_Primary:1300,Invar,1
Liu_2021.60359_Primary:1357,Invar,1
Liu_2021.60359_Primary:1459,Invar,3
Liu_2021.60359_Primary:1525,Invar,0
Liu_2021.60359_Primary:1584,Invar,1
Liu_2021.60359_Primary:2272,Invar,0
Liu_2021.60359_Primary:3379,Invar,1
Liu_2021.60359_Primary:4775,Invar,1
SklavenitisPistofidis_2022.P3_BL_PB:352,Invar,0
SklavenitisPistofidis_2022.P3_BL_PB:968,Invar,0
SklavenitisPistofidis_2022.P3_BL_PB:2192,Invar,1
SklavenitisPistofidis_2022.P3_BL_PB:3198,Invar,0
SklavenitisPistofidis_2022.P3_BL_PB:3502,Invar,0
SklavenitisPistofidis_2022.P3_BL_PB:3547,Invar,1
SklavenitisPistofidis_2022.P3_BL_PB:4088,Invar,1
SklavenitisPistofidis_2022.P3_BL_PB:4926,Invar,0
SklavenitisPistofidis_2022.P3_BL_PB:5111,Invar,0
SklavenitisPistofidis_2022.P3_BL_PB:5224,Invar,0
SklavenitisPistofidis_2022.P3_BL_PB:5512,Invar,2
SklavenitisPistofidis_2022.P3_BL_PB:6341,Invar,2
SklavenitisPistofidis_2022.P3_BL_PB:6679,Invar,0
SklavenitisPistofidis_2022.P3_BL_PB:7031,Invar,1
SklavenitisPistofidis_2022.P3_BL_PB:7768,Invar,0
SklavenitisPistofidis_2022.P3_BL_PB:9088,Invar,0
SklavenitisPistofidis_2022.P3_BL_PB:9109,Invar,0
SklavenitisPistofidis_2022.P3_BL_PB:9398,Invar,1
SklavenitisPistofidis_2022.P3_BL_PB:9887,Invar,0
SklavenitisPistofidis_2022.P3_BL_PB:12054,Invar,0
SklavenitisPistofidis_2022.P3_BL_PB:12089,Invar,1
SklavenitisPistofidis_2022.P3_BL_BM:2126,Invar,2
SklavenitisPistofidis_2022.P3_BL_BM:2333,Invar,2
SklavenitisPistofidis_2022.P3_BL_BM:2804,Invar,3
SklavenitisPistofidis_2022.P4_BL_BM:27,Invar,1
SklavenitisPistofidis_2022.P4_BL_BM:88,Invar,1
SklavenitisPistofidis_2022.P4_BL_BM:129,Invar,1
SklavenitisPistofidis_2022.P5_BL_PB:45,Invar,1
SklavenitisPistofidis_2022.P5_BL_PB:309,Invar,1
SklavenitisPistofidis_2022.P5_BL_PB:554,Invar,0
SklavenitisPistofidis_2022.P5_BL_PB:557,Invar,1
SklavenitisPistofidis_2022.P5_BL_PB:570,Invar,0
SklavenitisPistofidis_2022.P5_BL_PB:675,Invar,1
SklavenitisPistofidis_2022.P5_BL_PB:930,Invar,1
SklavenitisPistofidis_2022.P5_BL_PB:1019,Invar,0
SklavenitisPistofidis_2022.P5_BL_PB:1075,Invar,0
SklavenitisPistofidis_2022.P5_BL_PB:1115,Invar,1
SklavenitisPistofidis_2022.P5_BL_PB:1130,Invar,1
SklavenitisPistofidis_2022.P5_BL_PB:1391,Invar,0
SklavenitisPistofidis_2022.P5_BL_PB:1495,Invar,1
SklavenitisPistofidis_2022.P5_BL_PB:1550,Invar,0
SklavenitisPistofidis_2022.P5_BL_PB:1716,Invar,0
SklavenitisPistofidis_2022.P5_BL_BM:48,Invar,2
SklavenitisPistofidis_2022.P5_BL_BM:450,Invar,3
SklavenitisPistofidis_2022.P5_BL_BM:523,Invar,1
SklavenitisPistofidis_2022.P5_BL_BM:780,Invar,0
SklavenitisPistofidis_2022.P5_BL_BM:868,Invar,0
SklavenitisPistofidis_2022.P5_BL_BM:1047,Invar,2
SklavenitisPistofidis_2022.P5_BL_BM:1269,Invar,0
SklavenitisPistofidis_2022.P5_BL_BM:1306,Invar,0
SklavenitisPistofidis_2022.P5_BL_BM:1369,Invar,2
SklavenitisPistofidis_2022.P5_BL_BM:1474,Invar,2
SklavenitisPistofidis_2022.P6_BL_PB:72,Invar,0
SklavenitisPistofidis_2022.P6_BL_PB:152,Invar,0
SklavenitisPistofidis_2022.P6_BL_PB:217,Invar,0
SklavenitisPistofidis_2022.P6_BL_PB:243,Invar,0
SklavenitisPistofidis_2022.P6_BL_PB:279,Invar,3
SklavenitisPistofidis_2022.P6_BL_PB:306,Invar,1
SklavenitisPistofidis_2022.P6_BL_PB:367,Invar,0
SklavenitisPistofidis_2022.P6_BL_PB:411,Invar,0
SklavenitisPistofidis_2022.P6_BL_PB:551,Invar,0
SklavenitisPistofidis_2022.P6_BL_BM:114,Invar,1
SklavenitisPistofidis_2022.P6_BL_BM:326,Invar,1
SklavenitisPistofidis_2022.P6_BL_BM:454,Invar,1
SklavenitisPistofidis_2022.P6_BL_BM:532,Invar,1
SklavenitisPistofidis_2022.P6_BL_BM:623,Invar,1
SklavenitisPistofidis_2022.P6_BL_BM:690,Invar,1
SklavenitisPistofidis_2022.P6_BL_BM:772,Invar,1
SklavenitisPistofidis_2022.P6_BL_BM:828,Invar,1
SklavenitisPistofidis_2022.P6_BL_BM:859,Invar,0
SklavenitisPistofidis_2022.P6_BL_BM:942,Invar,0
SklavenitisPistofidis_2022.P6_BL_BM:983,Invar,1
SklavenitisPistofidis_2022.P6_BL_BM:1068,Invar,1
SklavenitisPistofidis_2022.P6_BL_BM:1372,Invar,1
SklavenitisPistofidis_2022.P6_BL_BM:1460,Invar,1
SklavenitisPistofidis_2022.P7_BL_PB:8,Invar,1
SklavenitisPistofidis_2022.P7_BL_PB:84,Invar,0
SklavenitisPistofidis_2022.P7_BL_PB:370,Invar,1
SklavenitisPistofidis_2022.P7_BL_PB:1066,Invar,0
SklavenitisPistofidis_2022.P7_BL_PB:1110,Invar,0
SklavenitisPistofidis_2022.P7_BL_PB:1252,Invar,1
SklavenitisPistofidis_2022.P7_BL_PB:1380,Invar,1
SklavenitisPistofidis_2022.P7_BL_PB:2026,Invar,0
SklavenitisPistofidis_2022.P7_BL_PB:2369,Invar,2
SklavenitisPistofidis_2022.P7_BL_PB:2490,Invar,1
SklavenitisPistofidis_2022.P7_BL_PB:3037,Invar,1
SklavenitisPistofidis_2022.P7_BL_BM:54,Invar,0
SklavenitisPistofidis_2022.P7_BL_BM:127,Invar,1
SklavenitisPistofidis_2022.P8_BL_BM:114,Invar,1
SklavenitisPistofidis_2022.P8_BL_BM:314,Invar,3
SklavenitisPistofidis_2022.P8_BL_BM:335,Invar,3
SklavenitisPistofidis_2022.P8_BL_PB:685,Invar,1
SklavenitisPistofidis_2022.P9_BL_BM:672,Invar,0
SklavenitisPistofidis_2022.P10_BL_BM:9,Invar,1
SklavenitisPistofidis_2022.P10_BL_BM:32,Invar,0
SklavenitisPistofidis_2022.P10_BL_BM:121,Invar,1
SklavenitisPistofidis_2022.P10_BL_BM:128,Invar,1
SklavenitisPistofidis_2022.P10_BL_BM:277,Invar,1
SklavenitisPistofidis_2022.P10_BL_BM:338,Invar,3
SklavenitisPistofidis_2022.P10_BL_BM:437,Invar,1
SklavenitisPistofidis_2022.P10_BL_BM:488,Invar,3
SklavenitisPistofidis_2022.P10_BL_BM:633,Invar,3
SklavenitisPistofidis_2022.P10_BL_PB:18,Invar,1
SklavenitisPistofidis_2022.P10_BL_PB:20,Invar,1
SklavenitisPistofidis_2022.P10_BL_PB:149,Invar,1
SklavenitisPistofidis_2022.P10_BL_PB:255,Invar,1
SklavenitisPistofidis_2022.P10_BL_PB:262,Invar,0
SklavenitisPistofidis_2022.P10_BL_PB:289,Invar,1
SklavenitisPistofidis_2022.P10_BL_PB:308,Invar,0
SklavenitisPistofidis_2022.P10_BL_PB:327,Invar,1
SklavenitisPistofidis_2022.P10_BL_PB:495,Invar,1
SklavenitisPistofidis_2022.P10_BL_PB:524,Invar,0
SklavenitisPistofidis_2022.P10_BL_PB:579,Invar,0
SklavenitisPistofidis_2022.P11_BL_PB:29,Invar,3
SklavenitisPistofidis_2022.P11_BL_PB:58,Invar,3
SklavenitisPistofidis_2022.P11_BL_PB:74,Invar,2
SklavenitisPistofidis_2022.P11_BL_PB:288,Invar,1
SklavenitisPistofidis_2022.P11_BL_PB:321,Invar,1
SklavenitisPistofidis_2022.P11_BL_PB:334,Invar,2
SklavenitisPistofidis_2022.P11_BL_PB:482,Invar,1
SklavenitisPistofidis_2022.P11_BL_PB:566,Invar,1
SklavenitisPistofidis_2022.P12_BL_BM:4,Invar,2
SklavenitisPistofidis_2022.P12_BL_BM:60,Invar,2
SklavenitisPistofidis_2022.P12_BL_BM:132,Invar,1
SklavenitisPistofidis_2022.P12_BL_BM:265,Invar,0
SklavenitisPistofidis_2022.P12_BL_BM:318,Invar,1
SklavenitisPistofidis_2022.P12_BL_BM:360,Invar,0
SklavenitisPistofidis_2022.P12_BL_BM:372,Invar,0
SklavenitisPistofidis_2022.P12_BL_BM:391,Invar,2
SklavenitisPistofidis_2022.P12_BL_BM:394,Invar,2
SklavenitisPistofidis_2022.P12_BL_BM:400,Invar,0
SklavenitisPistofidis_2022.P12_BL_BM:488,Invar,0
SklavenitisPistofidis_2022.P12_BL_BM:511,Invar,0
SklavenitisPistofidis_2022.P12_BL_BM:534,Invar,0
SklavenitisPistofidis_2022.P12_BL_BM:605,Invar,2
SklavenitisPistofidis_2022.P12_BL_BM:610,Invar,2
SklavenitisPistofidis_2022.P12_BL_BM:676,Invar,1
SklavenitisPistofidis_2022.P12_BL_BM:922,Invar,1
SklavenitisPistofidis_2022.P12_BL_BM:982,Invar,0
SklavenitisPistofidis_2022.P12_BL_BM:1075,Invar,2
SklavenitisPistofidis_2022.P12_BL_BM:1085,Invar,2
SklavenitisPistofidis_2022.P12_BL_BM:1402,Invar,0
SklavenitisPistofidis_2022.P12_BL_BM:1498,Invar,0
SklavenitisPistofidis_2022.P12_BL_BM:1502,Invar,1
SklavenitisPistofidis_2022.P12_BL_BM:1567,Invar,0
SklavenitisPistofidis_2022.P12_BL_BM:1660,Invar,2
SklavenitisPistofidis_2022.P12_BL_BM:1697,Invar,0
SklavenitisPistofidis_2022.P12_BL_BM:1731,Invar,2
SklavenitisPistofidis_2022.P12_BL_BM:1896,Invar,2
SklavenitisPistofidis_2022.P12_BL_BM:2016,Invar,2
SklavenitisPistofidis_2022.P12_BL_BM:2075,Invar,2
SklavenitisPistofidis_2022.P12_BL_BM:2242,Invar,2
SklavenitisPistofidis_2022.P12_BL_BM:2248,Invar,1
SklavenitisPistofidis_2022.P12_BL_BM:2333,Invar,2
SklavenitisPistofidis_2022.P12_BL_BM:2335,Invar,2
SklavenitisPistofidis_2022.P12_BL_BM:2362,Invar,2
SklavenitisPistofidis_2022.P12_BL_BM:2441,Invar,0
SklavenitisPistofidis_2022.P12_BL_BM:2501,Invar,2
SklavenitisPistofidis_2022.P12_BL_BM:2794,Invar,2
SklavenitisPistofidis_2022.P12_BL_BM:2852,Invar,2
SklavenitisPistofidis_2022.P12_BL_BM:2868,Invar,2
SklavenitisPistofidis_2022.P12_BL_BM:2928,Invar,2
SklavenitisPistofidis_2022.P12_BL_BM:2982,Invar,0
SklavenitisPistofidis_2022.P12_BL_PB:118,Invar,1
SklavenitisPistofidis_2022.P12_BL_PB:459,Invar,2
SklavenitisPistofidis_2022.P12_BL_PB:479,Invar,2
SklavenitisPistofidis_2022.P12_BL_PB:577,Invar,2
SklavenitisPistofidis_2022.P12_BL_PB:620,Invar,2
SklavenitisPistofidis_2022.P15_BL_PB:112,Invar,0
SklavenitisPistofidis_2022.P15_BL_PB:402,Invar,0
SklavenitisPistofidis_2022.P15_BL_PB:511,Invar,0
SklavenitisPistofidis_2022.P15_BL_PB:890,Invar,0
SklavenitisPistofidis_2022.P15_BL_PB:1035,Invar,1
SklavenitisPistofidis_2022.P15_BL_PB:1297,Invar,1
SklavenitisPistofidis_2022.P15_BL_PB:1440,Invar,1
SklavenitisPistofidis_2022.P18_BL_PB:824,Invar,1
SklavenitisPistofidis_2022.P18_BL_PB:1062,Invar,2
SklavenitisPistofidis_2022.P18_BL_BM:35,Invar,0
SklavenitisPistofidis_2022.P18_BL_BM:53,Invar,1
SklavenitisPistofidis_2022.P18_BL_BM:108,Invar,3
SklavenitisPistofidis_2022.P18_BL_BM:174,Invar,1
SklavenitisPistofidis_2022.P18_BL_BM:358,Invar,1
SklavenitisPistofidis_2022.P18_BL_BM:421,Invar,1
SklavenitisPistofidis_2022.P18_BL_BM:502,Invar,1
SklavenitisPistofidis_2022.P18_BL_BM:519,Invar,1
SklavenitisPistofidis_2022.P18_BL_BM:537,Invar,0
SklavenitisPistofidis_2022.P18_BL_BM:573,Invar,1
SklavenitisPistofidis_2022.P18_BL_BM:653,Invar,1
SklavenitisPistofidis_2022.P18_BL_BM:673,Invar,3
SklavenitisPistofidis_2022.P18_BL_BM:703,Invar,1
SklavenitisPistofidis_2022.P18_BL_BM:885,Invar,1
SklavenitisPistofidis_2022.P18_BL_BM:890,Invar,1
SklavenitisPistofidis_2022.P18_BL_BM:1165,Invar,0
SklavenitisPistofidis_2022.P18_BL_BM:1197,Invar,0
SklavenitisPistofidis_2022.P18_BL_BM:1209,Invar,0
SklavenitisPistofidis_2022.P18_BL_BM:1308,Invar,1
SklavenitisPistofidis_2022.P18_BL_BM:1328,Invar,0
SklavenitisPistofidis_2022.P19_BL_PB:529,Invar,2
SklavenitisPistofidis_2022.P19_BL_PB:613,Invar,0
SklavenitisPistofidis_2022.P19_BL_PB:672,Invar,0
SklavenitisPistofidis_2022.P19_BL_PB:714,Invar,0
SklavenitisPistofidis_2022.P19_BL_PB:844,Invar,0
SklavenitisPistofidis_2022.P19_BL_BM:254,Invar,3
SklavenitisPistofidis_2022.P19_BL_BM:264,Invar,3
SklavenitisPistofidis_2022.P19_BL_BM:416,Invar,2
SklavenitisPistofidis_2022.P20_BL_PB:215,Invar,0
SklavenitisPistofidis_2022.P20_BL_PB:369,Invar,3
SklavenitisPistofidis_2022.P20_BL_PB:655,Invar,2
SklavenitisPistofidis_2022.P20_BL_PB:1630,Invar,2
SklavenitisPistofidis_2022.P20_BL_PB:3080,Invar,3
SklavenitisPistofidis_2022.P20_BL_BM:408,Invar,2
SklavenitisPistofidis_2022.P20_BL_BM:605,Invar,2
SklavenitisPistofidis_2022.P20_BL_BM:715,Invar,0
SklavenitisPistofidis_2022.P20_BL_BM:1411,Invar,2
SklavenitisPistofidis_2022.P20_BL_BM:1612,Invar,2
SklavenitisPistofidis_2022.P20_BL_BM:1633,Invar,2
SklavenitisPistofidis_2022.P20_BL_BM:2150,Invar,2
SklavenitisPistofidis_2022.P20_BL_BM:2870,Invar,0
SklavenitisPistofidis_2022.P20_BL_BM:3546,Invar,3
SklavenitisPistofidis_2022.P21_BL_BM:491,Invar,2
SklavenitisPistofidis_2022.P21_BL_BM:507,Invar,2
SklavenitisPistofidis_2022.P21_BL_BM:744,Invar,2
SklavenitisPistofidis_2022.P21_BL_BM:755,Invar,0
SklavenitisPistofidis_2022.P21_BL_BM:1501,Invar,0
SklavenitisPistofidis_2022.P22_BL_PB:77,Invar,0
SklavenitisPistofidis_2022.P22_BL_PB:163,Invar,2
SklavenitisPistofidis_2022.P22_BL_PB:246,Invar,0
SklavenitisPistofidis_2022.P22_BL_PB:261,Invar,0
SklavenitisPistofidis_2022.P22_BL_PB:538,Invar,1
SklavenitisPistofidis_2022.P22_BL_PB:553,Invar,3
SklavenitisPistofidis_2022.P22_BL_PB:648,Invar,0
SklavenitisPistofidis_2022.P22_BL_PB:1040,Invar,2
SklavenitisPistofidis_2022.P22_BL_PB:1299,Invar,0
SklavenitisPistofidis_2022.P22_BL_PB:1621,Invar,0
SklavenitisPistofidis_2022.P22_BL_PB:1742,Invar,3
SklavenitisPistofidis_2022.P22_BL_PB:2007,Invar,3
SklavenitisPistofidis_2022.P22_BL_PB:2012,Invar,2
SklavenitisPistofidis_2022.P22_BL_PB:2069,Invar,2
SklavenitisPistofidis_2022.P22_BL_PB:2096,Invar,1
SklavenitisPistofidis_2022.P22_BL_PB:2473,Invar,2
SklavenitisPistofidis_2022.P22_BL_PB:2501,Invar,0
SklavenitisPistofidis_2022.P22_BL_PB:2775,Invar,0
SklavenitisPistofidis_2022.P22_BL_PB:2935,Invar,0
SklavenitisPistofidis_2022.P22_BL_PB:2950,Invar,2
SklavenitisPistofidis_2022.P22_BL_PB:3067,Invar,2
SklavenitisPistofidis_2022.P22_BL_PB:3243,Invar,0
SklavenitisPistofidis_2022.P22_BL_PB:3574,Invar,2
SklavenitisPistofidis_2022.P22_BL_BM:28,Invar,2
SklavenitisPistofidis_2022.P22_BL_BM:446,Invar,0
SklavenitisPistofidis_2022.P22_BL_BM:448,Invar,2
SklavenitisPistofidis_2022.P22_BL_BM:502,Invar,2
SklavenitisPistofidis_2022.P22_BL_BM:543,Invar,2
SklavenitisPistofidis_2022.P22_BL_BM:544,Invar,2
SklavenitisPistofidis_2022.P22_BL_BM:583,Invar,0
SklavenitisPistofidis_2022.P22_BL_BM:1250,Invar,0
SklavenitisPistofidis_2022.P22_BL_BM:1610,Invar,2
SklavenitisPistofidis_2022.P22_BL_BM:1617,Invar,2
SklavenitisPistofidis_2022.P22_BL_BM:1897,Invar,2
SklavenitisPistofidis_2022.P22_BL_BM:1914,Invar,2
SklavenitisPistofidis_2022.P22_BL_BM:2060,Invar,2
SklavenitisPistofidis_2022.P22_BL_BM:2094,Invar,2
SklavenitisPistofidis_2022.P22_BL_BM:2118,Invar,0
SklavenitisPistofidis_2022.P22_BL_BM:2227,Invar,2
SklavenitisPistofidis_2022.P22_BL_BM:2747,Invar,2
SklavenitisPistofidis_2022.P22_BL_BM:2879,Invar,2
SklavenitisPistofidis_2022.P22_BL_BM:3329,Invar,0
SklavenitisPistofidis_2022.P22_BL_BM:3697,Invar,2
SklavenitisPistofidis_2022.P22_BL_BM:3711,Invar,2
SklavenitisPistofidis_2022.P22_BL_BM:3940,Invar,2
SklavenitisPistofidis_2022.P22_BL_BM:4076,Invar,2
SklavenitisPistofidis_2022.P22_BL_BM:4089,Invar,2
SklavenitisPistofidis_2022.P22_BL_BM:4469,Invar,2
SklavenitisPistofidis_2022.P22_BL_BM:4490,Invar,2
SklavenitisPistofidis_2022.P22_BL_BM:4646,Invar,0
SklavenitisPistofidis_2022.P22_BL_BM:4977,Invar,0
SklavenitisPistofidis_2022.P22_BL_BM:5162,Invar,2
SklavenitisPistofidis_2022.P22_BL_BM:5534,Invar,3
SklavenitisPistofidis_2022.P22_BL_BM:5698,Invar,3
SklavenitisPistofidis_2022.P22_BL_BM:5739,Invar,2
SklavenitisPistofidis_2022.P22_BL_BM:5760,Invar,2
SklavenitisPistofidis_2022.P22_BL_BM:6238,Invar,1
SklavenitisPistofidis_2022.P22_BL_BM:6407,Invar,2
SklavenitisPistofidis_2022.P22_BL_BM:6409,Invar,2
SklavenitisPistofidis_2022.P22_BL_BM:6509,Invar,3
SklavenitisPistofidis_2022.P22_BL_BM:6667,Invar,1
SklavenitisPistofidis_2022.P22_BL_BM:6863,Invar,2
SklavenitisPistofidis_2022.P22_BL_BM:7314,Invar,2
SklavenitisPistofidis_2022.P22_BL_BM:7390,Invar,0
SklavenitisPistofidis_2022.P22_BL_BM:7444,Invar,3
SklavenitisPistofidis_2022.P22_BL_BM:7555,Invar,3
SklavenitisPistofidis_2022.P22_BL_BM:7745,Invar,2
SklavenitisPistofidis_2022.P22_BL_BM:7853,Invar,2
SklavenitisPistofidis_2022.P22_BL_BM:7875,Invar,2
SklavenitisPistofidis_2022.P22_BL_BM:7977,Invar,2
SklavenitisPistofidis_2022.P22_BL_BM:8068,Invar,2
SklavenitisPistofidis_2022.P22_BL_BM:8101,Invar,0
SklavenitisPistofidis_2022.P22_BL_BM:8334,Invar,2
SklavenitisPistofidis_2022.P22_BL_BM:8461,Invar,2
SklavenitisPistofidis_2022.P22_BL_BM:8621,Invar,2
SklavenitisPistofidis_2022.P23_BL_PB:303,Invar,0
SklavenitisPistofidis_2022.P23_BL_PB:348,Invar,1
SklavenitisPistofidis_2022.P23_BL_PB:387,Invar,2
SklavenitisPistofidis_2022.P23_BL_PB:477,Invar,1
SklavenitisPistofidis_2022.P23_BL_PB:704,Invar,0
SklavenitisPistofidis_2022.P23_BL_PB:713,Invar,1
SklavenitisPistofidis_2022.P23_BL_PB:736,Invar,1
SklavenitisPistofidis_2022.P23_BL_PB:793,Invar,2
SklavenitisPistofidis_2022.P23_BL_PB:953,Invar,0
SklavenitisPistofidis_2022.P23_BL_PB:996,Invar,1
SklavenitisPistofidis_2022.P23_BL_PB:1326,Invar,1
SklavenitisPistofidis_2022.P23_BL_PB:1375,Invar,1
SklavenitisPistofidis_2022.P23_BL_PB:1577,Invar,0
SklavenitisPistofidis_2022.P23_BL_PB:1586,Invar,1
SklavenitisPistofidis_2022.P23_BL_PB:1937,Invar,0
SklavenitisPistofidis_2022.P23_BL_PB:1996,Invar,1
SklavenitisPistofidis_2022.P23_BL_PB:2074,Invar,0
SklavenitisPistofidis_2022.P23_BL_PB:2079,Invar,1
SklavenitisPistofidis_2022.P23_BL_PB:2092,Invar,1
SklavenitisPistofidis_2022.P23_BL_PB:2095,Invar,1
SklavenitisPistofidis_2022.P23_BL_PB:2174,Invar,0
SklavenitisPistofidis_2022.P23_BL_PB:2209,Invar,1
SklavenitisPistofidis_2022.P23_BL_PB:2211,Invar,1
SklavenitisPistofidis_2022.P23_BL_PB:2526,Invar,1
SklavenitisPistofidis_2022.P23_BL_PB:2866,Invar,1
SklavenitisPistofidis_2022.P23_BL_PB:2957,Invar,0
SklavenitisPistofidis_2022.P23_BL_PB:2959,Invar,1
SklavenitisPistofidis_2022.P23_BL_PB:2997,Invar,1
SklavenitisPistofidis_2022.P23_BL_PB:3223,Invar,0
SklavenitisPistofidis_2022.P23_BL_PB:3489,Invar,0
SklavenitisPistofidis_2022.P23_BL_PB:3534,Invar,1
SklavenitisPistofidis_2022.P23_BL_PB:3663,Invar,1
SklavenitisPistofidis_2022.P23_BL_PB:3757,Invar,1
SklavenitisPistofidis_2022.P23_BL_BM:16,Invar,3
SklavenitisPistofidis_2022.P23_BL_BM:63,Invar,3
SklavenitisPistofidis_2022.P23_BL_BM:161,Invar,1
SklavenitisPistofidis_2022.P23_BL_BM:175,Invar,0
SklavenitisPistofidis_2022.P23_BL_BM:292,Invar,1
SklavenitisPistofidis_2022.P23_BL_BM:308,Invar,2
SklavenitisPistofidis_2022.P23_BL_BM:333,Invar,0
SklavenitisPistofidis_2022.P23_BL_BM:418,Invar,2
SklavenitisPistofidis_2022.P23_BL_BM:603,Invar,0
SklavenitisPistofidis_2022.P23_BL_BM:749,Invar,1
SklavenitisPistofidis_2022.P23_BL_BM:777,Invar,0
SklavenitisPistofidis_2022.P23_BL_BM:779,Invar,1
SklavenitisPistofidis_2022.P23_BL_BM:1049,Invar,1
SklavenitisPistofidis_2022.P23_BL_BM:1107,Invar,2
SklavenitisPistofidis_2022.P23_BL_BM:1195,Invar,1
SklavenitisPistofidis_2022.P23_BL_BM:1277,Invar,1
SklavenitisPistofidis_2022.P23_BL_BM:1331,Invar,3
SklavenitisPistofidis_2022.P23_BL_BM:1355,Invar,3
SklavenitisPistofidis_2022.P23_BL_BM:1418,Invar,2
SklavenitisPistofidis_2022.P23_BL_BM:1512,Invar,2
SklavenitisPistofidis_2022.P23_BL_BM:1544,Invar,2
SklavenitisPistofidis_2022.P23_BL_BM:1637,Invar,3
SklavenitisPistofidis_2022.P23_BL_BM:1703,Invar,2
SklavenitisPistofidis_2022.P23_BL_BM:1740,Invar,2
SklavenitisPistofidis_2022.P23_BL_BM:1813,Invar,1
SklavenitisPistofidis_2022.P23_BL_BM:1941,Invar,2
SklavenitisPistofidis_2022.P23_BL_BM:1960,Invar,1
SklavenitisPistofidis_2022.P23_BL_BM:2297,Invar,1
SklavenitisPistofidis_2022.P23_BL_BM:2310,Invar,1
SklavenitisPistofidis_2022.P23_BL_BM:2361,Invar,0
SklavenitisPistofidis_2022.P23_BL_BM:2384,Invar,2
SklavenitisPistofidis_2022.P23_BL_BM:2405,Invar,1
SklavenitisPistofidis_2022.P23_BL_BM:2569,Invar,0
SklavenitisPistofidis_2022.P23_BL_BM:2578,Invar,0
SklavenitisPistofidis_2022.P23_BL_BM:2792,Invar,1
SklavenitisPistofidis_2022.P23_BL_BM:2809,Invar,0
SklavenitisPistofidis_2022.P23_BL_BM:2941,Invar,2
SklavenitisPistofidis_2022.P23_BL_BM:3014,Invar,1
SklavenitisPistofidis_2022.P23_BL_BM:3083,Invar,2
SklavenitisPistofidis_2022.P23_BL_BM:3166,Invar,1
SklavenitisPistofidis_2022.P23_BL_BM:3258,Invar,2
SklavenitisPistofidis_2022.P23_BL_BM:3266,Invar,1
SklavenitisPistofidis_2022.P23_BL_BM:3354,Invar,2
SklavenitisPistofidis_2022.P23_BL_BM:3554,Invar,1
SklavenitisPistofidis_2022.P23_BL_BM:3689,Invar,2
SklavenitisPistofidis_2022.P23_BL_BM:3901,Invar,1
SklavenitisPistofidis_2022.P23_BL_BM:3945,Invar,1
SklavenitisPistofidis_2022.P23_BL_BM:4080,Invar,0
SklavenitisPistofidis_2022.P23_BL_BM:4145,Invar,1
SklavenitisPistofidis_2022.P23_BL_BM:4282,Invar,3
SklavenitisPistofidis_2022.P23_BL_BM:4349,Invar,1
SklavenitisPistofidis_2022.P23_BL_BM:4651,Invar,2
SklavenitisPistofidis_2022.P23_BL_BM:4802,Invar,0
SklavenitisPistofidis_2022.P23_BL_BM:4825,Invar,2
SklavenitisPistofidis_2022.P23_BL_BM:5065,Invar,2
SklavenitisPistofidis_2022.P23_BL_BM:5137,Invar,2
SklavenitisPistofidis_2022.P23_BL_BM:5194,Invar,2
SklavenitisPistofidis_2022.P23_BL_BM:5206,Invar,3
SklavenitisPistofidis_2022.P23_BL_BM:5243,Invar,1
SklavenitisPistofidis_2022.P23_BL_BM:5321,Invar,1
SklavenitisPistofidis_2022.P23_BL_BM:5324,Invar,2
SklavenitisPistofidis_2022.P23_BL_BM:5348,Invar,0
SklavenitisPistofidis_2022.P23_BL_BM:5452,Invar,3
SklavenitisPistofidis_2022.P23_BL_BM:5463,Invar,1
SklavenitisPistofidis_2022.P23_BL_BM:5491,Invar,2
SklavenitisPistofidis_2022.P23_BL_BM:5508,Invar,1
SklavenitisPistofidis_2022.P23_BL_BM:5527,Invar,2
SklavenitisPistofidis_2022.P23_BL_BM:5649,Invar,1
SklavenitisPistofidis_2022.P23_BL_BM:5709,Invar,1
SklavenitisPistofidis_2022.P23_BL_BM:5727,Invar,2
SklavenitisPistofidis_2022.P23_BL_BM:5749,Invar,1
SklavenitisPistofidis_2022.P23_BL_BM:5923,Invar,1
SklavenitisPistofidis_2022.P23_BL_BM:6011,Invar,0
SklavenitisPistofidis_2022.P23_BL_BM:6022,Invar,2
SklavenitisPistofidis_2022.P24_BL_BM:206,Invar,2
SklavenitisPistofidis_2022.P24_BL_BM:319,Invar,1
SklavenitisPistofidis_2022.P24_BL_BM:566,Invar,1
SklavenitisPistofidis_2022.P24_BL_BM:582,Invar,3
SklavenitisPistofidis_2022.P24_BL_PB:21,Invar,1
SklavenitisPistofidis_2022.P24_BL_PB:28,Invar,2
SklavenitisPistofidis_2022.P24_BL_PB:46,Invar,1
SklavenitisPistofidis_2022.P24_BL_PB:101,Invar,1
SklavenitisPistofidis_2022.P24_BL_PB:118,Invar,0
SklavenitisPistofidis_2022.P24_BL_PB:173,Invar,0
SklavenitisPistofidis_2022.P25_BL_BM:1891,Invar,1
SklavenitisPistofidis_2022.P25_BL_PB:26,Invar,1
SklavenitisPistofidis_2022.P26_BL_BM:3,Invar,2
SklavenitisPistofidis_2022.P26_BL_BM:58,Invar,3
SklavenitisPistofidis_2022.P26_BL_BM:78,Invar,1
SklavenitisPistofidis_2022.P26_BL_BM:91,Invar,2
SklavenitisPistofidis_2022.P26_BL_BM:270,Invar,2
SklavenitisPistofidis_2022.P26_BL_BM:639,Invar,1
SklavenitisPistofidis_2022.P26_BL_BM:663,Invar,2
SklavenitisPistofidis_2022.P26_BL_BM:735,Invar,2
SklavenitisPistofidis_2022.P26_BL_BM:935,Invar,0
SklavenitisPistofidis_2022.P26_BL_BM:1221,Invar,1
SklavenitisPistofidis_2022.P26_BL_PB:53,Invar,2
SklavenitisPistofidis_2022.P26_BL_PB:226,Invar,3
SklavenitisPistofidis_2022.P26_BL_PB:299,Invar,0
SklavenitisPistofidis_2022.P26_BL_PB:519,Invar,1
SklavenitisPistofidis_2022.P26_BL_PB:669,Invar,3
SklavenitisPistofidis_2022.P26_BL_PB:1162,Invar,3
SklavenitisPistofidis_2022.P26_BL_PB:1395,Invar,2
SklavenitisPistofidis_2022.P26_BL_PB:1621,Invar,1
SklavenitisPistofidis_2022.P26_BL_PB:1628,Invar,0
SklavenitisPistofidis_2022.P26_BL_PB:1719,Invar,0
SklavenitisPistofidis_2022.P26_BL_PB:1780,Invar,1
SklavenitisPistofidis_2022.P26_BL_PB:1810,Invar,1
SklavenitisPistofidis_2022.P26_BL_PB:1884,Invar,3
SklavenitisPistofidis_2022.P27_BL_BM:78,Invar,0
SklavenitisPistofidis_2022.P27_BL_BM:459,Invar,0
SklavenitisPistofidis_2022.P27_BL_BM:460,Invar,0
SklavenitisPistofidis_2022.P27_BL_BM:844,Invar,0
SklavenitisPistofidis_2022.P27_BL_BM:1337,Invar,0
SklavenitisPistofidis_2022.P28_BL_BM:9,Invar,3
SklavenitisPistofidis_2022.P28_BL_BM:35,Invar,3
SklavenitisPistofidis_2022.P28_BL_BM:37,Invar,2
SklavenitisPistofidis_2022.P28_BL_BM:46,Invar,1
SklavenitisPistofidis_2022.P28_BL_BM:64,Invar,0
SklavenitisPistofidis_2022.P28_BL_BM:94,Invar,1
SklavenitisPistofidis_2022.P28_BL_BM:106,Invar,3
SklavenitisPistofidis_2022.P28_BL_BM:107,Invar,1
SklavenitisPistofidis_2022.P28_BL_BM:116,Invar,2
SklavenitisPistofidis_2022.P28_BL_BM:117,Invar,1
SklavenitisPistofidis_2022.P28_BL_BM:150,Invar,3
SklavenitisPistofidis_2022.P28_BL_BM:154,Invar,1
SklavenitisPistofidis_2022.P28_BL_BM:160,Invar,1
SklavenitisPistofidis_2022.P28_BL_BM:163,Invar,1
SklavenitisPistofidis_2022.P28_BL_BM:179,Invar,2
SklavenitisPistofidis_2022.P28_BL_BM:196,Invar,1
SklavenitisPistofidis_2022.P28_BL_BM:229,Invar,1
SklavenitisPistofidis_2022.P28_BL_BM:271,Invar,1
SklavenitisPistofidis_2022.P28_BL_BM:276,Invar,2
SklavenitisPistofidis_2022.P28_BL_BM:289,Invar,0
SklavenitisPistofidis_2022.P28_BL_BM:318,Invar,1
SklavenitisPistofidis_2022.P28_BL_BM:321,Invar,1
SklavenitisPistofidis_2022.P28_BL_BM:334,Invar,2
SklavenitisPistofidis_2022.P28_BL_BM:373,Invar,1
SklavenitisPistofidis_2022.P28_BL_BM:392,Invar,1
SklavenitisPistofidis_2022.P28_BL_BM:406,Invar,3
SklavenitisPistofidis_2022.P28_BL_BM:412,Invar,3
SklavenitisPistofidis_2022.P28_BL_BM:437,Invar,1
SklavenitisPistofidis_2022.P28_BL_BM:450,Invar,1
SklavenitisPistofidis_2022.P28_BL_BM:462,Invar,1
SklavenitisPistofidis_2022.P28_BL_BM:487,Invar,3
SklavenitisPistofidis_2022.P28_BL_BM:493,Invar,1
SklavenitisPistofidis_2022.P28_BL_BM:497,Invar,0
SklavenitisPistofidis_2022.P28_BL_BM:509,Invar,3
SklavenitisPistofidis_2022.P28_BL_BM:520,Invar,0
SklavenitisPistofidis_2022.P28_BL_BM:531,Invar,0
SklavenitisPistofidis_2022.P28_BL_BM:533,Invar,1
SklavenitisPistofidis_2022.P28_BL_BM:596,Invar,2
SklavenitisPistofidis_2022.P28_BL_BM:604,Invar,2
SklavenitisPistofidis_2022.P28_BL_BM:627,Invar,1
SklavenitisPistofidis_2022.P28_BL_BM:632,Invar,3
SklavenitisPistofidis_2022.P28_BL_BM:658,Invar,1
SklavenitisPistofidis_2022.P28_BL_BM:709,Invar,1
SklavenitisPistofidis_2022.P28_BL_BM:773,Invar,3
SklavenitisPistofidis_2022.P28_BL_BM:790,Invar,2
SklavenitisPistofidis_2022.P28_BL_BM:794,Invar,3
SklavenitisPistofidis_2022.P28_BL_BM:800,Invar,1
SklavenitisPistofidis_2022.P28_BL_BM:814,Invar,2
SklavenitisPistofidis_2022.P28_BL_BM:820,Invar,1
SklavenitisPistofidis_2022.P28_BL_BM:829,Invar,3
SklavenitisPistofidis_2022.P28_BL_BM:835,Invar,1
SklavenitisPistofidis_2022.P28_BL_BM:841,Invar,1
SklavenitisPistofidis_2022.P28_BL_BM:873,Invar,0
SklavenitisPistofidis_2022.P28_BL_BM:905,Invar,3
SklavenitisPistofidis_2022.P28_BL_BM:917,Invar,1
SklavenitisPistofidis_2022.P28_BL_BM:963,Invar,3
SklavenitisPistofidis_2022.P28_BL_BM:964,Invar,3
SklavenitisPistofidis_2022.P28_BL_BM:969,Invar,1
SklavenitisPistofidis_2022.P28_BL_BM:971,Invar,3
SklavenitisPistofidis_2022.P28_BL_BM:978,Invar,2
SklavenitisPistofidis_2022.P28_BL_BM:982,Invar,3
SklavenitisPistofidis_2022.P28_BL_BM:1023,Invar,2
SklavenitisPistofidis_2022.P28_BL_BM:1026,Invar,0
SklavenitisPistofidis_2022.P28_BL_BM:1028,Invar,3
SklavenitisPistofidis_2022.P28_BL_BM:1035,Invar,1
SklavenitisPistofidis_2022.P28_BL_BM:1057,Invar,0
SklavenitisPistofidis_2022.P28_BL_BM:1061,Invar,1
SklavenitisPistofidis_2022.P28_BL_BM:1072,Invar,1
SklavenitisPistofidis_2022.P28_BL_BM:1097,Invar,1
SklavenitisPistofidis_2022.P28_BL_BM:1115,Invar,0
SklavenitisPistofidis_2022.P28_BL_BM:1122,Invar,2
SklavenitisPistofidis_2022.P28_BL_BM:1131,Invar,0
SklavenitisPistofidis_2022.P28_BL_BM:1150,Invar,1
SklavenitisPistofidis_2022.P28_BL_BM:1152,Invar,0
SklavenitisPistofidis_2022.P28_BL_BM:1159,Invar,1
SklavenitisPistofidis_2022.P28_BL_BM:1169,Invar,1
SklavenitisPistofidis_2022.P28_BL_BM:1185,Invar,1
SklavenitisPistofidis_2022.P28_BL_BM:1186,Invar,3
SklavenitisPistofidis_2022.P28_BL_BM:1187,Invar,2
SklavenitisPistofidis_2022.P28_BL_BM:1194,Invar,1
SklavenitisPistofidis_2022.P28_BL_BM:1208,Invar,1
SklavenitisPistofidis_2022.P28_BL_BM:1213,Invar,1
SklavenitisPistofidis_2022.P28_BL_BM:1241,Invar,1
SklavenitisPistofidis_2022.P28_BL_BM:1252,Invar,1
SklavenitisPistofidis_2022.P28_BL_BM:1257,Invar,2
SklavenitisPistofidis_2022.P28_BL_BM:1275,Invar,1
SklavenitisPistofidis_2022.P28_BL_BM:1284,Invar,3
SklavenitisPistofidis_2022.P28_BL_BM:1295,Invar,3
SklavenitisPistofidis_2022.P28_BL_BM:1330,Invar,1
SklavenitisPistofidis_2022.P28_BL_BM:1366,Invar,1
SklavenitisPistofidis_2022.P28_BL_BM:1388,Invar,1
SklavenitisPistofidis_2022.P28_BL_BM:1397,Invar,1
SklavenitisPistofidis_2022.P28_BL_BM:1421,Invar,3
SklavenitisPistofidis_2022.P28_BL_BM:1436,Invar,1
SklavenitisPistofidis_2022.P28_BL_BM:1440,Invar,1
SklavenitisPistofidis_2022.P28_BL_BM:1449,Invar,1
SklavenitisPistofidis_2022.P28_BL_BM:1462,Invar,0
SklavenitisPistofidis_2022.P28_BL_BM:1486,Invar,2
SklavenitisPistofidis_2022.P28_BL_BM:1501,Invar,3
SklavenitisPistofidis_2022.P28_BL_BM:1511,Invar,1
SklavenitisPistofidis_2022.P28_BL_BM:1519,Invar,2
SklavenitisPistofidis_2022.P28_BL_BM:1539,Invar,1
SklavenitisPistofidis_2022.P28_BL_BM:1547,Invar,3
SklavenitisPistofidis_2022.P28_BL_BM:1551,Invar,2
SklavenitisPistofidis_2022.P28_BL_BM:1563,Invar,0
SklavenitisPistofidis_2022.P28_BL_PB:96,Invar,0
SklavenitisPistofidis_2022.P28_BL_PB:97,Invar,0
SklavenitisPistofidis_2022.P28_BL_PB:129,Invar,2
SklavenitisPistofidis_2022.P28_BL_PB:297,Invar,0
SklavenitisPistofidis_2022.P28_BL_PB:485,Invar,0
SklavenitisPistofidis_2022.P28_BL_PB:515,Invar,0
SklavenitisPistofidis_2022.P28_BL_PB:784,Invar,0
SklavenitisPistofidis_2022.P28_BL_PB:835,Invar,0
SklavenitisPistofidis_2022.P28_BL_PB:849,Invar,1
SklavenitisPistofidis_2022.P28_BL_PB:898,Invar,0
SklavenitisPistofidis_2022.P28_BL_PB:926,Invar,0
SklavenitisPistofidis_2022.P28_BL_PB:982,Invar,0
SklavenitisPistofidis_2022.P30_BL_BM:196,Invar,1
SklavenitisPistofidis_2022.P30_BL_BM:4347,Invar,3
SklavenitisPistofidis_2022.P30_BL_BM:6302,Invar,1
SklavenitisPistofidis_2022.P30_BL_BM:6572,Invar,1
SklavenitisPistofidis_2022.P30_BL_BM:6905,Invar,3
SklavenitisPistofidis_2022.P30_BL_BM:9781,Invar,3
SklavenitisPistofidis_2022.P30_BL_BM:9999,Invar,1
SklavenitisPistofidis_2022.P30_BL_BM:10708,Invar,3
SklavenitisPistofidis_2022.P30_BL_BM:11090,Invar,1
SklavenitisPistofidis_2022.P30_BL_BM:11699,Invar,0
SklavenitisPistofidis_2022.P31_BL_PB:93,Invar,1
SklavenitisPistofidis_2022.P31_BL_PB:290,Invar,2
SklavenitisPistofidis_2022.P31_BL_PB:322,Invar,2
SklavenitisPistofidis_2022.P31_BL_PB:580,Invar,2
SklavenitisPistofidis_2022.P31_BL_PB:787,Invar,2
SklavenitisPistofidis_2022.P31_BL_PB:820,Invar,1
SklavenitisPistofidis_2022.P31_BL_PB:893,Invar,2
SklavenitisPistofidis_2022.P31_BL_PB:918,Invar,2
SklavenitisPistofidis_2022.P31_BL_PB:954,Invar,2
SklavenitisPistofidis_2022.P31_BL_PB:1076,Invar,2
SklavenitisPistofidis_2022.P31_BL_BM:12,Invar,2
SklavenitisPistofidis_2022.P31_BL_BM:172,Invar,2
SklavenitisPistofidis_2022.P31_BL_BM:288,Invar,0
SklavenitisPistofidis_2022.P31_BL_BM:672,Invar,2
SklavenitisPistofidis_2022.P31_BL_BM:1519,Invar,2
SklavenitisPistofidis_2022.P31_BL_BM:1555,Invar,2
SklavenitisPistofidis_2022.P31_BL_BM:1580,Invar,2
SklavenitisPistofidis_2022.P31_BL_BM:1671,Invar,0
SklavenitisPistofidis_2022.P31_BL_BM:1998,Invar,2
SklavenitisPistofidis_2022.P31_BL_BM:2157,Invar,3
SklavenitisPistofidis_2022.P31_BL_BM:2652,Invar,2
SklavenitisPistofidis_2022.P31_BL_BM:2749,Invar,2
SklavenitisPistofidis_2022.P31_BL_BM:2873,Invar,2
SklavenitisPistofidis_2022.P31_BL_BM:2968,Invar,2
SklavenitisPistofidis_2022.P31_BL_BM:3012,Invar,2
SklavenitisPistofidis_2022.P31_BL_BM:3057,Invar,2
SklavenitisPistofidis_2022.P31_BL_BM:3065,Invar,2
SklavenitisPistofidis_2022.P31_BL_BM:3132,Invar,2
SklavenitisPistofidis_2022.P31_BL_BM:3324,Invar,2
SklavenitisPistofidis_2022.P31_BL_BM:3392,Invar,0
SklavenitisPistofidis_2022.P32_BL_PB:3133,Invar,2
SklavenitisPistofidis_2022.P32_BL_PB:3543,Invar,2
SklavenitisPistofidis_2022.P32_BL_PB:3640,Invar,2
SklavenitisPistofidis_2022.P32_BL_PB:4264,Invar,0
SklavenitisPistofidis_2022.P32_BL_PB:4565,Invar,0
SklavenitisPistofidis_2022.P32_BL_BM:4,Invar,2
SklavenitisPistofidis_2022.P32_BL_BM:1362,Invar,2
SklavenitisPistofidis_2022.P32_BL_BM:1377,Invar,3
SklavenitisPistofidis_2022.P32_BL_BM:1414,Invar,3
SklavenitisPistofidis_2022.P32_BL_BM:2367,Invar,2
SklavenitisPistofidis_2022.P32_BL_BM:2482,Invar,1
SklavenitisPistofidis_2022.P32_BL_BM:2726,Invar,2
SklavenitisPistofidis_2022.P32_BL_BM:3194,Invar,2
SklavenitisPistofidis_2022.P32_BL_BM:3763,Invar,2
SklavenitisPistofidis_2022.P32_BL_BM:3814,Invar,2
SklavenitisPistofidis_2022.P32_BL_BM:5102,Invar,3
SklavenitisPistofidis_2022.P32_BL_BM:6052,Invar,2
SklavenitisPistofidis_2022.P32_BL_BM:6531,Invar,2
SklavenitisPistofidis_2022.P32_BL_BM:6797,Invar,2
SklavenitisPistofidis_2022.P32_BL_BM:7160,Invar,2
SklavenitisPistofidis_2022.P32_BL_BM:7721,Invar,2
SklavenitisPistofidis_2022.P32_BL_BM:7870,Invar,2
SklavenitisPistofidis_2022.P32_BL_BM:8104,Invar,2
SklavenitisPistofidis_2022.P33_BL_PB:3179,Invar,0
SklavenitisPistofidis_2022.P33_BL_PB:3769,Invar,1
SklavenitisPistofidis_2022.P34_BL_PB:253,Invar,2
SklavenitisPistofidis_2022.P34_BL_PB:294,Invar,0
SklavenitisPistofidis_2022.P34_BL_PB:622,Invar,2
SklavenitisPistofidis_2022.P35_Healthy_PB:69,Invar,0
SklavenitisPistofidis_2022.P35_Healthy_PB:165,Invar,0
SklavenitisPistofidis_2022.P35_Healthy_PB:356,Invar,2
SklavenitisPistofidis_2022.P35_Healthy_PB:987,Invar,2
SklavenitisPistofidis_2022.P35_Healthy_PB:1052,Invar,2
SklavenitisPistofidis_2022.P35_Healthy_PB:1124,Invar,1
SklavenitisPistofidis_2022.P35_Healthy_PB:1257,Invar,0
SklavenitisPistofidis_2022.P35_Healthy_PB:1478,Invar,2
SklavenitisPistofidis_2022.P35_Healthy_PB:1484,Invar,0
SklavenitisPistofidis_2022.P35_Healthy_PB:1692,Invar,0
SklavenitisPistofidis_2022.P35_Healthy_PB:1769,Invar,0
SklavenitisPistofidis_2022.P35_Healthy_PB:1925,Invar,2
SklavenitisPistofidis_2022.P35_Healthy_PB:1994,Invar,0
SklavenitisPistofidis_2022.P35_Healthy_PB:1996,Invar,0
SklavenitisPistofidis_2022.P35_Healthy_PB:2135,Invar,2
SklavenitisPistofidis_2022.P35_Healthy_PB:2386,Invar,0
SklavenitisPistofidis_2022.P35_Healthy_PB:2930,Invar,0
SklavenitisPistofidis_2022.P35_Healthy_PB:2942,Invar,0
SklavenitisPistofidis_2022.P36_Healthy_PB:9,Invar,0
SklavenitisPistofidis_2022.P36_Healthy_PB:13,Invar,0
SklavenitisPistofidis_2022.P36_Healthy_PB:79,Invar,0
SklavenitisPistofidis_2022.P36_Healthy_PB:88,Invar,0
SklavenitisPistofidis_2022.P36_Healthy_PB:90,Invar,0
SklavenitisPistofidis_2022.P36_Healthy_PB:143,Invar,2
SklavenitisPistofidis_2022.P36_Healthy_PB:190,Invar,0
SklavenitisPistofidis_2022.P36_Healthy_PB:197,Invar,0
SklavenitisPistofidis_2022.P36_Healthy_PB:202,Invar,2
SklavenitisPistofidis_2022.P36_Healthy_PB:216,Invar,3
SklavenitisPistofidis_2022.P36_Healthy_PB:261,Invar,0
SklavenitisPistofidis_2022.P36_Healthy_PB:273,Invar,0
SklavenitisPistofidis_2022.P36_Healthy_PB:313,Invar,0
SklavenitisPistofidis_2022.P36_Healthy_PB:356,Invar,0
SklavenitisPistofidis_2022.P36_Healthy_PB:384,Invar,0
SklavenitisPistofidis_2022.P36_Healthy_PB:431,Invar,0
SklavenitisPistofidis_2022.P36_Healthy_PB:520,Invar,0
SklavenitisPistofidis_2022.P36_Healthy_PB:551,Invar,0
SklavenitisPistofidis_2022.P36_Healthy_PB:576,Invar,0
SklavenitisPistofidis_2022.P36_Healthy_PB:582,Invar,0
SklavenitisPistofidis_2022.P36_Healthy_PB:587,Invar,0
SklavenitisPistofidis_2022.P36_Healthy_PB:607,Invar,0
SklavenitisPistofidis_2022.P36_Healthy_PB:675,Invar,0
SklavenitisPistofidis_2022.P36_Healthy_PB:743,Invar,0
SklavenitisPistofidis_2022.P36_Healthy_PB:751,Invar,0
SklavenitisPistofidis_2022.P36_Healthy_PB:769,Invar,2
SklavenitisPistofidis_2022.P36_Healthy_PB:808,Invar,0
SklavenitisPistofidis_2022.P36_Healthy_PB:832,Invar,0
SklavenitisPistofidis_2022.P36_Healthy_PB:864,Invar,0
SklavenitisPistofidis_2022.P36_Healthy_PB:1169,Invar,2
SklavenitisPistofidis_2022.P36_Healthy_PB:1202,Invar,0
SklavenitisPistofidis_2022.P36_Healthy_PB:1213,Invar,0
SklavenitisPistofidis_2022.P36_Healthy_PB:1253,Invar,0
SklavenitisPistofidis_2022.P36_Healthy_PB:1303,Invar,0
SklavenitisPistofidis_2022.P36_Healthy_PB:1311,Invar,0
SklavenitisPistofidis_2022.P36_Healthy_PB:1326,Invar,0
SklavenitisPistofidis_2022.P36_Healthy_PB:1386,Invar,0
SklavenitisPistofidis_2022.P36_Healthy_PB:1399,Invar,0
SklavenitisPistofidis_2022.P36_Healthy_PB:1427,Invar,0
SklavenitisPistofidis_2022.P36_Healthy_PB:1454,Invar,0
SklavenitisPistofidis_2022.P36_Healthy_PB:1466,Invar,1
SklavenitisPistofidis_2022.P36_Healthy_PB:1481,Invar,0
SklavenitisPistofidis_2022.P36_Healthy_PB:1492,Invar,0
SklavenitisPistofidis_2022.P36_Healthy_PB:1628,Invar,0
SklavenitisPistofidis_2022.P36_Healthy_PB:1634,Invar,0
SklavenitisPistofidis_2022.P36_Healthy_PB:1652,Invar,0
SklavenitisPistofidis_2022.P36_Healthy_PB:1776,Invar,0
SklavenitisPistofidis_2022.P36_Healthy_PB:1799,Invar,0
SklavenitisPistofidis_2022.P36_Healthy_PB:1826,Invar,0
SklavenitisPistofidis_2022.P36_Healthy_PB:1847,Invar,0
SklavenitisPistofidis_2022.P36_Healthy_PB:1875,Invar,0
SklavenitisPistofidis_2022.P36_Healthy_PB:2007,Invar,0
SklavenitisPistofidis_2022.P36_Healthy_PB:2017,Invar,0
SklavenitisPistofidis_2022.P36_Healthy_PB:2065,Invar,0
SklavenitisPistofidis_2022.P36_Healthy_PB:2209,Invar,0
SklavenitisPistofidis_2022.P36_Healthy_PB:2230,Invar,0
SklavenitisPistofidis_2022.P36_Healthy_PB:2305,Invar,0
SklavenitisPistofidis_2022.P36_Healthy_PB:2308,Invar,0
SklavenitisPistofidis_2022.P36_Healthy_PB:2357,Invar,0
SklavenitisPistofidis_2022.P36_Healthy_PB:2365,Invar,0
SklavenitisPistofidis_2022.P36_Healthy_PB:2370,Invar,0
SklavenitisPistofidis_2022.P36_Healthy_PB:2376,Invar,0
SklavenitisPistofidis_2022.P36_Healthy_PB:2394,Invar,0
SklavenitisPistofidis_2022.P36_Healthy_PB:2410,Invar,0
SklavenitisPistofidis_2022.P36_Healthy_PB:2424,Invar,0
SklavenitisPistofidis_2022.P36_Healthy_PB:2442,Invar,0
SklavenitisPistofidis_2022.P36_Healthy_PB:2457,Invar,0
SklavenitisPistofidis_2022.P37_Healthy_PB:2181,Invar,2
SklavenitisPistofidis_2022.P37_Healthy_PB:2468,Invar,2
SklavenitisPistofidis_2022.P38_Healthy_PB:30,Invar,0
SklavenitisPistofidis_2022.P38_Healthy_PB:76,Invar,1
SklavenitisPistofidis_2022.P38_Healthy_PB:120,Invar,0
SklavenitisPistofidis_2022.P38_Healthy_PB:125,Invar,0
SklavenitisPistofidis_2022.P38_Healthy_PB:216,Invar,0
SklavenitisPistofidis_2022.P38_Healthy_PB:217,Invar,0
SklavenitisPistofidis_2022.P38_Healthy_PB:242,Invar,2
SklavenitisPistofidis_2022.P38_Healthy_PB:258,Invar,1
SklavenitisPistofidis_2022.P38_Healthy_PB:355,Invar,2
SklavenitisPistofidis_2022.P38_Healthy_PB:370,Invar,1
SklavenitisPistofidis_2022.P38_Healthy_PB:372,Invar,2
SklavenitisPistofidis_2022.P38_Healthy_PB:514,Invar,0
SklavenitisPistofidis_2022.P38_Healthy_PB:518,Invar,1
SklavenitisPistofidis_2022.P38_Healthy_PB:810,Invar,3
SklavenitisPistofidis_2022.P38_Healthy_PB:845,Invar,0
SklavenitisPistofidis_2022.P38_Healthy_PB:847,Invar,0
SklavenitisPistofidis_2022.P38_Healthy_PB:983,Invar,0
SklavenitisPistofidis_2022.P38_Healthy_PB:1057,Invar,1
SklavenitisPistofidis_2022.P38_Healthy_PB:1353,Invar,1
SklavenitisPistofidis_2022.P38_Healthy_PB:1700,Invar,0
SklavenitisPistofidis_2022.P39_Healthy_PB:22,Invar,2
SklavenitisPistofidis_2022.P39_Healthy_PB:49,Invar,1
SklavenitisPistofidis_2022.P39_Healthy_PB:107,Invar,1
SklavenitisPistofidis_2022.P39_Healthy_PB:167,Invar,2
SklavenitisPistofidis_2022.P39_Healthy_PB:249,Invar,2
SklavenitisPistofidis_2022.P39_Healthy_PB:341,Invar,0
SklavenitisPistofidis_2022.P39_Healthy_PB:427,Invar,2
SklavenitisPistofidis_2022.P39_Healthy_PB:430,Invar,2
SklavenitisPistofidis_2022.P39_Healthy_PB:514,Invar,2
SklavenitisPistofidis_2022.P39_Healthy_PB:658,Invar,2
SklavenitisPistofidis_2022.P39_Healthy_PB:700,Invar,0
SklavenitisPistofidis_2022.P39_Healthy_PB:711,Invar,1
SklavenitisPistofidis_2022.P39_Healthy_PB:871,Invar,2
SklavenitisPistofidis_2022.P39_Healthy_PB:921,Invar,2
SklavenitisPistofidis_2022.P39_Healthy_PB:970,Invar,1
SklavenitisPistofidis_2022.P39_Healthy_PB:1092,Invar,2
SklavenitisPistofidis_2022.P39_Healthy_PB:1149,Invar,2
SklavenitisPistofidis_2022.P39_Healthy_PB:1242,Invar,2
SklavenitisPistofidis_2022.P39_Healthy_PB:1372,Invar,2
SklavenitisPistofidis_2022.P39_Healthy_PB:1519,Invar,0
SklavenitisPistofidis_2022.P39_Healthy_PB:1551,Invar,1
SklavenitisPistofidis_2022.P39_Healthy_PB:1573,Invar,1
SklavenitisPistofidis_2022.P39_Healthy_PB:1605,Invar,1
SklavenitisPistofidis_2022.P39_Healthy_PB:1624,Invar,2
SklavenitisPistofidis_2022.P39_Healthy_PB:1671,Invar,1
SklavenitisPistofidis_2022.P39_Healthy_PB:1681,Invar,0
SklavenitisPistofidis_2022.P39_Healthy_PB:1793,Invar,1
SklavenitisPistofidis_2022.P39_Healthy_PB:1800,Invar,2
SklavenitisPistofidis_2022.P39_Healthy_PB:2186,Invar,2
SklavenitisPistofidis_2022.P39_Healthy_PB:2284,Invar,1
SklavenitisPistofidis_2022.P39_Healthy_PB:2621,Invar,2
SklavenitisPistofidis_2022.P39_Healthy_PB:2638,Invar,2
SklavenitisPistofidis_2022.P39_Healthy_PB:2707,Invar,1
SklavenitisPistofidis_2022.P39_Healthy_PB:2888,Invar,1
SklavenitisPistofidis_2022.P39_Healthy_PB:3040,Invar,2
SklavenitisPistofidis_2022.P39_Healthy_PB:3120,Invar,0
SklavenitisPistofidis_2022.P39_Healthy_PB:3139,Invar,0
SklavenitisPistofidis_2022.P39_Healthy_PB:3161,Invar,1
SklavenitisPistofidis_2022.P39_Healthy_PB:3371,Invar,3
SklavenitisPistofidis_2022.P39_Healthy_PB:3417,Invar,1
SklavenitisPistofidis_2022.P39_Healthy_PB:3453,Invar,2
SklavenitisPistofidis_2022.P39_Healthy_PB:3618,Invar,1
SklavenitisPistofidis_2022.P39_Healthy_PB:3737,Invar,2
SklavenitisPistofidis_2022.P39_Healthy_PB:3794,Invar,0
SklavenitisPistofidis_2022.P39_Healthy_PB:3936,Invar,1
SklavenitisPistofidis_2022.P39_Healthy_PB:3972,Invar,2
SklavenitisPistofidis_2022.P39_Healthy_PB:4027,Invar,1
SklavenitisPistofidis_2022.P39_Healthy_PB:4037,Invar,2
SklavenitisPistofidis_2022.P39_Healthy_PB:4052,Invar,0
SklavenitisPistofidis_2022.P39_Healthy_PB:4102,Invar,1
SklavenitisPistofidis_2022.P39_Healthy_PB:4221,Invar,2
SklavenitisPistofidis_2022.P39_Healthy_PB:4231,Invar,1
SklavenitisPistofidis_2022.P40_Healthy_PB:78,Invar,2
SklavenitisPistofidis_2022.P40_Healthy_PB:123,Invar,0
SklavenitisPistofidis_2022.P40_Healthy_PB:131,Invar,1
SklavenitisPistofidis_2022.P40_Healthy_PB:1130,Invar,0
SklavenitisPistofidis_2022.P40_Healthy_PB:1315,Invar,2
SklavenitisPistofidis_2022.P40_Healthy_PB:1671,Invar,1
SklavenitisPistofidis_2022.P40_Healthy_PB:1834,Invar,0
SklavenitisPistofidis_2022.P40_Healthy_PB:2021,Invar,0
SklavenitisPistofidis_2022.P40_Healthy_PB:2331,Invar,0
SklavenitisPistofidis_2022.P40_Healthy_PB:2667,Invar,0
SklavenitisPistofidis_2022.P40_Healthy_PB:2961,Invar,0
SklavenitisPistofidis_2022.P40_Healthy_PB:3071,Invar,2
SklavenitisPistofidis_2022.P40_Healthy_PB:3122,Invar,0
SklavenitisPistofidis_2022.P40_Healthy_PB:3412,Invar,0
SklavenitisPistofidis_2022.P40_Healthy_PB:3436,Invar,0
SklavenitisPistofidis_2022.P40_Healthy_PB:3511,Invar,0
SklavenitisPistofidis_2022.P40_Healthy_PB:3686,Invar,0
SklavenitisPistofidis_2022.P40_Healthy_PB:3889,Invar,2
SklavenitisPistofidis_2022.P40_Healthy_PB:4152,Invar,2
SklavenitisPistofidis_2022.P40_Healthy_PB:4226,Invar,2
SklavenitisPistofidis_2022.P40_Healthy_PB:4540,Invar,0
SklavenitisPistofidis_2022.P40_Healthy_PB:4597,Invar,0
SklavenitisPistofidis_2022.P40_Healthy_PB:4689,Invar,0
SklavenitisPistofidis_2022.P40_Healthy_PB:4774,Invar,2
SklavenitisPistofidis_2022.P41_Healthy_PB:50,Invar,1
SklavenitisPistofidis_2022.P41_Healthy_PB:400,Invar,0
SklavenitisPistofidis_2022.P41_Healthy_PB:682,Invar,0
SklavenitisPistofidis_2022.P41_Healthy_PB:1349,Invar,2
SklavenitisPistofidis_2022.P41_Healthy_PB:1551,Invar,2
SklavenitisPistofidis_2022.P41_Healthy_PB:1805,Invar,1
SklavenitisPistofidis_2022.P42_Healthy_PB:101,Invar,2
SklavenitisPistofidis_2022.P42_Healthy_PB:461,Invar,2
SklavenitisPistofidis_2022.P42_Healthy_PB:989,Invar,2
SklavenitisPistofidis_2022.P43_Healthy_PB:309,Invar,2
SklavenitisPistofidis_2022.P43_Healthy_PB:326,Invar,2
SklavenitisPistofidis_2022.P44_Healthy_PB:372,Invar,0
SklavenitisPistofidis_2022.P45_Healthy_BM:36,Invar,2
SklavenitisPistofidis_2022.P45_Healthy_BM:66,Invar,2
SklavenitisPistofidis_2022.P45_Healthy_BM:190,Invar,1
SklavenitisPistofidis_2022.P45_Healthy_BM:218,Invar,1
SklavenitisPistofidis_2022.P45_Healthy_BM:276,Invar,1
SklavenitisPistofidis_2022.P45_Healthy_BM:560,Invar,2
SklavenitisPistofidis_2022.P45_Healthy_BM:900,Invar,2
SklavenitisPistofidis_2022.P45_Healthy_BM:997,Invar,2
SklavenitisPistofidis_2022.P45_Healthy_BM:1155,Invar,2
SklavenitisPistofidis_2022.P45_Healthy_BM:1554,Invar,0
SklavenitisPistofidis_2022.P45_Healthy_BM:1814,Invar,1
SklavenitisPistofidis_2022.P45_Healthy_BM:1967,Invar,1
SklavenitisPistofidis_2022.P45_Healthy_BM:1979,Invar,2
SklavenitisPistofidis_2022.P45_Healthy_BM:2041,Invar,1
SklavenitisPistofidis_2022.P45_Healthy_BM:2120,Invar,1
SklavenitisPistofidis_2022.P45_Healthy_BM:2130,Invar,2
SklavenitisPistofidis_2022.P45_Healthy_BM:2204,Invar,1
SklavenitisPistofidis_2022.P45_Healthy_BM:2341,Invar,2
SklavenitisPistofidis_2022.P46_Healthy_BM:101,Invar,2
SklavenitisPistofidis_2022.P46_Healthy_BM:298,Invar,2
SklavenitisPistofidis_2022.P46_Healthy_BM:384,Invar,2
SklavenitisPistofidis_2022.P46_Healthy_BM:482,Invar,2
SklavenitisPistofidis_2022.P46_Healthy_BM:928,Invar,2
SklavenitisPistofidis_2022.P46_Healthy_BM:1158,Invar,2
SklavenitisPistofidis_2022.P46_Healthy_BM:1173,Invar,2
SklavenitisPistofidis_2022.P46_Healthy_BM:1185,Invar,2
SklavenitisPistofidis_2022.P46_Healthy_BM:1226,Invar,2
SklavenitisPistofidis_2022.P46_Healthy_BM:1244,Invar,2
SklavenitisPistofidis_2022.P46_Healthy_BM:1626,Invar,1
SklavenitisPistofidis_2022.P46_Healthy_BM:1739,Invar,2
SklavenitisPistofidis_2022.P46_Healthy_BM:1834,Invar,2
SklavenitisPistofidis_2022.P46_Healthy_BM:1995,Invar,2
SklavenitisPistofidis_2022.P46_Healthy_BM:2059,Invar,2
SklavenitisPistofidis_2022.P46_Healthy_BM:2237,Invar,2
SklavenitisPistofidis_2022.P46_Healthy_BM:2305,Invar,2
SklavenitisPistofidis_2022.P46_Healthy_BM:2314,Invar,2
SklavenitisPistofidis_2022.P46_Healthy_BM:2348,Invar,2
SklavenitisPistofidis_2022.P46_Healthy_BM:2407,Invar,2
SklavenitisPistofidis_2022.P46_Healthy_BM:2411,Invar,2
SklavenitisPistofidis_2022.P46_Healthy_BM:2695,Invar,2
SklavenitisPistofidis_2022.P46_Healthy_BM:2947,Invar,2
SklavenitisPistofidis_2022.P46_Healthy_BM:3004,Invar,2
SklavenitisPistofidis_2022.P46_Healthy_BM:3059,Invar,1
SklavenitisPistofidis_2022.P46_Healthy_BM:3319,Invar,2
SklavenitisPistofidis_2022.P46_Healthy_BM:3337,Invar,2
SklavenitisPistofidis_2022.P46_Healthy_BM:3500,Invar,2
SklavenitisPistofidis_2022.P46_Healthy_BM:3635,Invar,2
SklavenitisPistofidis_2022.P46_Healthy_BM:3692,Invar,2
SklavenitisPistofidis_2022.P46_Healthy_BM:3738,Invar,2
SklavenitisPistofidis_2022.P46_Healthy_BM:3800,Invar,2
SklavenitisPistofidis_2022.P46_Healthy_BM:3846,Invar,2
SklavenitisPistofidis_2022.P46_Healthy_BM:3866,Invar,2
SklavenitisPistofidis_2022.P46_Healthy_BM:4085,Invar,2
SklavenitisPistofidis_2022.P46_Healthy_BM:4161,Invar,2
SklavenitisPistofidis_2022.P46_Healthy_BM:4171,Invar,2
SklavenitisPistofidis_2022.P46_Healthy_BM:4279,Invar,2
SklavenitisPistofidis_2022.P46_Healthy_BM:4551,Invar,2
SklavenitisPistofidis_2022.P46_Healthy_BM:4670,Invar,2
SklavenitisPistofidis_2022.P46_Healthy_BM:4893,Invar,2
SklavenitisPistofidis_2022.P46_Healthy_BM:4954,Invar,2
SklavenitisPistofidis_2022.P46_Healthy_BM:5305,Invar,2
SklavenitisPistofidis_2022.P46_Healthy_BM:5595,Invar,2
SklavenitisPistofidis_2022.P46_Healthy_BM:5609,Invar,2
SklavenitisPistofidis_2022.P46_Healthy_BM:5700,Invar,2
SklavenitisPistofidis_2022.P46_Healthy_BM:5749,Invar,1
SklavenitisPistofidis_2022.P46_Healthy_BM:5770,Invar,1
SklavenitisPistofidis_2022.P46_Healthy_BM:5844,Invar,2
SklavenitisPistofidis_2022.P46_Healthy_BM:5914,Invar,2
SklavenitisPistofidis_2022.P46_Healthy_BM:6018,Invar,2
SklavenitisPistofidis_2022.P46_Healthy_BM:6092,Invar,2
SklavenitisPistofidis_2022.P46_Healthy_BM:6398,Invar,2
SklavenitisPistofidis_2022.P46_Healthy_BM:6474,Invar,2
SklavenitisPistofidis_2022.P46_Healthy_BM:6573,Invar,1
SklavenitisPistofidis_2022.P46_Healthy_BM:6723,Invar,2
SklavenitisPistofidis_2022.P46_Healthy_BM:6759,Invar,2
SklavenitisPistofidis_2022.P46_Healthy_BM:6805,Invar,2
SklavenitisPistofidis_2022.P46_Healthy_BM:7015,Invar,2
SklavenitisPistofidis_2022.P46_Healthy_BM:7087,Invar,2
SklavenitisPistofidis_2022.P46_Healthy_BM:7286,Invar,2
SklavenitisPistofidis_2022.P46_Healthy_BM:7293,Invar,2
SklavenitisPistofidis_2022.P46_Healthy_BM:7493,Invar,2
SklavenitisPistofidis_2022.P46_Healthy_BM:7557,Invar,2
SklavenitisPistofidis_2022.P46_Healthy_BM:7660,Invar,2
SklavenitisPistofidis_2022.P46_Healthy_BM:7726,Invar,2
SklavenitisPistofidis_2022.P46_Healthy_BM:7795,Invar,2
SklavenitisPistofidis_2022.P46_Healthy_BM:8127,Invar,2
SklavenitisPistofidis_2022.P46_Healthy_BM:8131,Invar,2
SklavenitisPistofidis_2022.P46_Healthy_BM:8223,Invar,2
SklavenitisPistofidis_2022.P46_Healthy_BM:8310,Invar,2
SklavenitisPistofidis_2022.P46_Healthy_BM:8417,Invar,2
SklavenitisPistofidis_2022.P46_Healthy_BM:8526,Invar,2
SklavenitisPistofidis_2022.P46_Healthy_BM:8537,Invar,2
SklavenitisPistofidis_2022.P46_Healthy_BM:8599,Invar,2
SklavenitisPistofidis_2022.P46_Healthy_BM:8760,Invar,2
SklavenitisPistofidis_2022.P46_Healthy_BM:8817,Invar,2
SklavenitisPistofidis_2022.P46_Healthy_BM:8853,Invar,2
SklavenitisPistofidis_2022.P46_Healthy_BM:9176,Invar,2
SklavenitisPistofidis_2022.P46_Healthy_BM:9277,Invar,2
SklavenitisPistofidis_2022.P46_Healthy_BM:9657,Invar,2
SklavenitisPistofidis_2022.P47_Healthy_BM:5,Invar,2
SklavenitisPistofidis_2022.P47_Healthy_BM:144,Invar,1
SklavenitisPistofidis_2022.P47_Healthy_BM:195,Invar,2
SklavenitisPistofidis_2022.P47_Healthy_BM:246,Invar,0
SklavenitisPistofidis_2022.P47_Healthy_BM:259,Invar,1
SklavenitisPistofidis_2022.P47_Healthy_BM:282,Invar,2
SklavenitisPistofidis_2022.P47_Healthy_BM:475,Invar,2
SklavenitisPistofidis_2022.P47_Healthy_BM:502,Invar,2
SklavenitisPistofidis_2022.P47_Healthy_BM:656,Invar,0
SklavenitisPistofidis_2022.P47_Healthy_BM:703,Invar,2
SklavenitisPistofidis_2022.P47_Healthy_BM:710,Invar,0
SklavenitisPistofidis_2022.P47_Healthy_BM:743,Invar,0
SklavenitisPistofidis_2022.P47_Healthy_BM:759,Invar,2
SklavenitisPistofidis_2022.P47_Healthy_BM:1127,Invar,0
SklavenitisPistofidis_2022.P47_Healthy_BM:1137,Invar,2
SklavenitisPistofidis_2022.P47_Healthy_BM:1153,Invar,0
SklavenitisPistofidis_2022.P47_Healthy_BM:1172,Invar,0
SklavenitisPistofidis_2022.P47_Healthy_BM:1460,Invar,2
SklavenitisPistofidis_2022.P47_Healthy_BM:1568,Invar,2
SklavenitisPistofidis_2022.P47_Healthy_BM:1598,Invar,2
SklavenitisPistofidis_2022.P47_Healthy_BM:1791,Invar,2
SklavenitisPistofidis_2022.P47_Healthy_BM:1793,Invar,2
SklavenitisPistofidis_2022.P47_Healthy_BM:1854,Invar,0
SklavenitisPistofidis_2022.P47_Healthy_BM:1861,Invar,2
SklavenitisPistofidis_2022.P47_Healthy_BM:1870,Invar,1
SklavenitisPistofidis_2022.P47_Healthy_BM:1899,Invar,0
SklavenitisPistofidis_2022.P47_Healthy_BM:1951,Invar,0
SklavenitisPistofidis_2022.P47_Healthy_BM:2019,Invar,2
SklavenitisPistofidis_2022.P47_Healthy_BM:2031,Invar,0
SklavenitisPistofidis_2022.P47_Healthy_BM:2134,Invar,2
SklavenitisPistofidis_2022.P47_Healthy_BM:2199,Invar,2
SklavenitisPistofidis_2022.P47_Healthy_BM:2223,Invar,1
SklavenitisPistofidis_2022.P47_Healthy_BM:2300,Invar,1
SklavenitisPistofidis_2022.P47_Healthy_BM:2301,Invar,0
SklavenitisPistofidis_2022.P47_Healthy_BM:2377,Invar,2
SklavenitisPistofidis_2022.P47_Healthy_BM:2432,Invar,2
SklavenitisPistofidis_2022.P47_Healthy_BM:2477,Invar,2
SklavenitisPistofidis_2022.P47_Healthy_BM:2556,Invar,2
SklavenitisPistofidis_2022.P47_Healthy_BM:2565,Invar,1
SklavenitisPistofidis_2022.P47_Healthy_BM:2612,Invar,2
SklavenitisPistofidis_2022.P47_Healthy_BM:2639,Invar,2
SklavenitisPistofidis_2022.P47_Healthy_BM:2966,Invar,2
SklavenitisPistofidis_2022.P47_Healthy_BM:3137,Invar,2
SklavenitisPistofidis_2022.P47_Healthy_BM:3192,Invar,2
SklavenitisPistofidis_2022.P47_Healthy_BM:3214,Invar,1
SklavenitisPistofidis_2022.P47_Healthy_BM:3231,Invar,1
SklavenitisPistofidis_2022.P47_Healthy_BM:3395,Invar,0
SklavenitisPistofidis_2022.P47_Healthy_BM:3407,Invar,1
SklavenitisPistofidis_2022.P47_Healthy_BM:3462,Invar,2
SklavenitisPistofidis_2022.P47_Healthy_BM:3592,Invar,1
SklavenitisPistofidis_2022.P47_Healthy_BM:3844,Invar,0
SklavenitisPistofidis_2022.P47_Healthy_BM:4201,Invar,0
SklavenitisPistofidis_2022.P47_Healthy_BM:4426,Invar,2
SklavenitisPistofidis_2022.P47_Healthy_BM:4555,Invar,2
SklavenitisPistofidis_2022.P47_Healthy_BM:4615,Invar,1
SklavenitisPistofidis_2022.P47_Healthy_BM:4696,Invar,1
SklavenitisPistofidis_2022.P47_Healthy_BM:4702,Invar,2
SklavenitisPistofidis_2022.P47_Healthy_BM:4729,Invar,0
SklavenitisPistofidis_2022.P47_Healthy_BM:5091,Invar,0
SklavenitisPistofidis_2022.P47_Healthy_BM:5162,Invar,0
SklavenitisPistofidis_2022.P47_Healthy_BM:5258,Invar,2
SklavenitisPistofidis_2022.P47_Healthy_BM:5376,Invar,1
SklavenitisPistofidis_2022.P47_Healthy_BM:5432,Invar,0
SklavenitisPistofidis_2022.P47_Healthy_BM:5457,Invar,2
SklavenitisPistofidis_2022.P47_Healthy_BM:5488,Invar,1
SklavenitisPistofidis_2022.P47_Healthy_BM:5547,Invar,0
SklavenitisPistofidis_2022.P47_Healthy_BM:5710,Invar,2
SklavenitisPistofidis_2022.P47_Healthy_BM:6020,Invar,2
SklavenitisPistofidis_2022.P47_Healthy_BM:6121,Invar,2
SklavenitisPistofidis_2022.P47_Healthy_BM:6146,Invar,1
SklavenitisPistofidis_2022.P47_Healthy_BM:6240,Invar,2
SklavenitisPistofidis_2022.P47_Healthy_BM:6272,Invar,2
SklavenitisPistofidis_2022.P47_Healthy_BM:6380,Invar,0
SklavenitisPistofidis_2022.P47_Healthy_BM:6392,Invar,2
SklavenitisPistofidis_2022.P47_Healthy_BM:6398,Invar,1
SklavenitisPistofidis_2022.P47_Healthy_BM:6416,Invar,1
SklavenitisPistofidis_2022.P47_Healthy_BM:6522,Invar,0
SklavenitisPistofidis_2022.P47_Healthy_BM:6773,Invar,1
SklavenitisPistofidis_2022.P47_Healthy_BM:6801,Invar,2
SklavenitisPistofidis_2022.P47_Healthy_BM:6848,Invar,2
SklavenitisPistofidis_2022.P47_Healthy_BM:6925,Invar,0
SklavenitisPistofidis_2022.P47_Healthy_BM:6962,Invar,2
SklavenitisPistofidis_2022.P47_Healthy_BM:6994,Invar,2
SklavenitisPistofidis_2022.P47_Healthy_BM:7228,Invar,2
SklavenitisPistofidis_2022.P47_Healthy_BM:7242,Invar,2
SklavenitisPistofidis_2022.P47_Healthy_BM:7395,Invar,0
SklavenitisPistofidis_2022.P47_Healthy_BM:7593,Invar,2
SklavenitisPistofidis_2022.P47_Healthy_BM:7750,Invar,2
SklavenitisPistofidis_2022.P47_Healthy_BM:7776,Invar,0
SklavenitisPistofidis_2022.P47_Healthy_BM:7783,Invar,2
SklavenitisPistofidis_2022.P47_Healthy_BM:7809,Invar,1
SklavenitisPistofidis_2022.P47_Healthy_BM:7853,Invar,2
SklavenitisPistofidis_2022.P47_Healthy_BM:8132,Invar,0
SklavenitisPistofidis_2022.P47_Healthy_BM:8225,Invar,2
SklavenitisPistofidis_2022.P47_Healthy_BM:8332,Invar,0
SklavenitisPistofidis_2022.P47_Healthy_BM:8392,Invar,1
SklavenitisPistofidis_2022.P47_Healthy_BM:8410,Invar,2
SklavenitisPistofidis_2022.P47_Healthy_BM:8414,Invar,0
SklavenitisPistofidis_2022.P47_Healthy_BM:8660,Invar,1
SklavenitisPistofidis_2022.P47_Healthy_BM:8688,Invar,2
SklavenitisPistofidis_2022.P47_Healthy_BM:8706,Invar,0
SklavenitisPistofidis_2022.P47_Healthy_BM:8948,Invar,2
SklavenitisPistofidis_2022.P47_Healthy_BM:8963,Invar,0
SklavenitisPistofidis_2022.P47_Healthy_BM:9171,Invar,2
SklavenitisPistofidis_2022.P47_Healthy_BM:9268,Invar,2
SklavenitisPistofidis_2022.P47_Healthy_BM:9271,Invar,2
SklavenitisPistofidis_2022.P47_Healthy_BM:9415,Invar,2
SklavenitisPistofidis_2022.P47_Healthy_BM:9433,Invar,0
SklavenitisPistofidis_2022.P47_Healthy_BM:9491,Invar,2
SklavenitisPistofidis_2022.P47_Healthy_BM:9512,Invar,2
SklavenitisPistofidis_2022.P47_Healthy_BM:9830,Invar,2
SklavenitisPistofidis_2022.P47_Healthy_BM:9906,Invar,0
SklavenitisPistofidis_2022.P47_Healthy_BM:9922,Invar,1
SklavenitisPistofidis_2022.P47_Healthy_BM:10456,Invar,2
SklavenitisPistofidis_2022.P47_Healthy_BM:10464,Invar,0
SklavenitisPistofidis_2022.P47_Healthy_BM:10568,Invar,1
SklavenitisPistofidis_2022.P47_Healthy_BM:10659,Invar,2
SklavenitisPistofidis_2022.P47_Healthy_BM:10714,Invar,0
SklavenitisPistofidis_2022.P47_Healthy_BM:10812,Invar,0
SklavenitisPistofidis_2022.P47_Healthy_BM:10855,Invar,0
SklavenitisPistofidis_2022.P47_Healthy_BM:11033,Invar,2
SklavenitisPistofidis_2022.P47_Healthy_BM:11155,Invar,1
SklavenitisPistofidis_2022.P47_Healthy_BM:11296,Invar,1
SklavenitisPistofidis_2022.P47_Healthy_BM:11335,Invar,2
SklavenitisPistofidis_2022.P47_Healthy_BM:11446,Invar,1
SklavenitisPistofidis_2022.P47_Healthy_BM:11582,Invar,0
SklavenitisPistofidis_2022.P47_Healthy_BM:11588,Invar,2
SklavenitisPistofidis_2022.P47_Healthy_BM:11630,Invar,1
SklavenitisPistofidis_2022.P47_Healthy_BM:11745,Invar,2
SklavenitisPistofidis_2022.P47_Healthy_BM:11749,Invar,2
SklavenitisPistofidis_2022.P47_Healthy_BM:11753,Invar,2
SklavenitisPistofidis_2022.P47_Healthy_BM:11930,Invar,1
SklavenitisPistofidis_2022.P47_Healthy_BM:11933,Invar,1
SklavenitisPistofidis_2022.P47_Healthy_BM:12331,Invar,2
SklavenitisPistofidis_2022.P47_Healthy_BM:12603,Invar,2
SklavenitisPistofidis_2022.P47_Healthy_BM:12867,Invar,0
SklavenitisPistofidis_2022.P47_Healthy_BM:13002,Invar,0
SklavenitisPistofidis_2022.P47_Healthy_BM:13094,Invar,2
SklavenitisPistofidis_2022.P47_Healthy_BM:13120,Invar,2
SklavenitisPistofidis_2022.P47_Healthy_BM:13124,Invar,1
SklavenitisPistofidis_2022.P48_Healthy_BM:18,Invar,2
SklavenitisPistofidis_2022.P48_Healthy_BM:76,Invar,2
SklavenitisPistofidis_2022.P48_Healthy_BM:161,Invar,2
SklavenitisPistofidis_2022.P48_Healthy_BM:610,Invar,2
SklavenitisPistofidis_2022.P48_Healthy_BM:878,Invar,2
SklavenitisPistofidis_2022.P48_Healthy_BM:1130,Invar,2
SklavenitisPistofidis_2022.P48_Healthy_BM:1179,Invar,2
SklavenitisPistofidis_2022.P48_Healthy_BM:1186,Invar,2
SklavenitisPistofidis_2022.P48_Healthy_BM:1247,Invar,2
SklavenitisPistofidis_2022.P48_Healthy_BM:1383,Invar,2
SklavenitisPistofidis_2022.P48_Healthy_BM:1572,Invar,2
SklavenitisPistofidis_2022.P48_Healthy_BM:1603,Invar,1
SklavenitisPistofidis_2022.P48_Healthy_BM:1662,Invar,2
SklavenitisPistofidis_2022.P48_Healthy_BM:1921,Invar,2
SklavenitisPistofidis_2022.P48_Healthy_BM:1959,Invar,2
SklavenitisPistofidis_2022.P48_Healthy_BM:2016,Invar,2
SklavenitisPistofidis_2022.P48_Healthy_BM:2069,Invar,2
SklavenitisPistofidis_2022.P48_Healthy_BM:2123,Invar,2
SklavenitisPistofidis_2022.P48_Healthy_BM:2303,Invar,2
SklavenitisPistofidis_2022.P48_Healthy_BM:2415,Invar,2
SklavenitisPistofidis_2022.P48_Healthy_BM:2496,Invar,2
SklavenitisPistofidis_2022.P48_Healthy_BM:2717,Invar,0
SklavenitisPistofidis_2022.P48_Healthy_BM:2755,Invar,2
SklavenitisPistofidis_2022.P48_Healthy_BM:2828,Invar,0
SklavenitisPistofidis_2022.P48_Healthy_BM:2955,Invar,2
SklavenitisPistofidis_2022.P48_Healthy_BM:3052,Invar,2
SklavenitisPistofidis_2022.P48_Healthy_BM:3089,Invar,2
SklavenitisPistofidis_2022.P48_Healthy_BM:3171,Invar,2
SklavenitisPistofidis_2022.P48_Healthy_BM:3245,Invar,2
SklavenitisPistofidis_2022.P48_Healthy_BM:3392,Invar,0
SklavenitisPistofidis_2022.P48_Healthy_BM:3455,Invar,2
SklavenitisPistofidis_2022.P48_Healthy_BM:3528,Invar,2
SklavenitisPistofidis_2022.P48_Healthy_BM:3538,Invar,2
SklavenitisPistofidis_2022.P48_Healthy_BM:3587,Invar,2
SklavenitisPistofidis_2022.P48_Healthy_BM:3592,Invar,2
SklavenitisPistofidis_2022.P48_Healthy_BM:3622,Invar,2
SklavenitisPistofidis_2022.P48_Healthy_BM:3789,Invar,2
SklavenitisPistofidis_2022.P48_Healthy_BM:3965,Invar,2
SklavenitisPistofidis_2022.P48_Healthy_BM:4034,Invar,2
SklavenitisPistofidis_2022.P48_Healthy_BM:4077,Invar,2
SklavenitisPistofidis_2022.P48_Healthy_BM:4373,Invar,2
SklavenitisPistofidis_2022.P48_Healthy_BM:4450,Invar,2
SklavenitisPistofidis_2022.P48_Healthy_BM:4476,Invar,2
SklavenitisPistofidis_2022.P48_Healthy_BM:4524,Invar,0
SklavenitisPistofidis_2022.P48_Healthy_BM:4856,Invar,2
SklavenitisPistofidis_2022.P48_Healthy_BM:4906,Invar,2
SklavenitisPistofidis_2022.P48_Healthy_BM:4921,Invar,2
SklavenitisPistofidis_2022.P48_Healthy_BM:4958,Invar,2
SklavenitisPistofidis_2022.P48_Healthy_BM:4995,Invar,2
SklavenitisPistofidis_2022.P48_Healthy_BM:5003,Invar,2
SklavenitisPistofidis_2022.P48_Healthy_BM:5010,Invar,2
SklavenitisPistofidis_2022.P48_Healthy_BM:5322,Invar,2
SklavenitisPistofidis_2022.P48_Healthy_BM:5390,Invar,2
SklavenitisPistofidis_2022.P48_Healthy_BM:5408,Invar,2
SklavenitisPistofidis_2022.P48_Healthy_BM:5680,Invar,2
SklavenitisPistofidis_2022.P48_Healthy_BM:5746,Invar,2
SklavenitisPistofidis_2022.P48_Healthy_BM:5811,Invar,0
SklavenitisPistofidis_2022.P48_Healthy_BM:5859,Invar,2
SklavenitisPistofidis_2022.P48_Healthy_BM:5997,Invar,2
SklavenitisPistofidis_2022.P48_Healthy_BM:6135,Invar,2
SklavenitisPistofidis_2022.P48_Healthy_BM:6145,Invar,2
SklavenitisPistofidis_2022.P48_Healthy_BM:6195,Invar,0
SklavenitisPistofidis_2022.P48_Healthy_BM:6373,Invar,1
SklavenitisPistofidis_2022.P48_Healthy_BM:6383,Invar,2
SklavenitisPistofidis_2022.P48_Healthy_BM:6507,Invar,2
SklavenitisPistofidis_2022.P48_Healthy_BM:6655,Invar,2
SklavenitisPistofidis_2022.P48_Healthy_BM:6840,Invar,2
SklavenitisPistofidis_2022.P48_Healthy_BM:7145,Invar,2
SklavenitisPistofidis_2022.P48_Healthy_BM:7175,Invar,2
SklavenitisPistofidis_2022.P48_Healthy_BM:7456,Invar,2
SklavenitisPistofidis_2022.P48_Healthy_BM:7633,Invar,2
SklavenitisPistofidis_2022.P48_Healthy_BM:7716,Invar,2
SklavenitisPistofidis_2022.P48_Healthy_BM:7757,Invar,0
SklavenitisPistofidis_2022.P48_Healthy_BM:7802,Invar,2
SklavenitisPistofidis_2022.P48_Healthy_BM:7836,Invar,2
SklavenitisPistofidis_2022.P48_Healthy_BM:7952,Invar,0
SklavenitisPistofidis_2022.P48_Healthy_BM:8228,Invar,2
SklavenitisPistofidis_2022.P48_Healthy_BM:8256,Invar,2
SklavenitisPistofidis_2022.P48_Healthy_BM:8379,Invar,3
SklavenitisPistofidis_2022.P48_Healthy_BM:8410,Invar,2
SklavenitisPistofidis_2022.P48_Healthy_BM:8510,Invar,2
SklavenitisPistofidis_2022.P48_Healthy_BM:8764,Invar,2
SklavenitisPistofidis_2022.P48_Healthy_BM:8769,Invar,2
SklavenitisPistofidis_2022.P49_Healthy_BM:20,Invar,0
SklavenitisPistofidis_2022.P49_Healthy_BM:163,Invar,2
SklavenitisPistofidis_2022.P49_Healthy_BM:278,Invar,2
SklavenitisPistofidis_2022.P49_Healthy_BM:300,Invar,1
SklavenitisPistofidis_2022.P49_Healthy_BM:347,Invar,2
SklavenitisPistofidis_2022.P49_Healthy_BM:435,Invar,2
SklavenitisPistofidis_2022.P49_Healthy_BM:455,Invar,2
SklavenitisPistofidis_2022.P49_Healthy_BM:649,Invar,2
SklavenitisPistofidis_2022.P49_Healthy_BM:725,Invar,0
SklavenitisPistofidis_2022.P49_Healthy_BM:785,Invar,2
SklavenitisPistofidis_2022.P49_Healthy_BM:1102,Invar,2
SklavenitisPistofidis_2022.P49_Healthy_BM:1402,Invar,2
SklavenitisPistofidis_2022.P49_Healthy_BM:1437,Invar,2
SklavenitisPistofidis_2022.P49_Healthy_BM:1642,Invar,2
SklavenitisPistofidis_2022.P49_Healthy_BM:1671,Invar,3
SklavenitisPistofidis_2022.P49_Healthy_BM:1705,Invar,2
SklavenitisPistofidis_2022.P49_Healthy_BM:1865,Invar,2
SklavenitisPistofidis_2022.P49_Healthy_BM:1986,Invar,2
SklavenitisPistofidis_2022.P49_Healthy_BM:2664,Invar,1
SklavenitisPistofidis_2022.P49_Healthy_BM:2701,Invar,2
SklavenitisPistofidis_2022.P49_Healthy_BM:3176,Invar,2
SklavenitisPistofidis_2022.P49_Healthy_BM:3640,Invar,2
SklavenitisPistofidis_2022.P49_Healthy_BM:3813,Invar,2
SklavenitisPistofidis_2022.P49_Healthy_BM:3858,Invar,3
SklavenitisPistofidis_2022.P49_Healthy_BM:3943,Invar,0
SklavenitisPistofidis_2022.P50_Healthy_BM:220,Invar,2
SklavenitisPistofidis_2022.P50_Healthy_BM:413,Invar,2
SklavenitisPistofidis_2022.P50_Healthy_BM:423,Invar,2
SklavenitisPistofidis_2022.P50_Healthy_BM:1081,Invar,2
SklavenitisPistofidis_2022.P50_Healthy_BM:1141,Invar,1
SklavenitisPistofidis_2022.P50_Healthy_BM:1172,Invar,3
SklavenitisPistofidis_2022.P50_Healthy_BM:1532,Invar,2
SklavenitisPistofidis_2022.P50_Healthy_BM:1870,Invar,2
SklavenitisPistofidis_2022.P50_Healthy_BM:1956,Invar,1
SklavenitisPistofidis_2022.P50_Healthy_BM:2360,Invar,2
SklavenitisPistofidis_2022.P50_Healthy_BM:2560,Invar,2
SklavenitisPistofidis_2022.P50_Healthy_BM:2763,Invar,2
SklavenitisPistofidis_2022.P50_Healthy_BM:2993,Invar,2
SklavenitisPistofidis_2022.P50_Healthy_BM:3101,Invar,2
SklavenitisPistofidis_2022.P50_Healthy_BM:3366,Invar,1
SklavenitisPistofidis_2022.P50_Healthy_BM:3834,Invar,2
SklavenitisPistofidis_2022.P51_Healthy_BM:121,Invar,1
SklavenitisPistofidis_2022.P51_Healthy_BM:296,Invar,2
SklavenitisPistofidis_2022.P51_Healthy_BM:518,Invar,2
SklavenitisPistofidis_2022.P51_Healthy_BM:523,Invar,2
SklavenitisPistofidis_2022.P51_Healthy_BM:582,Invar,0
SklavenitisPistofidis_2022.P51_Healthy_BM:595,Invar,2
SklavenitisPistofidis_2022.P51_Healthy_BM:666,Invar,2
SklavenitisPistofidis_2022.P51_Healthy_BM:669,Invar,2
SklavenitisPistofidis_2022.P51_Healthy_BM:701,Invar,0
SklavenitisPistofidis_2022.P51_Healthy_BM:708,Invar,2
SklavenitisPistofidis_2022.P51_Healthy_BM:733,Invar,2
SklavenitisPistofidis_2022.P51_Healthy_BM:780,Invar,2
SklavenitisPistofidis_2022.P51_Healthy_BM:919,Invar,1
SklavenitisPistofidis_2022.P51_Healthy_BM:1035,Invar,2
SklavenitisPistofidis_2022.P51_Healthy_BM:1050,Invar,2
SklavenitisPistofidis_2022.P51_Healthy_BM:1201,Invar,2
SklavenitisPistofidis_2022.P51_Healthy_BM:1203,Invar,2
SklavenitisPistofidis_2022.P51_Healthy_BM:1334,Invar,2
SklavenitisPistofidis_2022.P51_Healthy_BM:1481,Invar,2
SklavenitisPistofidis_2022.P51_Healthy_BM:1616,Invar,2
SklavenitisPistofidis_2022.P51_Healthy_BM:1619,Invar,2
SklavenitisPistofidis_2022.P51_Healthy_BM:1805,Invar,2
SklavenitisPistofidis_2022.P51_Healthy_BM:1889,Invar,2
SklavenitisPistofidis_2022.P51_Healthy_BM:2037,Invar,0
SklavenitisPistofidis_2022.P51_Healthy_BM:2105,Invar,2
SklavenitisPistofidis_2022.P51_Healthy_BM:2137,Invar,2
SklavenitisPistofidis_2022.P51_Healthy_BM:2161,Invar,2
SklavenitisPistofidis_2022.P51_Healthy_BM:2240,Invar,2
SklavenitisPistofidis_2022.P51_Healthy_BM:2262,Invar,2
SklavenitisPistofidis_2022.P51_Healthy_BM:2317,Invar,0
SklavenitisPistofidis_2022.P51_Healthy_BM:2328,Invar,2
SklavenitisPistofidis_2022.P51_Healthy_BM:2352,Invar,0
SklavenitisPistofidis_2022.P51_Healthy_BM:2429,Invar,2
SklavenitisPistofidis_2022.P51_Healthy_BM:2531,Invar,2
SklavenitisPistofidis_2022.P51_Healthy_BM:2602,Invar,2
SklavenitisPistofidis_2022.P51_Healthy_BM:2655,Invar,2
SklavenitisPistofidis_2022.P51_Healthy_BM:2763,Invar,2
SklavenitisPistofidis_2022.P51_Healthy_BM:2843,Invar,2
SklavenitisPistofidis_2022.P51_Healthy_BM:2907,Invar,2
SklavenitisPistofidis_2022.P51_Healthy_BM:2923,Invar,2
SklavenitisPistofidis_2022.P51_Healthy_BM:3030,Invar,2
SklavenitisPistofidis_2022.P51_Healthy_BM:3100,Invar,2
SklavenitisPistofidis_2022.P51_Healthy_BM:3119,Invar,2
SklavenitisPistofidis_2022.P51_Healthy_BM:3140,Invar,2
SklavenitisPistofidis_2022.P51_Healthy_BM:3169,Invar,2
SklavenitisPistofidis_2022.P51_Healthy_BM:3170,Invar,2
SklavenitisPistofidis_2022.P51_Healthy_BM:3277,Invar,1
SklavenitisPistofidis_2022.P51_Healthy_BM:3292,Invar,2
SklavenitisPistofidis_2022.P51_Healthy_BM:3369,Invar,2
SklavenitisPistofidis_2022.P51_Healthy_BM:3443,Invar,2
SklavenitisPistofidis_2022.P51_Healthy_BM:3475,Invar,2
SklavenitisPistofidis_2022.P51_Healthy_BM:3522,Invar,0
SklavenitisPistofidis_2022.P51_Healthy_BM:3625,Invar,2
SklavenitisPistofidis_2022.P51_Healthy_BM:3673,Invar,2
SklavenitisPistofidis_2022.P51_Healthy_BM:3712,Invar,2
SklavenitisPistofidis_2022.P51_Healthy_BM:3798,Invar,2
SklavenitisPistofidis_2022.P51_Healthy_BM:3839,Invar,2
SklavenitisPistofidis_2022.P51_Healthy_BM:4025,Invar,2
SklavenitisPistofidis_2022.P51_Healthy_BM:4131,Invar,2
SklavenitisPistofidis_2022.P51_Healthy_BM:4263,Invar,2
SklavenitisPistofidis_2022.P51_Healthy_BM:4337,Invar,2
SklavenitisPistofidis_2022.P51_Healthy_BM:4392,Invar,2
SklavenitisPistofidis_2022.P51_Healthy_BM:4579,Invar,2
SklavenitisPistofidis_2022.P51_Healthy_BM:4607,Invar,2
SklavenitisPistofidis_2022.P51_Healthy_BM:4619,Invar,2
SklavenitisPistofidis_2022.P51_Healthy_BM:4708,Invar,2
SklavenitisPistofidis_2022.P51_Healthy_BM:4730,Invar,2
SklavenitisPistofidis_2022.P51_Healthy_BM:4736,Invar,2
SklavenitisPistofidis_2022.P51_Healthy_BM:4757,Invar,2
SklavenitisPistofidis_2022.P51_Healthy_BM:4760,Invar,2
SklavenitisPistofidis_2022.P51_Healthy_BM:4788,Invar,2
SklavenitisPistofidis_2022.P51_Healthy_BM:4894,Invar,2
SklavenitisPistofidis_2022.P51_Healthy_BM:5111,Invar,2
SklavenitisPistofidis_2022.P51_Healthy_BM:5123,Invar,2
SklavenitisPistofidis_2022.P51_Healthy_BM:5146,Invar,2
SklavenitisPistofidis_2022.P51_Healthy_BM:5222,Invar,2
SklavenitisPistofidis_2022.P51_Healthy_BM:5358,Invar,2
SklavenitisPistofidis_2022.P51_Healthy_BM:5441,Invar,2
SklavenitisPistofidis_2022.P51_Healthy_BM:5462,Invar,1
SklavenitisPistofidis_2022.P51_Healthy_BM:5502,Invar,2
SklavenitisPistofidis_2022.P51_Healthy_BM:5509,Invar,0
SklavenitisPistofidis_2022.P51_Healthy_BM:5544,Invar,2
SklavenitisPistofidis_2022.P51_Healthy_BM:5590,Invar,2
SklavenitisPistofidis_2022.P51_Healthy_BM:5595,Invar,2
SklavenitisPistofidis_2022.P51_Healthy_BM:5660,Invar,2
SklavenitisPistofidis_2022.P51_Healthy_BM:5698,Invar,2
SklavenitisPistofidis_2022.P51_Healthy_BM:5731,Invar,2
SklavenitisPistofidis_2022.P51_Healthy_BM:5742,Invar,0
SklavenitisPistofidis_2022.P51_Healthy_BM:5849,Invar,2
SklavenitisPistofidis_2022.P51_Healthy_BM:5884,Invar,1
SklavenitisPistofidis_2022.P51_Healthy_BM:5931,Invar,2
SklavenitisPistofidis_2022.P51_Healthy_BM:5944,Invar,1
SklavenitisPistofidis_2022.P51_Healthy_BM:5968,Invar,2
SklavenitisPistofidis_2022.P51_Healthy_BM:6017,Invar,2
SklavenitisPistofidis_2022.P51_Healthy_BM:6182,Invar,2
SklavenitisPistofidis_2022.P51_Healthy_BM:6220,Invar,2
SklavenitisPistofidis_2022.P51_Healthy_BM:6226,Invar,2
SklavenitisPistofidis_2022.P51_Healthy_BM:6316,Invar,2
SklavenitisPistofidis_2022.P51_Healthy_BM:6320,Invar,2
SklavenitisPistofidis_2022.P51_Healthy_BM:6558,Invar,2
SklavenitisPistofidis_2022.P51_Healthy_BM:6650,Invar,1
SklavenitisPistofidis_2022.P51_Healthy_BM:6816,Invar,2
SklavenitisPistofidis_2022.P51_Healthy_BM:6874,Invar,2
SklavenitisPistofidis_2022.P51_Healthy_BM:6950,Invar,2
SklavenitisPistofidis_2022.P51_Healthy_BM:6969,Invar,2
SklavenitisPistofidis_2022.P51_Healthy_BM:7085,Invar,2
SklavenitisPistofidis_2022.P51_Healthy_BM:7124,Invar,1
SklavenitisPistofidis_2022.P51_Healthy_BM:7143,Invar,2
SklavenitisPistofidis_2022.P51_Healthy_BM:7157,Invar,2
SklavenitisPistofidis_2022.P51_Healthy_BM:7173,Invar,2
SklavenitisPistofidis_2022.P51_Healthy_BM:7184,Invar,2
SklavenitisPistofidis_2022.P51_Healthy_BM:7293,Invar,2
SklavenitisPistofidis_2022.P51_Healthy_BM:7421,Invar,2
SklavenitisPistofidis_2022.P51_Healthy_BM:7675,Invar,2
SklavenitisPistofidis_2022.P51_Healthy_BM:7842,Invar,0
SklavenitisPistofidis_2022.P51_Healthy_BM:7996,Invar,2
SklavenitisPistofidis_2022.P51_Healthy_BM:8020,Invar,2
SklavenitisPistofidis_2022.P51_Healthy_BM:8026,Invar,2
SklavenitisPistofidis_2022.P51_Healthy_BM:8032,Invar,2
SklavenitisPistofidis_2022.P51_Healthy_BM:8105,Invar,2
SklavenitisPistofidis_2022.P51_Healthy_BM:8107,Invar,2
SklavenitisPistofidis_2022.P51_Healthy_BM:8216,Invar,2
SklavenitisPistofidis_2022.P51_Healthy_BM:8243,Invar,2
SklavenitisPistofidis_2022.P51_Healthy_BM:8260,Invar,2
SklavenitisPistofidis_2022.P51_Healthy_BM:8306,Invar,2
SklavenitisPistofidis_2022.P51_Healthy_BM:8430,Invar,1
SklavenitisPistofidis_2022.P51_Healthy_BM:8520,Invar,2
SklavenitisPistofidis_2022.P51_Healthy_BM:8564,Invar,2
SklavenitisPistofidis_2022.P51_Healthy_BM:8688,Invar,2
SklavenitisPistofidis_2022.P51_Healthy_BM:8720,Invar,2
SklavenitisPistofidis_2022.P51_Healthy_BM:8736,Invar,2
SklavenitisPistofidis_2022.P51_Healthy_BM:8749,Invar,2
SklavenitisPistofidis_2022.P51_Healthy_BM:8933,Invar,2
SklavenitisPistofidis_2022.P51_Healthy_BM:8954,Invar,2
SklavenitisPistofidis_2022.P51_Healthy_BM:8966,Invar,2
SklavenitisPistofidis_2022.P51_Healthy_BM:8985,Invar,2
SklavenitisPistofidis_2022.P51_Healthy_BM:8988,Invar,0
SklavenitisPistofidis_2022.P51_Healthy_BM:9055,Invar,2
SklavenitisPistofidis_2022.P51_Healthy_BM:9100,Invar,0
SklavenitisPistofidis_2022.P51_Healthy_BM:9174,Invar,2
SklavenitisPistofidis_2022.P51_Healthy_BM:9347,Invar,2
SklavenitisPistofidis_2022.P51_Healthy_BM:9408,Invar,2
SklavenitisPistofidis_2022.P51_Healthy_BM:9457,Invar,2
SklavenitisPistofidis_2022.P51_Healthy_BM:9490,Invar,2
SklavenitisPistofidis_2022.P51_Healthy_BM:9689,Invar,2
SklavenitisPistofidis_2022.P51_Healthy_BM:9785,Invar,2
SklavenitisPistofidis_2022.P51_Healthy_BM:9814,Invar,2
SklavenitisPistofidis_2022.P51_Healthy_BM:9833,Invar,2
SklavenitisPistofidis_2022.P51_Healthy_BM:9871,Invar,2
SklavenitisPistofidis_2022.P51_Healthy_BM:10017,Invar,0
SklavenitisPistofidis_2022.P51_Healthy_BM:10032,Invar,2
SklavenitisPistofidis_2022.P51_Healthy_BM:10083,Invar,0
SklavenitisPistofidis_2022.P51_Healthy_BM:10215,Invar,0
SklavenitisPistofidis_2022.P51_Healthy_BM:10277,Invar,0
SklavenitisPistofidis_2022.P51_Healthy_BM:10299,Invar,2
SklavenitisPistofidis_2022.P51_Healthy_BM:10382,Invar,2
SklavenitisPistofidis_2022.P51_Healthy_BM:10576,Invar,2
SklavenitisPistofidis_2022.P51_Healthy_BM:10704,Invar,2
SklavenitisPistofidis_2022.P51_Healthy_BM:10725,Invar,2
SklavenitisPistofidis_2022.P51_Healthy_BM:10795,Invar,2
SklavenitisPistofidis_2022.P51_Healthy_BM:10852,Invar,2
SklavenitisPistofidis_2022.P51_Healthy_BM:10870,Invar,2
SklavenitisPistofidis_2022.P51_Healthy_BM:10953,Invar,2
SklavenitisPistofidis_2022.P51_Healthy_BM:11046,Invar,2
SklavenitisPistofidis_2022.P51_Healthy_BM:11052,Invar,2
SklavenitisPistofidis_2022.P51_Healthy_BM:11161,Invar,0
SklavenitisPistofidis_2022.P51_Healthy_BM:11203,Invar,2
SklavenitisPistofidis_2022.P51_Healthy_BM:11226,Invar,2
SklavenitisPistofidis_2022.P51_Healthy_BM:11445,Invar,2
SklavenitisPistofidis_2022.P51_Healthy_BM:11543,Invar,2
SklavenitisPistofidis_2022.P51_Healthy_BM:11562,Invar,0
SklavenitisPistofidis_2022.P51_Healthy_BM:11765,Invar,2
SklavenitisPistofidis_2022.P51_Healthy_BM:11842,Invar,2
SklavenitisPistofidis_2022.P51_Healthy_BM:11914,Invar,2
SklavenitisPistofidis_2022.P51_Healthy_BM:12012,Invar,2
SklavenitisPistofidis_2022.P51_Healthy_BM:12142,Invar,2
SklavenitisPistofidis_2022.P51_Healthy_BM:12167,Invar,2
SklavenitisPistofidis_2022.P51_Healthy_BM:12276,Invar,2
SklavenitisPistofidis_2022.P51_Healthy_BM:12458,Invar,2
SklavenitisPistofidis_2022.P51_Healthy_BM:12460,Invar,2
SklavenitisPistofidis_2022.P51_Healthy_BM:12463,Invar,2
SklavenitisPistofidis_2022.P51_Healthy_BM:12620,Invar,2
SklavenitisPistofidis_2022.P51_Healthy_BM:13379,Invar,2
SklavenitisPistofidis_2022.P51_Healthy_BM:13398,Invar,2
SklavenitisPistofidis_2022.P51_Healthy_BM:13512,Invar,2
SklavenitisPistofidis_2022.P51_Healthy_BM:13600,Invar,2
SklavenitisPistofidis_2022.P51_Healthy_BM:13604,Invar,1
SklavenitisPistofidis_2022.P51_Healthy_BM:13618,Invar,2
SklavenitisPistofidis_2022.P51_Healthy_BM:13627,Invar,2
SklavenitisPistofidis_2022.P51_Healthy_BM:13651,Invar,2
SklavenitisPistofidis_2022.P51_Healthy_BM:13768,Invar,2
SklavenitisPistofidis_2022.P51_Healthy_BM:13862,Invar,2
SklavenitisPistofidis_2022.P51_Healthy_BM:13937,Invar,2
SklavenitisPistofidis_2022.P51_Healthy_BM:13955,Invar,2
SklavenitisPistofidis_2022.P51_Healthy_BM:14059,Invar,2
SklavenitisPistofidis_2022.P51_Healthy_BM:14100,Invar,0
SklavenitisPistofidis_2022.P51_Healthy_BM:14106,Invar,2
SklavenitisPistofidis_2022.P51_Healthy_BM:14107,Invar,2
SklavenitisPistofidis_2022.P51_Healthy_BM:14161,Invar,2
SklavenitisPistofidis_2022.P51_Healthy_BM:14170,Invar,2
SklavenitisPistofidis_2022.P51_Healthy_BM:14188,Invar,2
SklavenitisPistofidis_2022.P51_Healthy_BM:14239,Invar,2
SklavenitisPistofidis_2022.P51_Healthy_BM:14330,Invar,2
SklavenitisPistofidis_2022.P51_Healthy_BM:14354,Invar,2
SklavenitisPistofidis_2022.P51_Healthy_BM:14367,Invar,2
SklavenitisPistofidis_2022.P51_Healthy_BM:14381,Invar,2
SklavenitisPistofidis_2022.P51_Healthy_BM:14472,Invar,1
SklavenitisPistofidis_2022.P51_Healthy_BM:14606,Invar,2
SklavenitisPistofidis_2022.P51_Healthy_BM:14609,Invar,2
SklavenitisPistofidis_2022.P51_Healthy_BM:14610,Invar,1
SklavenitisPistofidis_2022.P51_Healthy_BM:14617,Invar,1
SklavenitisPistofidis_2022.P51_Healthy_BM:14671,Invar,2
SklavenitisPistofidis_2022.P51_Healthy_BM:14732,Invar,2
SklavenitisPistofidis_2022.P51_Healthy_BM:14777,Invar,2
SklavenitisPistofidis_2022.P51_Healthy_BM:14804,Invar,2
SklavenitisPistofidis_2022.P52_Healthy_BM:72,Invar,1
SklavenitisPistofidis_2022.P52_Healthy_BM:144,Invar,2
SklavenitisPistofidis_2022.P52_Healthy_BM:145,Invar,1
SklavenitisPistofidis_2022.P52_Healthy_BM:351,Invar,2
SklavenitisPistofidis_2022.P52_Healthy_BM:377,Invar,2
SklavenitisPistofidis_2022.P52_Healthy_BM:401,Invar,2
SklavenitisPistofidis_2022.P52_Healthy_BM:480,Invar,2
SklavenitisPistofidis_2022.P52_Healthy_BM:526,Invar,1
SklavenitisPistofidis_2022.P52_Healthy_BM:552,Invar,2
SklavenitisPistofidis_2022.P52_Healthy_BM:574,Invar,2
SklavenitisPistofidis_2022.P52_Healthy_BM:589,Invar,2
SklavenitisPistofidis_2022.P52_Healthy_BM:622,Invar,2
SklavenitisPistofidis_2022.P52_Healthy_BM:736,Invar,2
SklavenitisPistofidis_2022.P52_Healthy_BM:773,Invar,2
SklavenitisPistofidis_2022.P52_Healthy_BM:787,Invar,0
SklavenitisPistofidis_2022.P52_Healthy_BM:804,Invar,2
SklavenitisPistofidis_2022.P52_Healthy_BM:861,Invar,1
SklavenitisPistofidis_2022.P52_Healthy_BM:864,Invar,2
SklavenitisPistofidis_2022.P52_Healthy_BM:937,Invar,2
SklavenitisPistofidis_2022.P52_Healthy_BM:947,Invar,1
SklavenitisPistofidis_2022.P52_Healthy_BM:960,Invar,2
SklavenitisPistofidis_2022.P52_Healthy_BM:999,Invar,2
SklavenitisPistofidis_2022.P52_Healthy_BM:1017,Invar,2
SklavenitisPistofidis_2022.P52_Healthy_BM:1104,Invar,2
SklavenitisPistofidis_2022.P52_Healthy_BM:1109,Invar,2
SklavenitisPistofidis_2022.P52_Healthy_BM:1146,Invar,2
SklavenitisPistofidis_2022.P52_Healthy_BM:1173,Invar,0
SklavenitisPistofidis_2022.P52_Healthy_BM:1187,Invar,2
SklavenitisPistofidis_2022.P52_Healthy_BM:1195,Invar,1
SklavenitisPistofidis_2022.P52_Healthy_BM:1287,Invar,2
SklavenitisPistofidis_2022.P52_Healthy_BM:1367,Invar,2
SklavenitisPistofidis_2022.P52_Healthy_BM:1561,Invar,0
SklavenitisPistofidis_2022.P52_Healthy_BM:1574,Invar,2
SklavenitisPistofidis_2022.P52_Healthy_BM:1594,Invar,2
SklavenitisPistofidis_2022.P52_Healthy_BM:1681,Invar,2
SklavenitisPistofidis_2022.P52_Healthy_BM:1725,Invar,2
SklavenitisPistofidis_2022.P52_Healthy_BM:1903,Invar,2
SklavenitisPistofidis_2022.P52_Healthy_BM:1905,Invar,2
SklavenitisPistofidis_2022.P52_Healthy_BM:1919,Invar,0
SklavenitisPistofidis_2022.P52_Healthy_BM:1920,Invar,0
SklavenitisPistofidis_2022.P52_Healthy_BM:1941,Invar,2
SklavenitisPistofidis_2022.P52_Healthy_BM:2030,Invar,2
SklavenitisPistofidis_2022.P52_Healthy_BM:2080,Invar,2
SklavenitisPistofidis_2022.P52_Healthy_BM:2086,Invar,2
SklavenitisPistofidis_2022.P52_Healthy_BM:2166,Invar,0
SklavenitisPistofidis_2022.P52_Healthy_BM:2198,Invar,0
SklavenitisPistofidis_2022.P52_Healthy_BM:2355,Invar,2
SklavenitisPistofidis_2022.P52_Healthy_BM:2394,Invar,2
SklavenitisPistofidis_2022.P52_Healthy_BM:2413,Invar,2
SklavenitisPistofidis_2022.P52_Healthy_BM:2465,Invar,2
SklavenitisPistofidis_2022.P52_Healthy_BM:2472,Invar,2
SklavenitisPistofidis_2022.P52_Healthy_BM:2506,Invar,2
SklavenitisPistofidis_2022.P52_Healthy_BM:2552,Invar,0
SklavenitisPistofidis_2022.P52_Healthy_BM:2597,Invar,2
SklavenitisPistofidis_2022.P52_Healthy_BM:2608,Invar,0
SklavenitisPistofidis_2022.P52_Healthy_BM:2619,Invar,2
SklavenitisPistofidis_2022.P52_Healthy_BM:2730,Invar,0
SklavenitisPistofidis_2022.P52_Healthy_BM:2819,Invar,2
SklavenitisPistofidis_2022.P52_Healthy_BM:2926,Invar,2
SklavenitisPistofidis_2022.P52_Healthy_BM:2930,Invar,2
SklavenitisPistofidis_2022.P52_Healthy_BM:2931,Invar,2
SklavenitisPistofidis_2022.P52_Healthy_BM:2934,Invar,2
SklavenitisPistofidis_2022.P52_Healthy_BM:3040,Invar,2
SklavenitisPistofidis_2022.P52_Healthy_BM:3085,Invar,2
SklavenitisPistofidis_2022.P52_Healthy_BM:3138,Invar,2
SklavenitisPistofidis_2022.P52_Healthy_BM:3208,Invar,2
SklavenitisPistofidis_2022.P52_Healthy_BM:3269,Invar,2
SklavenitisPistofidis_2022.P52_Healthy_BM:3287,Invar,2
SklavenitisPistofidis_2022.P52_Healthy_BM:3384,Invar,2
SklavenitisPistofidis_2022.P52_Healthy_BM:3398,Invar,2
SklavenitisPistofidis_2022.P52_Healthy_BM:3463,Invar,2
SklavenitisPistofidis_2022.P52_Healthy_BM:3505,Invar,2
SklavenitisPistofidis_2022.P52_Healthy_BM:3524,Invar,2
SklavenitisPistofidis_2022.P52_Healthy_BM:3536,Invar,2
SklavenitisPistofidis_2022.P52_Healthy_BM:3563,Invar,2
SklavenitisPistofidis_2022.P52_Healthy_BM:3603,Invar,0
SklavenitisPistofidis_2022.P52_Healthy_BM:3651,Invar,2
SklavenitisPistofidis_2022.P52_Healthy_BM:3704,Invar,2
SklavenitisPistofidis_2022.P52_Healthy_BM:3708,Invar,0
SklavenitisPistofidis_2022.P52_Healthy_BM:3759,Invar,0
SklavenitisPistofidis_2022.P52_Healthy_BM:3971,Invar,0
SklavenitisPistofidis_2022.P52_Healthy_BM:4008,Invar,0
SklavenitisPistofidis_2022.P52_Healthy_BM:4034,Invar,2
SklavenitisPistofidis_2022.P52_Healthy_BM:4041,Invar,2
SklavenitisPistofidis_2022.P52_Healthy_BM:4082,Invar,2
SklavenitisPistofidis_2022.P52_Healthy_BM:4103,Invar,1
SklavenitisPistofidis_2022.P52_Healthy_BM:4178,Invar,0
SklavenitisPistofidis_2022.P52_Healthy_BM:4187,Invar,2
SklavenitisPistofidis_2022.P52_Healthy_BM:4196,Invar,2
SklavenitisPistofidis_2022.P52_Healthy_BM:4213,Invar,2
SklavenitisPistofidis_2022.P52_Healthy_BM:4234,Invar,2
SklavenitisPistofidis_2022.P52_Healthy_BM:4263,Invar,1
SklavenitisPistofidis_2022.P52_Healthy_BM:4274,Invar,2
SklavenitisPistofidis_2022.P52_Healthy_BM:4312,Invar,2
SklavenitisPistofidis_2022.P52_Healthy_BM:4353,Invar,2
SklavenitisPistofidis_2022.P52_Healthy_BM:4410,Invar,2
SklavenitisPistofidis_2022.P52_Healthy_BM:4457,Invar,2
SklavenitisPistofidis_2022.P52_Healthy_BM:4620,Invar,2
SklavenitisPistofidis_2022.P52_Healthy_BM:4632,Invar,2
SklavenitisPistofidis_2022.P52_Healthy_BM:4661,Invar,2
SklavenitisPistofidis_2022.P52_Healthy_BM:4686,Invar,2
SklavenitisPistofidis_2022.P52_Healthy_BM:4687,Invar,2
SklavenitisPistofidis_2022.P52_Healthy_BM:4779,Invar,1
SklavenitisPistofidis_2022.P52_Healthy_BM:4789,Invar,2
SklavenitisPistofidis_2022.P52_Healthy_BM:4813,Invar,2
SklavenitisPistofidis_2022.P52_Healthy_BM:4817,Invar,2
SklavenitisPistofidis_2022.P52_Healthy_BM:4852,Invar,2
SklavenitisPistofidis_2022.P52_Healthy_BM:4860,Invar,2
SklavenitisPistofidis_2022.P52_Healthy_BM:4911,Invar,2
SklavenitisPistofidis_2022.P52_Healthy_BM:4943,Invar,0
SklavenitisPistofidis_2022.P52_Healthy_BM:4994,Invar,2
SklavenitisPistofidis_2022.P52_Healthy_BM:5115,Invar,1
SklavenitisPistofidis_2022.P52_Healthy_BM:5119,Invar,2
SklavenitisPistofidis_2022.P52_Healthy_BM:5147,Invar,2
SklavenitisPistofidis_2022.P52_Healthy_BM:5179,Invar,1
SklavenitisPistofidis_2022.P52_Healthy_BM:5195,Invar,2
SklavenitisPistofidis_2022.P52_Healthy_BM:5313,Invar,2
SklavenitisPistofidis_2022.P52_Healthy_BM:5316,Invar,2
SklavenitisPistofidis_2022.P52_Healthy_BM:5345,Invar,2
SklavenitisPistofidis_2022.P52_Healthy_BM:5379,Invar,0
SklavenitisPistofidis_2022.P52_Healthy_BM:5425,Invar,2
SklavenitisPistofidis_2022.P52_Healthy_BM:5470,Invar,2
SklavenitisPistofidis_2022.P52_Healthy_BM:5487,Invar,2
SklavenitisPistofidis_2022.P52_Healthy_BM:5517,Invar,2
SklavenitisPistofidis_2022.P52_Healthy_BM:5608,Invar,2
SklavenitisPistofidis_2022.P52_Healthy_BM:5672,Invar,2
SklavenitisPistofidis_2022.P52_Healthy_BM:5690,Invar,2
SklavenitisPistofidis_2022.P52_Healthy_BM:5714,Invar,2
SklavenitisPistofidis_2022.P52_Healthy_BM:5736,Invar,2
SklavenitisPistofidis_2022.P52_Healthy_BM:5765,Invar,2
SklavenitisPistofidis_2022.P52_Healthy_BM:5775,Invar,1
SklavenitisPistofidis_2022.P52_Healthy_BM:5851,Invar,2
SklavenitisPistofidis_2022.P52_Healthy_BM:5858,Invar,2
SklavenitisPistofidis_2022.P52_Healthy_BM:5885,Invar,2
SklavenitisPistofidis_2022.P52_Healthy_BM:5952,Invar,2
SklavenitisPistofidis_2022.P52_Healthy_BM:5954,Invar,2
SklavenitisPistofidis_2022.P52_Healthy_BM:6040,Invar,0
SklavenitisPistofidis_2022.P52_Healthy_BM:6136,Invar,2
SklavenitisPistofidis_2022.P52_Healthy_BM:6256,Invar,0
SklavenitisPistofidis_2022.P52_Healthy_BM:6339,Invar,2
SklavenitisPistofidis_2022.P52_Healthy_BM:6423,Invar,2
SklavenitisPistofidis_2022.P52_Healthy_BM:6447,Invar,2
SklavenitisPistofidis_2022.P52_Healthy_BM:6448,Invar,2
SklavenitisPistofidis_2022.P52_Healthy_BM:6465,Invar,1
SklavenitisPistofidis_2022.P52_Healthy_BM:6546,Invar,2
SklavenitisPistofidis_2022.P52_Healthy_BM:6597,Invar,2
SklavenitisPistofidis_2022.P52_Healthy_BM:6699,Invar,2
SklavenitisPistofidis_2022.P52_Healthy_BM:6706,Invar,2
SklavenitisPistofidis_2022.P52_Healthy_BM:6806,Invar,2
SklavenitisPistofidis_2022.P52_Healthy_BM:6884,Invar,0
SklavenitisPistofidis_2022.P52_Healthy_BM:6924,Invar,1
SklavenitisPistofidis_2022.P52_Healthy_BM:6947,Invar,2
SklavenitisPistofidis_2022.P52_Healthy_BM:7185,Invar,2
SklavenitisPistofidis_2022.P52_Healthy_BM:7201,Invar,2
SklavenitisPistofidis_2022.P52_Healthy_BM:7292,Invar,2
SklavenitisPistofidis_2022.P52_Healthy_BM:7355,Invar,2
SklavenitisPistofidis_2022.P52_Healthy_BM:7383,Invar,2
SklavenitisPistofidis_2022.P52_Healthy_BM:7430,Invar,0
SklavenitisPistofidis_2022.P52_Healthy_BM:7534,Invar,2
SklavenitisPistofidis_2022.P52_Healthy_BM:7546,Invar,2
SklavenitisPistofidis_2022.P52_Healthy_BM:7557,Invar,0
SklavenitisPistofidis_2022.P52_Healthy_BM:7625,Invar,2
SklavenitisPistofidis_2022.P52_Healthy_BM:7630,Invar,2
SklavenitisPistofidis_2022.P52_Healthy_BM:7726,Invar,2
SklavenitisPistofidis_2022.P52_Healthy_BM:7747,Invar,2
SklavenitisPistofidis_2022.P52_Healthy_BM:7769,Invar,0
SklavenitisPistofidis_2022.P52_Healthy_BM:7774,Invar,2
SklavenitisPistofidis_2022.P52_Healthy_BM:7793,Invar,0
SklavenitisPistofidis_2022.P52_Healthy_BM:7798,Invar,2
SklavenitisPistofidis_2022.P52_Healthy_BM:7804,Invar,2
SklavenitisPistofidis_2022.P52_Healthy_BM:7838,Invar,2
SklavenitisPistofidis_2022.P52_Healthy_BM:7843,Invar,2
SklavenitisPistofidis_2022.P52_Healthy_BM:7954,Invar,0
SklavenitisPistofidis_2022.P52_Healthy_BM:8006,Invar,2
SklavenitisPistofidis_2022.P52_Healthy_BM:8115,Invar,2
SklavenitisPistofidis_2022.P52_Healthy_BM:8128,Invar,1
SklavenitisPistofidis_2022.P52_Healthy_BM:8166,Invar,2
SklavenitisPistofidis_2022.P52_Healthy_BM:8308,Invar,2
SklavenitisPistofidis_2022.P52_Healthy_BM:8458,Invar,2
SklavenitisPistofidis_2022.P52_Healthy_BM:8461,Invar,0
SklavenitisPistofidis_2022.P52_Healthy_BM:8522,Invar,2
SklavenitisPistofidis_2022.P52_Healthy_BM:8579,Invar,1
SklavenitisPistofidis_2022.P52_Healthy_BM:8589,Invar,1
SklavenitisPistofidis_2022.P52_Healthy_BM:8650,Invar,2
SklavenitisPistofidis_2022.P52_Healthy_BM:8686,Invar,2
SklavenitisPistofidis_2022.P52_Healthy_BM:8722,Invar,0
SklavenitisPistofidis_2022.P52_Healthy_BM:8730,Invar,0
SklavenitisPistofidis_2022.P52_Healthy_BM:8840,Invar,2
SklavenitisPistofidis_2022.P52_Healthy_BM:8888,Invar,0
SklavenitisPistofidis_2022.P52_Healthy_BM:8891,Invar,2
SklavenitisPistofidis_2022.P52_Healthy_BM:8912,Invar,2
SklavenitisPistofidis_2022.P52_Healthy_BM:9147,Invar,2
SklavenitisPistofidis_2022.P52_Healthy_BM:9210,Invar,2
SklavenitisPistofidis_2022.P52_Healthy_BM:9239,Invar,2
SklavenitisPistofidis_2022.P52_Healthy_BM:9271,Invar,1
SklavenitisPistofidis_2022.P52_Healthy_BM:9283,Invar,2
SklavenitisPistofidis_2022.P52_Healthy_BM:9293,Invar,2
SklavenitisPistofidis_2022.P52_Healthy_BM:9297,Invar,0
SklavenitisPistofidis_2022.P52_Healthy_BM:9328,Invar,2
SklavenitisPistofidis_2022.P52_Healthy_BM:9362,Invar,2
SklavenitisPistofidis_2022.P52_Healthy_BM:9372,Invar,1
SklavenitisPistofidis_2022.P52_Healthy_BM:9453,Invar,0
SklavenitisPistofidis_2022.P52_Healthy_BM:9616,Invar,2
SklavenitisPistofidis_2022.P52_Healthy_BM:9663,Invar,2
SklavenitisPistofidis_2022.P52_Healthy_BM:9694,Invar,2
SklavenitisPistofidis_2022.P52_Healthy_BM:9733,Invar,2
SklavenitisPistofidis_2022.P52_Healthy_BM:9744,Invar,2
SklavenitisPistofidis_2022.P52_Healthy_BM:9790,Invar,2
SklavenitisPistofidis_2022.P52_Healthy_BM:9831,Invar,0
SklavenitisPistofidis_2022.P52_Healthy_BM:9838,Invar,1
SklavenitisPistofidis_2022.P52_Healthy_BM:9866,Invar,2
SklavenitisPistofidis_2022.P52_Healthy_BM:9971,Invar,2
SklavenitisPistofidis_2022.P52_Healthy_BM:10073,Invar,0
SklavenitisPistofidis_2022.P52_Healthy_BM:10099,Invar,2
SklavenitisPistofidis_2022.P52_Healthy_BM:10145,Invar,2
SklavenitisPistofidis_2022.P52_Healthy_BM:10228,Invar,2
SklavenitisPistofidis_2022.P52_Healthy_BM:10343,Invar,2
SklavenitisPistofidis_2022.P52_Healthy_BM:10382,Invar,2
SklavenitisPistofidis_2022.P52_Healthy_BM:10477,Invar,0
SklavenitisPistofidis_2022.P52_Healthy_BM:10524,Invar,2
SklavenitisPistofidis_2022.P52_Healthy_BM:10539,Invar,0
SklavenitisPistofidis_2022.P52_Healthy_BM:10543,Invar,2
SklavenitisPistofidis_2022.P52_Healthy_BM:10565,Invar,2
SklavenitisPistofidis_2022.P52_Healthy_BM:10574,Invar,2
SklavenitisPistofidis_2022.P52_Healthy_BM:10604,Invar,2
SklavenitisPistofidis_2022.P52_Healthy_BM:10704,Invar,2
SklavenitisPistofidis_2022.P52_Healthy_BM:10735,Invar,2
SklavenitisPistofidis_2022.P52_Healthy_BM:10751,Invar,2
SklavenitisPistofidis_2022.P52_Healthy_BM:10759,Invar,0
SklavenitisPistofidis_2022.P52_Healthy_BM:10798,Invar,0
SklavenitisPistofidis_2022.P52_Healthy_BM:10826,Invar,2
SklavenitisPistofidis_2022.P52_Healthy_BM:11024,Invar,2
SklavenitisPistofidis_2022.P52_Healthy_BM:11083,Invar,2
SklavenitisPistofidis_2022.P52_Healthy_BM:11113,Invar,2
SklavenitisPistofidis_2022.P52_Healthy_BM:11128,Invar,0
SklavenitisPistofidis_2022.P52_Healthy_BM:11174,Invar,2
SklavenitisPistofidis_2022.P52_Healthy_BM:11206,Invar,2
SklavenitisPistofidis_2022.P52_Healthy_BM:11235,Invar,2
SklavenitisPistofidis_2022.P53_Healthy_BM:139,Invar,0
SklavenitisPistofidis_2022.P53_Healthy_BM:381,Invar,0
SklavenitisPistofidis_2022.P53_Healthy_BM:529,Invar,2
SklavenitisPistofidis_2022.P53_Healthy_BM:543,Invar,2
SklavenitisPistofidis_2022.P53_Healthy_BM:558,Invar,2
SklavenitisPistofidis_2022.P53_Healthy_BM:652,Invar,2
SklavenitisPistofidis_2022.P53_Healthy_BM:746,Invar,1
SklavenitisPistofidis_2022.P53_Healthy_BM:756,Invar,2
SklavenitisPistofidis_2022.P53_Healthy_BM:812,Invar,2
SklavenitisPistofidis_2022.P53_Healthy_BM:995,Invar,1
SklavenitisPistofidis_2022.P53_Healthy_BM:1049,Invar,2
SklavenitisPistofidis_2022.P53_Healthy_BM:1087,Invar,2
SklavenitisPistofidis_2022.P53_Healthy_BM:1281,Invar,2
SklavenitisPistofidis_2022.P53_Healthy_BM:1287,Invar,2
SklavenitisPistofidis_2022.P53_Healthy_BM:1311,Invar,2
SklavenitisPistofidis_2022.P53_Healthy_BM:1744,Invar,2
SklavenitisPistofidis_2022.P53_Healthy_BM:1754,Invar,0
SklavenitisPistofidis_2022.P53_Healthy_BM:1857,Invar,2
SklavenitisPistofidis_2022.P53_Healthy_BM:1951,Invar,2
SklavenitisPistofidis_2022.P53_Healthy_BM:2035,Invar,2
SklavenitisPistofidis_2022.P53_Healthy_BM:2056,Invar,0
SklavenitisPistofidis_2022.P53_Healthy_BM:2080,Invar,2
SklavenitisPistofidis_2022.P53_Healthy_BM:2141,Invar,2
SklavenitisPistofidis_2022.P53_Healthy_BM:2336,Invar,2
SklavenitisPistofidis_2022.P53_Healthy_BM:2351,Invar,2
SklavenitisPistofidis_2022.P53_Healthy_BM:3060,Invar,2
SklavenitisPistofidis_2022.P53_Healthy_BM:3302,Invar,2
SklavenitisPistofidis_2022.P53_Healthy_BM:3331,Invar,0
SklavenitisPistofidis_2022.P53_Healthy_BM:3456,Invar,2
SklavenitisPistofidis_2022.P53_Healthy_BM:3528,Invar,2
SklavenitisPistofidis_2022.P53_Healthy_BM:3595,Invar,2
SklavenitisPistofidis_2022.P53_Healthy_BM:3684,Invar,2
SklavenitisPistofidis_2022.P53_Healthy_BM:3766,Invar,2
SklavenitisPistofidis_2022.P53_Healthy_BM:3828,Invar,2
SklavenitisPistofidis_2022.P53_Healthy_BM:3871,Invar,0
SklavenitisPistofidis_2022.P53_Healthy_BM:3951,Invar,2
SklavenitisPistofidis_2022.P53_Healthy_BM:4268,Invar,2
SklavenitisPistofidis_2022.P53_Healthy_BM:4600,Invar,2
SklavenitisPistofidis_2022.P53_Healthy_BM:4609,Invar,1
SklavenitisPistofidis_2022.P53_Healthy_BM:4612,Invar,2
SklavenitisPistofidis_2022.P53_Healthy_BM:4645,Invar,0
SklavenitisPistofidis_2022.P53_Healthy_BM:4780,Invar,2
SklavenitisPistofidis_2022.P53_Healthy_BM:4982,Invar,0
SklavenitisPistofidis_2022.P53_Healthy_BM:5065,Invar,2
SklavenitisPistofidis_2022.P53_Healthy_BM:5285,Invar,2
SklavenitisPistofidis_2022.P53_Healthy_BM:5302,Invar,0
SklavenitisPistofidis_2022.P53_Healthy_BM:5518,Invar,2
SklavenitisPistofidis_2022.P53_Healthy_BM:5554,Invar,1
SklavenitisPistofidis_2022.P53_Healthy_BM:5753,Invar,0
SklavenitisPistofidis_2022.P53_Healthy_BM:6116,Invar,0
SklavenitisPistofidis_2022.P53_Healthy_BM:6144,Invar,2
SklavenitisPistofidis_2022.P53_Healthy_BM:6285,Invar,2
SklavenitisPistofidis_2022.P53_Healthy_BM:6548,Invar,2
SklavenitisPistofidis_2022.P53_Healthy_BM:6771,Invar,2
SklavenitisPistofidis_2022.P53_Healthy_BM:6888,Invar,1
SklavenitisPistofidis_2022.P53_Healthy_BM:6906,Invar,2
SklavenitisPistofidis_2022.P53_Healthy_BM:6965,Invar,2
SklavenitisPistofidis_2022.P53_Healthy_BM:6984,Invar,1
SklavenitisPistofidis_2022.P53_Healthy_BM:7188,Invar,2
SklavenitisPistofidis_2022.P53_Healthy_BM:7227,Invar,2
SklavenitisPistofidis_2022.P53_Healthy_BM:7247,Invar,2
SklavenitisPistofidis_2022.P53_Healthy_BM:7257,Invar,2
SklavenitisPistofidis_2022.P53_Healthy_BM:7589,Invar,1
SklavenitisPistofidis_2022.P53_Healthy_BM:7660,Invar,2
SklavenitisPistofidis_2022.P53_Healthy_BM:7736,Invar,2
SklavenitisPistofidis_2022.P53_Healthy_BM:7879,Invar,2
SklavenitisPistofidis_2022.P53_Healthy_BM:7896,Invar,0
SklavenitisPistofidis_2022.P53_Healthy_BM:7991,Invar,2
SklavenitisPistofidis_2022.P53_Healthy_BM:8030,Invar,2
SklavenitisPistofidis_2022.P53_Healthy_BM:8073,Invar,2
SklavenitisPistofidis_2022.P53_Healthy_BM:8104,Invar,2
SklavenitisPistofidis_2022.P53_Healthy_BM:8163,Invar,1
SklavenitisPistofidis_2022.P53_Healthy_BM:8382,Invar,2
SklavenitisPistofidis_2022.P53_Healthy_BM:8724,Invar,0
SklavenitisPistofidis_2022.P53_Healthy_BM:8934,Invar,0
SklavenitisPistofidis_2022.P53_Healthy_BM:9059,Invar,0
SklavenitisPistofidis_2022.P53_Healthy_BM:9127,Invar,0
SklavenitisPistofidis_2022.P53_Healthy_BM:9341,Invar,2
SklavenitisPistofidis_2022.P53_Healthy_BM:9392,Invar,2
SklavenitisPistofidis_2022.P53_Healthy_BM:9638,Invar,2
SklavenitisPistofidis_2022.P53_Healthy_BM:9759,Invar,0
SklavenitisPistofidis_2022.P53_Healthy_BM:9771,Invar,2
SklavenitisPistofidis_2022.P53_Healthy_BM:9807,Invar,2
SklavenitisPistofidis_2022.P53_Healthy_BM:9961,Invar,2
SklavenitisPistofidis_2022.P53_Healthy_BM:10059,Invar,2
SklavenitisPistofidis_2022.P53_Healthy_BM:10086,Invar,2
SklavenitisPistofidis_2022.P53_Healthy_BM:10388,Invar,2
SklavenitisPistofidis_2022.P53_Healthy_BM:10443,Invar,2
SklavenitisPistofidis_2022.P53_Healthy_BM:10543,Invar,2
SklavenitisPistofidis_2022.P53_Healthy_BM:10681,Invar,2
SklavenitisPistofidis_2022.P53_Healthy_BM:10696,Invar,2
SklavenitisPistofidis_2022.P53_Healthy_BM:10703,Invar,2
SklavenitisPistofidis_2022.P53_Healthy_BM:10705,Invar,3
SklavenitisPistofidis_2022.P53_Healthy_BM:10793,Invar,2
SklavenitisPistofidis_2022.P53_Healthy_BM:10976,Invar,0
SklavenitisPistofidis_2022.P53_Healthy_BM:11057,Invar,0
SklavenitisPistofidis_2022.P53_Healthy_BM:11092,Invar,2
SklavenitisPistofidis_2022.P53_Healthy_BM:11123,Invar,2
SklavenitisPistofidis_2022.P53_Healthy_BM:11545,Invar,2
SklavenitisPistofidis_2022.P53_Healthy_BM:11574,Invar,0
SklavenitisPistofidis_2022.P53_Healthy_BM:11673,Invar,2
SklavenitisPistofidis_2022.P53_Healthy_BM:11710,Invar,2
SklavenitisPistofidis_2022.P53_Healthy_BM:11756,Invar,1
SklavenitisPistofidis_2022.P54_Healthy_BM:3,Invar,2
SklavenitisPistofidis_2022.P54_Healthy_BM:50,Invar,1
SklavenitisPistofidis_2022.P54_Healthy_BM:159,Invar,2
SklavenitisPistofidis_2022.P54_Healthy_BM:170,Invar,2
SklavenitisPistofidis_2022.P54_Healthy_BM:200,Invar,2
SklavenitisPistofidis_2022.P54_Healthy_BM:262,Invar,2
SklavenitisPistofidis_2022.P54_Healthy_BM:406,Invar,2
SklavenitisPistofidis_2022.P54_Healthy_BM:445,Invar,2
SklavenitisPistofidis_2022.P54_Healthy_BM:679,Invar,2
SklavenitisPistofidis_2022.P54_Healthy_BM:717,Invar,2
SklavenitisPistofidis_2022.P54_Healthy_BM:812,Invar,2
SklavenitisPistofidis_2022.P54_Healthy_BM:1338,Invar,2
SklavenitisPistofidis_2022.P54_Healthy_BM:1392,Invar,1
SklavenitisPistofidis_2022.P54_Healthy_BM:1425,Invar,2
SklavenitisPistofidis_2022.P54_Healthy_BM:1439,Invar,2
SklavenitisPistofidis_2022.P54_Healthy_BM:1483,Invar,2
SklavenitisPistofidis_2022.P54_Healthy_BM:1512,Invar,2
SklavenitisPistofidis_2022.P54_Healthy_BM:1589,Invar,2
SklavenitisPistofidis_2022.P54_Healthy_BM:1605,Invar,2
SklavenitisPistofidis_2022.P54_Healthy_BM:1666,Invar,2
SklavenitisPistofidis_2022.P54_Healthy_BM:1678,Invar,2
SklavenitisPistofidis_2022.P54_Healthy_BM:1966,Invar,2
SklavenitisPistofidis_2022.P54_Healthy_BM:2039,Invar,2
SklavenitisPistofidis_2022.P54_Healthy_BM:2184,Invar,2
SklavenitisPistofidis_2022.P54_Healthy_BM:2323,Invar,2
SklavenitisPistofidis_2022.P54_Healthy_BM:2421,Invar,2
SklavenitisPistofidis_2022.P54_Healthy_BM:2747,Invar,2
SklavenitisPistofidis_2022.P54_Healthy_BM:2753,Invar,1
SklavenitisPistofidis_2022.P54_Healthy_BM:2755,Invar,2
SklavenitisPistofidis_2022.P54_Healthy_BM:2926,Invar,2
SklavenitisPistofidis_2022.P54_Healthy_BM:2943,Invar,2
SklavenitisPistofidis_2022.P54_Healthy_BM:2986,Invar,2
SklavenitisPistofidis_2022.P54_Healthy_BM:3109,Invar,1
SklavenitisPistofidis_2022.P54_Healthy_BM:3216,Invar,2
SklavenitisPistofidis_2022.P54_Healthy_BM:3228,Invar,2
SklavenitisPistofidis_2022.P54_Healthy_BM:3306,Invar,2
SklavenitisPistofidis_2022.P54_Healthy_BM:3398,Invar,2
SklavenitisPistofidis_2022.P54_Healthy_BM:3572,Invar,1
SklavenitisPistofidis_2022.P54_Healthy_BM:3694,Invar,2
SklavenitisPistofidis_2022.P54_Healthy_BM:3769,Invar,2
SklavenitisPistofidis_2022.P54_Healthy_BM:4060,Invar,2
SklavenitisPistofidis_2022.P54_Healthy_BM:4077,Invar,2
SklavenitisPistofidis_2022.P54_Healthy_BM:4087,Invar,2
SklavenitisPistofidis_2022.P54_Healthy_BM:4166,Invar,2
SklavenitisPistofidis_2022.P54_Healthy_BM:4171,Invar,2
SklavenitisPistofidis_2022.P54_Healthy_BM:4294,Invar,1
SklavenitisPistofidis_2022.P54_Healthy_BM:4318,Invar,2
SklavenitisPistofidis_2022.P54_Healthy_BM:4439,Invar,2
SklavenitisPistofidis_2022.P54_Healthy_BM:4757,Invar,2
SklavenitisPistofidis_2022.P54_Healthy_BM:4767,Invar,2
SklavenitisPistofidis_2022.P54_Healthy_BM:4919,Invar,2
SklavenitisPistofidis_2022.P54_Healthy_BM:5064,Invar,2
SklavenitisPistofidis_2022.P54_Healthy_BM:5128,Invar,2
SklavenitisPistofidis_2022.P54_Healthy_BM:5146,Invar,2
SklavenitisPistofidis_2022.P54_Healthy_BM:5164,Invar,2
SklavenitisPistofidis_2022.P54_Healthy_BM:5214,Invar,2
SklavenitisPistofidis_2022.P54_Healthy_BM:5320,Invar,2
SklavenitisPistofidis_2022.P54_Healthy_BM:5340,Invar,2
SklavenitisPistofidis_2022.P54_Healthy_BM:5359,Invar,2
SklavenitisPistofidis_2022.P54_Healthy_BM:5428,Invar,2
SklavenitisPistofidis_2022.P54_Healthy_BM:5429,Invar,2
SklavenitisPistofidis_2022.P54_Healthy_BM:5434,Invar,2
SklavenitisPistofidis_2022.P54_Healthy_BM:5450,Invar,2
SklavenitisPistofidis_2022.P54_Healthy_BM:5503,Invar,2
SklavenitisPistofidis_2022.P54_Healthy_BM:5549,Invar,2
SklavenitisPistofidis_2022.P54_Healthy_BM:5558,Invar,2
SklavenitisPistofidis_2022.P54_Healthy_BM:5599,Invar,2
SklavenitisPistofidis_2022.P54_Healthy_BM:5620,Invar,2
SklavenitisPistofidis_2022.P54_Healthy_BM:5691,Invar,2
SklavenitisPistofidis_2022.P54_Healthy_BM:5696,Invar,2
SklavenitisPistofidis_2022.P54_Healthy_BM:5842,Invar,2
SklavenitisPistofidis_2022.P54_Healthy_BM:5873,Invar,2
SklavenitisPistofidis_2022.P54_Healthy_BM:5875,Invar,2
SklavenitisPistofidis_2022.P54_Healthy_BM:5888,Invar,2
SklavenitisPistofidis_2022.P54_Healthy_BM:5939,Invar,2
SklavenitisPistofidis_2022.P54_Healthy_BM:5992,Invar,2
SklavenitisPistofidis_2022.P54_Healthy_BM:6082,Invar,2
SklavenitisPistofidis_2022.P54_Healthy_BM:6105,Invar,2
SklavenitisPistofidis_2022.P54_Healthy_BM:6110,Invar,2
SklavenitisPistofidis_2022.P54_Healthy_BM:6184,Invar,2
SklavenitisPistofidis_2022.P54_Healthy_BM:6246,Invar,2
SklavenitisPistofidis_2022.P54_Healthy_BM:6272,Invar,2
SklavenitisPistofidis_2022.P54_Healthy_BM:6331,Invar,2
SklavenitisPistofidis_2022.P54_Healthy_BM:6805,Invar,2
SklavenitisPistofidis_2022.P54_Healthy_BM:6864,Invar,2
SklavenitisPistofidis_2022.P54_Healthy_BM:6979,Invar,2
SklavenitisPistofidis_2022.P54_Healthy_BM:6994,Invar,2
SklavenitisPistofidis_2022.P54_Healthy_BM:7097,Invar,1
SklavenitisPistofidis_2022.P54_Healthy_BM:7238,Invar,1
SklavenitisPistofidis_2022.P54_Healthy_BM:7391,Invar,2
SklavenitisPistofidis_2022.P54_Healthy_BM:7482,Invar,2
SklavenitisPistofidis_2022.P54_Healthy_BM:7654,Invar,2
SklavenitisPistofidis_2022.P54_Healthy_BM:7713,Invar,2
SklavenitisPistofidis_2022.P54_Healthy_BM:7721,Invar,2
SklavenitisPistofidis_2022.P54_Healthy_BM:7745,Invar,2
SklavenitisPistofidis_2022.P54_Healthy_BM:7763,Invar,2
SklavenitisPistofidis_2022.P54_Healthy_BM:7861,Invar,2
SklavenitisPistofidis_2022.P54_Healthy_BM:7886,Invar,2
SklavenitisPistofidis_2022.P54_Healthy_BM:7902,Invar,2
SklavenitisPistofidis_2022.P54_Healthy_BM:7927,Invar,2
SklavenitisPistofidis_2022.P54_Healthy_BM:8072,Invar,2
SklavenitisPistofidis_2022.P54_Healthy_BM:8203,Invar,0
SklavenitisPistofidis_2022.P54_Healthy_BM:8219,Invar,2
SklavenitisPistofidis_2022.P54_Healthy_BM:8240,Invar,1
SklavenitisPistofidis_2022.P54_Healthy_BM:8272,Invar,2
SklavenitisPistofidis_2022.P54_Healthy_BM:8448,Invar,0
SklavenitisPistofidis_2022.P54_Healthy_BM:8474,Invar,2
SklavenitisPistofidis_2022.P54_Healthy_BM:8486,Invar,2
SklavenitisPistofidis_2022.P54_Healthy_BM:8515,Invar,2
SklavenitisPistofidis_2022.P54_Healthy_BM:8605,Invar,2
SklavenitisPistofidis_2022.P54_Healthy_BM:8609,Invar,1
SklavenitisPistofidis_2022.P54_Healthy_BM:8638,Invar,2
SklavenitisPistofidis_2022.P54_Healthy_BM:8860,Invar,2
SklavenitisPistofidis_2022.P54_Healthy_BM:8861,Invar,2
SklavenitisPistofidis_2022.P54_Healthy_BM:9080,Invar,2
SklavenitisPistofidis_2022.P54_Healthy_BM:9137,Invar,2
SklavenitisPistofidis_2022.P54_Healthy_BM:9146,Invar,2
SklavenitisPistofidis_2022.P54_Healthy_BM:9152,Invar,2
SklavenitisPistofidis_2022.P54_Healthy_BM:9215,Invar,1
SklavenitisPistofidis_2022.P54_Healthy_BM:9334,Invar,1
SklavenitisPistofidis_2022.P54_Healthy_BM:9339,Invar,2
SklavenitisPistofidis_2022.P54_Healthy_BM:9352,Invar,2
SklavenitisPistofidis_2022.P54_Healthy_BM:9411,Invar,2
SklavenitisPistofidis_2022.P54_Healthy_BM:9428,Invar,3
SklavenitisPistofidis_2022.P54_Healthy_BM:9495,Invar,2
SklavenitisPistofidis_2022.P54_Healthy_BM:9517,Invar,2
SklavenitisPistofidis_2022.P54_Healthy_BM:9535,Invar,2
SklavenitisPistofidis_2022.P54_Healthy_BM:9546,Invar,2
SklavenitisPistofidis_2022.P54_Healthy_BM:9608,Invar,2
SklavenitisPistofidis_2022.P54_Healthy_BM:9616,Invar,2
SklavenitisPistofidis_2022.P54_Healthy_BM:9690,Invar,2
SklavenitisPistofidis_2022.P54_Healthy_BM:9753,Invar,2
SklavenitisPistofidis_2022.P54_Healthy_BM:9777,Invar,2
SklavenitisPistofidis_2022.P54_Healthy_BM:9792,Invar,2
SklavenitisPistofidis_2022.P54_Healthy_BM:9846,Invar,2
SklavenitisPistofidis_2022.P54_Healthy_BM:10023,Invar,1
SklavenitisPistofidis_2022.P54_Healthy_BM:10026,Invar,2
SklavenitisPistofidis_2022.P54_Healthy_BM:10037,Invar,2
SklavenitisPistofidis_2022.P54_Healthy_BM:10066,Invar,2
SklavenitisPistofidis_2022.P54_Healthy_BM:10150,Invar,2
SklavenitisPistofidis_2022.P54_Healthy_BM:10156,Invar,2
SklavenitisPistofidis_2022.P54_Healthy_BM:10309,Invar,2
SklavenitisPistofidis_2022.P54_Healthy_BM:10339,Invar,2
SklavenitisPistofidis_2022.P54_Healthy_BM:10405,Invar,2
SklavenitisPistofidis_2022.P54_Healthy_BM:10509,Invar,2
SklavenitisPistofidis_2022.P54_Healthy_BM:10518,Invar,2
SklavenitisPistofidis_2022.P54_Healthy_BM:10588,Invar,2
SklavenitisPistofidis_2022.P54_Healthy_BM:10806,Invar,2
SklavenitisPistofidis_2022.P54_Healthy_BM:10881,Invar,2
SklavenitisPistofidis_2022.P54_Healthy_BM:11117,Invar,1
SklavenitisPistofidis_2022.P54_Healthy_BM:11132,Invar,2
SklavenitisPistofidis_2022.P54_Healthy_BM:11336,Invar,1
SklavenitisPistofidis_2022.P54_Healthy_BM:11404,Invar,2
SklavenitisPistofidis_2022.P54_Healthy_BM:11471,Invar,2
SklavenitisPistofidis_2022.P54_Healthy_BM:11608,Invar,2
SklavenitisPistofidis_2022.P54_Healthy_BM:11858,Invar,2
SklavenitisPistofidis_2022.P54_Healthy_BM:11920,Invar,2
SklavenitisPistofidis_2022.P54_Healthy_BM:12149,Invar,2
SklavenitisPistofidis_2022.P54_Healthy_BM:12232,Invar,2
SklavenitisPistofidis_2022.P55_Healthy_BM:320,Invar,2
SklavenitisPistofidis_2022.P55_Healthy_BM:327,Invar,2
SklavenitisPistofidis_2022.P55_Healthy_BM:342,Invar,2
SklavenitisPistofidis_2022.P55_Healthy_BM:423,Invar,2
SklavenitisPistofidis_2022.P55_Healthy_BM:510,Invar,2
SklavenitisPistofidis_2022.P55_Healthy_BM:518,Invar,2
SklavenitisPistofidis_2022.P55_Healthy_BM:691,Invar,2
SklavenitisPistofidis_2022.P55_Healthy_BM:878,Invar,2
SklavenitisPistofidis_2022.P55_Healthy_BM:1103,Invar,2
SklavenitisPistofidis_2022.P55_Healthy_BM:1291,Invar,2
SklavenitisPistofidis_2022.P55_Healthy_BM:1438,Invar,2
SklavenitisPistofidis_2022.P55_Healthy_BM:1483,Invar,2
SklavenitisPistofidis_2022.P55_Healthy_BM:1500,Invar,2
SklavenitisPistofidis_2022.P55_Healthy_BM:1565,Invar,2
SklavenitisPistofidis_2022.P55_Healthy_BM:1568,Invar,1
SklavenitisPistofidis_2022.P55_Healthy_BM:1592,Invar,2
SklavenitisPistofidis_2022.P55_Healthy_BM:1605,Invar,2
SklavenitisPistofidis_2022.P55_Healthy_BM:1815,Invar,2
SklavenitisPistofidis_2022.P55_Healthy_BM:1834,Invar,2
SklavenitisPistofidis_2022.P55_Healthy_BM:1872,Invar,0
SklavenitisPistofidis_2022.P55_Healthy_BM:1935,Invar,2
SklavenitisPistofidis_2022.P55_Healthy_BM:1987,Invar,2
SklavenitisPistofidis_2022.P55_Healthy_BM:2070,Invar,2
SklavenitisPistofidis_2022.P55_Healthy_BM:2155,Invar,2
SklavenitisPistofidis_2022.P55_Healthy_BM:2285,Invar,2
SklavenitisPistofidis_2022.P55_Healthy_BM:2318,Invar,2
SklavenitisPistofidis_2022.P55_Healthy_BM:2355,Invar,2
SklavenitisPistofidis_2022.P55_Healthy_BM:2797,Invar,2
SklavenitisPistofidis_2022.P55_Healthy_BM:2818,Invar,2
SklavenitisPistofidis_2022.P55_Healthy_BM:3065,Invar,2
SklavenitisPistofidis_2022.P55_Healthy_BM:3131,Invar,2
SklavenitisPistofidis_2022.P55_Healthy_BM:3144,Invar,2
SklavenitisPistofidis_2022.P55_Healthy_BM:3175,Invar,2
SklavenitisPistofidis_2022.P55_Healthy_BM:3439,Invar,2
SklavenitisPistofidis_2022.P55_Healthy_BM:3458,Invar,2
SklavenitisPistofidis_2022.P55_Healthy_BM:3647,Invar,2
SklavenitisPistofidis_2022.P55_Healthy_BM:3711,Invar,1
SklavenitisPistofidis_2022.P55_Healthy_BM:3779,Invar,1
SklavenitisPistofidis_2022.P55_Healthy_BM:4251,Invar,0
SklavenitisPistofidis_2022.P55_Healthy_BM:4278,Invar,2
SklavenitisPistofidis_2022.P55_Healthy_BM:4406,Invar,2
SklavenitisPistofidis_2022.P55_Healthy_BM:4413,Invar,2
SklavenitisPistofidis_2022.P55_Healthy_BM:4445,Invar,2
SklavenitisPistofidis_2022.P55_Healthy_BM:4488,Invar,2
SklavenitisPistofidis_2022.P55_Healthy_BM:4853,Invar,3
SklavenitisPistofidis_2022.P55_Healthy_BM:5197,Invar,2
SklavenitisPistofidis_2022.P55_Healthy_BM:5200,Invar,2
SklavenitisPistofidis_2022.P55_Healthy_BM:5337,Invar,2
SklavenitisPistofidis_2022.P55_Healthy_BM:5414,Invar,2
SklavenitisPistofidis_2022.P55_Healthy_BM:5459,Invar,2
SklavenitisPistofidis_2022.P55_Healthy_BM:5691,Invar,2
SklavenitisPistofidis_2022.P55_Healthy_BM:5692,Invar,0
SklavenitisPistofidis_2022.P55_Healthy_BM:6066,Invar,2
SklavenitisPistofidis_2022.P55_Healthy_BM:6082,Invar,2
SklavenitisPistofidis_2022.P55_Healthy_BM:6131,Invar,2
SklavenitisPistofidis_2022.P55_Healthy_BM:6324,Invar,2
SklavenitisPistofidis_2022.P55_Healthy_BM:6512,Invar,2
SklavenitisPistofidis_2022.P55_Healthy_BM:6941,Invar,1
SklavenitisPistofidis_2022.P55_Healthy_BM:7003,Invar,0
SklavenitisPistofidis_2022.P55_Healthy_BM:7082,Invar,2
SklavenitisPistofidis_2022.P55_Healthy_BM:7106,Invar,2
SklavenitisPistofidis_2022.P55_Healthy_BM:7130,Invar,2
SklavenitisPistofidis_2022.P55_Healthy_BM:7529,Invar,2
SklavenitisPistofidis_2022.P55_Healthy_BM:8036,Invar,2
SklavenitisPistofidis_2022.P55_Healthy_BM:8191,Invar,2
SklavenitisPistofidis_2022.P55_Healthy_BM:8714,Invar,2
SklavenitisPistofidis_2022.P55_Healthy_BM:8814,Invar,2
SklavenitisPistofidis_2022.P55_Healthy_BM:9267,Invar,2
SklavenitisPistofidis_2022.P55_Healthy_BM:9324,Invar,2
SklavenitisPistofidis_2022.P55_Healthy_BM:9342,Invar,1
SklavenitisPistofidis_2022.P55_Healthy_BM:9343,Invar,2
SklavenitisPistofidis_2022.P55_Healthy_BM:9436,Invar,2
SklavenitisPistofidis_2022.P55_Healthy_BM:9456,Invar,2
Maura_2023.PT18:15,Invar,2
Maura_2023.PT18:162,Invar,2
Maura_2023.PT18:221,Invar,2
Maura_2023.PT18:303,Invar,2
Maura_2023.PT18:411,Invar,2
Maura_2023.PT18:424,Invar,2
Maura_2023.PT18:494,Invar,2
Maura_2023.PT18:515,Invar,0
Maura_2023.PT18:518,Invar,2
Maura_2023.PT18:569,Invar,2
Maura_2023.PT18:633,Invar,0
Maura_2023.PT18:807,Invar,1
Maura_2023.PT18:839,Invar,2
Maura_2023.PT18:904,Invar,2
Maura_2023.PT18:1033,Invar,2
Maura_2023.PT18:1108,Invar,1
Maura_2023.PT18:1128,Invar,2
Maura_2023.PT18:1212,Invar,2
Maura_2023.PT18:1222,Invar,2
Maura_2023.PT18:1354,Invar,2
Maura_2023.PT18:1431,Invar,2
Maura_2023.PT18:1574,Invar,2
Maura_2023.PT18:1604,Invar,0
Maura_2023.PT18:1665,Invar,0
Maura_2023.PT18:1746,Invar,0
Maura_2023.PT18:1749,Invar,0
Maura_2023.PT18:1771,Invar,2
Maura_2023.PT18:1794,Invar,2
Maura_2023.PT18:1879,Invar,2
Maura_2023.PT18:1896,Invar,2
Maura_2023.PT18:2077,Invar,2
Maura_2023.PT18:2091,Invar,2
Maura_2023.PT18:2180,Invar,2
Maura_2023.PT18:2229,Invar,3
Maura_2023.PT18:2301,Invar,0
Maura_2023.PT18:2348,Invar,2
Maura_2023.PT18:2362,Invar,3
Maura_2023.PT18:2386,Invar,2
Maura_2023.PT18:2435,Invar,2
Maura_2023.PT18:2458,Invar,1
Maura_2023.PT18:2487,Invar,2
Maura_2023.PT18:2723,Invar,2
Maura_2023.PT18:2769,Invar,0
Maura_2023.PT18:2824,Invar,0
Maura_2023.PT18:2847,Invar,0
Maura_2023.PT18:2851,Invar,2
Maura_2023.PT18:2931,Invar,0
Maura_2023.PT18:2966,Invar,2
Maura_2023.PT18:3004,Invar,2
Maura_2023.PT18:3202,Invar,2
Maura_2023.PT18:3215,Invar,2
Maura_2023.PT18:3238,Invar,2
Maura_2023.PT18:3272,Invar,2
Maura_2023.PT18:3311,Invar,2
Maura_2023.PT18:3350,Invar,2
Maura_2023.PT18:3448,Invar,2
Maura_2023.PT18:3478,Invar,3
Maura_2023.PT18:3482,Invar,2
Maura_2023.PT18:3916,Invar,2
Maura_2023.PT18:4013,Invar,0
Maura_2023.PT18:4029,Invar,0
Maura_2023.PT18:4037,Invar,2
Maura_2023.PT18:4071,Invar,2
Maura_2023.PT18:4179,Invar,0
Maura_2023.PT18:4228,Invar,0
Maura_2023.PT18:4291,Invar,0
Maura_2023.PT18:4409,Invar,0
Maura_2023.PT55:1878,Invar,0
Maura_2023.PT78:985,Invar,1
Maura_2023.PT78:1393,Invar,0
Maura_2023.PT78:2477,Invar,2
Maura_2023.PT85:273,Invar,0
Maura_2023.PT85:293,Invar,0
Maura_2023.PT85:850,Invar,0
Maura_2023.PT85:1850,Invar,0
Maura_2023.PT85:2065,Invar,0
Maura_2023.PT85:2393,Invar,0
Maura_2023.PT85:3288,Invar,0
Maura_2023.PT85:3690,Invar,0
Maura_2023.PT85:3834,Invar,0
Maura_2023.PT85:4703,Invar,0
Maura_2023.PT03:651,Invar,0
Maura_2023.PT32:126,Invar,0
Maura_2023.PT32:228,Invar,2
Maura_2023.PT32:706,Invar,0
Maura_2023.PT32:820,Invar,3
Maura_2023.PT32:1042,Invar,1
Maura_2023.PT32:1086,Invar,1
Maura_2023.PT32:1423,Invar,1
Maura_2023.PT32:2905,Invar,0
Maura_2023.PT33:724,Invar,2
Maura_2023.PT33:2163,Invar,2
Maura_2023.PT33:2295,Invar,0
Maura_2023.PT49:232,Invar,2
Maura_2023.PT49:1192,Invar,0
Maura_2023.PT49:2354,Invar,0
Maura_2023.PT49:5034,Invar,0
Maura_2023.PT49:5731,Invar,0
Maura_2023.PT63:323,Invar,2
Maura_2023.PT63:433,Invar,2
Maura_2023.PT63:1038,Invar,2
Maura_2023.PT63:1704,Invar,2
Maura_2023.PT63:1852,Invar,2
Maura_2023.PT63:2101,Invar,2
Maura_2023.PT63:2738,Invar,2
Maura_2023.PT63:2969,Invar,2
Maura_2023.PT63:3094,Invar,2
Maura_2023.PT63:3810,Invar,2
Maura_2023.PT63:3839,Invar,2
Maura_2023.PT63:4229,Invar,2
Maura_2023.PT63:4530,Invar,2
Maura_2023.PT63:4972,Invar,2
Maura_2023.PT63:5330,Invar,2
Maura_2023.PT63:5417,Invar,2
Maura_2023.PT63:5599,Invar,2
Maura_2023.PT63:6080,Invar,2
Conde_2022.A29_BMA:15,Invar,1
Conde_2022.A29_BMA:127,Invar,0
Conde_2022.A29_BMA:235,Invar,2
Conde_2022.A29_BMA:344,Invar,2
Conde_2022.A29_BMA:358,Invar,0
Conde_2022.A29_BMA:373,Invar,1
Conde_2022.A29_BMA:462,Invar,0
Conde_2022.A29_BMA:483,Invar,2
Conde_2022.A29_BMA:495,Invar,2
Conde_2022.A29_BMA:569,Invar,2
Conde_2022.A29_BMA:571,Invar,2
Conde_2022.A29_BMA:792,Invar,2
Conde_2022.A29_BMA:906,Invar,1
Conde_2022.A29_BMA:919,Invar,2
Conde_2022.A29_BMA:943,Invar,2
Conde_2022.A29_BMA:988,Invar,1
Conde_2022.A29_BMA:1006,Invar,1
Conde_2022.A29_BMA:1199,Invar,0
Conde_2022.A29_BMA:1214,Invar,1
Conde_2022.A29_BMA:1312,Invar,2
Conde_2022.A29_BMA:1325,Invar,2
Conde_2022.A31_BMA:27,Invar,2
Conde_2022.A31_BMA:97,Invar,1
Conde_2022.A31_BMA:113,Invar,2
Conde_2022.A31_BMA:135,Invar,1
Conde_2022.A31_BMA:163,Invar,2
Conde_2022.A31_BMA:173,Invar,2
Conde_2022.A31_BMA:200,Invar,2
Conde_2022.A31_BMA:276,Invar,2
Conde_2022.A31_BMA:277,Invar,2
Conde_2022.A36_BMA:3,Invar,0
Conde_2022.A36_BMA:16,Invar,1
Conde_2022.A36_BMA:86,Invar,2
Conde_2022.A36_BMA:170,Invar,0
Conde_2022.A36_BMA:194,Invar,0
Conde_2022.A36_BMA:314,Invar,1
Conde_2022.A36_BMA:386,Invar,2
Conde_2022.A36_BMA:562,Invar,0
Conde_2022.A36_BMA:657,Invar,0
Conde_2022.A36_BMA:743,Invar,0
Conde_2022.A36_BMA:791,Invar,0
Conde_2022.A36_BMA:849,Invar,2
Conde_2022.A36_BMA:894,Invar,2
Conde_2022.A36_BMA:970,Invar,2
Conde_2022.A36_BMA:988,Invar,0
Conde_2022.A36_BMA:1023,Invar,0
Conde_2022.A36_BMA:1101,Invar,2
Conde_2022.A36_BMA:1106,Invar,0
Conde_2022.A36_BMA:1114,Invar,1
Conde_2022.A36_BMA:1135,Invar,2
Conde_2022.A36_BMA:1148,Invar,1
Conde_2022.A36_BMA:1190,Invar,2
Conde_2022.A36_BLD:49,Invar,1
Conde_2022.A36_BLD:62,Invar,2
Conde_2022.A36_BLD:65,Invar,2
Conde_2022.A36_BLD:108,Invar,0
Conde_2022.A36_BLD:119,Invar,1
Conde_2022.A36_BLD:170,Invar,1
Conde_2022.A36_BLD:282,Invar,0
Conde_2022.A36_BLD:283,Invar,1
Conde_2022.A36_BLD:313,Invar,1
Conde_2022.A36_BLD:374,Invar,0
Conde_2022.A36_BLD:381,Invar,1
Conde_2022.A36_BLD:386,Invar,2
Conde_2022.A36_BLD:402,Invar,0
Conde_2022.A36_BLD:406,Invar,1
Conde_2022.A36_BLD:437,Invar,0
Conde_2022.A36_BLD:466,Invar,0
Conde_2022.A36_BLD:498,Invar,0
Conde_2022.A36_BLD:514,Invar,0
Conde_2022.A36_BLD:516,Invar,1
Conde_2022.A36_BLD:556,Invar,1
Conde_2022.A36_BLD:639,Invar,0
Conde_2022.A36_BLD:688,Invar,2
Conde_2022.A36_BLD:692,Invar,0
Conde_2022.A36_BLD:701,Invar,0
Conde_2022.A36_BLD:750,Invar,1
Conde_2022.A36_BLD:779,Invar,0
Conde_2022.A36_BLD:839,Invar,1
Conde_2022.A36_BLD:911,Invar,0
Conde_2022.A36_BLD:918,Invar,0
Conde_2022.A36_BLD:936,Invar,0
Conde_2022.A36_BLD:939,Invar,0
Conde_2022.A36_BLD:997,Invar,2
Conde_2022.A36_BLD:1008,Invar,1
Conde_2022.A36_BLD:1018,Invar,1
Conde_2022.A36_BLD:1028,Invar,0
Conde_2022.A36_BLD:1153,Invar,1
Conde_2022.A36_BLD:1169,Invar,0
Conde_2022.A36_BLD:1223,Invar,1
Conde_2022.A36_BLD:1257,Invar,0
Conde_2022.A36_BLD:1295,Invar,1
Conde_2022.A36_BLD:1343,Invar,1
Conde_2022.A36_BLD:1346,Invar,1
Conde_2022.A36_BLD:1349,Invar,0
Conde_2022.A36_BLD:1358,Invar,1
Conde_2022.A36_BLD:1377,Invar,2
Conde_2022.A36_BLD:1496,Invar,1
Conde_2022.A36_BLD:1526,Invar,0
Conde_2022.A36_BLD:1578,Invar,1
Conde_2022.A36_BLD:1585,Invar,1
Conde_2022.A36_BLD:1651,Invar,1
Conde_2022.A36_BLD:1658,Invar,0
Conde_2022.A36_BLD:1754,Invar,1
Conde_2022.A36_BLD:1767,Invar,0
Conde_2022.A36_BLD:1797,Invar,1
Conde_2022.A36_BLD:1800,Invar,1
Conde_2022.A36_BLD:1854,Invar,1
Conde_2022.A36_BLD:1988,Invar,1
Conde_2022.A36_BLD:2021,Invar,0
Conde_2022.A36_BLD:2032,Invar,1
Conde_2022.A36_BLD:2039,Invar,1
Conde_2022.A36_BLD:2157,Invar,2
Conde_2022.A36_BLD:2158,Invar,0
Conde_2022.A36_BLD:2178,Invar,1
Conde_2022.A36_BLD:2185,Invar,0
Conde_2022.A36_BLD:2189,Invar,1
Conde_2022.A36_BLD:2192,Invar,1
Conde_2022.A36_BLD:2246,Invar,1
Conde_2022.A36_BLD:2264,Invar,0
Conde_2022.A36_BLD:2293,Invar,2
Conde_2022.A36_BLD:2341,Invar,0
Conde_2022.A36_BLD:2354,Invar,2
Conde_2022.A36_BLD:2390,Invar,1
Conde_2022.A36_BLD:2404,Invar,1
Conde_2022.A36_BLD:2405,Invar,1
Conde_2022.A36_BLD:2480,Invar,1
Conde_2022.A36_BLD:2505,Invar,1
Conde_2022.A36_BLD:2511,Invar,0
Conde_2022.A36_BLD:2653,Invar,1
Conde_2022.A36_BLD:2695,Invar,2
Conde_2022.A36_BLD:2721,Invar,1
Conde_2022.A36_BLD:2832,Invar,2
Conde_2022.A36_BLD:2847,Invar,1
Conde_2022.A36_BLD:2949,Invar,1
Conde_2022.A36_BLD:3024,Invar,1
Conde_2022.A36_BLD:3063,Invar,2
Conde_2022.A36_BLD:3071,Invar,0
Conde_2022.A35_BMA:595,Invar,2
Conde_2022.A35_BMA:740,Invar,2
Conde_2022.A35_BMA:783,Invar,0
Conde_2022.A35_BMA:784,Invar,2
Conde_2022.A35_BMA:1082,Invar,2
Conde_2022.A35_BMA:1207,Invar,2
Conde_2022.A35_BMA:1208,Invar,2
Conde_2022.A35_BMA:1343,Invar,2
Conde_2022.A35_BLD:1322,Invar,0
Conde_2022.A37_BMA:55,Invar,0
Conde_2022.A37_BMA:77,Invar,2
Conde_2022.A37_BMA:97,Invar,3
Conde_2022.A37_BMA:118,Invar,1
Conde_2022.A37_BMA:145,Invar,1
Conde_2022.A37_BMA:274,Invar,1
Conde_2022.A37_BMA:294,Invar,3
Conde_2022.A37_BMA:340,Invar,1
Conde_2022.A37_BMA:347,Invar,1
Conde_2022.A37_BMA:353,Invar,1
Conde_2022.A37_BMA:391,Invar,1
Conde_2022.A37_BMA:473,Invar,1
Conde_2022.A37_BMA:515,Invar,2
Conde_2022.A37_BMA:530,Invar,0
Conde_2022.A37_BMA:540,Invar,1
Conde_2022.A37_BMA:675,Invar,1
Conde_2022.A37_BMA:693,Invar,1
Conde_2022.A37_BMA:770,Invar,0
Conde_2022.621B_BMA:61,Invar,2
Conde_2022.621B_BMA:77,Invar,2
Conde_2022.621B_BMA:96,Invar,2
Conde_2022.621B_BMA:118,Invar,1
Conde_2022.621B_BMA:123,Invar,2
Conde_2022.621B_BMA:183,Invar,2
Conde_2022.621B_BMA:188,Invar,0
Conde_2022.621B_BMA:190,Invar,2
Conde_2022.621B_BMA:192,Invar,2
Conde_2022.621B_BMA:247,Invar,2
Conde_2022.621B_BMA:266,Invar,2
Conde_2022.621B_BMA:292,Invar,1
Conde_2022.621B_BMA:300,Invar,2
Conde_2022.621B_BMA:356,Invar,0
Conde_2022.621B_BMA:365,Invar,2
Conde_2022.621B_BMA:372,Invar,2
Conde_2022.621B_BMA:384,Invar,2
Conde_2022.621B_BMA:426,Invar,2
Conde_2022.621B_BMA:516,Invar,2
Conde_2022.621B_BMA:553,Invar,2
Conde_2022.621B_BMA:554,Invar,2
Conde_2022.621B_BMA:555,Invar,2
Conde_2022.621B_BMA:556,Invar,1
Conde_2022.621B_BMA:595,Invar,2
Conde_2022.621B_BMA:604,Invar,2
Conde_2022.621B_BMA:605,Invar,2
Conde_2022.621B_BMA:613,Invar,2
Conde_2022.621B_BMA:641,Invar,2
Conde_2022.621B_BMA:673,Invar,1
Conde_2022.621B_BMA:678,Invar,2
Conde_2022.637C_BMA:24,Invar,2
Conde_2022.637C_BLD:38,Invar,0
Conde_2022.637C_BMA:103,Invar,2
Conde_2022.637C_BLD:67,Invar,2
Conde_2022.637C_BMA:199,Invar,2
Conde_2022.637C_BMA:255,Invar,2
Conde_2022.637C_BMA:292,Invar,2
Conde_2022.637C_BLD:177,Invar,2
Conde_2022.637C_BMA:414,Invar,2
Conde_2022.637C_BLD:207,Invar,2
Conde_2022.637C_BLD:208,Invar,2
Conde_2022.637C_BMA:496,Invar,2
Conde_2022.637C_BLD:314,Invar,2
Conde_2022.637C_BMA:755,Invar,2
Conde_2022.637C_BMA:824,Invar,2
Conde_2022.637C_BLD:443,Invar,2
Conde_2022.637C_BMA:1290,Invar,2
Conde_2022.637C_BLD:682,Invar,2
Conde_2022.637C_BMA:1415,Invar,2
Conde_2022.637C_BMA:1486,Invar,2
Conde_2022.637C_BMA:1531,Invar,2
Conde_2022.640C_BMA:14,Invar,1
Conde_2022.640C_BMA:96,Invar,2
Conde_2022.640C_BMA:108,Invar,1
Conde_2022.640C_BMA:113,Invar,2
Conde_2022.640C_BMA:281,Invar,0
Conde_2022.640C_BMA:363,Invar,2
Conde_2022.640C_BMA:396,Invar,2
Conde_2022.640C_BMA:462,Invar,2
Conde_2022.640C_BMA:476,Invar,2
Conde_2022.640C_BMA:483,Invar,2
Conde_2022.640C_BMA:624,Invar,1
Conde_2022.640C_BMA:641,Invar,1
Conde_2022.640C_BMA:674,Invar,2
Conde_2022.640C_BMA:691,Invar,1
Conde_2022.640C_BMA:701,Invar,2
Conde_2022.640C_BMA:720,Invar,2
Conde_2022.640C_BMA:752,Invar,2
Conde_2022.640C_BMA:795,Invar,2
Conde_2022.640C_BMA:834,Invar,2
Conde_2022.640C_BMA:839,Invar,2
Conde_2022.640C_BMA:842,Invar,1
Conde_2022.640C_BMA:901,Invar,2
Conde_2022.640C_BMA:923,Invar,1
Conde_2022.640C_BMA:937,Invar,2
Conde_2022.640C_BMA:1002,Invar,2
Conde_2022.640C_BMA:1083,Invar,0
Conde_2022.640C_BMA:1147,Invar,2
Conde_2022.640C_BMA:1188,Invar,2
Conde_2022.640C_BMA:1199,Invar,2
Conde_2022.640C_BMA:1235,Invar,1
Conde_2022.640C_BMA:1238,Invar,1
Conde_2022.640C_BMA:1244,Invar,2
Conde_2022.640C_BMA:1254,Invar,2
Conde_2022.640C_BMA:1269,Invar,2
Conde_2022.640C_BMA:1294,Invar,2
Conde_2022.640C_BMA:1355,Invar,2
Conde_2022.640C_BMA:1365,Invar,2
Conde_2022.640C_BMA:1387,Invar,2
Conde_2022.640C_BMA:1432,Invar,1
Conde_2022.640C_BMA:1468,Invar,0
Conde_2022.640C_BMA:1476,Invar,1
Conde_2022.640C_BMA:1509,Invar,2
Conde_2022.640C_BMA:1587,Invar,2
Conde_2022.640C_BMA:1690,Invar,1
Conde_2022.640C_BMA:1752,Invar,2
Conde_2022.640C_BMA:1793,Invar,2
Conde_2022.640C_BMA:1812,Invar,2
Conde_2022.640C_BMA:1815,Invar,2
Conde_2022.640C_BMA:1835,Invar,1
Conde_2022.640C_BMA:1849,Invar,2
Conde_2022.640C_BMA:1862,Invar,1
Conde_2022.640C_BMA:1874,Invar,2
Conde_2022.640C_BMA:1887,Invar,2
Conde_2022.640C_BMA:1896,Invar,2
Conde_2022.640C_BMA:1923,Invar,0
Conde_2022.640C_BMA:1937,Invar,2
Conde_2022.D503_BMA:785,Invar,1
Conde_2022.D496_BMA:110,Invar,0
Conde_2022.D496_BMA:152,Invar,1
Conde_2022.D496_BMA:286,Invar,0
Conde_2022.D496_BMA:307,Invar,0
Conde_2022.D496_BMA:317,Invar,0
Conde_2022.D496_BMA:434,Invar,1
Conde_2022.D503_BMA:1299,Invar,2
Conde_2022.D503_BMA:1476,Invar,1
Conde_2022.D503_BMA:1730,Invar,2
Conde_2022.D503_BLD:1328,Invar,2
Conde_2022.D496_BLD:369,Invar,0
Conde_2022.D496_BMA:528,Invar,1
Conde_2022.D496_BLD:404,Invar,0
Conde_2022.D496_BLD:419,Invar,0
Conde_2022.D496_BLD:431,Invar,0
Conde_2022.D496_BLD:545,Invar,0
Conde_2022.D496_BMA:774,Invar,0
Conde_2022.D496_BMA:911,Invar,0
Conde_2022.D496_BMA:913,Invar,2
Conde_2022.D496_BLD:724,Invar,0
Conde_2022.D496_BMA:989,Invar,0
Conde_2022.D503_BMA:2065,Invar,3
Conde_2022.D503_BMA:2071,Invar,2
Conde_2022.D503_BMA:2072,Invar,0
Conde_2022.D503_BMA:2205,Invar,1
Conde_2022.D503_BMA:2320,Invar,2
Conde_2022.D503_BMA:2333,Invar,2
Conde_2022.D503_BMA:2346,Invar,2
Conde_2022.D503_BMA:2739,Invar,0
Conde_2022.D503_BMA:2764,Invar,2
Conde_2022.D503_BMA:2805,Invar,2
Conde_2022.D496_BLD:889,Invar,0
Conde_2022.D496_BLD:930,Invar,0
Conde_2022.D496_BMA:1355,Invar,0
Conde_2022.D496_BMA:1359,Invar,0
Conde_2022.D496_BLD:1052,Invar,0
Conde_2022.D503_BMA:2914,Invar,2
Conde_2022.D503_BMA:3169,Invar,3
Conde_2022.D503_BMA:3304,Invar,2
Conde_2022.D503_BMA:3544,Invar,2
Conde_2022.D503_BMA:3607,Invar,2
Conde_2022.D503_BMA:3750,Invar,2
Conde_2022.D503_BMA:3971,Invar,2
Conde_2022.D503_BMA:4001,Invar,1
Conde_2022.D503_BMA:4012,Invar,2
Conde_2022.D503_BMA:4029,Invar,2
Conde_2022.D503_BMA:4064,Invar,2
Conde_2022.D496_BMA:1511,Invar,0
Conde_2022.D496_BLD:1183,Invar,1
Conde_2022.D496_BMA:1689,Invar,0
Conde_2022.D496_BMA:1748,Invar,1
Conde_2022.D496_BMA:1757,Invar,0
Conde_2022.D496_BLD:1332,Invar,0
Conde_2022.D496_BLD:1397,Invar,0
Conde_2022.D496_BMA:1845,Invar,0
Conde_2022.D503_BMA:4117,Invar,2
Conde_2022.D503_BMA:4524,Invar,2
Conde_2022.D503_BMA:4557,Invar,1
Conde_2022.D503_BMA:4659,Invar,1
Conde_2022.D503_BMA:4795,Invar,1
Conde_2022.D503_BMA:4940,Invar,2
Conde_2022.D503_BMA:4969,Invar,2
Conde_2022.D496_BMA:2090,Invar,1
Conde_2022.D496_BLD:1691,Invar,0
Conde_2022.D496_BMA:2319,Invar,0
Conde_2022.D496_BMA:2322,Invar,1
Conde_2022.D496_BMA:2327,Invar,1
Conde_2022.D496_BLD:1752,Invar,0
Conde_2022.D503_BMA:5175,Invar,2
Conde_2022.D503_BMA:5271,Invar,1
Conde_2022.D503_BMA:5297,Invar,2
Conde_2022.D503_BMA:5324,Invar,2
Conde_2022.D503_BMA:5416,Invar,1
Conde_2022.D503_BMA:5426,Invar,2
Conde_2022.D503_BMA:5677,Invar,2
Conde_2022.D503_BMA:5683,Invar,2
Conde_2022.D503_BMA:5784,Invar,2
Conde_2022.D503_BMA:5890,Invar,2
Conde_2022.D503_BMA:6078,Invar,2
Conde_2022.D503_BMA:6164,Invar,2
Conde_2022.D503_BMA:6182,Invar,1
Conde_2022.D496_BMA:2429,Invar,0
Conde_2022.D496_BMA:2496,Invar,2
Conde_2022.D496_BMA:2529,Invar,0
Conde_2022.D496_BLD:1923,Invar,1
Conde_2022.D496_BMA:2576,Invar,0
Conde_2022.D496_BMA:2578,Invar,0
Conde_2022.D496_BMA:2672,Invar,2
Conde_2022.D496_BMA:2673,Invar,2
Conde_2022.D496_BMA:2689,Invar,1
Conde_2022.D496_BMA:2796,Invar,1
Conde_2022.D496_BMA:2831,Invar,0
Conde_2022.D496_BMA:2911,Invar,0
Conde_2022.D503_BMA:7127,Invar,2
Conde_2022.D496_BLD:2285,Invar,0
Conde_2022.D496_BMA:3012,Invar,1
Conde_2022.D496_BMA:3045,Invar,1
Conde_2022.D496_BMA:3105,Invar,0
Conde_2022.D496_BMA:3111,Invar,3
Conde_2022.D496_BLD:2425,Invar,0
Conde_2022.D496_BLD:2431,Invar,0
Conde_2022.D496_BMA:3258,Invar,0
Conde_2022.D496_BLD:2557,Invar,0
Conde_2022.D503_BMA:7412,Invar,2
Conde_2022.D503_BMA:7507,Invar,1
Conde_2022.D503_BMA:7513,Invar,2
Conde_2022.D503_BMA:7532,Invar,2
Conde_2022.D503_BMA:7677,Invar,1
Conde_2022.D503_BMA:7752,Invar,2
Conde_2022.D503_BMA:7784,Invar,2
Conde_2022.D503_BMA:8069,Invar,1
Conde_2022.D496_BMA:3420,Invar,1
Conde_2022.D496_BMA:3433,Invar,0
Conde_2022.D496_BLD:2657,Invar,0
Conde_2022.D496_BLD:2661,Invar,0
Conde_2022.D496_BMA:3494,Invar,0
Conde_2022.D496_BLD:2698,Invar,0
Conde_2022.D496_BLD:2819,Invar,0
Conde_2022.D496_BLD:2834,Invar,0
Conde_2022.D496_BMA:3693,Invar,3
Conde_2022.D496_BMA:3696,Invar,1
Conde_2022.D496_BLD:3018,Invar,0
Conde_2022.D503_BMA:8335,Invar,1
Conde_2022.D503_BMA:8405,Invar,2
Conde_2022.D503_BMA:8532,Invar,3
Conde_2022.D503_BMA:8645,Invar,2
Conde_2022.D503_BMA:8794,Invar,2
Conde_2022.D503_BMA:8832,Invar,2
Conde_2022.D503_BMA:8921,Invar,2
Conde_2022.D503_BMA:9061,Invar,2
Conde_2022.D503_BMA:9111,Invar,2
Conde_2022.D496_BLD:3062,Invar,0
Conde_2022.D496_BMA:3966,Invar,1
Conde_2022.D496_BMA:3975,Invar,0
Conde_2022.D496_BLD:3092,Invar,0
Conde_2022.D496_BMA:4095,Invar,2
Conde_2022.D496_BMA:4121,Invar,0
Conde_2022.D496_BMA:4259,Invar,1
Conde_2022.D496_BMA:4285,Invar,0
Conde_2022.D503_BLD:6554,Invar,2
Conde_2022.D503_BMA:9269,Invar,2
Conde_2022.D503_BMA:9329,Invar,2
Conde_2022.D503_BMA:9541,Invar,2
Conde_2022.D503_BMA:9559,Invar,2
Conde_2022.D503_BMA:9630,Invar,2
Conde_2022.D503_BLD:6967,Invar,2
Conde_2022.D503_BMA:9812,Invar,2
Conde_2022.D503_BMA:9835,Invar,1
Conde_2022.D496_BLD:3409,Invar,0
Conde_2022.D496_BMA:4435,Invar,0
Conde_2022.D496_BMA:4450,Invar,2
Conde_2022.D496_BMA:4533,Invar,3
Conde_2022.D496_BMA:4577,Invar,0
Conde_2022.D496_BMA:4601,Invar,0
Conde_2022.D496_BMA:4699,Invar,0
Conde_2022.D496_BLD:3695,Invar,0
Conde_2022.D503_BMA:9966,Invar,2
Conde_2022.D503_BMA:10095,Invar,2
Conde_2022.D503_BMA:10264,Invar,3
Conde_2022.D503_BMA:10273,Invar,2
Conde_2022.D503_BMA:10275,Invar,3
Conde_2022.D503_BLD:7785,Invar,2
Conde_2022.D503_BMA:10763,Invar,2
Conde_2022.D503_BMA:10849,Invar,2
Conde_2022.D503_BMA:10863,Invar,2
Conde_2022.D503_BMA:10952,Invar,0
Conde_2022.D503_BMA:11010,Invar,0
Conde_2022.D503_BMA:11091,Invar,0
Conde_2022.D503_BMA:11187,Invar,2
Conde_2022.D503_BMA:11348,Invar,2
Conde_2022.D503_BMA:11500,Invar,1
Conde_2022.D503_BMA:11520,Invar,2
Conde_2022.D503_BMA:11542,Invar,2
Conde_2022.D503_BMA:11726,Invar,2
Conde_2022.D496_BMA:4879,Invar,0
Conde_2022.D496_BMA:4885,Invar,0
Conde_2022.D496_BMA:4893,Invar,2
Conde_2022.D496_BLD:3923,Invar,0
Conde_2022.D496_BMA:5025,Invar,0
Conde_2022.D496_BMA:5084,Invar,0
Conde_2022.D496_BLD:4091,Invar,0
Conde_2022.D503_BLD:8590,Invar,2
Conde_2022.D503_BLD:8613,Invar,1
Conde_2022.D503_BMA:12032,Invar,1
Conde_2022.D503_BMA:12442,Invar,1
Conde_2022.D503_BMA:12724,Invar,2
Conde_2022.D496_BLD:4214,Invar,0
Conde_2022.D496_BMA:5488,Invar,0
Conde_2022.D496_BLD:4344,Invar,0
Conde_2022.D496_BMA:5598,Invar,2
Conde_2022.D496_BLD:4436,Invar,0
Conde_2022.D503_BLD:9366,Invar,0
Conde_2022.D503_BMA:12884,Invar,2
Conde_2022.D503_BMA:12905,Invar,1
Conde_2022.D503_BMA:12952,Invar,0
Conde_2022.D503_BMA:12955,Invar,2
Conde_2022.D503_BMA:13233,Invar,2
Conde_2022.D503_BMA:13402,Invar,2
Conde_2022.D503_BMA:13440,Invar,2
Conde_2022.D503_BMA:13456,Invar,2
Conde_2022.D503_BMA:13532,Invar,0
Conde_2022.D503_BMA:13799,Invar,2
Conde_2022.D503_BMA:13807,Invar,2
Conde_2022.D503_BMA:13808,Invar,2
Conde_2022.D503_BLD:10247,Invar,2
Conde_2022.D503_BMA:13836,Invar,1
Conde_2022.D503_BMA:13929,Invar,2
Conde_2022.D496_BMA:5683,Invar,1
Conde_2022.D496_BMA:5755,Invar,0
Conde_2022.D496_BMA:5822,Invar,0
Conde_2022.D496_BLD:4622,Invar,0
Conde_2022.D496_BLD:4628,Invar,0
Conde_2022.D496_BMA:5866,Invar,0
Conde_2022.D496_BMA:5921,Invar,0
Conde_2022.D496_BLD:4711,Invar,0
Conde_2022.D496_BMA:5986,Invar,0
Conde_2022.D496_BLD:4787,Invar,0
Conde_2022.D496_BLD:4789,Invar,0
Conde_2022.D496_BLD:4800,Invar,0
Conde_2022.D503_BMA:14021,Invar,2
Conde_2022.D503_BLD:10403,Invar,2
Conde_2022.D503_BMA:14047,Invar,2
Conde_2022.D503_BMA:14060,Invar,2
Conde_2022.D503_BLD:10435,Invar,0
Conde_2022.D503_BMA:14103,Invar,2
Conde_2022.D503_BMA:14119,Invar,2
Conde_2022.D503_BMA:14129,Invar,3
Conde_2022.D503_BMA:14148,Invar,0
Conde_2022.D503_BLD:10544,Invar,2
Conde_2022.D503_BMA:14463,Invar,2
Conde_2022.D503_BMA:14566,Invar,2
Conde_2022.D503_BLD:10827,Invar,2
Conde_2022.D496_BLD:4853,Invar,0
Conde_2022.D496_BMA:6091,Invar,1
Conde_2022.D496_BMA:6096,Invar,1
Conde_2022.D496_BMA:6113,Invar,2
Conde_2022.D496_BLD:5043,Invar,0
Conde_2022.D496_BMA:6361,Invar,3
Conde_2022.D496_BLD:5168,Invar,0
Conde_2022.D496_BMA:6407,Invar,0
Conde_2022.D496_BMA:6436,Invar,0
Conde_2022.D496_BMA:6445,Invar,0
Conde_2022.D496_BLD:5202,Invar,0
Conde_2022.D496_BLD:5203,Invar,0
Conde_2022.D503_BMA:14917,Invar,2
Conde_2022.D503_BMA:14942,Invar,2
Conde_2022.D503_BMA:15169,Invar,2
Conde_2022.D503_BMA:15274,Invar,2
Conde_2022.D503_BMA:15286,Invar,1
Conde_2022.D503_BMA:15357,Invar,0
Conde_2022.D503_BLD:11472,Invar,1
Conde_2022.D503_BMA:15498,Invar,1
Conde_2022.D503_BMA:15581,Invar,0
Conde_2022.D503_BMA:15607,Invar,1
Conde_2022.D503_BMA:15615,Invar,2
Conde_2022.D503_BMA:15699,Invar,2
Conde_2022.D503_BLD:11686,Invar,2
Conde_2022.D503_BMA:15830,Invar,3
Conde_2022.D503_BMA:15857,Invar,2
Conde_2022.D496_BLD:5544,Invar,0
Conde_2022.D496_BLD:5552,Invar,2
Conde_2022.D496_BMA:6827,Invar,0
Conde_2022.D496_BLD:5585,Invar,1
Stephenson_2021.newcastle65:21,Invar,0
Stephenson_2021.newcastle65:88,Invar,1
Stephenson_2021.newcastle65:103,Invar,0
Stephenson_2021.newcastle65:218,Invar,0
Stephenson_2021.newcastle65:229,Invar,0
Stephenson_2021.newcastle65:248,Invar,1
Stephenson_2021.newcastle65:272,Invar,0
Stephenson_2021.newcastle65:336,Invar,1
Stephenson_2021.newcastle65:343,Invar,0
Stephenson_2021.newcastle65:350,Invar,1
Stephenson_2021.newcastle65:379,Invar,0
Stephenson_2021.newcastle65:396,Invar,1
Stephenson_2021.newcastle65:475,Invar,0
Stephenson_2021.newcastle65:495,Invar,1
Stephenson_2021.newcastle65:506,Invar,0
Stephenson_2021.newcastle65:531,Invar,0
Stephenson_2021.newcastle65:546,Invar,1
Stephenson_2021.newcastle65:620,Invar,0
Stephenson_2021.newcastle65:629,Invar,1
Stephenson_2021.newcastle65:630,Invar,0
Stephenson_2021.newcastle65:657,Invar,1
Stephenson_2021.newcastle65:698,Invar,0
Stephenson_2021.newcastle65:712,Invar,0
Stephenson_2021.newcastle65:799,Invar,0
Stephenson_2021.newcastle65:887,Invar,1
Stephenson_2021.newcastle65:941,Invar,0
Stephenson_2021.newcastle65:964,Invar,0
Stephenson_2021.newcastle65:994,Invar,1
Stephenson_2021.newcastle65:1000,Invar,0
Stephenson_2021.newcastle65:1148,Invar,3
Stephenson_2021.newcastle65:1157,Invar,1
Stephenson_2021.newcastle65:1167,Invar,1
Stephenson_2021.newcastle65:1180,Invar,3
Stephenson_2021.newcastle65:1185,Invar,0
Stephenson_2021.newcastle65:1226,Invar,0
Stephenson_2021.newcastle65:1230,Invar,0
Stephenson_2021.newcastle65:1233,Invar,0
Stephenson_2021.newcastle65:1238,Invar,1
Stephenson_2021.newcastle65:1269,Invar,1
Stephenson_2021.newcastle65:1289,Invar,0
Stephenson_2021.newcastle65:1323,Invar,0
Stephenson_2021.newcastle65:1376,Invar,1
Stephenson_2021.newcastle65:1482,Invar,1
Stephenson_2021.newcastle65:1483,Invar,1
Stephenson_2021.newcastle65:1495,Invar,1
Stephenson_2021.newcastle65:1533,Invar,1
Stephenson_2021.newcastle65:1539,Invar,0
Stephenson_2021.newcastle65:1554,Invar,1
Stephenson_2021.newcastle65:1559,Invar,0
Stephenson_2021.newcastle65:1608,Invar,1
Stephenson_2021.newcastle65:1631,Invar,1
Stephenson_2021.newcastle65:1757,Invar,1
Stephenson_2021.newcastle65:1759,Invar,1
Stephenson_2021.newcastle65:1767,Invar,1
Stephenson_2021.newcastle65:1832,Invar,1
Stephenson_2021.newcastle65:1876,Invar,0
Stephenson_2021.newcastle65:1878,Invar,0
Stephenson_2021.newcastle65:1978,Invar,1
Stephenson_2021.newcastle65:1985,Invar,1
Stephenson_2021.newcastle65:2001,Invar,1
Stephenson_2021.newcastle65:2037,Invar,1
Stephenson_2021.newcastle65:2103,Invar,0
Stephenson_2021.newcastle65:2114,Invar,1
Stephenson_2021.newcastle65:2125,Invar,0
Stephenson_2021.newcastle65:2163,Invar,0
Stephenson_2021.newcastle65:2208,Invar,2
Stephenson_2021.newcastle65:2214,Invar,0
Stephenson_2021.newcastle65:2226,Invar,0
Stephenson_2021.newcastle65:2236,Invar,1
Stephenson_2021.newcastle65:2333,Invar,1
Stephenson_2021.newcastle65:2385,Invar,1
Stephenson_2021.newcastle65:2443,Invar,0
Stephenson_2021.newcastle65:2446,Invar,1
Stephenson_2021.newcastle65:2448,Invar,0
Stephenson_2021.newcastle65:2472,Invar,0
Stephenson_2021.newcastle65:2512,Invar,0
Stephenson_2021.newcastle65:2523,Invar,1
Stephenson_2021.newcastle65:2573,Invar,0
Stephenson_2021.newcastle65:2577,Invar,0
Stephenson_2021.newcastle65:2673,Invar,1
Stephenson_2021.newcastle65:2688,Invar,0
Stephenson_2021.newcastle65:2689,Invar,1
Stephenson_2021.newcastle65:2735,Invar,1
Stephenson_2021.newcastle65:2738,Invar,0
Stephenson_2021.newcastle65:2745,Invar,1
Stephenson_2021.newcastle65:2750,Invar,1
Stephenson_2021.newcastle65:2761,Invar,1
Stephenson_2021.newcastle65:2776,Invar,1
Stephenson_2021.newcastle65:2887,Invar,0
Stephenson_2021.newcastle65:2994,Invar,0
Stephenson_2021.newcastle65:3020,Invar,1
Stephenson_2021.newcastle65:3034,Invar,0
Stephenson_2021.newcastle65:3037,Invar,0
Stephenson_2021.newcastle65:3049,Invar,1
Stephenson_2021.newcastle65:3060,Invar,0
Stephenson_2021.newcastle65:3077,Invar,0
Stephenson_2021.newcastle65:3113,Invar,1
Stephenson_2021.newcastle65:3144,Invar,1
Stephenson_2021.newcastle65:3298,Invar,2
Stephenson_2021.newcastle65:3319,Invar,1
Stephenson_2021.newcastle65:3362,Invar,1
Stephenson_2021.newcastle65:3393,Invar,1
Stephenson_2021.newcastle65:3419,Invar,1
Stephenson_2021.newcastle65:3472,Invar,1
Stephenson_2021.newcastle65:3492,Invar,0
Stephenson_2021.newcastle65:3520,Invar,1
Stephenson_2021.newcastle65:3528,Invar,1
Stephenson_2021.newcastle65:3538,Invar,1
Stephenson_2021.newcastle65:3540,Invar,2
Stephenson_2021.newcastle65:3595,Invar,1
Stephenson_2021.newcastle65:3612,Invar,1
Stephenson_2021.newcastle65:3620,Invar,0
Stephenson_2021.newcastle65:3628,Invar,1
Stephenson_2021.newcastle65:3680,Invar,0
Stephenson_2021.newcastle65:3702,Invar,1
Stephenson_2021.newcastle65:3711,Invar,0
Stephenson_2021.newcastle65:3723,Invar,1
Stephenson_2021.newcastle65:3732,Invar,0
Stephenson_2021.newcastle65:3734,Invar,0
Stephenson_2021.newcastle65:3748,Invar,1
Stephenson_2021.newcastle65:3777,Invar,1
Stephenson_2021.newcastle65:3791,Invar,0
Stephenson_2021.newcastle65:3796,Invar,0
Stephenson_2021.newcastle65:3807,Invar,0
Stephenson_2021.newcastle65:3823,Invar,0
Stephenson_2021.newcastle65:3865,Invar,1
Stephenson_2021.newcastle65:3948,Invar,1
Stephenson_2021.newcastle65:3976,Invar,0
Stephenson_2021.newcastle65:4002,Invar,1
Stephenson_2021.newcastle65:4028,Invar,0
Stephenson_2021.newcastle65:4040,Invar,0
Stephenson_2021.newcastle65:4044,Invar,1
Stephenson_2021.newcastle65:4116,Invar,0
Stephenson_2021.newcastle65:4161,Invar,0
Stephenson_2021.newcastle65:4319,Invar,1
Stephenson_2021.newcastle65:4483,Invar,1
Stephenson_2021.newcastle65:4513,Invar,0
Stephenson_2021.newcastle65:4515,Invar,0
Stephenson_2021.newcastle65:4522,Invar,0
Stephenson_2021.newcastle65:4559,Invar,1
Stephenson_2021.newcastle65:4628,Invar,1
Stephenson_2021.newcastle65:4656,Invar,0
Stephenson_2021.newcastle65:4662,Invar,1
Stephenson_2021.newcastle65:4668,Invar,1
Stephenson_2021.newcastle65:4672,Invar,0
Stephenson_2021.newcastle65:4675,Invar,1
Stephenson_2021.newcastle65:4687,Invar,0
Stephenson_2021.newcastle65:4699,Invar,1
Stephenson_2021.newcastle65:4703,Invar,0
Stephenson_2021.newcastle65:4717,Invar,1
Stephenson_2021.newcastle65:4835,Invar,0
Stephenson_2021.newcastle65:4894,Invar,0
Stephenson_2021.newcastle65:4963,Invar,1
Stephenson_2021.newcastle65:5006,Invar,0
Stephenson_2021.newcastle65:5010,Invar,2
Stephenson_2021.newcastle65:5024,Invar,1
Stephenson_2021.newcastle65:5056,Invar,1
Stephenson_2021.newcastle65:5136,Invar,1
Stephenson_2021.newcastle65:5210,Invar,0
Stephenson_2021.newcastle65:5253,Invar,1
Stephenson_2021.newcastle65:5274,Invar,2
Stephenson_2021.newcastle65:5287,Invar,1
Stephenson_2021.newcastle65:5309,Invar,1
Stephenson_2021.newcastle65:5339,Invar,2
Stephenson_2021.newcastle65:5342,Invar,1
Stephenson_2021.newcastle65:5461,Invar,1
Stephenson_2021.newcastle65:5484,Invar,0
Stephenson_2021.newcastle65:5509,Invar,1
Stephenson_2021.MH8919333:10,Invar,0
Stephenson_2021.MH8919333:13,Invar,1
Stephenson_2021.MH8919333:45,Invar,0
Stephenson_2021.MH8919333:51,Invar,1
Stephenson_2021.MH8919333:52,Invar,0
Stephenson_2021.MH8919333:54,Invar,1
Stephenson_2021.MH8919333:59,Invar,1
Stephenson_2021.MH8919333:62,Invar,0
Stephenson_2021.MH8919333:63,Invar,0
Stephenson_2021.MH8919333:98,Invar,0
Stephenson_2021.MH8919333:102,Invar,1
Stephenson_2021.MH8919333:105,Invar,1
Stephenson_2021.MH8919333:106,Invar,0
Stephenson_2021.MH8919333:115,Invar,0
Stephenson_2021.MH8919333:148,Invar,0
Stephenson_2021.MH8919333:151,Invar,0
Stephenson_2021.MH8919333:155,Invar,0
Stephenson_2021.MH8919333:159,Invar,1
Stephenson_2021.MH8919333:171,Invar,0
Stephenson_2021.MH8919333:189,Invar,1
Stephenson_2021.MH8919333:199,Invar,0
Stephenson_2021.MH8919333:202,Invar,0
Stephenson_2021.MH8919333:203,Invar,0
Stephenson_2021.MH8919333:207,Invar,1
Stephenson_2021.MH8919333:227,Invar,0
Stephenson_2021.MH8919333:229,Invar,0
Stephenson_2021.MH8919333:248,Invar,1
Stephenson_2021.MH8919333:250,Invar,1
Stephenson_2021.MH8919333:256,Invar,0
Stephenson_2021.MH8919333:257,Invar,0
Stephenson_2021.MH8919333:281,Invar,0
Stephenson_2021.MH8919333:290,Invar,0
Stephenson_2021.MH8919333:298,Invar,0
Stephenson_2021.MH8919333:301,Invar,0
Stephenson_2021.MH8919333:302,Invar,0
Stephenson_2021.MH8919333:317,Invar,0
Stephenson_2021.MH8919333:322,Invar,0
Stephenson_2021.MH8919333:347,Invar,3
Stephenson_2021.MH8919333:359,Invar,0
Stephenson_2021.MH8919333:369,Invar,0
Stephenson_2021.MH8919333:373,Invar,0
Stephenson_2021.MH8919333:375,Invar,1
Stephenson_2021.MH8919333:379,Invar,0
Stephenson_2021.MH8919333:382,Invar,0
Stephenson_2021.MH8919333:383,Invar,0
Stephenson_2021.MH8919333:392,Invar,0
Stephenson_2021.MH8919333:394,Invar,0
Stephenson_2021.MH8919333:415,Invar,0
Stephenson_2021.MH8919333:416,Invar,1
Stephenson_2021.MH8919333:419,Invar,0
Stephenson_2021.MH8919333:424,Invar,0
Stephenson_2021.MH8919333:461,Invar,0
Stephenson_2021.MH8919333:471,Invar,0
Stephenson_2021.MH8919333:473,Invar,0
Stephenson_2021.MH8919333:485,Invar,0
Stephenson_2021.MH8919333:487,Invar,0
Stephenson_2021.MH8919333:488,Invar,0
Stephenson_2021.MH8919333:498,Invar,1
Stephenson_2021.MH8919333:501,Invar,0
Stephenson_2021.MH8919333:518,Invar,1
Stephenson_2021.MH8919333:519,Invar,0
Stephenson_2021.MH8919333:527,Invar,0
Stephenson_2021.MH8919333:541,Invar,1
Stephenson_2021.MH8919333:545,Invar,0
Stephenson_2021.MH8919333:552,Invar,0
Stephenson_2021.MH8919333:563,Invar,0
Stephenson_2021.MH8919333:573,Invar,0
Stephenson_2021.MH8919333:579,Invar,0
Stephenson_2021.MH8919333:580,Invar,1
Stephenson_2021.MH8919333:592,Invar,0
Stephenson_2021.MH8919333:601,Invar,0
Stephenson_2021.MH8919333:607,Invar,0
Stephenson_2021.MH8919333:612,Invar,0
Stephenson_2021.MH8919333:627,Invar,0
Stephenson_2021.MH8919333:636,Invar,0
Stephenson_2021.MH8919333:646,Invar,2
Stephenson_2021.MH8919333:660,Invar,1
Stephenson_2021.MH8919333:661,Invar,0
Stephenson_2021.MH8919333:670,Invar,0
Stephenson_2021.MH8919333:673,Invar,1
Stephenson_2021.MH8919333:682,Invar,1
Stephenson_2021.MH8919333:695,Invar,0
Stephenson_2021.MH8919333:698,Invar,0
Stephenson_2021.MH8919333:701,Invar,0
Stephenson_2021.MH8919333:704,Invar,0
Stephenson_2021.MH8919333:725,Invar,0
Stephenson_2021.MH8919333:733,Invar,0
Stephenson_2021.MH8919333:734,Invar,0
Stephenson_2021.MH8919333:742,Invar,1
Stephenson_2021.MH8919333:743,Invar,0
Stephenson_2021.MH8919333:751,Invar,0
Stephenson_2021.MH8919333:753,Invar,0
Stephenson_2021.MH8919333:759,Invar,1
Stephenson_2021.MH8919333:765,Invar,1
Stephenson_2021.MH8919333:767,Invar,0
Stephenson_2021.MH8919333:773,Invar,0
Stephenson_2021.MH8919333:779,Invar,0
Stephenson_2021.MH8919333:784,Invar,0
Stephenson_2021.MH8919333:796,Invar,0
Stephenson_2021.MH8919333:801,Invar,0
Stephenson_2021.MH8919333:804,Invar,0
Stephenson_2021.MH8919333:805,Invar,0
Stephenson_2021.MH8919333:821,Invar,0
Stephenson_2021.MH8919333:824,Invar,1
Stephenson_2021.MH8919333:834,Invar,0
Stephenson_2021.MH8919333:842,Invar,0
Stephenson_2021.MH8919333:862,Invar,0
Stephenson_2021.MH8919333:869,Invar,1
Stephenson_2021.MH8919333:873,Invar,0
Stephenson_2021.MH8919333:884,Invar,0
Stephenson_2021.MH8919333:886,Invar,1
Stephenson_2021.MH8919333:933,Invar,0
Stephenson_2021.MH8919333:959,Invar,0
Stephenson_2021.MH8919333:961,Invar,1
Stephenson_2021.MH8919333:976,Invar,0
Stephenson_2021.MH8919333:977,Invar,1
Stephenson_2021.MH8919333:980,Invar,0
Stephenson_2021.MH8919333:985,Invar,0
Stephenson_2021.MH8919333:1000,Invar,0
Stephenson_2021.MH8919333:1004,Invar,0
Stephenson_2021.MH8919333:1006,Invar,1
Stephenson_2021.MH8919333:1007,Invar,0
Stephenson_2021.MH8919333:1008,Invar,0
Stephenson_2021.MH8919333:1016,Invar,0
Stephenson_2021.MH8919333:1022,Invar,0
Stephenson_2021.MH8919333:1024,Invar,0
Stephenson_2021.MH8919333:1038,Invar,0
Stephenson_2021.MH8919333:1072,Invar,0
Stephenson_2021.MH8919333:1093,Invar,1
Stephenson_2021.MH8919333:1100,Invar,1
Stephenson_2021.MH8919333:1103,Invar,0
Stephenson_2021.MH8919333:1104,Invar,0
Stephenson_2021.MH8919333:1107,Invar,1
Stephenson_2021.MH8919333:1109,Invar,0
Stephenson_2021.MH8919333:1118,Invar,0
Stephenson_2021.MH8919333:1120,Invar,0
Stephenson_2021.MH8919333:1136,Invar,0
Stephenson_2021.MH8919333:1142,Invar,1
Stephenson_2021.MH8919333:1147,Invar,0
Stephenson_2021.MH8919333:1154,Invar,0
Stephenson_2021.MH8919333:1165,Invar,1
Stephenson_2021.MH8919333:1172,Invar,0
Stephenson_2021.MH8919333:1186,Invar,0
Stephenson_2021.MH8919333:1187,Invar,0
Stephenson_2021.MH8919333:1218,Invar,0
Stephenson_2021.MH8919333:1219,Invar,0
Stephenson_2021.MH8919333:1247,Invar,1
Stephenson_2021.MH8919333:1250,Invar,0
Stephenson_2021.MH8919333:1259,Invar,0
Stephenson_2021.MH8919333:1262,Invar,0
Stephenson_2021.MH8919333:1265,Invar,0
Stephenson_2021.MH8919333:1287,Invar,0
Stephenson_2021.MH8919333:1296,Invar,1
Stephenson_2021.MH8919333:1300,Invar,1
Stephenson_2021.MH8919333:1303,Invar,0
Stephenson_2021.MH8919333:1311,Invar,0
Stephenson_2021.MH8919333:1316,Invar,0
Stephenson_2021.MH8919333:1332,Invar,0
Stephenson_2021.MH8919333:1337,Invar,0
Stephenson_2021.MH8919333:1351,Invar,1
Stephenson_2021.MH8919333:1354,Invar,1
Stephenson_2021.MH8919333:1357,Invar,1
Stephenson_2021.MH8919333:1362,Invar,0
Stephenson_2021.MH8919333:1363,Invar,0
Stephenson_2021.MH8919333:1367,Invar,1
Stephenson_2021.MH8919333:1368,Invar,1
Stephenson_2021.MH8919333:1387,Invar,0
Stephenson_2021.MH8919333:1407,Invar,0
Stephenson_2021.MH8919333:1421,Invar,0
Stephenson_2021.MH8919333:1422,Invar,1
Stephenson_2021.MH8919333:1447,Invar,1
Stephenson_2021.MH8919333:1450,Invar,0
Stephenson_2021.MH8919333:1452,Invar,0
Stephenson_2021.MH8919333:1466,Invar,0
Stephenson_2021.MH8919333:1486,Invar,0
Stephenson_2021.MH8919333:1505,Invar,0
Stephenson_2021.MH8919333:1516,Invar,0
Stephenson_2021.MH8919333:1519,Invar,0
Stephenson_2021.MH8919333:1520,Invar,0
Stephenson_2021.MH8919333:1521,Invar,0
Stephenson_2021.MH8919333:1522,Invar,0
Stephenson_2021.MH8919333:1537,Invar,0
Stephenson_2021.MH8919333:1546,Invar,0
Stephenson_2021.MH8919333:1547,Invar,0
Stephenson_2021.MH8919333:1556,Invar,0
Stephenson_2021.MH8919333:1567,Invar,0
Stephenson_2021.MH8919333:1568,Invar,0
Stephenson_2021.MH8919333:1573,Invar,1
Stephenson_2021.MH8919333:1575,Invar,0
Stephenson_2021.MH8919333:1607,Invar,1
Stephenson_2021.MH8919333:1613,Invar,0
Stephenson_2021.MH8919333:1620,Invar,0
Stephenson_2021.MH8919333:1634,Invar,0
Stephenson_2021.MH8919333:1640,Invar,1
Stephenson_2021.MH8919333:1641,Invar,0
Stephenson_2021.MH8919333:1647,Invar,0
Stephenson_2021.MH8919333:1650,Invar,0
Stephenson_2021.MH8919333:1670,Invar,0
Stephenson_2021.MH8919333:1675,Invar,0
Stephenson_2021.MH8919333:1706,Invar,1
Stephenson_2021.MH8919333:1716,Invar,0
Stephenson_2021.MH8919333:1725,Invar,1
Stephenson_2021.MH8919333:1744,Invar,0
Stephenson_2021.MH8919333:1749,Invar,0
Stephenson_2021.MH8919333:1753,Invar,0
Stephenson_2021.MH8919333:1759,Invar,0
Stephenson_2021.MH8919333:1766,Invar,0
Stephenson_2021.MH8919333:1776,Invar,0
Stephenson_2021.MH8919333:1783,Invar,0
Stephenson_2021.MH8919333:1789,Invar,0
Stephenson_2021.MH8919333:1793,Invar,1
Stephenson_2021.MH8919333:1795,Invar,0
Stephenson_2021.MH8919333:1801,Invar,0
Stephenson_2021.MH8919333:1804,Invar,0
Stephenson_2021.MH8919333:1808,Invar,0
Stephenson_2021.MH8919333:1818,Invar,1
Stephenson_2021.MH8919333:1833,Invar,0
Stephenson_2021.MH8919333:1836,Invar,0
Stephenson_2021.MH8919333:1847,Invar,0
Stephenson_2021.MH8919333:1859,Invar,0
Stephenson_2021.MH8919333:1865,Invar,0
Stephenson_2021.MH8919333:1876,Invar,1
Stephenson_2021.MH8919333:1882,Invar,0
Stephenson_2021.MH8919333:1887,Invar,0
Stephenson_2021.MH8919333:1894,Invar,1
Stephenson_2021.MH8919333:1900,Invar,0
Stephenson_2021.MH8919333:1924,Invar,0
Stephenson_2021.MH8919333:1940,Invar,0
Stephenson_2021.MH8919333:1941,Invar,0
Stephenson_2021.MH8919333:1968,Invar,0
Stephenson_2021.MH8919333:1983,Invar,1
Stephenson_2021.MH8919333:1987,Invar,0
Stephenson_2021.MH8919333:1996,Invar,0
Stephenson_2021.MH8919333:2000,Invar,0
Stephenson_2021.MH8919333:2007,Invar,0
Stephenson_2021.MH8919333:2013,Invar,0
Stephenson_2021.MH8919333:2018,Invar,0
Stephenson_2021.MH8919333:2025,Invar,0
Stephenson_2021.MH8919333:2026,Invar,0
Stephenson_2021.MH8919333:2038,Invar,0
Stephenson_2021.MH8919333:2064,Invar,0
Stephenson_2021.MH8919333:2069,Invar,0
Stephenson_2021.MH8919333:2077,Invar,1
Stephenson_2021.MH8919333:2081,Invar,0
Stephenson_2021.MH8919333:2091,Invar,0
Stephenson_2021.MH8919333:2094,Invar,0
Stephenson_2021.MH8919333:2109,Invar,1
Stephenson_2021.MH8919333:2112,Invar,0
Stephenson_2021.MH8919333:2114,Invar,0
Stephenson_2021.MH8919333:2116,Invar,0
Stephenson_2021.MH8919333:2117,Invar,1
Stephenson_2021.MH8919333:2125,Invar,1
Stephenson_2021.MH8919333:2128,Invar,0
Stephenson_2021.MH8919333:2158,Invar,0
Stephenson_2021.MH8919333:2167,Invar,0
Stephenson_2021.MH8919333:2179,Invar,0
Stephenson_2021.MH8919333:2192,Invar,0
Stephenson_2021.MH8919333:2202,Invar,1
Stephenson_2021.MH8919333:2211,Invar,1
Stephenson_2021.MH8919333:2216,Invar,0
Stephenson_2021.MH8919333:2223,Invar,0
Stephenson_2021.MH8919333:2224,Invar,0
Stephenson_2021.MH8919333:2235,Invar,0
Stephenson_2021.MH8919333:2251,Invar,0
Stephenson_2021.MH8919333:2252,Invar,0
Stephenson_2021.MH8919333:2262,Invar,0
Stephenson_2021.MH8919333:2265,Invar,0
Stephenson_2021.MH8919333:2268,Invar,0
Stephenson_2021.MH8919333:2276,Invar,0
Stephenson_2021.MH8919333:2278,Invar,0
Stephenson_2021.MH8919333:2284,Invar,0
Stephenson_2021.MH8919333:2316,Invar,0
Stephenson_2021.MH8919333:2330,Invar,0
Stephenson_2021.MH8919333:2332,Invar,0
Stephenson_2021.MH8919333:2337,Invar,0
Stephenson_2021.MH8919333:2345,Invar,1
Stephenson_2021.MH8919333:2349,Invar,1
Stephenson_2021.MH8919333:2353,Invar,0
Stephenson_2021.MH8919333:2366,Invar,0
Stephenson_2021.MH8919333:2384,Invar,0
Stephenson_2021.MH8919333:2389,Invar,0
Stephenson_2021.MH8919333:2397,Invar,0
Stephenson_2021.MH8919333:2407,Invar,0
Stephenson_2021.MH8919333:2408,Invar,0
Stephenson_2021.MH8919333:2420,Invar,0
Stephenson_2021.MH8919333:2424,Invar,0
Stephenson_2021.MH8919333:2428,Invar,1
Stephenson_2021.MH8919333:2435,Invar,0
Stephenson_2021.MH8919333:2446,Invar,0
Stephenson_2021.MH8919333:2450,Invar,0
Stephenson_2021.MH8919333:2461,Invar,0
Stephenson_2021.MH8919333:2469,Invar,0
Stephenson_2021.MH8919333:2470,Invar,1
Stephenson_2021.MH8919333:2471,Invar,0
Stephenson_2021.MH8919333:2483,Invar,0
Stephenson_2021.MH8919333:2484,Invar,0
Stephenson_2021.MH8919333:2486,Invar,0
Stephenson_2021.MH8919333:2488,Invar,0
Stephenson_2021.MH8919333:2498,Invar,0
Stephenson_2021.MH8919333:2508,Invar,0
Stephenson_2021.MH8919333:2512,Invar,0
Stephenson_2021.MH8919333:2521,Invar,0
Stephenson_2021.MH8919333:2527,Invar,0
Stephenson_2021.MH8919333:2536,Invar,0
Stephenson_2021.MH8919333:2549,Invar,0
Stephenson_2021.MH8919333:2556,Invar,0
Stephenson_2021.MH8919333:2577,Invar,0
Stephenson_2021.MH8919333:2586,Invar,0
Stephenson_2021.MH8919333:2601,Invar,0
Stephenson_2021.MH8919333:2613,Invar,0
Stephenson_2021.MH8919333:2619,Invar,0
Stephenson_2021.MH8919333:2620,Invar,0
Stephenson_2021.MH8919333:2627,Invar,0
Stephenson_2021.MH8919333:2636,Invar,1
Stephenson_2021.MH8919333:2640,Invar,1
Stephenson_2021.MH8919333:2658,Invar,0
Stephenson_2021.MH8919333:2667,Invar,0
Stephenson_2021.MH8919333:2669,Invar,0
Stephenson_2021.MH8919333:2672,Invar,0
Stephenson_2021.MH8919333:2673,Invar,0
Stephenson_2021.MH8919333:2678,Invar,1
Stephenson_2021.MH8919333:2721,Invar,0
Stephenson_2021.MH8919333:2727,Invar,1
Stephenson_2021.MH8919333:2735,Invar,0
Stephenson_2021.MH8919333:2740,Invar,0
Stephenson_2021.MH8919333:2741,Invar,0
Stephenson_2021.MH8919333:2748,Invar,0
Stephenson_2021.MH8919333:2757,Invar,0
Stephenson_2021.MH8919333:2761,Invar,0
Stephenson_2021.MH8919333:2767,Invar,1
Stephenson_2021.MH8919333:2782,Invar,0
Stephenson_2021.MH8919333:2783,Invar,0
Stephenson_2021.MH8919333:2794,Invar,0
Stephenson_2021.MH8919333:2799,Invar,0
Stephenson_2021.MH8919333:2800,Invar,0
Stephenson_2021.MH8919333:2808,Invar,0
Stephenson_2021.MH8919333:2809,Invar,0
Stephenson_2021.MH8919333:2814,Invar,0
Stephenson_2021.MH8919333:2816,Invar,1
Stephenson_2021.MH8919333:2818,Invar,0
Stephenson_2021.MH8919333:2825,Invar,0
Stephenson_2021.MH8919333:2830,Invar,0
Stephenson_2021.MH8919333:2834,Invar,0
Stephenson_2021.MH8919333:2843,Invar,3
Stephenson_2021.MH8919333:2845,Invar,0
Stephenson_2021.MH8919333:2872,Invar,1
Stephenson_2021.MH8919333:2885,Invar,0
Stephenson_2021.MH8919333:2888,Invar,0
Stephenson_2021.MH8919333:2890,Invar,1
Stephenson_2021.MH8919333:2917,Invar,0
Stephenson_2021.MH8919333:2921,Invar,1
Stephenson_2021.MH8919333:2926,Invar,0
Stephenson_2021.MH8919333:2935,Invar,0
Stephenson_2021.MH8919333:2936,Invar,0
Stephenson_2021.MH8919333:2942,Invar,0
Stephenson_2021.MH8919333:2944,Invar,0
Stephenson_2021.MH8919333:2954,Invar,1
Stephenson_2021.MH8919333:2956,Invar,1
Stephenson_2021.MH8919333:2964,Invar,0
Stephenson_2021.MH8919333:2981,Invar,2
Stephenson_2021.MH8919333:2984,Invar,0
Stephenson_2021.MH8919333:2987,Invar,0
Stephenson_2021.MH8919333:2991,Invar,0
Stephenson_2021.MH8919333:2995,Invar,0
Stephenson_2021.MH8919333:3001,Invar,3
Stephenson_2021.MH8919333:3008,Invar,0
Stephenson_2021.MH8919333:3032,Invar,0
Stephenson_2021.MH8919333:3035,Invar,0
Stephenson_2021.MH8919333:3069,Invar,0
Stephenson_2021.MH8919333:3087,Invar,1
Stephenson_2021.MH8919333:3089,Invar,1
Stephenson_2021.MH8919333:3107,Invar,0
Stephenson_2021.MH8919333:3112,Invar,0
Stephenson_2021.MH8919333:3123,Invar,0
Stephenson_2021.MH8919333:3133,Invar,1
Stephenson_2021.MH8919333:3148,Invar,0
Stephenson_2021.MH8919333:3151,Invar,0
Stephenson_2021.MH8919333:3161,Invar,0
Stephenson_2021.MH8919333:3163,Invar,0
Stephenson_2021.MH8919333:3172,Invar,1
Stephenson_2021.MH8919333:3183,Invar,0
Stephenson_2021.MH8919333:3192,Invar,0
Stephenson_2021.MH8919333:3196,Invar,0
Stephenson_2021.MH8919333:3207,Invar,0
Stephenson_2021.MH8919333:3212,Invar,0
Stephenson_2021.MH8919333:3216,Invar,0
Stephenson_2021.MH8919333:3223,Invar,0
Stephenson_2021.MH8919333:3252,Invar,0
Stephenson_2021.MH8919333:3265,Invar,0
Stephenson_2021.MH8919333:3279,Invar,0
Stephenson_2021.MH8919333:3283,Invar,0
Stephenson_2021.MH8919333:3284,Invar,0
Stephenson_2021.MH8919333:3290,Invar,0
Stephenson_2021.MH8919333:3292,Invar,1
Stephenson_2021.MH8919333:3304,Invar,0
Stephenson_2021.MH8919333:3313,Invar,1
Stephenson_2021.MH8919333:3326,Invar,0
Stephenson_2021.MH8919333:3332,Invar,0
Stephenson_2021.MH8919333:3342,Invar,1
Stephenson_2021.MH8919333:3349,Invar,1
Stephenson_2021.MH8919333:3367,Invar,0
Stephenson_2021.MH8919333:3373,Invar,0
Stephenson_2021.MH8919333:3377,Invar,0
Stephenson_2021.MH8919333:3388,Invar,0
Stephenson_2021.MH8919333:3389,Invar,0
Stephenson_2021.MH8919333:3423,Invar,0
Stephenson_2021.MH8919333:3427,Invar,0
Stephenson_2021.MH8919333:3443,Invar,0
Stephenson_2021.MH8919333:3448,Invar,0
Stephenson_2021.MH8919333:3450,Invar,0
Stephenson_2021.MH8919333:3452,Invar,0
Stephenson_2021.MH8919333:3471,Invar,1
Stephenson_2021.MH8919333:3473,Invar,0
Stephenson_2021.MH8919333:3484,Invar,1
Stephenson_2021.MH8919333:3488,Invar,0
Stephenson_2021.MH8919333:3500,Invar,1
Stephenson_2021.MH8919333:3509,Invar,1
Stephenson_2021.MH8919333:3526,Invar,0
Stephenson_2021.MH8919333:3528,Invar,1
Stephenson_2021.MH8919333:3533,Invar,0
Stephenson_2021.MH8919333:3540,Invar,0
Stephenson_2021.MH8919333:3559,Invar,0
Stephenson_2021.MH8919333:3580,Invar,0
Stephenson_2021.MH8919333:3592,Invar,0
Stephenson_2021.MH8919333:3599,Invar,0
Stephenson_2021.MH8919333:3616,Invar,0
Stephenson_2021.MH8919333:3619,Invar,0
Stephenson_2021.MH8919333:3626,Invar,0
Stephenson_2021.MH8919333:3640,Invar,1
Stephenson_2021.MH8919333:3643,Invar,0
Stephenson_2021.MH8919333:3666,Invar,0
Stephenson_2021.MH8919333:3673,Invar,0
Stephenson_2021.MH8919333:3677,Invar,0
Stephenson_2021.MH8919333:3685,Invar,0
Stephenson_2021.MH8919333:3695,Invar,0
Stephenson_2021.MH8919333:3699,Invar,0
Stephenson_2021.MH8919333:3707,Invar,0
Stephenson_2021.MH8919333:3714,Invar,0
Stephenson_2021.MH8919333:3717,Invar,0
Stephenson_2021.MH8919333:3729,Invar,1
Stephenson_2021.MH8919333:3733,Invar,1
Stephenson_2021.MH8919333:3750,Invar,0
Stephenson_2021.MH8919333:3752,Invar,1
Stephenson_2021.MH8919333:3778,Invar,1
Stephenson_2021.MH8919333:3785,Invar,0
Stephenson_2021.MH8919333:3793,Invar,1
Stephenson_2021.MH8919333:3804,Invar,0
Stephenson_2021.MH8919333:3811,Invar,0
Stephenson_2021.MH8919333:3812,Invar,1
Stephenson_2021.MH8919333:3817,Invar,0
Stephenson_2021.MH8919333:3822,Invar,0
Stephenson_2021.MH8919333:3827,Invar,1
Stephenson_2021.MH8919333:3831,Invar,0
Stephenson_2021.MH8919333:3837,Invar,0
Stephenson_2021.MH8919333:3838,Invar,0
Stephenson_2021.MH8919333:3855,Invar,0
Stephenson_2021.MH8919333:3858,Invar,1
Stephenson_2021.MH8919333:3859,Invar,0
Stephenson_2021.MH8919333:3860,Invar,1
Stephenson_2021.MH8919333:3869,Invar,1
Stephenson_2021.MH8919333:3870,Invar,1
Stephenson_2021.MH8919333:3872,Invar,0
Stephenson_2021.MH8919333:3879,Invar,1
Stephenson_2021.MH8919333:3923,Invar,0
Stephenson_2021.MH8919333:3936,Invar,0
Stephenson_2021.MH8919333:3938,Invar,0
Stephenson_2021.MH8919333:3951,Invar,0
Stephenson_2021.MH8919333:3968,Invar,0
Stephenson_2021.MH8919333:3969,Invar,0
Stephenson_2021.MH8919333:3974,Invar,0
Stephenson_2021.MH8919333:3976,Invar,3
Stephenson_2021.MH8919333:3978,Invar,0
Stephenson_2021.MH8919333:3991,Invar,1
Stephenson_2021.MH8919333:3994,Invar,1
Stephenson_2021.MH8919333:4016,Invar,0
Stephenson_2021.MH8919333:4037,Invar,1
Stephenson_2021.MH8919333:4048,Invar,0
Stephenson_2021.MH8919333:4057,Invar,0
Stephenson_2021.MH8919333:4063,Invar,0
Stephenson_2021.MH8919333:4066,Invar,0
Stephenson_2021.MH8919333:4074,Invar,0
Stephenson_2021.MH8919333:4104,Invar,0
Stephenson_2021.MH8919333:4105,Invar,0
Stephenson_2021.MH8919333:4111,Invar,1
Stephenson_2021.MH8919333:4115,Invar,0
Stephenson_2021.MH8919333:4167,Invar,1
Stephenson_2021.MH8919333:4189,Invar,0
Stephenson_2021.MH8919333:4198,Invar,0
Stephenson_2021.MH8919333:4211,Invar,0
Stephenson_2021.MH8919333:4230,Invar,1
Stephenson_2021.MH8919333:4250,Invar,0
Stephenson_2021.MH8919333:4269,Invar,1
Stephenson_2021.MH8919333:4284,Invar,0
Stephenson_2021.MH8919333:4294,Invar,0
Stephenson_2021.MH8919333:4298,Invar,0
Stephenson_2021.MH8919333:4300,Invar,0
Stephenson_2021.MH8919333:4302,Invar,0
Stephenson_2021.MH8919333:4313,Invar,3
Stephenson_2021.MH8919333:4317,Invar,0
Stephenson_2021.MH8919333:4320,Invar,0
Stephenson_2021.MH8919333:4343,Invar,0
Stephenson_2021.MH8919333:4344,Invar,0
Stephenson_2021.MH8919333:4360,Invar,1
Stephenson_2021.MH8919333:4384,Invar,0
Stephenson_2021.MH8919333:4386,Invar,1
Stephenson_2021.MH8919333:4398,Invar,0
Stephenson_2021.MH8919333:4412,Invar,0
Stephenson_2021.MH8919333:4422,Invar,0
Stephenson_2021.MH8919333:4463,Invar,0
Stephenson_2021.MH8919333:4464,Invar,0
Stephenson_2021.MH8919333:4474,Invar,0
Stephenson_2021.MH8919333:4479,Invar,0
Stephenson_2021.MH8919333:4488,Invar,0
Stephenson_2021.MH8919333:4500,Invar,1
Stephenson_2021.MH8919333:4503,Invar,0
Stephenson_2021.MH8919333:4504,Invar,1
Stephenson_2021.MH8919333:4511,Invar,0
Stephenson_2021.MH8919333:4519,Invar,1
Stephenson_2021.MH8919333:4538,Invar,0
Stephenson_2021.MH8919333:4540,Invar,0
Stephenson_2021.MH8919333:4547,Invar,0
Stephenson_2021.MH8919333:4549,Invar,0
Stephenson_2021.MH8919333:4555,Invar,1
Stephenson_2021.MH8919333:4597,Invar,1
Stephenson_2021.MH8919333:4608,Invar,0
Stephenson_2021.MH8919333:4615,Invar,0
Stephenson_2021.MH8919333:4639,Invar,0
Stephenson_2021.MH8919333:4644,Invar,0
Stephenson_2021.MH8919333:4649,Invar,1
Stephenson_2021.MH8919333:4658,Invar,1
Stephenson_2021.MH8919333:4662,Invar,0
Stephenson_2021.MH8919333:4676,Invar,0
Stephenson_2021.MH8919333:4693,Invar,0
Stephenson_2021.MH8919333:4702,Invar,0
Stephenson_2021.MH8919333:4712,Invar,1
Stephenson_2021.MH8919333:4714,Invar,0
Stephenson_2021.MH8919333:4730,Invar,0
Stephenson_2021.MH8919333:4739,Invar,0
Stephenson_2021.MH8919333:4748,Invar,2
Stephenson_2021.MH8919333:4750,Invar,0
Stephenson_2021.MH8919333:4762,Invar,0
Stephenson_2021.MH8919333:4783,Invar,0
Stephenson_2021.MH8919333:4787,Invar,0
Stephenson_2021.MH8919333:4801,Invar,0
Stephenson_2021.MH8919333:4805,Invar,0
Stephenson_2021.MH8919333:4806,Invar,0
Stephenson_2021.MH8919333:4830,Invar,0
Stephenson_2021.MH8919333:4841,Invar,0
Stephenson_2021.MH8919333:4845,Invar,0
Stephenson_2021.MH8919333:4860,Invar,0
Stephenson_2021.MH8919333:4870,Invar,1
Stephenson_2021.MH8919333:4885,Invar,0
Stephenson_2021.MH8919333:4893,Invar,0
Stephenson_2021.MH8919333:4904,Invar,1
Stephenson_2021.MH8919333:4946,Invar,0
Stephenson_2021.MH8919333:4948,Invar,0
Stephenson_2021.MH8919333:4949,Invar,0
Stephenson_2021.MH8919333:4985,Invar,0
Stephenson_2021.MH8919333:4986,Invar,0
Stephenson_2021.MH8919333:4992,Invar,0
Stephenson_2021.MH8919333:5001,Invar,0
Stephenson_2021.MH8919333:5024,Invar,1
Stephenson_2021.MH8919333:5033,Invar,0
Stephenson_2021.MH8919333:5036,Invar,0
Stephenson_2021.MH8919333:5043,Invar,0
Stephenson_2021.MH8919333:5047,Invar,0
Stephenson_2021.MH8919333:5067,Invar,0
Stephenson_2021.MH8919333:5082,Invar,1
Stephenson_2021.MH8919333:5094,Invar,0
Stephenson_2021.MH8919333:5100,Invar,0
Stephenson_2021.MH8919333:5116,Invar,0
Stephenson_2021.MH8919333:5117,Invar,0
Stephenson_2021.MH8919333:5126,Invar,0
Stephenson_2021.MH8919333:5136,Invar,0
Stephenson_2021.MH8919333:5144,Invar,0
Stephenson_2021.MH8919333:5156,Invar,0
Stephenson_2021.MH8919333:5158,Invar,1
Stephenson_2021.MH8919333:5165,Invar,0
Stephenson_2021.MH8919333:5166,Invar,0
Stephenson_2021.MH8919333:5179,Invar,0
Stephenson_2021.MH8919333:5210,Invar,0
Stephenson_2021.MH8919333:5217,Invar,0
Stephenson_2021.MH8919333:5227,Invar,0
Stephenson_2021.MH8919333:5235,Invar,0
Stephenson_2021.MH8919333:5244,Invar,0
Stephenson_2021.MH8919333:5266,Invar,0
Stephenson_2021.MH8919333:5276,Invar,0
Stephenson_2021.MH8919333:5282,Invar,1
Stephenson_2021.MH8919333:5294,Invar,0
Stephenson_2021.MH8919333:5298,Invar,0
Stephenson_2021.MH8919333:5300,Invar,0
Stephenson_2021.MH8919333:5301,Invar,0
Stephenson_2021.MH8919333:5324,Invar,0
Stephenson_2021.MH8919333:5368,Invar,0
Stephenson_2021.MH8919333:5370,Invar,1
Stephenson_2021.MH8919333:5372,Invar,0
Stephenson_2021.MH8919333:5395,Invar,0
Stephenson_2021.MH8919333:5408,Invar,0
Stephenson_2021.MH8919333:5411,Invar,0
Stephenson_2021.MH8919333:5414,Invar,0
Stephenson_2021.MH8919333:5427,Invar,1
Stephenson_2021.MH8919333:5431,Invar,1
Stephenson_2021.MH8919333:5442,Invar,3
Stephenson_2021.MH8919333:5448,Invar,1
Stephenson_2021.MH8919333:5450,Invar,0
Stephenson_2021.MH8919333:5459,Invar,1
Stephenson_2021.MH8919333:5494,Invar,0
Stephenson_2021.MH8919333:5500,Invar,1
Stephenson_2021.MH8919333:5502,Invar,0
Stephenson_2021.MH8919333:5506,Invar,0
Stephenson_2021.MH8919333:5517,Invar,0
Stephenson_2021.MH8919333:5518,Invar,0
Stephenson_2021.MH8919333:5537,Invar,0
Stephenson_2021.MH8919333:5540,Invar,0
Stephenson_2021.MH8919333:5541,Invar,0
Stephenson_2021.MH8919333:5563,Invar,0
Stephenson_2021.MH8919333:5569,Invar,0
Stephenson_2021.MH8919333:5574,Invar,0
Stephenson_2021.MH8919333:5579,Invar,1
Stephenson_2021.MH8919333:5594,Invar,1
Stephenson_2021.MH8919333:5598,Invar,1
Stephenson_2021.MH8919333:5614,Invar,0
Stephenson_2021.MH8919333:5616,Invar,0
Stephenson_2021.MH8919333:5617,Invar,0
Stephenson_2021.MH8919333:5618,Invar,0
Stephenson_2021.MH8919333:5622,Invar,1
Stephenson_2021.MH8919333:5629,Invar,0
Stephenson_2021.MH8919333:5650,Invar,0
Stephenson_2021.MH8919333:5660,Invar,0
Stephenson_2021.MH8919333:5662,Invar,1
Stephenson_2021.MH8919333:5667,Invar,1
Stephenson_2021.MH8919333:5669,Invar,0
Stephenson_2021.MH8919333:5674,Invar,0
Stephenson_2021.MH8919333:5677,Invar,0
Stephenson_2021.MH8919333:5680,Invar,0
Stephenson_2021.MH8919333:5684,Invar,0
Stephenson_2021.MH8919333:5696,Invar,0
Stephenson_2021.MH8919333:5701,Invar,0
Stephenson_2021.MH8919333:5711,Invar,0
Stephenson_2021.MH8919333:5712,Invar,0
Stephenson_2021.MH8919333:5717,Invar,0
Stephenson_2021.MH8919333:5726,Invar,0
Stephenson_2021.MH8919333:5731,Invar,0
Stephenson_2021.MH8919333:5732,Invar,0
Stephenson_2021.MH8919333:5760,Invar,0
Stephenson_2021.MH8919333:5766,Invar,0
Stephenson_2021.MH8919333:5776,Invar,0
Stephenson_2021.MH8919333:5789,Invar,0
Stephenson_2021.MH8919333:5794,Invar,0
Stephenson_2021.MH8919333:5808,Invar,1
Stephenson_2021.MH8919333:5824,Invar,0
Stephenson_2021.MH8919333:5833,Invar,0
Stephenson_2021.MH8919333:5834,Invar,0
Stephenson_2021.MH8919333:5847,Invar,0
Stephenson_2021.MH8919333:5850,Invar,0
Stephenson_2021.MH8919333:5866,Invar,1
Stephenson_2021.MH8919333:5868,Invar,0
Stephenson_2021.MH8919333:5871,Invar,0
Stephenson_2021.MH8919333:5881,Invar,0
Stephenson_2021.MH8919333:5890,Invar,0
Stephenson_2021.MH8919333:5919,Invar,0
Stephenson_2021.MH8919333:5945,Invar,0
Stephenson_2021.MH8919333:5958,Invar,1
Stephenson_2021.MH8919333:5959,Invar,2
Stephenson_2021.MH8919333:5964,Invar,0
Stephenson_2021.MH8919333:5967,Invar,0
Stephenson_2021.MH8919333:5972,Invar,1
Stephenson_2021.MH8919333:5978,Invar,0
Stephenson_2021.MH8919333:5985,Invar,0
Stephenson_2021.MH8919333:5988,Invar,0
Stephenson_2021.MH8919333:5992,Invar,0
Stephenson_2021.MH8919333:6014,Invar,0
Stephenson_2021.MH8919333:6015,Invar,0
Stephenson_2021.MH8919333:6017,Invar,0
Stephenson_2021.MH8919333:6027,Invar,1
Stephenson_2021.MH8919333:6031,Invar,0
Stephenson_2021.MH8919333:6035,Invar,0
Stephenson_2021.MH8919333:6038,Invar,0
Stephenson_2021.MH8919333:6042,Invar,1
Stephenson_2021.MH8919333:6069,Invar,0
Stephenson_2021.MH8919333:6072,Invar,1
Stephenson_2021.MH8919333:6091,Invar,0
Stephenson_2021.MH8919333:6093,Invar,0
Stephenson_2021.MH8919333:6098,Invar,0
Stephenson_2021.MH8919333:6103,Invar,1
Stephenson_2021.MH8919333:6114,Invar,0
Stephenson_2021.MH8919333:6122,Invar,0
Stephenson_2021.MH8919333:6131,Invar,0
Stephenson_2021.MH8919333:6141,Invar,0
Stephenson_2021.MH8919333:6146,Invar,0
Stephenson_2021.MH8919333:6153,Invar,0
Stephenson_2021.MH8919333:6167,Invar,1
Stephenson_2021.MH8919333:6172,Invar,0
Stephenson_2021.MH8919333:6174,Invar,0
Stephenson_2021.MH8919333:6187,Invar,0
Stephenson_2021.MH8919333:6208,Invar,0
Stephenson_2021.MH8919333:6220,Invar,0
Stephenson_2021.MH8919333:6226,Invar,0
Stephenson_2021.MH8919333:6234,Invar,0
Stephenson_2021.MH8919333:6241,Invar,0
Stephenson_2021.MH8919333:6253,Invar,0
Stephenson_2021.MH8919333:6263,Invar,0
Stephenson_2021.MH8919333:6264,Invar,1
Stephenson_2021.MH8919333:6269,Invar,0
Stephenson_2021.MH8919333:6270,Invar,0
Stephenson_2021.MH8919333:6280,Invar,0
Stephenson_2021.MH8919333:6282,Invar,0
Stephenson_2021.MH8919333:6296,Invar,0
Stephenson_2021.MH8919333:6297,Invar,0
Stephenson_2021.MH8919333:6298,Invar,0
Stephenson_2021.MH8919333:6308,Invar,1
Stephenson_2021.MH8919333:6311,Invar,0
Stephenson_2021.MH8919333:6316,Invar,1
Stephenson_2021.MH8919333:6335,Invar,0
Stephenson_2021.MH8919333:6347,Invar,1
Stephenson_2021.MH8919333:6356,Invar,0
Stephenson_2021.MH8919333:6358,Invar,0
Stephenson_2021.MH8919333:6365,Invar,0
Stephenson_2021.MH8919333:6375,Invar,0
Stephenson_2021.MH8919333:6399,Invar,0
Stephenson_2021.MH8919333:6401,Invar,0
Stephenson_2021.MH8919333:6404,Invar,0
Stephenson_2021.MH8919333:6407,Invar,0
Stephenson_2021.MH8919333:6415,Invar,0
Stephenson_2021.MH8919333:6467,Invar,0
Stephenson_2021.MH8919333:6471,Invar,0
Stephenson_2021.MH8919333:6472,Invar,0
Stephenson_2021.MH8919333:6497,Invar,0
Stephenson_2021.MH8919333:6507,Invar,0
Stephenson_2021.MH8919333:6511,Invar,0
Stephenson_2021.MH8919333:6526,Invar,1
Stephenson_2021.MH8919333:6534,Invar,0
Stephenson_2021.MH8919333:6563,Invar,0
Stephenson_2021.MH8919333:6575,Invar,0
Stephenson_2021.MH8919333:6577,Invar,1
Stephenson_2021.MH8919333:6586,Invar,1
Stephenson_2021.MH8919333:6607,Invar,0
Stephenson_2021.MH8919333:6608,Invar,1
Stephenson_2021.MH8919333:6630,Invar,0
Stephenson_2021.MH8919333:6649,Invar,0
Stephenson_2021.MH8919333:6651,Invar,0
Stephenson_2021.MH8919333:6652,Invar,0
Stephenson_2021.MH8919333:6655,Invar,0
Stephenson_2021.MH8919333:6660,Invar,0
Stephenson_2021.MH8919333:6677,Invar,0
Stephenson_2021.MH8919333:6682,Invar,0
Stephenson_2021.MH8919333:6693,Invar,0
Stephenson_2021.MH8919333:6698,Invar,0
Stephenson_2021.MH8919333:6714,Invar,0
Stephenson_2021.MH8919333:6719,Invar,0
Stephenson_2021.MH8919333:6726,Invar,0
Stephenson_2021.MH8919333:6742,Invar,0
Stephenson_2021.MH8919333:6746,Invar,1
Stephenson_2021.MH8919333:6753,Invar,1
Stephenson_2021.MH8919333:6766,Invar,0
Stephenson_2021.MH8919333:6773,Invar,0
Stephenson_2021.MH8919333:6791,Invar,0
Stephenson_2021.MH8919333:6794,Invar,0
Stephenson_2021.MH8919333:6799,Invar,0
Stephenson_2021.MH8919333:6815,Invar,0
Stephenson_2021.MH8919333:6826,Invar,1
Stephenson_2021.MH8919333:6849,Invar,0
Stephenson_2021.MH8919333:6875,Invar,0
Stephenson_2021.MH8919333:6886,Invar,1
Stephenson_2021.MH8919333:6896,Invar,0
Stephenson_2021.MH8919333:6897,Invar,1
Stephenson_2021.MH8919333:6900,Invar,0
Stephenson_2021.MH8919333:6902,Invar,0
Stephenson_2021.MH8919333:6904,Invar,0
Stephenson_2021.MH8919333:6909,Invar,0
Stephenson_2021.MH8919333:6910,Invar,0
Stephenson_2021.MH8919333:6919,Invar,1
Stephenson_2021.MH8919333:6924,Invar,0
Stephenson_2021.MH8919333:6927,Invar,1
Stephenson_2021.MH8919333:6934,Invar,1
Stephenson_2021.MH8919333:6935,Invar,0
Stephenson_2021.MH8919333:6940,Invar,0
Stephenson_2021.MH8919333:6951,Invar,0
Stephenson_2021.MH8919333:6956,Invar,0
Stephenson_2021.MH8919333:6960,Invar,0
Stephenson_2021.MH8919333:6965,Invar,0
Stephenson_2021.MH8919333:6966,Invar,0
Stephenson_2021.MH8919333:6967,Invar,0
Stephenson_2021.MH8919333:6969,Invar,0
Stephenson_2021.MH8919333:6985,Invar,0
Stephenson_2021.MH8919333:6991,Invar,1
Stephenson_2021.MH8919333:6992,Invar,0
Stephenson_2021.MH8919333:6996,Invar,0
Stephenson_2021.MH8919333:7010,Invar,3
Stephenson_2021.MH8919333:7025,Invar,0
Stephenson_2021.MH8919333:7047,Invar,0
Stephenson_2021.MH8919333:7060,Invar,1
Stephenson_2021.MH8919333:7072,Invar,0
Stephenson_2021.MH8919333:7079,Invar,0
Stephenson_2021.MH8919333:7084,Invar,0
Stephenson_2021.MH8919333:7095,Invar,0
Stephenson_2021.MH8919333:7113,Invar,0
Stephenson_2021.MH8919333:7117,Invar,0
Stephenson_2021.MH8919333:7123,Invar,0
Stephenson_2021.MH8919333:7128,Invar,0
Stephenson_2021.MH8919333:7131,Invar,0
Stephenson_2021.MH8919333:7144,Invar,0
Stephenson_2021.MH8919333:7146,Invar,0
Stephenson_2021.MH8919333:7151,Invar,0
Stephenson_2021.MH8919333:7152,Invar,0
Stephenson_2021.MH8919333:7159,Invar,1
Stephenson_2021.MH8919333:7166,Invar,1
Stephenson_2021.MH8919333:7182,Invar,0
Stephenson_2021.MH8919333:7187,Invar,1
Stephenson_2021.MH8919333:7189,Invar,0
Stephenson_2021.MH8919333:7201,Invar,0
Stephenson_2021.MH8919333:7216,Invar,0
Stephenson_2021.MH8919333:7220,Invar,0
Stephenson_2021.MH8919333:7231,Invar,0
Stephenson_2021.MH8919333:7236,Invar,1
Stephenson_2021.MH8919333:7241,Invar,3
Stephenson_2021.MH8919333:7254,Invar,1
Stephenson_2021.MH8919333:7263,Invar,0
Stephenson_2021.MH8919333:7264,Invar,0
Stephenson_2021.MH8919333:7268,Invar,0
Stephenson_2021.MH8919333:7282,Invar,0
Stephenson_2021.MH8919333:7283,Invar,1
Stephenson_2021.MH8919333:7300,Invar,0
Stephenson_2021.MH8919333:7303,Invar,0
Stephenson_2021.MH8919333:7304,Invar,0
Stephenson_2021.MH8919333:7317,Invar,0
Stephenson_2021.MH8919333:7347,Invar,0
Stephenson_2021.MH8919333:7352,Invar,0
Stephenson_2021.MH8919333:7353,Invar,0
Stephenson_2021.MH8919333:7361,Invar,0
Stephenson_2021.MH8919333:7363,Invar,0
Stephenson_2021.MH8919333:7375,Invar,0
Stephenson_2021.MH8919333:7391,Invar,0
Stephenson_2021.MH8919333:7392,Invar,0
Stephenson_2021.MH8919333:7407,Invar,0
Stephenson_2021.MH8919333:7429,Invar,0
Stephenson_2021.MH8919333:7433,Invar,0
Stephenson_2021.MH8919333:7439,Invar,0
Stephenson_2021.MH8919333:7444,Invar,0
Stephenson_2021.MH8919333:7448,Invar,0
Stephenson_2021.MH8919333:7458,Invar,0
Stephenson_2021.MH8919333:7460,Invar,0
Stephenson_2021.MH8919333:7465,Invar,0
Stephenson_2021.MH8919333:7467,Invar,1
Stephenson_2021.MH8919333:7477,Invar,0
Stephenson_2021.MH8919333:7485,Invar,0
Stephenson_2021.MH8919333:7501,Invar,0
Stephenson_2021.MH8919333:7509,Invar,0
Stephenson_2021.MH8919333:7512,Invar,0
Stephenson_2021.MH8919333:7515,Invar,0
Stephenson_2021.MH8919333:7520,Invar,0
Stephenson_2021.MH8919333:7522,Invar,1
Stephenson_2021.MH8919333:7525,Invar,0
Stephenson_2021.MH8919333:7528,Invar,0
Stephenson_2021.MH8919333:7538,Invar,1
Stephenson_2021.MH8919333:7548,Invar,0
Stephenson_2021.MH8919333:7552,Invar,0
Stephenson_2021.MH8919333:7555,Invar,0
Stephenson_2021.MH8919333:7560,Invar,0
Stephenson_2021.MH8919333:7564,Invar,1
Stephenson_2021.MH8919333:7583,Invar,0
Stephenson_2021.MH8919333:7585,Invar,1
Stephenson_2021.MH8919333:7608,Invar,0
Stephenson_2021.MH8919333:7629,Invar,1
Stephenson_2021.MH8919333:7640,Invar,1
Stephenson_2021.MH8919333:7646,Invar,0
Stephenson_2021.MH8919333:7648,Invar,0
Stephenson_2021.MH8919333:7654,Invar,0
Stephenson_2021.MH8919333:7673,Invar,1
Stephenson_2021.MH8919333:7701,Invar,0
Stephenson_2021.MH8919333:7710,Invar,0
Stephenson_2021.MH8919333:7721,Invar,1
Stephenson_2021.MH8919333:7725,Invar,0
Stephenson_2021.MH8919333:7728,Invar,0
Stephenson_2021.MH8919333:7755,Invar,0
Stephenson_2021.MH8919333:7757,Invar,0
Stephenson_2021.MH8919333:7770,Invar,0
Stephenson_2021.MH8919333:7773,Invar,1
Stephenson_2021.MH8919333:7777,Invar,0
Stephenson_2021.MH8919333:7779,Invar,0
Stephenson_2021.MH8919333:7781,Invar,0
Stephenson_2021.MH8919333:7783,Invar,0
Stephenson_2021.MH8919333:7786,Invar,1
Stephenson_2021.MH8919333:7795,Invar,0
Stephenson_2021.MH8919333:7800,Invar,0
Stephenson_2021.MH8919333:7801,Invar,0
Stephenson_2021.MH8919333:7811,Invar,0
Stephenson_2021.MH8919333:7814,Invar,1
Stephenson_2021.MH8919333:7824,Invar,0
Stephenson_2021.MH8919333:7835,Invar,1
Stephenson_2021.MH8919333:7838,Invar,0
Stephenson_2021.MH8919333:7849,Invar,0
Stephenson_2021.MH8919333:7856,Invar,0
Stephenson_2021.MH8919333:7857,Invar,2
Stephenson_2021.MH8919333:7862,Invar,1
Stephenson_2021.MH8919333:7863,Invar,1
Stephenson_2021.MH8919333:7867,Invar,0
Stephenson_2021.MH8919333:7871,Invar,0
Stephenson_2021.MH8919333:7885,Invar,0
Stephenson_2021.MH8919333:7889,Invar,0
Stephenson_2021.MH8919333:7931,Invar,0
Stephenson_2021.MH8919333:7934,Invar,0
Stephenson_2021.MH8919333:7936,Invar,0
Stephenson_2021.MH8919333:7939,Invar,1
Stephenson_2021.MH8919333:7940,Invar,0
Stephenson_2021.MH8919333:7961,Invar,0
Stephenson_2021.MH8919333:7962,Invar,1
Stephenson_2021.MH8919333:7963,Invar,0
Stephenson_2021.MH8919333:7967,Invar,0
Stephenson_2021.MH8919333:7969,Invar,0
Stephenson_2021.MH8919333:7974,Invar,0
Stephenson_2021.MH8919333:7981,Invar,0
Stephenson_2021.MH8919333:7994,Invar,0
Stephenson_2021.MH8919333:7999,Invar,0
Stephenson_2021.MH8919333:8002,Invar,0
Stephenson_2021.MH8919333:8003,Invar,1
Stephenson_2021.MH8919333:8011,Invar,1
Stephenson_2021.MH8919333:8015,Invar,1
Stephenson_2021.MH8919333:8019,Invar,1
Stephenson_2021.MH8919333:8026,Invar,0
Stephenson_2021.MH8919333:8033,Invar,1
Stephenson_2021.MH8919333:8070,Invar,0
Stephenson_2021.MH8919333:8076,Invar,0
Stephenson_2021.MH8919333:8085,Invar,0
Stephenson_2021.MH8919333:8086,Invar,0
Stephenson_2021.MH8919333:8090,Invar,0
Stephenson_2021.MH8919333:8100,Invar,0
Stephenson_2021.MH8919333:8112,Invar,0
Stephenson_2021.MH8919333:8114,Invar,1
Stephenson_2021.MH8919333:8116,Invar,0
Stephenson_2021.MH8919333:8136,Invar,1
Stephenson_2021.MH8919333:8143,Invar,1
Stephenson_2021.MH8919333:8163,Invar,1
Stephenson_2021.MH8919333:8165,Invar,0
Stephenson_2021.MH8919333:8176,Invar,0
Stephenson_2021.MH8919333:8186,Invar,0
Stephenson_2021.MH8919333:8194,Invar,0
Stephenson_2021.MH8919333:8214,Invar,1
Stephenson_2021.MH8919333:8218,Invar,0
Stephenson_2021.MH8919333:8231,Invar,0
Stephenson_2021.MH8919333:8236,Invar,0
Stephenson_2021.MH8919333:8250,Invar,0
Stephenson_2021.MH8919333:8269,Invar,0
Stephenson_2021.MH8919333:8272,Invar,0
Stephenson_2021.MH8919333:8273,Invar,1
Stephenson_2021.MH8919333:8286,Invar,0
Stephenson_2021.MH8919333:8291,Invar,1
Stephenson_2021.MH8919333:8296,Invar,0
Stephenson_2021.MH8919333:8297,Invar,1
Stephenson_2021.MH8919333:8299,Invar,0
Stephenson_2021.MH8919333:8302,Invar,0
Stephenson_2021.MH8919333:8306,Invar,0
Stephenson_2021.MH8919333:8314,Invar,0
Stephenson_2021.MH8919333:8317,Invar,0
Stephenson_2021.MH8919333:8323,Invar,0
Stephenson_2021.MH8919333:8325,Invar,0
Stephenson_2021.MH8919333:8332,Invar,0
Stephenson_2021.MH8919333:8333,Invar,0
Stephenson_2021.MH8919333:8337,Invar,0
Stephenson_2021.MH8919333:8347,Invar,0
Stephenson_2021.MH8919333:8349,Invar,3
Stephenson_2021.MH8919333:8355,Invar,0
Stephenson_2021.MH8919333:8368,Invar,1
Stephenson_2021.MH8919333:8386,Invar,1
Stephenson_2021.MH8919333:8414,Invar,0
Stephenson_2021.MH8919333:8417,Invar,0
Stephenson_2021.MH8919333:8422,Invar,0
Stephenson_2021.MH8919333:8424,Invar,0
Stephenson_2021.MH8919333:8429,Invar,0
Stephenson_2021.MH8919333:8432,Invar,1
Stephenson_2021.MH8919333:8438,Invar,1
Stephenson_2021.MH8919333:8446,Invar,0
Stephenson_2021.MH8919333:8447,Invar,0
Stephenson_2021.MH8919333:8449,Invar,0
Stephenson_2021.MH8919333:8456,Invar,0
Stephenson_2021.MH8919333:8458,Invar,0
Stephenson_2021.MH8919333:8463,Invar,0
Stephenson_2021.MH8919333:8489,Invar,0
Stephenson_2021.MH8919333:8499,Invar,1
Stephenson_2021.MH8919333:8508,Invar,1
Stephenson_2021.MH8919333:8511,Invar,0
Stephenson_2021.MH8919333:8514,Invar,0
Stephenson_2021.MH8919333:8523,Invar,0
Stephenson_2021.MH8919333:8527,Invar,0
Stephenson_2021.MH8919333:8549,Invar,0
Stephenson_2021.MH8919333:8569,Invar,0
Stephenson_2021.MH8919333:8583,Invar,0
Stephenson_2021.MH8919333:8599,Invar,0
Stephenson_2021.MH8919333:8617,Invar,0
Stephenson_2021.MH8919333:8621,Invar,0
Stephenson_2021.MH8919333:8626,Invar,0
Stephenson_2021.MH8919333:8630,Invar,0
Stephenson_2021.MH8919333:8641,Invar,0
Stephenson_2021.MH8919333:8649,Invar,0
Stephenson_2021.MH8919333:8654,Invar,0
Stephenson_2021.MH8919333:8665,Invar,1
Stephenson_2021.MH8919333:8690,Invar,0
Stephenson_2021.MH8919333:8693,Invar,0
Stephenson_2021.MH8919333:8697,Invar,1
Stephenson_2021.MH8919333:8708,Invar,0
Stephenson_2021.MH8919333:8712,Invar,0
Stephenson_2021.MH8919333:8721,Invar,0
Stephenson_2021.MH8919333:8725,Invar,0
Stephenson_2021.MH8919333:8727,Invar,1
Stephenson_2021.MH8919333:8729,Invar,0
Stephenson_2021.MH8919333:8734,Invar,0
Stephenson_2021.MH8919333:8749,Invar,0
Stephenson_2021.MH8919333:8786,Invar,0
Stephenson_2021.MH8919333:8803,Invar,1
Stephenson_2021.MH8919333:8806,Invar,0
Stephenson_2021.MH8919333:8814,Invar,1
Stephenson_2021.MH8919333:8823,Invar,0
Stephenson_2021.MH8919333:8829,Invar,0
Stephenson_2021.MH8919333:8837,Invar,0
Stephenson_2021.MH8919333:8846,Invar,0
Stephenson_2021.MH8919333:8857,Invar,0
Stephenson_2021.MH8919333:8870,Invar,1
Stephenson_2021.MH8919333:8875,Invar,0
Stephenson_2021.MH8919333:8876,Invar,0
Stephenson_2021.MH8919333:8880,Invar,0
Stephenson_2021.MH8919333:8894,Invar,0
Stephenson_2021.MH8919333:8896,Invar,0
Stephenson_2021.MH8919333:8927,Invar,1
Stephenson_2021.MH8919333:8933,Invar,0
Stephenson_2021.MH8919333:8935,Invar,1
Stephenson_2021.MH8919333:8945,Invar,1
Stephenson_2021.MH8919333:8962,Invar,0
Stephenson_2021.MH8919333:8971,Invar,0
Stephenson_2021.MH8919333:8973,Invar,0
Stephenson_2021.MH8919333:8975,Invar,0
Stephenson_2021.MH8919333:8977,Invar,0
Stephenson_2021.MH8919333:8999,Invar,0
Stephenson_2021.MH8919333:9006,Invar,0
Stephenson_2021.MH8919333:9009,Invar,0
Stephenson_2021.MH8919333:9027,Invar,0
Stephenson_2021.MH8919333:9032,Invar,1
Stephenson_2021.MH8919333:9035,Invar,1
Stephenson_2021.MH8919333:9043,Invar,0
Stephenson_2021.MH8919333:9049,Invar,1
Stephenson_2021.MH8919333:9051,Invar,0
Stephenson_2021.MH8919333:9068,Invar,0
Stephenson_2021.MH8919333:9073,Invar,0
Stephenson_2021.MH8919333:9076,Invar,1
Stephenson_2021.MH8919333:9078,Invar,1
Stephenson_2021.MH8919333:9083,Invar,1
Stephenson_2021.MH8919333:9089,Invar,1
Stephenson_2021.MH8919333:9105,Invar,0
Stephenson_2021.MH8919333:9106,Invar,0
Stephenson_2021.MH8919333:9121,Invar,0
Stephenson_2021.MH8919333:9127,Invar,1
Stephenson_2021.MH8919333:9128,Invar,0
Stephenson_2021.MH8919333:9134,Invar,0
Stephenson_2021.MH8919333:9139,Invar,0
Stephenson_2021.MH8919333:9147,Invar,0
Stephenson_2021.MH8919333:9158,Invar,0
Stephenson_2021.MH8919333:9182,Invar,0
Stephenson_2021.MH8919333:9188,Invar,0
Stephenson_2021.MH8919333:9201,Invar,1
Stephenson_2021.MH8919333:9202,Invar,0
Stephenson_2021.MH8919333:9205,Invar,0
Stephenson_2021.MH8919333:9228,Invar,1
Stephenson_2021.MH8919333:9229,Invar,1
Stephenson_2021.MH8919333:9242,Invar,0
Stephenson_2021.MH8919333:9245,Invar,1
Stephenson_2021.MH8919333:9276,Invar,0
Stephenson_2021.MH8919333:9287,Invar,0
Stephenson_2021.MH8919333:9289,Invar,1
Stephenson_2021.MH8919333:9302,Invar,2
Stephenson_2021.MH8919333:9313,Invar,0
Stephenson_2021.MH8919333:9336,Invar,0
Stephenson_2021.MH8919333:9338,Invar,0
Stephenson_2021.MH8919333:9342,Invar,0
Stephenson_2021.MH8919333:9348,Invar,0
Stephenson_2021.MH8919333:9349,Invar,1
Stephenson_2021.MH8919333:9381,Invar,0
Stephenson_2021.MH8919333:9385,Invar,0
Stephenson_2021.MH8919333:9392,Invar,0
Stephenson_2021.MH8919333:9409,Invar,1
Stephenson_2021.MH8919333:9414,Invar,0
Stephenson_2021.MH8919333:9416,Invar,0
Stephenson_2021.MH8919333:9417,Invar,0
Stephenson_2021.MH8919333:9427,Invar,0
Stephenson_2021.MH8919333:9436,Invar,0
Stephenson_2021.MH8919333:9440,Invar,0
Stephenson_2021.MH8919333:9442,Invar,0
Stephenson_2021.MH8919333:9443,Invar,0
Stephenson_2021.MH8919333:9453,Invar,0
Stephenson_2021.MH8919333:9456,Invar,0
Stephenson_2021.MH8919333:9464,Invar,0
Stephenson_2021.MH8919333:9473,Invar,0
Stephenson_2021.MH8919333:9482,Invar,1
Stephenson_2021.MH8919333:9498,Invar,0
Stephenson_2021.MH8919333:9508,Invar,0
Stephenson_2021.MH8919333:9509,Invar,0
Stephenson_2021.MH8919333:9514,Invar,0
Stephenson_2021.MH8919333:9529,Invar,0
Stephenson_2021.MH8919333:9554,Invar,1
Stephenson_2021.MH8919333:9572,Invar,0
Stephenson_2021.MH8919333:9576,Invar,0
Stephenson_2021.MH8919333:9578,Invar,0
Stephenson_2021.MH8919333:9601,Invar,0
Stephenson_2021.MH8919333:9620,Invar,0
Stephenson_2021.MH8919333:9642,Invar,0
Stephenson_2021.MH8919333:9651,Invar,1
Stephenson_2021.MH8919333:9655,Invar,2
Stephenson_2021.MH8919333:9659,Invar,0
Stephenson_2021.MH8919333:9668,Invar,0
Stephenson_2021.MH8919333:9689,Invar,0
Stephenson_2021.MH8919333:9702,Invar,0
Stephenson_2021.MH8919333:9703,Invar,0
Stephenson_2021.MH8919333:9711,Invar,0
Stephenson_2021.MH8919333:9713,Invar,0
Stephenson_2021.MH8919333:9725,Invar,1
Stephenson_2021.MH8919333:9728,Invar,0
Stephenson_2021.MH8919333:9733,Invar,1
Stephenson_2021.MH8919333:9736,Invar,3
Stephenson_2021.MH8919333:9743,Invar,0
Stephenson_2021.MH8919333:9755,Invar,0
Stephenson_2021.MH8919333:9761,Invar,0
Stephenson_2021.MH8919333:9781,Invar,0
Stephenson_2021.MH8919333:9790,Invar,0
Stephenson_2021.MH8919333:9806,Invar,1
Stephenson_2021.MH8919333:9808,Invar,1
Stephenson_2021.MH8919333:9815,Invar,0
Stephenson_2021.MH8919333:9816,Invar,0
Stephenson_2021.MH8919333:9841,Invar,0
Stephenson_2021.MH8919333:9842,Invar,0
Stephenson_2021.MH8919333:9844,Invar,1
Stephenson_2021.MH8919333:9864,Invar,0
Stephenson_2021.MH8919333:9873,Invar,1
Stephenson_2021.MH8919333:9874,Invar,0
Stephenson_2021.MH8919333:9903,Invar,1
Stephenson_2021.MH8919333:9905,Invar,0
Stephenson_2021.MH8919333:9932,Invar,2
Stephenson_2021.MH8919333:9938,Invar,1
Stephenson_2021.MH8919333:9939,Invar,1
Stephenson_2021.MH8919333:9952,Invar,1
Stephenson_2021.MH8919333:9957,Invar,0
Stephenson_2021.MH8919333:9972,Invar,0
Stephenson_2021.MH8919333:9983,Invar,1
Stephenson_2021.MH8919333:9985,Invar,1
Stephenson_2021.MH8919333:10013,Invar,0
Stephenson_2021.MH8919333:10015,Invar,0
Stephenson_2021.MH8919333:10024,Invar,0
Stephenson_2021.MH8919333:10031,Invar,0
Stephenson_2021.MH8919333:10041,Invar,0
Stephenson_2021.MH8919333:10044,Invar,0
Stephenson_2021.MH8919333:10047,Invar,0
Stephenson_2021.MH8919333:10060,Invar,0
Stephenson_2021.MH8919333:10072,Invar,1
Stephenson_2021.MH8919333:10077,Invar,1
Stephenson_2021.MH8919333:10088,Invar,0
Stephenson_2021.MH8919333:10094,Invar,0
Stephenson_2021.MH8919333:10109,Invar,0
Stephenson_2021.MH8919333:10110,Invar,0
Stephenson_2021.MH8919333:10111,Invar,0
Stephenson_2021.MH8919333:10114,Invar,1
Stephenson_2021.MH8919333:10143,Invar,0
Stephenson_2021.MH8919333:10144,Invar,0
Stephenson_2021.MH8919333:10147,Invar,0
Stephenson_2021.MH8919333:10161,Invar,0
Stephenson_2021.MH8919333:10170,Invar,0
Stephenson_2021.MH8919333:10171,Invar,0
Stephenson_2021.MH8919333:10187,Invar,1
Stephenson_2021.MH8919333:10210,Invar,1
Stephenson_2021.MH8919333:10222,Invar,0
Stephenson_2021.MH8919333:10228,Invar,0
Stephenson_2021.MH8919333:10232,Invar,1
Stephenson_2021.MH8919333:10236,Invar,1
Stephenson_2021.MH8919333:10237,Invar,0
Stephenson_2021.MH8919333:10243,Invar,0
Stephenson_2021.MH8919333:10246,Invar,0
Stephenson_2021.MH8919333:10253,Invar,0
Stephenson_2021.MH8919333:10278,Invar,0
Stephenson_2021.MH8919333:10297,Invar,1
Stephenson_2021.MH8919333:10304,Invar,1
Stephenson_2021.MH8919333:10318,Invar,1
Stephenson_2021.MH8919333:10322,Invar,3
Stephenson_2021.MH8919333:10335,Invar,0
Stephenson_2021.MH8919333:10342,Invar,0
Stephenson_2021.MH8919333:10344,Invar,2
Stephenson_2021.MH8919333:10353,Invar,2
Stephenson_2021.MH8919333:10381,Invar,0
Stephenson_2021.MH8919333:10401,Invar,1
Stephenson_2021.MH8919333:10403,Invar,0
Stephenson_2021.MH8919333:10405,Invar,0
Stephenson_2021.MH8919333:10407,Invar,2
Stephenson_2021.MH8919333:10430,Invar,0
Stephenson_2021.MH8919333:10433,Invar,1
Stephenson_2021.MH8919333:10434,Invar,0
Stephenson_2021.MH8919333:10439,Invar,0
Stephenson_2021.MH8919333:10449,Invar,0
Stephenson_2021.MH8919333:10458,Invar,0
Stephenson_2021.MH8919333:10465,Invar,0
Stephenson_2021.MH8919333:10471,Invar,0
Stephenson_2021.MH8919333:10475,Invar,0
Stephenson_2021.MH8919333:10483,Invar,0
Stephenson_2021.MH8919333:10499,Invar,0
Stephenson_2021.MH8919333:10501,Invar,0
Stephenson_2021.MH8919333:10516,Invar,0
Stephenson_2021.MH8919333:10519,Invar,0
Stephenson_2021.MH8919333:10523,Invar,0
Stephenson_2021.MH8919333:10525,Invar,0
Stephenson_2021.MH8919333:10526,Invar,0
Stephenson_2021.MH8919333:10530,Invar,0
Stephenson_2021.MH8919333:10531,Invar,0
Stephenson_2021.MH8919333:10537,Invar,0
Stephenson_2021.MH8919333:10539,Invar,0
Stephenson_2021.MH8919333:10541,Invar,0
Stephenson_2021.MH8919333:10542,Invar,1
Stephenson_2021.MH8919333:10550,Invar,0
Stephenson_2021.MH8919333:10555,Invar,0
Stephenson_2021.MH8919333:10559,Invar,0
Stephenson_2021.MH8919333:10560,Invar,0
Stephenson_2021.MH8919333:10578,Invar,0
Stephenson_2021.MH8919333:10584,Invar,0
Stephenson_2021.MH8919333:10587,Invar,0
Stephenson_2021.MH8919333:10603,Invar,0
Stephenson_2021.MH8919333:10615,Invar,0
Stephenson_2021.MH8919333:10621,Invar,0
Stephenson_2021.MH8919333:10628,Invar,0
Stephenson_2021.MH8919333:10644,Invar,0
Stephenson_2021.MH8919333:10660,Invar,0
Stephenson_2021.MH8919333:10662,Invar,0
Stephenson_2021.MH8919333:10666,Invar,0
Stephenson_2021.MH8919333:10667,Invar,1
Stephenson_2021.MH8919333:10675,Invar,0
Stephenson_2021.MH8919333:10683,Invar,0
Stephenson_2021.MH8919333:10687,Invar,1
Stephenson_2021.MH8919333:10689,Invar,0
Stephenson_2021.MH8919333:10693,Invar,1
Stephenson_2021.MH8919333:10700,Invar,0
Stephenson_2021.MH8919333:10709,Invar,0
Stephenson_2021.MH8919333:10710,Invar,1
Stephenson_2021.MH8919333:10729,Invar,0
Stephenson_2021.MH8919333:10753,Invar,0
Stephenson_2021.MH8919333:10762,Invar,0
Stephenson_2021.MH8919333:10766,Invar,0
Stephenson_2021.MH8919333:10773,Invar,0
Stephenson_2021.MH8919333:10782,Invar,0
Stephenson_2021.MH8919333:10784,Invar,0
Stephenson_2021.MH8919333:10794,Invar,0
Stephenson_2021.MH8919333:10799,Invar,1
Stephenson_2021.MH8919333:10803,Invar,1
Stephenson_2021.MH8919333:10820,Invar,0
Stephenson_2021.MH8919333:10827,Invar,0
Stephenson_2021.MH8919333:10877,Invar,1
Stephenson_2021.MH8919333:10879,Invar,1
Stephenson_2021.MH8919333:10882,Invar,0
Stephenson_2021.MH8919333:10887,Invar,0
Stephenson_2021.MH8919333:10889,Invar,0
Stephenson_2021.MH8919333:10898,Invar,0
Stephenson_2021.MH8919333:10917,Invar,0
Stephenson_2021.MH8919333:10920,Invar,0
Stephenson_2021.MH8919333:10939,Invar,0
Stephenson_2021.MH8919333:10941,Invar,0
Stephenson_2021.MH8919333:10953,Invar,0
Stephenson_2021.MH8919333:10956,Invar,0
Stephenson_2021.MH8919333:10968,Invar,0
Stephenson_2021.MH8919333:10977,Invar,0
Stephenson_2021.MH8919333:10981,Invar,1
Stephenson_2021.MH8919333:10986,Invar,0
Stephenson_2021.MH8919333:10999,Invar,0
Stephenson_2021.MH8919333:11003,Invar,0
Stephenson_2021.MH8919333:11010,Invar,0
Stephenson_2021.MH8919333:11020,Invar,1
Stephenson_2021.MH8919333:11021,Invar,0
Stephenson_2021.MH8919333:11025,Invar,1
Stephenson_2021.MH8919333:11029,Invar,0
Stephenson_2021.MH8919333:11045,Invar,0
Stephenson_2021.MH8919333:11071,Invar,0
Stephenson_2021.MH8919333:11083,Invar,1
Stephenson_2021.MH8919333:11086,Invar,1
Stephenson_2021.MH8919333:11090,Invar,0
Stephenson_2021.MH8919333:11096,Invar,0
Stephenson_2021.MH8919333:11100,Invar,0
Stephenson_2021.MH8919333:11111,Invar,0
Stephenson_2021.MH8919333:11119,Invar,0
Stephenson_2021.MH8919333:11168,Invar,0
Stephenson_2021.MH8919333:11171,Invar,1
Stephenson_2021.MH8919333:11178,Invar,0
Stephenson_2021.MH8919333:11179,Invar,0
Stephenson_2021.MH8919333:11185,Invar,0
Stephenson_2021.MH8919333:11189,Invar,0
Stephenson_2021.MH8919333:11191,Invar,0
Stephenson_2021.MH8919333:11195,Invar,1
Stephenson_2021.MH8919333:11218,Invar,1
Stephenson_2021.MH8919333:11219,Invar,1
Stephenson_2021.MH8919333:11226,Invar,0
Stephenson_2021.MH8919333:11228,Invar,0
Stephenson_2021.MH8919333:11231,Invar,0
Stephenson_2021.MH8919333:11232,Invar,1
Stephenson_2021.MH8919333:11236,Invar,0
Stephenson_2021.MH8919333:11245,Invar,0
Stephenson_2021.MH8919333:11250,Invar,0
Stephenson_2021.MH8919333:11265,Invar,0
Stephenson_2021.MH8919333:11271,Invar,0
Stephenson_2021.MH8919333:11275,Invar,0
Stephenson_2021.MH8919333:11289,Invar,0
Stephenson_2021.MH8919333:11291,Invar,0
Stephenson_2021.MH8919333:11301,Invar,0
Stephenson_2021.MH8919333:11348,Invar,0
Stephenson_2021.MH8919333:11359,Invar,0
Stephenson_2021.MH8919333:11366,Invar,0
Stephenson_2021.MH8919333:11369,Invar,1
Stephenson_2021.MH8919333:11372,Invar,1
Stephenson_2021.MH8919333:11378,Invar,0
Stephenson_2021.MH8919333:11391,Invar,0
Stephenson_2021.MH8919333:11408,Invar,0
Stephenson_2021.MH8919333:11419,Invar,0
Stephenson_2021.MH8919333:11434,Invar,0
Stephenson_2021.MH8919333:11435,Invar,1
Stephenson_2021.MH8919333:11451,Invar,0
Stephenson_2021.MH8919333:11456,Invar,0
Stephenson_2021.MH8919333:11470,Invar,0
Stephenson_2021.MH8919333:11473,Invar,0
Stephenson_2021.MH8919333:11474,Invar,0
Stephenson_2021.MH8919333:11494,Invar,1
Stephenson_2021.MH8919333:11509,Invar,0
Stephenson_2021.MH8919333:11530,Invar,0
Stephenson_2021.MH8919333:11531,Invar,0
Stephenson_2021.MH8919333:11534,Invar,0
Stephenson_2021.MH8919333:11540,Invar,1
Stephenson_2021.MH8919333:11557,Invar,0
Stephenson_2021.MH8919333:11561,Invar,1
Stephenson_2021.MH8919333:11573,Invar,0
Stephenson_2021.MH8919333:11631,Invar,1
Stephenson_2021.MH8919333:11638,Invar,0
Stephenson_2021.MH8919333:11661,Invar,0
Stephenson_2021.MH8919333:11663,Invar,0
Stephenson_2021.MH8919333:11673,Invar,0
Stephenson_2021.MH8919333:11675,Invar,0
Stephenson_2021.MH8919333:11676,Invar,0
Stephenson_2021.MH8919333:11681,Invar,0
Stephenson_2021.MH8919333:11682,Invar,0
Stephenson_2021.MH8919333:11683,Invar,0
Stephenson_2021.MH8919333:11692,Invar,1
Stephenson_2021.MH8919333:11703,Invar,0
Stephenson_2021.MH8919333:11705,Invar,0
Stephenson_2021.MH8919333:11718,Invar,0
Stephenson_2021.MH8919333:11719,Invar,0
Stephenson_2021.MH8919333:11725,Invar,0
Stephenson_2021.MH8919333:11727,Invar,0
Stephenson_2021.MH8919333:11731,Invar,0
Stephenson_2021.MH8919333:11751,Invar,1
Stephenson_2021.MH8919333:11755,Invar,0
Stephenson_2021.MH8919333:11757,Invar,0
Stephenson_2021.MH8919333:11760,Invar,0
Stephenson_2021.MH8919333:11768,Invar,0
Stephenson_2021.MH8919333:11782,Invar,0
Stephenson_2021.MH8919333:11819,Invar,0
Stephenson_2021.MH8919333:11822,Invar,1
Stephenson_2021.MH8919333:11827,Invar,0
Stephenson_2021.MH8919333:11833,Invar,0
Stephenson_2021.MH8919333:11836,Invar,0
Stephenson_2021.MH8919333:11861,Invar,0
Stephenson_2021.MH8919333:11866,Invar,0
Stephenson_2021.MH8919333:11877,Invar,0
Stephenson_2021.MH8919333:11883,Invar,0
Stephenson_2021.MH8919333:11889,Invar,1
Stephenson_2021.MH8919333:11891,Invar,0
Stephenson_2021.MH8919333:11901,Invar,1
Stephenson_2021.MH8919333:11902,Invar,0
Stephenson_2021.MH8919333:11911,Invar,0
Stephenson_2021.MH8919333:11912,Invar,0
Stephenson_2021.MH8919333:11916,Invar,0
Stephenson_2021.MH8919333:11946,Invar,0
Stephenson_2021.MH8919333:11948,Invar,0
Stephenson_2021.MH8919333:11951,Invar,0
Stephenson_2021.MH8919333:11963,Invar,0
Stephenson_2021.MH8919333:11979,Invar,0
Stephenson_2021.MH8919333:11991,Invar,1
Stephenson_2021.MH8919333:12000,Invar,1
Stephenson_2021.MH8919333:12004,Invar,0
Stephenson_2021.MH8919333:12009,Invar,0
Stephenson_2021.MH8919333:12014,Invar,0
Stephenson_2021.MH8919333:12017,Invar,0
Stephenson_2021.MH8919333:12021,Invar,0
Stephenson_2021.MH8919333:12029,Invar,1
Stephenson_2021.MH8919333:12033,Invar,1
Stephenson_2021.MH8919333:12037,Invar,0
Stephenson_2021.MH8919333:12050,Invar,0
Stephenson_2021.MH8919333:12051,Invar,0
Stephenson_2021.MH8919333:12058,Invar,0
Stephenson_2021.MH8919333:12065,Invar,0
Stephenson_2021.MH8919333:12070,Invar,0
Stephenson_2021.MH8919333:12079,Invar,0
Stephenson_2021.MH8919332:101,Invar,1
Stephenson_2021.MH8919332:120,Invar,1
Stephenson_2021.MH8919332:148,Invar,0
Stephenson_2021.MH8919332:168,Invar,0
Stephenson_2021.MH8919332:209,Invar,1
Stephenson_2021.MH8919332:211,Invar,1
Stephenson_2021.MH8919332:248,Invar,1
Stephenson_2021.MH8919332:279,Invar,1
Stephenson_2021.MH8919332:392,Invar,0
Stephenson_2021.MH8919332:404,Invar,0
Stephenson_2021.MH8919332:494,Invar,0
Stephenson_2021.MH8919332:507,Invar,1
Stephenson_2021.MH8919332:702,Invar,1
Stephenson_2021.MH8919332:808,Invar,1
Stephenson_2021.MH8919332:818,Invar,1
Stephenson_2021.MH8919332:961,Invar,1
Stephenson_2021.MH8919332:968,Invar,1
Stephenson_2021.MH8919332:1001,Invar,0
Stephenson_2021.MH8919332:1033,Invar,1
Stephenson_2021.MH8919332:1191,Invar,0
Stephenson_2021.MH8919332:1228,Invar,1
Stephenson_2021.MH8919332:1236,Invar,1
Stephenson_2021.MH8919332:1253,Invar,0
Stephenson_2021.MH8919332:1331,Invar,1
Stephenson_2021.MH8919332:1358,Invar,0
Stephenson_2021.MH8919332:1368,Invar,1
Stephenson_2021.MH8919332:1456,Invar,3
Stephenson_2021.MH8919332:1488,Invar,0
Stephenson_2021.MH8919332:1553,Invar,1
Stephenson_2021.MH8919332:1554,Invar,0
Stephenson_2021.MH8919332:1588,Invar,0
Stephenson_2021.MH8919332:1676,Invar,0
Stephenson_2021.MH8919332:1721,Invar,1
Stephenson_2021.MH8919332:1847,Invar,0
Stephenson_2021.MH8919332:1856,Invar,1
Stephenson_2021.MH8919332:1870,Invar,0
Stephenson_2021.MH8919332:1892,Invar,1
Stephenson_2021.MH8919332:1897,Invar,3
Stephenson_2021.MH8919332:1910,Invar,0
Stephenson_2021.MH8919332:1936,Invar,2
Stephenson_2021.MH8919332:2068,Invar,1
Stephenson_2021.MH8919332:2076,Invar,1
Stephenson_2021.MH8919332:2108,Invar,1
Stephenson_2021.MH8919332:2109,Invar,0
Stephenson_2021.MH8919332:2125,Invar,1
Stephenson_2021.MH8919332:2148,Invar,0
Stephenson_2021.MH8919332:2194,Invar,1
Stephenson_2021.MH8919332:2269,Invar,1
Stephenson_2021.MH8919332:2338,Invar,0
Stephenson_2021.MH8919332:2423,Invar,0
Stephenson_2021.MH8919332:2438,Invar,1
Stephenson_2021.MH8919332:2510,Invar,0
Stephenson_2021.MH8919332:2583,Invar,1
Stephenson_2021.MH8919332:2602,Invar,0
Stephenson_2021.MH8919332:2723,Invar,1
Stephenson_2021.MH8919332:2791,Invar,0
Stephenson_2021.MH8919332:2857,Invar,1
Stephenson_2021.MH8919332:2901,Invar,1
Stephenson_2021.MH8919332:2981,Invar,1
Stephenson_2021.MH8919332:3085,Invar,1
Stephenson_2021.MH8919332:3137,Invar,0
Stephenson_2021.MH8919332:3159,Invar,0
Stephenson_2021.MH8919332:3167,Invar,0
Stephenson_2021.MH8919332:3229,Invar,1
Stephenson_2021.MH8919332:3474,Invar,0
Stephenson_2021.MH8919332:3557,Invar,1
Stephenson_2021.MH8919332:3606,Invar,1
Stephenson_2021.MH8919332:3614,Invar,1
Stephenson_2021.MH8919332:3631,Invar,0
Stephenson_2021.MH8919332:3662,Invar,1
Stephenson_2021.MH8919332:3768,Invar,0
Stephenson_2021.MH8919332:3870,Invar,1
Stephenson_2021.MH8919332:3954,Invar,1
Stephenson_2021.MH8919332:3992,Invar,0
Stephenson_2021.MH8919332:4175,Invar,0
Stephenson_2021.MH8919332:4186,Invar,1
Stephenson_2021.MH8919332:4198,Invar,1
Stephenson_2021.MH8919332:4263,Invar,0
Stephenson_2021.MH8919332:4325,Invar,0
Stephenson_2021.MH8919332:4385,Invar,1
Stephenson_2021.MH8919332:4404,Invar,1
Stephenson_2021.MH8919332:4424,Invar,1
Stephenson_2021.MH8919332:4455,Invar,0
Stephenson_2021.MH8919332:4648,Invar,1
Stephenson_2021.MH8919332:4668,Invar,1
Stephenson_2021.MH8919332:4715,Invar,1
Stephenson_2021.MH8919332:4903,Invar,0
Stephenson_2021.MH8919332:4945,Invar,2
Stephenson_2021.MH8919332:4972,Invar,1
Stephenson_2021.MH8919332:5007,Invar,3
Stephenson_2021.MH8919332:5009,Invar,0
Stephenson_2021.MH8919332:5101,Invar,0
Stephenson_2021.MH8919332:5189,Invar,1
Stephenson_2021.MH8919332:5194,Invar,1
Stephenson_2021.MH8919332:5210,Invar,0
Stephenson_2021.MH8919332:5310,Invar,0
Stephenson_2021.MH8919332:5342,Invar,1
Stephenson_2021.MH8919332:5368,Invar,0
Stephenson_2021.MH8919332:5375,Invar,1
Stephenson_2021.MH8919332:5449,Invar,0
Stephenson_2021.MH8919332:5464,Invar,0
Stephenson_2021.MH8919332:5467,Invar,0
Stephenson_2021.MH8919332:5539,Invar,1
Stephenson_2021.MH8919332:5600,Invar,0
Stephenson_2021.MH8919332:5648,Invar,1
Stephenson_2021.MH8919332:5685,Invar,1
Stephenson_2021.MH8919332:5762,Invar,1
Stephenson_2021.MH8919332:5790,Invar,0
Stephenson_2021.MH8919332:5805,Invar,0
Stephenson_2021.MH8919332:5829,Invar,1
Stephenson_2021.MH8919332:5889,Invar,0
Stephenson_2021.MH8919332:5909,Invar,0
Stephenson_2021.MH8919332:5940,Invar,1
Stephenson_2021.MH8919332:6011,Invar,1
Stephenson_2021.MH8919332:6076,Invar,1
Stephenson_2021.MH8919332:6133,Invar,0
Stephenson_2021.MH8919332:6167,Invar,0
Stephenson_2021.MH8919332:6309,Invar,0
Stephenson_2021.MH8919332:6317,Invar,1
Stephenson_2021.MH8919332:6322,Invar,0
Stephenson_2021.MH8919332:6337,Invar,0
Stephenson_2021.MH8919332:6342,Invar,1
Stephenson_2021.MH8919332:6399,Invar,1
Stephenson_2021.MH8919332:6432,Invar,0
Stephenson_2021.MH8919332:6486,Invar,0
Stephenson_2021.MH8919332:6503,Invar,0
Stephenson_2021.MH8919332:6533,Invar,1
Stephenson_2021.MH8919332:6638,Invar,1
Stephenson_2021.MH8919332:6655,Invar,1
Stephenson_2021.MH8919332:6698,Invar,1
Stephenson_2021.MH8919332:6707,Invar,0
Stephenson_2021.MH8919332:6729,Invar,1
Stephenson_2021.MH8919332:6752,Invar,1
Stephenson_2021.MH8919332:6810,Invar,0
Stephenson_2021.MH8919332:6825,Invar,1
Stephenson_2021.MH8919332:6826,Invar,1
Stephenson_2021.MH8919332:6889,Invar,0
Stephenson_2021.MH8919332:7241,Invar,1
Stephenson_2021.MH8919332:7281,Invar,1
Stephenson_2021.MH8919332:7289,Invar,1
Stephenson_2021.MH8919332:7315,Invar,1
Stephenson_2021.MH8919332:7331,Invar,1
Stephenson_2021.MH8919332:7371,Invar,1
Stephenson_2021.MH8919332:7390,Invar,0
Stephenson_2021.MH8919332:7459,Invar,1
Stephenson_2021.MH8919332:7465,Invar,1
Stephenson_2021.MH8919332:7539,Invar,0
Stephenson_2021.MH8919332:7546,Invar,1
Stephenson_2021.MH8919332:7612,Invar,0
Stephenson_2021.MH8919332:7614,Invar,1
Stephenson_2021.MH8919332:7629,Invar,0
Stephenson_2021.MH8919332:7719,Invar,1
Stephenson_2021.MH8919332:7743,Invar,0
Stephenson_2021.MH8919332:7753,Invar,0
Stephenson_2021.MH8919332:7857,Invar,0
Stephenson_2021.MH8919332:7867,Invar,0
Stephenson_2021.MH8919332:7928,Invar,0
Stephenson_2021.MH8919332:7949,Invar,1
Stephenson_2021.MH8919332:7961,Invar,0
Stephenson_2021.MH8919283:9,Invar,0
Stephenson_2021.MH8919283:36,Invar,1
Stephenson_2021.MH8919283:82,Invar,0
Stephenson_2021.MH8919283:156,Invar,0
Stephenson_2021.MH8919283:221,Invar,0
Stephenson_2021.MH8919283:224,Invar,0
Stephenson_2021.MH8919283:230,Invar,0
Stephenson_2021.MH8919283:240,Invar,0
Stephenson_2021.MH8919283:299,Invar,0
Stephenson_2021.MH8919283:311,Invar,0
Stephenson_2021.MH8919283:312,Invar,0
Stephenson_2021.MH8919283:319,Invar,0
Stephenson_2021.MH8919283:347,Invar,1
Stephenson_2021.MH8919283:395,Invar,1
Stephenson_2021.MH8919283:415,Invar,0
Stephenson_2021.MH8919283:433,Invar,0
Stephenson_2021.MH8919283:524,Invar,0
Stephenson_2021.MH8919283:544,Invar,0
Stephenson_2021.MH8919283:602,Invar,0
Stephenson_2021.MH8919283:607,Invar,0
Stephenson_2021.MH8919283:668,Invar,3
Stephenson_2021.MH8919283:706,Invar,1
Stephenson_2021.MH8919283:747,Invar,0
Stephenson_2021.MH8919283:817,Invar,0
Stephenson_2021.MH8919283:840,Invar,0
Stephenson_2021.MH8919283:881,Invar,2
Stephenson_2021.MH8919283:956,Invar,0
Stephenson_2021.MH8919283:958,Invar,0
Stephenson_2021.MH8919283:1001,Invar,0
Stephenson_2021.MH8919283:1032,Invar,0
Stephenson_2021.MH8919283:1137,Invar,0
Stephenson_2021.MH8919283:1172,Invar,0
Stephenson_2021.MH8919283:1173,Invar,1
Stephenson_2021.MH8919283:1208,Invar,1
Stephenson_2021.MH8919283:1216,Invar,0
Stephenson_2021.MH8919283:1220,Invar,0
Stephenson_2021.MH8919283:1224,Invar,0
Stephenson_2021.MH8919283:1271,Invar,1
Stephenson_2021.MH8919283:1286,Invar,0
Stephenson_2021.MH8919283:1314,Invar,0
Stephenson_2021.MH8919283:1383,Invar,0
Stephenson_2021.MH8919283:1412,Invar,0
Stephenson_2021.MH8919283:1414,Invar,1
Stephenson_2021.MH8919283:1477,Invar,0
Stephenson_2021.MH8919283:1497,Invar,0
Stephenson_2021.MH8919283:1527,Invar,0
Stephenson_2021.MH8919283:1535,Invar,1
Stephenson_2021.MH8919283:1551,Invar,0
Stephenson_2021.MH8919283:1591,Invar,1
Stephenson_2021.MH8919283:1664,Invar,0
Stephenson_2021.MH8919283:1699,Invar,0
Stephenson_2021.MH8919283:1720,Invar,0
Stephenson_2021.MH8919283:1737,Invar,0
Stephenson_2021.MH8919283:1825,Invar,0
Stephenson_2021.MH8919283:1855,Invar,0
Stephenson_2021.MH8919283:1881,Invar,0
Stephenson_2021.MH8919283:1896,Invar,0
Stephenson_2021.MH8919283:1910,Invar,0
Stephenson_2021.MH8919283:1920,Invar,0
Stephenson_2021.MH8919283:1932,Invar,0
Stephenson_2021.MH8919283:1980,Invar,0
Stephenson_2021.MH8919283:2003,Invar,0
Stephenson_2021.MH8919283:2047,Invar,1
Stephenson_2021.MH8919283:2048,Invar,0
Stephenson_2021.MH8919283:2076,Invar,1
Stephenson_2021.MH8919283:2092,Invar,0
Stephenson_2021.MH8919283:2133,Invar,0
Stephenson_2021.MH8919283:2182,Invar,0
Stephenson_2021.MH8919283:2191,Invar,1
Stephenson_2021.MH8919283:2194,Invar,2
Stephenson_2021.MH8919283:2214,Invar,1
Stephenson_2021.MH8919283:2244,Invar,0
Stephenson_2021.MH8919283:2248,Invar,0
Stephenson_2021.MH8919283:2355,Invar,1
Stephenson_2021.MH8919283:2395,Invar,0
Stephenson_2021.MH8919283:2408,Invar,0
Stephenson_2021.MH8919283:2410,Invar,0
Stephenson_2021.MH8919283:2497,Invar,1
Stephenson_2021.MH8919283:2545,Invar,1
Stephenson_2021.MH8919283:2568,Invar,0
Stephenson_2021.MH8919283:2573,Invar,0
Stephenson_2021.MH8919283:2576,Invar,1
Stephenson_2021.MH8919283:2598,Invar,1
Stephenson_2021.MH8919283:2655,Invar,0
Stephenson_2021.MH8919283:2660,Invar,1
Stephenson_2021.MH8919283:2671,Invar,0
Stephenson_2021.MH8919283:2678,Invar,0
Stephenson_2021.MH8919283:2702,Invar,0
Stephenson_2021.MH8919283:2710,Invar,0
Stephenson_2021.MH8919283:2719,Invar,0
Stephenson_2021.MH8919283:2742,Invar,0
Stephenson_2021.MH8919283:2768,Invar,0
Stephenson_2021.MH8919283:2775,Invar,1
Stephenson_2021.MH8919283:2787,Invar,3
Stephenson_2021.MH8919283:2795,Invar,1
Stephenson_2021.MH8919283:2823,Invar,0
Stephenson_2021.MH8919283:2835,Invar,0
Stephenson_2021.MH8919283:2910,Invar,0
Stephenson_2021.MH8919283:2919,Invar,0
Stephenson_2021.MH8919283:2923,Invar,0
Stephenson_2021.MH8919283:2987,Invar,0
Stephenson_2021.MH8919283:2992,Invar,2
Stephenson_2021.MH8919283:3028,Invar,1
Stephenson_2021.MH8919283:3084,Invar,0
Stephenson_2021.MH8919283:3122,Invar,1
Stephenson_2021.MH8919283:3125,Invar,1
Stephenson_2021.MH8919283:3126,Invar,0
Stephenson_2021.MH8919283:3139,Invar,1
Stephenson_2021.MH8919283:3148,Invar,0
Stephenson_2021.MH8919283:3156,Invar,0
Stephenson_2021.MH8919283:3190,Invar,0
Stephenson_2021.MH8919283:3220,Invar,0
Stephenson_2021.MH8919283:3257,Invar,1
Stephenson_2021.MH8919283:3261,Invar,0
Stephenson_2021.MH8919283:3277,Invar,0
Stephenson_2021.MH8919283:3294,Invar,3
Stephenson_2021.MH8919283:3310,Invar,0
Stephenson_2021.MH8919283:3331,Invar,0
Stephenson_2021.MH8919283:3342,Invar,0
Stephenson_2021.MH8919283:3381,Invar,1
Stephenson_2021.MH8919283:3408,Invar,1
Stephenson_2021.MH8919283:3415,Invar,1
Stephenson_2021.MH8919283:3456,Invar,0
Stephenson_2021.MH8919283:3498,Invar,1
Stephenson_2021.MH8919283:3506,Invar,0
Stephenson_2021.MH8919283:3508,Invar,0
Stephenson_2021.MH8919283:3520,Invar,0
Stephenson_2021.MH8919283:3578,Invar,0
Stephenson_2021.MH8919283:3595,Invar,0
Stephenson_2021.MH8919283:3597,Invar,0
Stephenson_2021.MH8919283:3613,Invar,0
Stephenson_2021.MH8919283:3621,Invar,0
Stephenson_2021.MH8919283:3674,Invar,0
Stephenson_2021.MH8919283:3699,Invar,0
Stephenson_2021.MH8919283:3722,Invar,0
Stephenson_2021.MH8919283:3753,Invar,1
Stephenson_2021.MH8919283:3783,Invar,0
Stephenson_2021.MH8919283:3800,Invar,0
Stephenson_2021.MH8919283:3817,Invar,0
Stephenson_2021.MH8919283:3819,Invar,0
Stephenson_2021.MH8919283:3845,Invar,0
Stephenson_2021.MH8919283:3888,Invar,0
Stephenson_2021.MH8919283:3974,Invar,0
Stephenson_2021.MH8919283:4014,Invar,0
Stephenson_2021.MH8919283:4060,Invar,1
Stephenson_2021.MH8919283:4069,Invar,0
Stephenson_2021.MH8919283:4085,Invar,0
Stephenson_2021.MH8919283:4135,Invar,0
Stephenson_2021.MH8919283:4154,Invar,0
Stephenson_2021.MH8919283:4166,Invar,1
Stephenson_2021.MH8919283:4198,Invar,0
Stephenson_2021.MH8919283:4237,Invar,0
Stephenson_2021.MH8919283:4251,Invar,0
Stephenson_2021.MH8919283:4357,Invar,1
Stephenson_2021.MH8919283:4361,Invar,0
Stephenson_2021.MH8919283:4383,Invar,0
Stephenson_2021.MH8919283:4422,Invar,0
Stephenson_2021.MH8919283:4454,Invar,0
Stephenson_2021.MH8919283:4459,Invar,0
Stephenson_2021.MH8919283:4480,Invar,0
Stephenson_2021.MH8919283:4590,Invar,0
Stephenson_2021.MH8919283:4604,Invar,0
Stephenson_2021.MH8919283:4614,Invar,0
Stephenson_2021.MH8919283:4620,Invar,0
Stephenson_2021.MH8919283:4646,Invar,0
Stephenson_2021.MH8919283:4685,Invar,0
Stephenson_2021.MH8919283:4701,Invar,0
Stephenson_2021.MH8919283:4704,Invar,0
Stephenson_2021.MH8919283:4716,Invar,0
Stephenson_2021.MH8919283:4754,Invar,0
Stephenson_2021.MH8919283:4759,Invar,0
Stephenson_2021.MH8919283:4791,Invar,0
Stephenson_2021.MH8919283:4823,Invar,0
Stephenson_2021.MH8919283:4835,Invar,1
Stephenson_2021.MH8919283:4841,Invar,0
Stephenson_2021.MH8919283:4913,Invar,0
Stephenson_2021.MH8919283:4951,Invar,0
Stephenson_2021.MH8919283:5002,Invar,0
Stephenson_2021.MH8919283:5006,Invar,1
Stephenson_2021.MH8919283:5008,Invar,0
Stephenson_2021.MH8919283:5021,Invar,0
Stephenson_2021.MH8919283:5089,Invar,0
Stephenson_2021.MH8919283:5123,Invar,0
Stephenson_2021.MH8919283:5125,Invar,0
Stephenson_2021.MH8919283:5237,Invar,0
Stephenson_2021.MH8919283:5247,Invar,0
Stephenson_2021.MH8919283:5273,Invar,0
Stephenson_2021.MH8919283:5332,Invar,0
Stephenson_2021.MH8919283:5366,Invar,0
Stephenson_2021.MH8919283:5370,Invar,0
Stephenson_2021.MH8919283:5378,Invar,0
Stephenson_2021.MH8919283:5408,Invar,1
Stephenson_2021.MH8919283:5412,Invar,1
Stephenson_2021.MH8919283:5432,Invar,0
Stephenson_2021.MH8919283:5460,Invar,0
Stephenson_2021.MH8919283:5472,Invar,0
Stephenson_2021.MH8919283:5482,Invar,0
Stephenson_2021.MH8919283:5497,Invar,0
Stephenson_2021.MH8919283:5514,Invar,0
Stephenson_2021.MH8919283:5540,Invar,1
Stephenson_2021.MH8919283:5559,Invar,0
Stephenson_2021.MH8919283:5586,Invar,0
Stephenson_2021.MH8919283:5673,Invar,0
Stephenson_2021.MH8919283:5700,Invar,1
Stephenson_2021.MH8919283:5753,Invar,0
Stephenson_2021.MH8919283:5761,Invar,0
Stephenson_2021.MH8919283:5789,Invar,0
Stephenson_2021.MH8919283:5814,Invar,0
Stephenson_2021.MH8919283:5818,Invar,0
Stephenson_2021.MH8919283:5844,Invar,0
Stephenson_2021.MH8919283:5875,Invar,0
Stephenson_2021.MH8919283:5928,Invar,0
Stephenson_2021.MH8919283:5929,Invar,0
Stephenson_2021.MH8919283:5931,Invar,2
Stephenson_2021.MH8919283:5941,Invar,0
Stephenson_2021.MH8919283:5955,Invar,0
Stephenson_2021.MH8919283:5987,Invar,0
Stephenson_2021.MH8919283:5989,Invar,0
Stephenson_2021.MH8919283:6005,Invar,1
Stephenson_2021.MH8919283:6043,Invar,0
Stephenson_2021.MH8919283:6077,Invar,0
Stephenson_2021.MH8919283:6078,Invar,0
Stephenson_2021.MH8919283:6106,Invar,0
Stephenson_2021.MH8919283:6120,Invar,0
Stephenson_2021.MH8919283:6199,Invar,0
Stephenson_2021.MH8919283:6204,Invar,0
Stephenson_2021.MH8919283:6212,Invar,0
Stephenson_2021.MH8919283:6254,Invar,1
Stephenson_2021.MH8919283:6259,Invar,0
Stephenson_2021.MH8919283:6321,Invar,0
Stephenson_2021.MH8919283:6333,Invar,0
Stephenson_2021.MH8919283:6341,Invar,0
Stephenson_2021.MH8919283:6361,Invar,2
Stephenson_2021.MH8919283:6370,Invar,2
Stephenson_2021.MH8919283:6374,Invar,0
Stephenson_2021.MH8919283:6471,Invar,0
Stephenson_2021.MH8919283:6491,Invar,0
Stephenson_2021.MH8919283:6496,Invar,1
Stephenson_2021.MH8919283:6525,Invar,2
Stephenson_2021.MH8919283:6536,Invar,0
Stephenson_2021.MH8919283:6547,Invar,0
Stephenson_2021.MH8919283:6588,Invar,0
Stephenson_2021.MH8919283:6625,Invar,0
Stephenson_2021.MH8919283:6644,Invar,2
Stephenson_2021.MH8919283:6664,Invar,0
Stephenson_2021.MH8919283:6729,Invar,0
Stephenson_2021.MH8919283:6733,Invar,2
Stephenson_2021.MH8919283:6748,Invar,1
Stephenson_2021.MH8919283:6823,Invar,0
Stephenson_2021.MH8919283:6840,Invar,0
Stephenson_2021.MH8919283:6844,Invar,1
Stephenson_2021.MH8919283:6860,Invar,0
Stephenson_2021.MH8919283:6863,Invar,0
Stephenson_2021.MH8919283:6907,Invar,0
Stephenson_2021.MH8919283:6915,Invar,2
Stephenson_2021.MH8919283:6946,Invar,0
Stephenson_2021.MH8919283:6989,Invar,0
Stephenson_2021.MH8919283:6992,Invar,0
Stephenson_2021.MH8919283:7040,Invar,0
Stephenson_2021.MH8919283:7092,Invar,0
Stephenson_2021.MH8919178:32,Invar,0
Stephenson_2021.MH8919178:41,Invar,0
Stephenson_2021.MH8919178:47,Invar,0
Stephenson_2021.MH8919178:48,Invar,0
Stephenson_2021.MH8919178:62,Invar,0
Stephenson_2021.MH8919178:69,Invar,1
Stephenson_2021.MH8919178:73,Invar,0
Stephenson_2021.MH8919178:76,Invar,0
Stephenson_2021.MH8919178:99,Invar,1
Stephenson_2021.MH8919178:119,Invar,0
Stephenson_2021.MH8919178:125,Invar,0
Stephenson_2021.MH8919178:163,Invar,0
Stephenson_2021.MH8919178:165,Invar,0
Stephenson_2021.MH8919178:199,Invar,0
Stephenson_2021.MH8919178:202,Invar,0
Stephenson_2021.MH8919178:218,Invar,0
Stephenson_2021.MH8919178:223,Invar,1
Stephenson_2021.MH8919178:245,Invar,1
Stephenson_2021.MH8919178:264,Invar,0
Stephenson_2021.MH8919178:266,Invar,1
Stephenson_2021.MH8919178:343,Invar,0
Stephenson_2021.MH8919178:422,Invar,0
Stephenson_2021.MH8919178:466,Invar,1
Stephenson_2021.MH8919178:470,Invar,0
Stephenson_2021.MH8919178:479,Invar,2
Stephenson_2021.MH8919178:499,Invar,0
Stephenson_2021.MH8919178:510,Invar,0
Stephenson_2021.MH8919178:672,Invar,0
Stephenson_2021.MH8919178:675,Invar,0
Stephenson_2021.MH8919178:705,Invar,0
Stephenson_2021.MH8919178:726,Invar,1
Stephenson_2021.MH8919178:738,Invar,1
Stephenson_2021.MH8919178:743,Invar,0
Stephenson_2021.MH8919178:762,Invar,0
Stephenson_2021.MH8919178:794,Invar,0
Stephenson_2021.MH8919178:839,Invar,0
Stephenson_2021.MH8919178:842,Invar,0
Stephenson_2021.MH8919178:856,Invar,0
Stephenson_2021.MH8919178:861,Invar,1
Stephenson_2021.MH8919178:870,Invar,0
Stephenson_2021.MH8919178:883,Invar,0
Stephenson_2021.MH8919178:893,Invar,0
Stephenson_2021.MH8919178:909,Invar,0
Stephenson_2021.MH8919178:985,Invar,0
Stephenson_2021.MH8919178:992,Invar,1
Stephenson_2021.MH8919178:1015,Invar,0
Stephenson_2021.MH8919178:1019,Invar,0
Stephenson_2021.MH8919178:1020,Invar,0
Stephenson_2021.MH8919178:1026,Invar,1
Stephenson_2021.MH8919178:1027,Invar,0
Stephenson_2021.MH8919178:1030,Invar,0
Stephenson_2021.MH8919178:1042,Invar,0
Stephenson_2021.MH8919178:1050,Invar,0
Stephenson_2021.MH8919178:1103,Invar,0
Stephenson_2021.MH8919178:1104,Invar,0
Stephenson_2021.MH8919178:1119,Invar,0
Stephenson_2021.MH8919178:1169,Invar,0
Stephenson_2021.MH8919178:1171,Invar,0
Stephenson_2021.MH8919178:1208,Invar,0
Stephenson_2021.MH8919178:1210,Invar,0
Stephenson_2021.MH8919178:1211,Invar,0
Stephenson_2021.MH8919178:1230,Invar,0
Stephenson_2021.MH8919178:1249,Invar,1
Stephenson_2021.MH8919178:1259,Invar,0
Stephenson_2021.MH8919178:1260,Invar,0
Stephenson_2021.MH8919178:1270,Invar,1
Stephenson_2021.MH8919178:1344,Invar,0
Stephenson_2021.MH8919178:1366,Invar,0
Stephenson_2021.MH8919178:1370,Invar,1
Stephenson_2021.MH8919178:1407,Invar,0
Stephenson_2021.MH8919178:1462,Invar,0
Stephenson_2021.MH8919178:1511,Invar,1
Stephenson_2021.MH8919178:1520,Invar,0
Stephenson_2021.MH8919178:1553,Invar,1
Stephenson_2021.MH8919178:1560,Invar,0
Stephenson_2021.MH8919178:1572,Invar,1
Stephenson_2021.MH8919178:1574,Invar,0
Stephenson_2021.MH8919178:1578,Invar,0
Stephenson_2021.MH8919178:1613,Invar,0
Stephenson_2021.MH8919178:1625,Invar,0
Stephenson_2021.MH8919178:1627,Invar,1
Stephenson_2021.MH8919178:1635,Invar,0
Stephenson_2021.MH8919178:1644,Invar,0
Stephenson_2021.MH8919178:1647,Invar,0
Stephenson_2021.MH8919178:1664,Invar,1
Stephenson_2021.MH8919178:1671,Invar,0
Stephenson_2021.MH8919178:1672,Invar,0
Stephenson_2021.MH8919178:1689,Invar,0
Stephenson_2021.MH8919178:1708,Invar,0
Stephenson_2021.MH8919178:1745,Invar,0
Stephenson_2021.MH8919178:1783,Invar,0
Stephenson_2021.MH8919178:1820,Invar,1
Stephenson_2021.MH8919178:1825,Invar,0
Stephenson_2021.MH8919178:1829,Invar,0
Stephenson_2021.MH8919178:1849,Invar,0
Stephenson_2021.MH8919178:1889,Invar,0
Stephenson_2021.MH8919178:1934,Invar,2
Stephenson_2021.MH8919178:1969,Invar,0
Stephenson_2021.MH8919178:1976,Invar,1
Stephenson_2021.MH8919178:1977,Invar,0
Stephenson_2021.MH8919178:1998,Invar,0
Stephenson_2021.MH8919178:2007,Invar,0
Stephenson_2021.MH8919178:2012,Invar,1
Stephenson_2021.MH8919178:2031,Invar,0
Stephenson_2021.MH8919178:2046,Invar,2
Stephenson_2021.MH8919178:2051,Invar,0
Stephenson_2021.MH8919178:2053,Invar,0
Stephenson_2021.MH8919178:2064,Invar,0
Stephenson_2021.MH8919178:2076,Invar,0
Stephenson_2021.MH8919178:2097,Invar,0
Stephenson_2021.MH8919178:2101,Invar,0
Stephenson_2021.MH8919178:2110,Invar,0
Stephenson_2021.MH8919178:2111,Invar,0
Stephenson_2021.MH8919178:2134,Invar,0
Stephenson_2021.MH8919178:2161,Invar,0
Stephenson_2021.MH8919178:2166,Invar,0
Stephenson_2021.MH8919178:2195,Invar,0
Stephenson_2021.MH8919178:2214,Invar,0
Stephenson_2021.MH8919178:2225,Invar,0
Stephenson_2021.MH8919178:2227,Invar,1
Stephenson_2021.MH8919178:2252,Invar,1
Stephenson_2021.MH8919178:2259,Invar,1
Stephenson_2021.MH8919178:2294,Invar,0
Stephenson_2021.MH8919178:2296,Invar,0
Stephenson_2021.MH8919178:2310,Invar,0
Stephenson_2021.MH8919178:2317,Invar,0
Stephenson_2021.MH8919178:2354,Invar,1
Stephenson_2021.MH8919178:2374,Invar,1
Stephenson_2021.MH8919178:2396,Invar,0
Stephenson_2021.MH8919178:2429,Invar,0
Stephenson_2021.MH8919178:2433,Invar,0
Stephenson_2021.MH8919178:2481,Invar,0
Stephenson_2021.MH8919178:2495,Invar,0
Stephenson_2021.MH8919178:2504,Invar,0
Stephenson_2021.MH8919178:2508,Invar,0
Stephenson_2021.MH8919178:2533,Invar,1
Stephenson_2021.MH8919178:2548,Invar,0
Stephenson_2021.MH8919178:2549,Invar,0
Stephenson_2021.MH8919178:2552,Invar,1
Stephenson_2021.MH8919178:2570,Invar,0
Stephenson_2021.MH8919178:2576,Invar,0
Stephenson_2021.MH8919178:2582,Invar,0
Stephenson_2021.MH8919178:2621,Invar,1
Stephenson_2021.MH8919178:2638,Invar,0
Stephenson_2021.MH8919178:2646,Invar,1
Stephenson_2021.MH8919178:2649,Invar,1
Stephenson_2021.MH8919178:2718,Invar,0
Stephenson_2021.MH8919178:2742,Invar,0
Stephenson_2021.MH8919178:2795,Invar,0
Stephenson_2021.MH8919178:2801,Invar,0
Stephenson_2021.MH8919178:2803,Invar,0
Stephenson_2021.MH8919178:2805,Invar,0
Stephenson_2021.MH8919178:2806,Invar,0
Stephenson_2021.MH8919178:2815,Invar,0
Stephenson_2021.MH8919178:2817,Invar,0
Stephenson_2021.MH8919178:2818,Invar,0
Stephenson_2021.MH8919178:2860,Invar,0
Stephenson_2021.MH8919178:2862,Invar,0
Stephenson_2021.MH8919178:2890,Invar,0
Stephenson_2021.MH8919178:2901,Invar,0
Stephenson_2021.MH8919178:2930,Invar,0
Stephenson_2021.MH8919178:2936,Invar,0
Stephenson_2021.MH8919178:2946,Invar,0
Stephenson_2021.MH8919178:2951,Invar,0
Stephenson_2021.MH8919178:2960,Invar,1
Stephenson_2021.MH8919178:2993,Invar,0
Stephenson_2021.MH8919178:2997,Invar,0
Stephenson_2021.MH8919178:3041,Invar,0
Stephenson_2021.MH8919178:3066,Invar,0
Stephenson_2021.MH8919178:3071,Invar,0
Stephenson_2021.MH8919178:3077,Invar,1
Stephenson_2021.MH8919178:3102,Invar,1
Stephenson_2021.MH8919178:3114,Invar,0
Stephenson_2021.MH8919178:3117,Invar,1
Stephenson_2021.MH8919178:3125,Invar,0
Stephenson_2021.MH8919178:3176,Invar,0
Stephenson_2021.MH8919178:3261,Invar,0
Stephenson_2021.MH8919178:3290,Invar,0
Stephenson_2021.MH8919178:3324,Invar,0
Stephenson_2021.MH8919178:3342,Invar,0
Stephenson_2021.MH8919178:3355,Invar,0
Stephenson_2021.MH8919178:3371,Invar,0
Stephenson_2021.MH8919178:3377,Invar,1
Stephenson_2021.MH8919178:3380,Invar,0
Stephenson_2021.MH8919178:3388,Invar,0
Stephenson_2021.MH8919178:3397,Invar,0
Stephenson_2021.MH8919178:3414,Invar,0
Stephenson_2021.MH8919178:3423,Invar,0
Stephenson_2021.MH8919178:3427,Invar,0
Stephenson_2021.MH8919178:3442,Invar,0
Stephenson_2021.MH8919178:3444,Invar,0
Stephenson_2021.MH8919178:3453,Invar,0
Stephenson_2021.MH8919178:3461,Invar,0
Stephenson_2021.MH8919178:3474,Invar,0
Stephenson_2021.MH8919178:3484,Invar,1
Stephenson_2021.MH8919178:3496,Invar,0
Stephenson_2021.MH8919178:3510,Invar,0
Stephenson_2021.MH8919178:3534,Invar,0
Stephenson_2021.MH8919178:3540,Invar,0
Stephenson_2021.MH8919178:3550,Invar,0
Stephenson_2021.MH8919178:3553,Invar,1
Stephenson_2021.MH8919178:3580,Invar,1
Stephenson_2021.MH8919178:3583,Invar,0
Stephenson_2021.MH8919178:3599,Invar,0
Stephenson_2021.MH8919178:3610,Invar,0
Stephenson_2021.MH8919178:3614,Invar,0
Stephenson_2021.MH8919178:3627,Invar,1
Stephenson_2021.MH8919178:3646,Invar,0
Stephenson_2021.MH8919178:3659,Invar,0
Stephenson_2021.MH8919178:3666,Invar,0
Stephenson_2021.MH8919178:3696,Invar,0
Stephenson_2021.MH8919178:3701,Invar,0
Stephenson_2021.MH8919178:3721,Invar,0
Stephenson_2021.MH8919178:3722,Invar,0
Stephenson_2021.MH8919178:3737,Invar,2
Stephenson_2021.MH8919178:3758,Invar,0
Stephenson_2021.MH8919178:3773,Invar,1
Stephenson_2021.MH8919178:3780,Invar,1
Stephenson_2021.MH8919178:3791,Invar,0
Stephenson_2021.MH8919178:3801,Invar,0
Stephenson_2021.MH8919178:3820,Invar,0
Stephenson_2021.MH8919178:3843,Invar,0
Stephenson_2021.MH8919178:3881,Invar,1
Stephenson_2021.MH8919178:3905,Invar,1
Stephenson_2021.MH8919178:3914,Invar,0
Stephenson_2021.MH8919178:3923,Invar,0
Stephenson_2021.MH8919178:3928,Invar,0
Stephenson_2021.MH8919178:3947,Invar,0
Stephenson_2021.MH8919178:3974,Invar,0
Stephenson_2021.MH8919178:3975,Invar,0
Stephenson_2021.MH8919178:3984,Invar,0
Stephenson_2021.MH8919178:3993,Invar,0
Stephenson_2021.MH8919178:4037,Invar,0
Stephenson_2021.MH8919178:4066,Invar,0
Stephenson_2021.MH8919178:4068,Invar,0
Stephenson_2021.MH8919178:4084,Invar,1
Stephenson_2021.MH8919178:4094,Invar,0
Stephenson_2021.MH8919178:4101,Invar,0
Stephenson_2021.MH8919178:4106,Invar,0
Stephenson_2021.MH8919178:4142,Invar,0
Stephenson_2021.MH8919178:4166,Invar,1
Stephenson_2021.MH8919178:4187,Invar,0
Stephenson_2021.MH8919178:4188,Invar,0
Stephenson_2021.MH8919178:4199,Invar,0
Stephenson_2021.MH8919178:4226,Invar,0
Stephenson_2021.MH8919178:4246,Invar,1
Stephenson_2021.MH8919178:4267,Invar,1
Stephenson_2021.MH8919178:4305,Invar,1
Stephenson_2021.MH8919178:4371,Invar,0
Stephenson_2021.MH8919178:4373,Invar,0
Stephenson_2021.MH8919178:4382,Invar,0
Stephenson_2021.MH8919178:4397,Invar,0
Stephenson_2021.MH8919178:4402,Invar,2
Stephenson_2021.MH8919178:4410,Invar,0
Stephenson_2021.MH8919178:4412,Invar,0
Stephenson_2021.MH8919178:4448,Invar,0
Stephenson_2021.MH8919178:4472,Invar,0
Stephenson_2021.MH8919178:4493,Invar,0
Stephenson_2021.MH8919178:4501,Invar,0
Stephenson_2021.MH8919178:4528,Invar,1
Stephenson_2021.MH8919178:4529,Invar,0
Stephenson_2021.MH8919178:4541,Invar,0
Stephenson_2021.MH8919178:4617,Invar,0
Stephenson_2021.MH8919178:4647,Invar,0
Stephenson_2021.MH8919178:4652,Invar,0
Stephenson_2021.MH8919178:4683,Invar,0
Stephenson_2021.MH8919178:4717,Invar,1
Stephenson_2021.MH8919178:4732,Invar,0
Stephenson_2021.MH8919178:4747,Invar,0
Stephenson_2021.MH8919178:4775,Invar,0
Stephenson_2021.MH8919178:4778,Invar,1
Stephenson_2021.MH8919178:4798,Invar,0
Stephenson_2021.MH8919178:4817,Invar,0
Stephenson_2021.MH8919178:4860,Invar,0
Stephenson_2021.MH8919178:4899,Invar,1
Stephenson_2021.MH8919178:4913,Invar,0
Stephenson_2021.MH8919178:4925,Invar,3
Stephenson_2021.MH8919178:4928,Invar,1
Stephenson_2021.MH8919178:4949,Invar,1
Stephenson_2021.MH8919178:4963,Invar,0
Stephenson_2021.MH8919178:4967,Invar,0
Stephenson_2021.MH8919178:4977,Invar,1
Stephenson_2021.MH8919178:4980,Invar,0
Stephenson_2021.MH8919178:4995,Invar,0
Stephenson_2021.MH8919178:5007,Invar,0
Stephenson_2021.MH8919178:5020,Invar,0
Stephenson_2021.MH8919178:5054,Invar,0
Stephenson_2021.MH8919178:5079,Invar,1
Stephenson_2021.MH8919178:5097,Invar,0
Stephenson_2021.MH8919178:5141,Invar,0
Stephenson_2021.MH8919178:5153,Invar,0
Stephenson_2021.MH8919178:5195,Invar,0
Stephenson_2021.MH8919178:5208,Invar,0
Stephenson_2021.MH8919178:5260,Invar,0
Stephenson_2021.MH8919178:5265,Invar,0
Stephenson_2021.MH8919178:5274,Invar,0
Stephenson_2021.MH8919178:5291,Invar,0
Stephenson_2021.MH8919178:5305,Invar,0
Stephenson_2021.MH8919178:5325,Invar,0
Stephenson_2021.MH8919178:5330,Invar,0
Stephenson_2021.MH8919178:5337,Invar,1
Stephenson_2021.MH8919178:5338,Invar,0
Stephenson_2021.MH8919178:5341,Invar,0
Stephenson_2021.MH8919178:5397,Invar,0
Stephenson_2021.MH8919178:5406,Invar,1
Stephenson_2021.MH8919178:5417,Invar,0
Stephenson_2021.MH8919178:5423,Invar,0
Stephenson_2021.MH8919178:5429,Invar,0
Stephenson_2021.MH8919178:5439,Invar,0
Stephenson_2021.MH8919178:5531,Invar,0
Stephenson_2021.MH8919178:5540,Invar,0
Stephenson_2021.MH8919178:5575,Invar,0
Stephenson_2021.MH8919178:5646,Invar,0
Stephenson_2021.MH8919178:5660,Invar,0
Stephenson_2021.MH8919178:5662,Invar,0
Stephenson_2021.MH8919178:5714,Invar,0
Stephenson_2021.MH8919178:5717,Invar,0
Stephenson_2021.MH8919178:5790,Invar,0
Stephenson_2021.MH8919178:5813,Invar,0
Stephenson_2021.MH8919178:5815,Invar,0
Stephenson_2021.MH8919178:5833,Invar,0
Stephenson_2021.MH8919178:5844,Invar,1
Stephenson_2021.MH8919178:5897,Invar,0
Stephenson_2021.MH8919178:5909,Invar,0
Stephenson_2021.MH8919178:5915,Invar,0
Stephenson_2021.MH8919178:5925,Invar,0
Stephenson_2021.MH8919178:5939,Invar,0
Stephenson_2021.MH8919178:5982,Invar,0
Stephenson_2021.MH8919178:5991,Invar,0
Stephenson_2021.MH8919178:6006,Invar,0
Stephenson_2021.MH8919178:6063,Invar,0
Stephenson_2021.MH8919178:6077,Invar,0
Stephenson_2021.MH8919178:6079,Invar,0
Stephenson_2021.MH8919178:6092,Invar,0
Stephenson_2021.MH8919178:6118,Invar,0
Stephenson_2021.MH8919178:6133,Invar,0
Stephenson_2021.MH8919178:6139,Invar,0
Stephenson_2021.MH8919178:6161,Invar,0
Stephenson_2021.MH8919178:6172,Invar,0
Stephenson_2021.MH8919178:6214,Invar,0
Stephenson_2021.MH8919178:6217,Invar,1
Stephenson_2021.MH8919178:6223,Invar,1
Stephenson_2021.MH8919178:6265,Invar,0
Stephenson_2021.MH8919178:6278,Invar,0
Stephenson_2021.MH8919178:6292,Invar,0
Stephenson_2021.MH8919178:6300,Invar,0
Stephenson_2021.MH8919178:6311,Invar,0
Stephenson_2021.MH8919178:6317,Invar,0
Stephenson_2021.MH8919178:6323,Invar,1
Stephenson_2021.MH8919178:6329,Invar,0
Stephenson_2021.MH8919178:6346,Invar,0
Stephenson_2021.MH8919178:6352,Invar,0
Stephenson_2021.MH8919178:6436,Invar,0
Stephenson_2021.MH8919178:6475,Invar,0
Stephenson_2021.MH8919178:6517,Invar,1
Stephenson_2021.MH8919178:6534,Invar,0
Stephenson_2021.MH8919178:6539,Invar,1
Stephenson_2021.MH8919178:6562,Invar,0
Stephenson_2021.MH8919178:6588,Invar,0
Stephenson_2021.MH8919178:6597,Invar,0
Stephenson_2021.MH8919178:6677,Invar,0
Stephenson_2021.MH8919178:6690,Invar,0
Stephenson_2021.MH8919178:6707,Invar,0
Stephenson_2021.MH8919178:6738,Invar,0
Stephenson_2021.MH8919178:6747,Invar,0
Stephenson_2021.MH8919178:6766,Invar,0
Stephenson_2021.MH8919178:6789,Invar,0
Stephenson_2021.MH8919178:6840,Invar,0
Stephenson_2021.MH8919178:6847,Invar,0
Stephenson_2021.MH8919178:6851,Invar,0
Stephenson_2021.MH8919178:6865,Invar,0
Stephenson_2021.MH8919178:6884,Invar,0
Stephenson_2021.MH8919178:6887,Invar,0
Stephenson_2021.MH8919178:6893,Invar,0
Stephenson_2021.MH8919178:6914,Invar,0
Stephenson_2021.MH8919178:6918,Invar,0
Stephenson_2021.MH8919178:6942,Invar,0
Stephenson_2021.MH8919178:6945,Invar,0
Stephenson_2021.MH8919178:6947,Invar,0
Stephenson_2021.MH8919178:7007,Invar,0
Stephenson_2021.MH8919178:7014,Invar,0
Stephenson_2021.MH8919177:314,Invar,0
Stephenson_2021.MH8919177:320,Invar,0
Stephenson_2021.MH8919177:323,Invar,0
Stephenson_2021.MH8919177:331,Invar,0
Stephenson_2021.MH8919177:357,Invar,0
Stephenson_2021.MH8919177:359,Invar,0
Stephenson_2021.MH8919177:408,Invar,0
Stephenson_2021.MH8919177:438,Invar,0
Stephenson_2021.MH8919177:513,Invar,0
Stephenson_2021.MH8919177:787,Invar,0
Stephenson_2021.MH8919177:799,Invar,0
Stephenson_2021.MH8919177:1192,Invar,0
Stephenson_2021.MH8919177:1452,Invar,0
Stephenson_2021.MH8919177:1502,Invar,0
Stephenson_2021.MH8919177:1507,Invar,0
Stephenson_2021.MH8919177:1595,Invar,0
Stephenson_2021.MH8919177:1611,Invar,0
Stephenson_2021.MH8919177:1706,Invar,0
Stephenson_2021.MH8919177:1901,Invar,0
Stephenson_2021.MH8919177:1910,Invar,0
Stephenson_2021.MH8919177:1943,Invar,0
Stephenson_2021.MH8919177:2172,Invar,0
Stephenson_2021.MH8919176:1,Invar,1
Stephenson_2021.MH8919176:10,Invar,1
Stephenson_2021.MH8919176:25,Invar,0
Stephenson_2021.MH8919176:30,Invar,0
Stephenson_2021.MH8919176:44,Invar,0
Stephenson_2021.MH8919176:47,Invar,1
Stephenson_2021.MH8919176:51,Invar,0
Stephenson_2021.MH8919176:58,Invar,0
Stephenson_2021.MH8919176:66,Invar,1
Stephenson_2021.MH8919176:79,Invar,1
Stephenson_2021.MH8919176:88,Invar,0
Stephenson_2021.MH8919176:89,Invar,1
Stephenson_2021.MH8919176:92,Invar,1
Stephenson_2021.MH8919176:108,Invar,0
Stephenson_2021.MH8919176:110,Invar,0
Stephenson_2021.MH8919176:112,Invar,1
Stephenson_2021.MH8919176:114,Invar,1
Stephenson_2021.MH8919176:115,Invar,0
Stephenson_2021.MH8919176:125,Invar,0
Stephenson_2021.MH8919176:128,Invar,1
Stephenson_2021.MH8919176:134,Invar,1
Stephenson_2021.MH8919176:148,Invar,1
Stephenson_2021.MH8919176:153,Invar,1
Stephenson_2021.MH8919176:160,Invar,0
Stephenson_2021.MH8919176:167,Invar,0
Stephenson_2021.MH8919176:176,Invar,1
Stephenson_2021.MH8919176:187,Invar,0
Stephenson_2021.MH8919176:202,Invar,0
Stephenson_2021.MH8919176:214,Invar,1
Stephenson_2021.MH8919176:216,Invar,0
Stephenson_2021.MH8919176:222,Invar,1
Stephenson_2021.MH8919176:224,Invar,1
Stephenson_2021.MH8919176:228,Invar,0
Stephenson_2021.MH8919176:231,Invar,0
Stephenson_2021.MH8919176:235,Invar,1
Stephenson_2021.MH8919176:246,Invar,1
Stephenson_2021.MH8919176:256,Invar,0
Stephenson_2021.MH8919176:265,Invar,1
Stephenson_2021.MH8919176:267,Invar,1
Stephenson_2021.MH8919176:268,Invar,1
Stephenson_2021.MH8919176:270,Invar,1
Stephenson_2021.MH8919176:272,Invar,0
Stephenson_2021.MH8919176:274,Invar,0
Stephenson_2021.MH8919176:288,Invar,1
Stephenson_2021.MH8919176:293,Invar,1
Stephenson_2021.MH8919176:295,Invar,0
Stephenson_2021.MH8919176:297,Invar,0
Stephenson_2021.MH8919176:300,Invar,1
Stephenson_2021.MH8919176:302,Invar,0
Stephenson_2021.MH8919176:303,Invar,1
Stephenson_2021.MH8919176:322,Invar,0
Stephenson_2021.MH8919176:323,Invar,0
Stephenson_2021.MH8919176:324,Invar,1
Stephenson_2021.MH8919176:330,Invar,0
Stephenson_2021.MH8919176:334,Invar,0
Stephenson_2021.MH8919176:337,Invar,0
Stephenson_2021.MH8919176:340,Invar,0
Stephenson_2021.MH8919176:348,Invar,0
Stephenson_2021.MH8919176:352,Invar,1
Stephenson_2021.MH8919176:363,Invar,1
Stephenson_2021.MH8919176:375,Invar,1
Stephenson_2021.MH8919176:396,Invar,0
Stephenson_2021.MH8919176:399,Invar,1
Stephenson_2021.MH8919176:401,Invar,0
Stephenson_2021.MH8919176:403,Invar,1
Stephenson_2021.MH8919176:406,Invar,0
Stephenson_2021.MH8919176:407,Invar,0
Stephenson_2021.MH8919176:409,Invar,1
Stephenson_2021.MH8919176:411,Invar,3
Stephenson_2021.MH8919176:412,Invar,1
Stephenson_2021.MH8919176:413,Invar,1
Stephenson_2021.MH8919176:429,Invar,0
Stephenson_2021.MH8919176:438,Invar,1
Stephenson_2021.MH8919176:439,Invar,1
Stephenson_2021.MH8919176:442,Invar,1
Stephenson_2021.MH8919176:453,Invar,1
Stephenson_2021.MH8919176:454,Invar,0
Stephenson_2021.MH8919176:458,Invar,0
Stephenson_2021.MH8919176:468,Invar,1
Stephenson_2021.MH8919176:477,Invar,1
Stephenson_2021.MH8919176:480,Invar,1
Stephenson_2021.MH8919176:488,Invar,1
Stephenson_2021.MH8919176:492,Invar,0
Stephenson_2021.MH8919176:496,Invar,1
Stephenson_2021.MH8919176:500,Invar,0
Stephenson_2021.MH8919176:504,Invar,1
Stephenson_2021.MH8919176:511,Invar,0
Stephenson_2021.MH8919176:516,Invar,0
Stephenson_2021.MH8919176:519,Invar,1
Stephenson_2021.MH8919176:522,Invar,1
Stephenson_2021.MH8919176:533,Invar,1
Stephenson_2021.MH8919176:542,Invar,1
Stephenson_2021.MH8919176:543,Invar,0
Stephenson_2021.MH8919176:560,Invar,0
Stephenson_2021.MH8919176:569,Invar,1
Stephenson_2021.MH8919176:571,Invar,0
Stephenson_2021.MH8919176:574,Invar,0
Stephenson_2021.MH8919176:585,Invar,0
Stephenson_2021.MH8919176:591,Invar,1
Stephenson_2021.MH8919176:592,Invar,0
Stephenson_2021.MH8919176:597,Invar,1
Stephenson_2021.MH8919176:602,Invar,1
Stephenson_2021.MH8919176:604,Invar,1
Stephenson_2021.MH8919176:611,Invar,1
Stephenson_2021.MH8919176:628,Invar,1
Stephenson_2021.MH8919176:632,Invar,0
Stephenson_2021.MH8919176:634,Invar,1
Stephenson_2021.MH8919176:637,Invar,1
Stephenson_2021.MH8919176:644,Invar,0
Stephenson_2021.MH8919176:648,Invar,1
Stephenson_2021.MH8919176:655,Invar,0
Stephenson_2021.MH8919176:664,Invar,1
Stephenson_2021.MH8919176:665,Invar,0
Stephenson_2021.MH8919176:684,Invar,1
Stephenson_2021.MH8919176:702,Invar,0
Stephenson_2021.MH8919176:727,Invar,1
Stephenson_2021.MH8919176:736,Invar,0
Stephenson_2021.MH8919176:750,Invar,0
Stephenson_2021.MH8919176:759,Invar,0
Stephenson_2021.MH8919176:764,Invar,1
Stephenson_2021.MH8919176:767,Invar,0
Stephenson_2021.MH8919176:769,Invar,1
Stephenson_2021.MH8919176:780,Invar,0
Stephenson_2021.MH8919176:786,Invar,1
Stephenson_2021.MH8919176:826,Invar,1
Stephenson_2021.MH8919176:828,Invar,1
Stephenson_2021.MH8919176:833,Invar,0
Stephenson_2021.MH8919176:838,Invar,0
Stephenson_2021.MH8919176:841,Invar,0
Stephenson_2021.MH8919176:850,Invar,0
Stephenson_2021.MH8919176:852,Invar,1
Stephenson_2021.MH8919176:855,Invar,0
Stephenson_2021.MH8919176:862,Invar,1
Stephenson_2021.MH8919176:871,Invar,1
Stephenson_2021.MH8919176:876,Invar,1
Stephenson_2021.MH8919176:898,Invar,1
Stephenson_2021.MH8919176:905,Invar,1
Stephenson_2021.MH8919176:911,Invar,1
Stephenson_2021.MH8919176:932,Invar,0
Stephenson_2021.MH8919176:937,Invar,0
Stephenson_2021.MH8919176:941,Invar,1
Stephenson_2021.MH8919176:959,Invar,1
Stephenson_2021.MH8919176:960,Invar,3
Stephenson_2021.MH8919176:966,Invar,0
Stephenson_2021.MH8919176:969,Invar,1
Stephenson_2021.MH8919176:971,Invar,1
Stephenson_2021.MH8919176:975,Invar,1
Stephenson_2021.MH8919176:981,Invar,0
Stephenson_2021.MH8919176:989,Invar,1
Stephenson_2021.MH8919176:1007,Invar,0
Stephenson_2021.MH8919176:1008,Invar,1
Stephenson_2021.MH8919176:1010,Invar,1
Stephenson_2021.MH8919176:1014,Invar,0
Stephenson_2021.MH8919176:1016,Invar,1
Stephenson_2021.MH8919176:1020,Invar,0
Stephenson_2021.MH8919176:1021,Invar,1
Stephenson_2021.MH8919176:1036,Invar,0
Stephenson_2021.MH8919176:1040,Invar,0
Stephenson_2021.MH8919176:1041,Invar,1
Stephenson_2021.MH8919176:1047,Invar,0
Stephenson_2021.MH8919176:1065,Invar,0
Stephenson_2021.MH8919176:1073,Invar,1
Stephenson_2021.MH8919176:1074,Invar,1
Stephenson_2021.MH8919176:1079,Invar,0
Stephenson_2021.MH8919176:1088,Invar,0
Stephenson_2021.MH8919176:1091,Invar,0
Stephenson_2021.MH8919176:1092,Invar,0
Stephenson_2021.MH8919176:1094,Invar,1
Stephenson_2021.MH8919176:1109,Invar,0
Stephenson_2021.MH8919176:1112,Invar,0
Stephenson_2021.MH8919176:1115,Invar,1
Stephenson_2021.MH8919176:1118,Invar,1
Stephenson_2021.MH8919176:1120,Invar,1
Stephenson_2021.MH8919176:1126,Invar,0
Stephenson_2021.MH8919176:1129,Invar,1
Stephenson_2021.MH8919176:1141,Invar,1
Stephenson_2021.MH8919176:1157,Invar,1
Stephenson_2021.MH8919176:1160,Invar,1
Stephenson_2021.MH8919176:1171,Invar,1
Stephenson_2021.MH8919176:1175,Invar,2
Stephenson_2021.MH8919176:1179,Invar,0
Stephenson_2021.MH8919176:1180,Invar,1
Stephenson_2021.MH8919176:1181,Invar,0
Stephenson_2021.MH8919176:1191,Invar,1
Stephenson_2021.MH8919176:1208,Invar,1
Stephenson_2021.MH8919176:1213,Invar,0
Stephenson_2021.MH8919176:1235,Invar,1
Stephenson_2021.MH8919176:1265,Invar,0
Stephenson_2021.MH8919176:1285,Invar,0
Stephenson_2021.MH8919176:1294,Invar,0
Stephenson_2021.MH8919176:1295,Invar,0
Stephenson_2021.MH8919176:1302,Invar,1
Stephenson_2021.MH8919176:1303,Invar,1
Stephenson_2021.MH8919176:1308,Invar,1
Stephenson_2021.MH8919176:1330,Invar,0
Stephenson_2021.MH8919176:1338,Invar,1
Stephenson_2021.MH8919176:1341,Invar,0
Stephenson_2021.MH8919176:1355,Invar,0
Stephenson_2021.MH8919176:1357,Invar,1
Stephenson_2021.MH8919176:1359,Invar,1
Stephenson_2021.MH8919176:1376,Invar,1
Stephenson_2021.MH8919176:1378,Invar,0
Stephenson_2021.MH8919176:1379,Invar,1
Stephenson_2021.MH8919176:1387,Invar,1
Stephenson_2021.MH8919176:1398,Invar,0
Stephenson_2021.MH8919176:1401,Invar,0
Stephenson_2021.MH8919176:1410,Invar,0
Stephenson_2021.MH8919176:1417,Invar,0
Stephenson_2021.MH8919176:1418,Invar,1
Stephenson_2021.MH8919176:1428,Invar,0
Stephenson_2021.MH8919176:1432,Invar,0
Stephenson_2021.MH8919176:1433,Invar,1
Stephenson_2021.MH8919176:1438,Invar,1
Stephenson_2021.MH8919176:1440,Invar,0
Stephenson_2021.MH8919176:1441,Invar,0
Stephenson_2021.MH8919176:1457,Invar,0
Stephenson_2021.MH8919176:1466,Invar,0
Stephenson_2021.MH8919176:1473,Invar,1
Stephenson_2021.MH8919176:1474,Invar,1
Stephenson_2021.MH8919176:1475,Invar,0
Stephenson_2021.MH8919176:1483,Invar,0
Stephenson_2021.MH8919176:1484,Invar,0
Stephenson_2021.MH8919176:1495,Invar,0
Stephenson_2021.MH8919176:1496,Invar,1
Stephenson_2021.MH8919176:1502,Invar,1
Stephenson_2021.MH8919176:1504,Invar,1
Stephenson_2021.MH8919176:1520,Invar,0
Stephenson_2021.MH8919176:1522,Invar,1
Stephenson_2021.MH8919176:1526,Invar,0
Stephenson_2021.MH8919176:1531,Invar,0
Stephenson_2021.MH8919176:1542,Invar,1
Stephenson_2021.MH8919176:1557,Invar,0
Stephenson_2021.MH8919176:1565,Invar,0
Stephenson_2021.MH8919176:1569,Invar,1
Stephenson_2021.MH8919176:1574,Invar,1
Stephenson_2021.MH8919176:1575,Invar,0
Stephenson_2021.MH8919176:1577,Invar,0
Stephenson_2021.MH8919176:1582,Invar,1
Stephenson_2021.MH8919176:1594,Invar,1
Stephenson_2021.MH8919176:1595,Invar,0
Stephenson_2021.MH8919176:1601,Invar,1
Stephenson_2021.MH8919176:1602,Invar,1
Stephenson_2021.MH8919176:1603,Invar,1
Stephenson_2021.MH8919176:1604,Invar,1
Stephenson_2021.MH8919176:1612,Invar,0
Stephenson_2021.MH8919176:1618,Invar,1
Stephenson_2021.MH8919176:1630,Invar,1
Stephenson_2021.MH8919176:1657,Invar,1
Stephenson_2021.MH8919176:1672,Invar,0
Stephenson_2021.MH8919176:1682,Invar,1
Stephenson_2021.MH8919176:1687,Invar,0
Stephenson_2021.MH8919176:1691,Invar,1
Stephenson_2021.MH8919176:1697,Invar,0
Stephenson_2021.MH8919176:1700,Invar,0
Stephenson_2021.MH8919176:1709,Invar,0
Stephenson_2021.MH8919176:1723,Invar,1
Stephenson_2021.MH8919176:1741,Invar,0
Stephenson_2021.MH8919176:1744,Invar,0
Stephenson_2021.MH8919176:1752,Invar,1
Stephenson_2021.MH8919176:1758,Invar,0
Stephenson_2021.MH8919176:1773,Invar,0
Stephenson_2021.MH8919176:1778,Invar,0
Stephenson_2021.MH8919176:1783,Invar,0
Stephenson_2021.MH8919176:1784,Invar,0
Stephenson_2021.MH8919176:1788,Invar,1
Stephenson_2021.MH8919176:1790,Invar,0
Stephenson_2021.MH8919176:1811,Invar,0
Stephenson_2021.MH8919176:1824,Invar,1
Stephenson_2021.MH8919176:1827,Invar,1
Stephenson_2021.MH8919176:1833,Invar,0
Stephenson_2021.MH8919176:1846,Invar,1
Stephenson_2021.MH8919176:1849,Invar,1
Stephenson_2021.MH8919176:1868,Invar,0
Stephenson_2021.MH8919176:1872,Invar,0
Stephenson_2021.MH8919176:1873,Invar,0
Stephenson_2021.MH8919176:1880,Invar,1
Stephenson_2021.MH8919176:1881,Invar,1
Stephenson_2021.MH8919176:1885,Invar,0
Stephenson_2021.MH8919176:1887,Invar,0
Stephenson_2021.MH8919176:1900,Invar,1
Stephenson_2021.MH8919176:1903,Invar,0
Stephenson_2021.MH8919176:1910,Invar,0
Stephenson_2021.MH8919176:1912,Invar,1
Stephenson_2021.MH8919176:1917,Invar,0
Stephenson_2021.MH8919176:1918,Invar,0
Stephenson_2021.MH8919176:1921,Invar,0
Stephenson_2021.MH8919176:1923,Invar,0
Stephenson_2021.MH8919176:1926,Invar,1
Stephenson_2021.MH8919176:1940,Invar,1
Stephenson_2021.MH8919176:1942,Invar,1
Stephenson_2021.MH8919176:1954,Invar,0
Stephenson_2021.MH8919176:1956,Invar,1
Stephenson_2021.MH8919176:1965,Invar,1
Stephenson_2021.MH8919176:1970,Invar,0
Stephenson_2021.MH8919176:1973,Invar,1
Stephenson_2021.MH8919176:1976,Invar,1
Stephenson_2021.MH8919176:1988,Invar,0
Stephenson_2021.MH8919176:1997,Invar,1
Stephenson_2021.MH8919176:2000,Invar,1
Stephenson_2021.MH8919176:2002,Invar,0
Stephenson_2021.MH8919176:2009,Invar,0
Stephenson_2021.MH8919176:2020,Invar,1
Stephenson_2021.MH8919176:2037,Invar,1
Stephenson_2021.MH8919176:2043,Invar,0
Stephenson_2021.MH8919176:2044,Invar,0
Stephenson_2021.MH8919176:2061,Invar,1
Stephenson_2021.MH8919176:2067,Invar,1
Stephenson_2021.MH8919176:2073,Invar,0
Stephenson_2021.MH8919176:2081,Invar,1
Stephenson_2021.MH8919176:2083,Invar,0
Stephenson_2021.MH8919176:2096,Invar,1
Stephenson_2021.MH8919176:2107,Invar,1
Stephenson_2021.MH8919176:2109,Invar,1
Stephenson_2021.MH8919176:2134,Invar,1
Stephenson_2021.MH8919176:2138,Invar,1
Stephenson_2021.MH8919176:2139,Invar,0
Stephenson_2021.MH8919176:2143,Invar,1
Stephenson_2021.MH8919176:2144,Invar,0
Stephenson_2021.MH8919176:2149,Invar,1
Stephenson_2021.MH8919176:2162,Invar,1
Stephenson_2021.MH8919176:2177,Invar,1
Stephenson_2021.MH8919176:2185,Invar,0
Stephenson_2021.MH8919176:2189,Invar,0
Stephenson_2021.MH8919176:2198,Invar,1
Stephenson_2021.MH8919176:2202,Invar,0
Stephenson_2021.MH8919176:2205,Invar,1
Stephenson_2021.MH8919176:2209,Invar,0
Stephenson_2021.MH8919176:2225,Invar,1
Stephenson_2021.MH8919176:2234,Invar,1
Stephenson_2021.MH8919176:2238,Invar,1
Stephenson_2021.MH8919176:2294,Invar,1
Stephenson_2021.MH8919176:2313,Invar,1
Stephenson_2021.MH8919176:2324,Invar,1
Stephenson_2021.MH8919176:2326,Invar,0
Stephenson_2021.MH8919176:2332,Invar,1
Stephenson_2021.MH8919176:2336,Invar,0
Stephenson_2021.MH8919176:2337,Invar,0
Stephenson_2021.MH8919176:2351,Invar,0
Stephenson_2021.MH8919176:2352,Invar,0
Stephenson_2021.MH8919176:2354,Invar,0
Stephenson_2021.MH8919176:2358,Invar,0
Stephenson_2021.MH8919176:2365,Invar,1
Stephenson_2021.MH8919176:2372,Invar,1
Stephenson_2021.MH8919176:2375,Invar,1
Stephenson_2021.MH8919176:2376,Invar,0
Stephenson_2021.MH8919176:2379,Invar,1
Stephenson_2021.MH8919176:2382,Invar,1
Stephenson_2021.MH8919176:2409,Invar,0
Stephenson_2021.MH8919176:2434,Invar,0
Stephenson_2021.MH8919176:2441,Invar,0
Stephenson_2021.MH8919176:2448,Invar,1
Stephenson_2021.MH8919176:2451,Invar,0
Stephenson_2021.MH8919176:2458,Invar,1
Stephenson_2021.MH8919176:2480,Invar,0
Stephenson_2021.MH8919176:2484,Invar,1
Stephenson_2021.MH8919176:2487,Invar,1
Stephenson_2021.MH8919176:2495,Invar,0
Stephenson_2021.MH8919176:2499,Invar,0
Stephenson_2021.MH8919176:2502,Invar,0
Stephenson_2021.MH8919176:2512,Invar,0
Stephenson_2021.MH8919176:2513,Invar,0
Stephenson_2021.MH8919176:2524,Invar,0
Stephenson_2021.MH8919176:2548,Invar,1
Stephenson_2021.MH8919176:2550,Invar,2
Stephenson_2021.MH8919176:2575,Invar,1
Stephenson_2021.MH8919176:2579,Invar,0
Stephenson_2021.MH8919176:2587,Invar,0
Stephenson_2021.MH8919176:2588,Invar,0
Stephenson_2021.MH8919176:2618,Invar,1
Stephenson_2021.MH8919176:2621,Invar,1
Stephenson_2021.MH8919176:2629,Invar,1
Stephenson_2021.MH8919176:2634,Invar,1
Stephenson_2021.MH8919176:2635,Invar,1
Stephenson_2021.MH8919176:2663,Invar,1
Stephenson_2021.MH8919176:2686,Invar,1
Stephenson_2021.MH8919176:2687,Invar,1
Stephenson_2021.MH8919176:2695,Invar,0
Stephenson_2021.MH8919176:2706,Invar,1
Stephenson_2021.MH8919176:2709,Invar,1
Stephenson_2021.MH8919176:2712,Invar,0
Stephenson_2021.MH8919176:2730,Invar,1
Stephenson_2021.MH8919176:2731,Invar,0
Stephenson_2021.MH8919176:2732,Invar,1
Stephenson_2021.MH8919176:2756,Invar,0
Stephenson_2021.MH8919176:2757,Invar,1
Stephenson_2021.MH8919176:2758,Invar,1
Stephenson_2021.MH8919176:2765,Invar,0
Stephenson_2021.MH8919176:2772,Invar,0
Stephenson_2021.MH8919176:2792,Invar,1
Stephenson_2021.MH8919176:2826,Invar,1
Stephenson_2021.MH8919176:2831,Invar,1
Stephenson_2021.MH8919176:2840,Invar,0
Stephenson_2021.MH8919176:2842,Invar,1
Stephenson_2021.MH8919176:2844,Invar,0
Stephenson_2021.MH8919176:2847,Invar,0
Stephenson_2021.MH8919176:2857,Invar,1
Stephenson_2021.MH8919176:2860,Invar,0
Stephenson_2021.MH8919176:2861,Invar,0
Stephenson_2021.MH8919176:2862,Invar,1
Stephenson_2021.MH8919176:2864,Invar,1
Stephenson_2021.MH8919176:2872,Invar,0
Stephenson_2021.MH8919176:2880,Invar,1
Stephenson_2021.MH8919176:2881,Invar,1
Stephenson_2021.MH8919176:2883,Invar,0
Stephenson_2021.MH8919176:2917,Invar,0
Stephenson_2021.MH8919176:2926,Invar,2
Stephenson_2021.MH8919176:2932,Invar,0
Stephenson_2021.MH8919176:2943,Invar,1
Stephenson_2021.MH8919176:2945,Invar,1
Stephenson_2021.MH8919176:2957,Invar,1
Stephenson_2021.MH8919176:2958,Invar,1
Stephenson_2021.MH8919176:2959,Invar,0
Stephenson_2021.MH8919176:2960,Invar,0
Stephenson_2021.MH8919176:2997,Invar,1
Stephenson_2021.MH8919176:3000,Invar,0
Stephenson_2021.MH8919176:3006,Invar,1
Stephenson_2021.MH8919176:3011,Invar,0
Stephenson_2021.MH8919176:3021,Invar,0
Stephenson_2021.MH8919176:3023,Invar,1
Stephenson_2021.MH8919176:3026,Invar,0
Stephenson_2021.MH8919176:3032,Invar,0
Stephenson_2021.MH8919176:3042,Invar,1
Stephenson_2021.MH8919176:3077,Invar,1
Stephenson_2021.MH8919176:3088,Invar,1
Stephenson_2021.MH8919176:3095,Invar,1
Stephenson_2021.MH8919176:3096,Invar,0
Stephenson_2021.MH8919176:3098,Invar,0
Stephenson_2021.MH8919176:3099,Invar,1
Stephenson_2021.MH8919176:3103,Invar,1
Stephenson_2021.MH8919176:3109,Invar,1
Stephenson_2021.MH8919176:3111,Invar,1
Stephenson_2021.MH8919176:3113,Invar,1
Stephenson_2021.MH8919176:3127,Invar,0
Stephenson_2021.MH8919176:3132,Invar,0
Stephenson_2021.MH8919176:3133,Invar,1
Stephenson_2021.MH8919176:3152,Invar,0
Stephenson_2021.MH8919176:3156,Invar,1
Stephenson_2021.MH8919176:3163,Invar,1
Stephenson_2021.MH8919176:3167,Invar,1
Stephenson_2021.MH8919176:3174,Invar,1
Stephenson_2021.MH8919176:3177,Invar,1
Stephenson_2021.MH8919176:3179,Invar,0
Stephenson_2021.MH8919176:3183,Invar,0
Stephenson_2021.MH8919176:3187,Invar,0
Stephenson_2021.MH8919176:3195,Invar,0
Stephenson_2021.MH8919176:3201,Invar,1
Stephenson_2021.MH8919176:3210,Invar,1
Stephenson_2021.MH8919176:3213,Invar,1
Stephenson_2021.MH8919176:3214,Invar,0
Stephenson_2021.MH8919179:4,Invar,1
Stephenson_2021.MH8919179:79,Invar,1
Stephenson_2021.MH8919179:94,Invar,1
Stephenson_2021.MH8919179:150,Invar,0
Stephenson_2021.MH8919179:154,Invar,0
Stephenson_2021.MH8919179:196,Invar,0
Stephenson_2021.MH8919179:208,Invar,0
Stephenson_2021.MH8919179:266,Invar,0
Stephenson_2021.MH8919179:287,Invar,1
Stephenson_2021.MH8919179:307,Invar,0
Stephenson_2021.MH8919179:315,Invar,1
Stephenson_2021.MH8919179:320,Invar,0
Stephenson_2021.MH8919179:357,Invar,1
Stephenson_2021.MH8919179:424,Invar,1
Stephenson_2021.MH8919179:439,Invar,1
Stephenson_2021.MH8919179:447,Invar,1
Stephenson_2021.MH8919179:450,Invar,1
Stephenson_2021.MH8919179:465,Invar,0
Stephenson_2021.MH8919179:475,Invar,1
Stephenson_2021.MH8919179:487,Invar,1
Stephenson_2021.MH8919179:507,Invar,0
Stephenson_2021.MH8919179:568,Invar,1
Stephenson_2021.MH8919179:580,Invar,1
Stephenson_2021.MH8919179:598,Invar,0
Stephenson_2021.MH8919179:641,Invar,0
Stephenson_2021.MH8919179:661,Invar,1
Stephenson_2021.MH8919179:668,Invar,1
Stephenson_2021.MH8919179:681,Invar,0
Stephenson_2021.MH8919179:683,Invar,1
Stephenson_2021.MH8919179:695,Invar,0
Stephenson_2021.MH8919179:752,Invar,0
Stephenson_2021.MH8919179:761,Invar,0
Stephenson_2021.MH8919179:783,Invar,0
Stephenson_2021.MH8919179:830,Invar,0
Stephenson_2021.MH8919179:844,Invar,1
Stephenson_2021.MH8919179:864,Invar,1
Stephenson_2021.MH8919179:895,Invar,0
Stephenson_2021.MH8919179:918,Invar,1
Stephenson_2021.MH8919179:950,Invar,0
Stephenson_2021.MH8919179:956,Invar,0
Stephenson_2021.MH8919179:1034,Invar,1
Stephenson_2021.MH8919179:1049,Invar,1
Stephenson_2021.MH8919179:1078,Invar,0
Stephenson_2021.MH8919179:1088,Invar,0
Stephenson_2021.MH8919179:1127,Invar,1
Stephenson_2021.MH8919179:1159,Invar,1
Stephenson_2021.MH8919179:1169,Invar,0
Stephenson_2021.MH8919179:1173,Invar,1
Stephenson_2021.MH8919179:1238,Invar,1
Stephenson_2021.MH8919179:1258,Invar,1
Stephenson_2021.MH8919179:1331,Invar,0
Stephenson_2021.MH8919179:1349,Invar,0
Stephenson_2021.MH8919179:1392,Invar,1
Stephenson_2021.MH8919179:1457,Invar,1
Stephenson_2021.MH8919179:1477,Invar,1
Stephenson_2021.MH8919179:1501,Invar,1
Stephenson_2021.MH8919179:1523,Invar,0
Stephenson_2021.MH8919179:1566,Invar,0
Stephenson_2021.MH8919179:1578,Invar,0
Stephenson_2021.MH8919179:1586,Invar,0
Stephenson_2021.MH8919179:1699,Invar,1
Stephenson_2021.MH8919179:1706,Invar,1
Stephenson_2021.MH8919179:1774,Invar,0
Stephenson_2021.MH8919179:1799,Invar,1
Stephenson_2021.MH8919179:1815,Invar,0
Stephenson_2021.MH8919179:1820,Invar,0
Stephenson_2021.MH8919179:1903,Invar,0
Stephenson_2021.MH8919179:1915,Invar,0
Stephenson_2021.MH8919179:1926,Invar,0
Stephenson_2021.MH8919179:1953,Invar,0
Stephenson_2021.MH8919179:1969,Invar,1
Stephenson_2021.MH8919179:1982,Invar,0
Stephenson_2021.MH8919179:1993,Invar,1
Stephenson_2021.MH8919179:1996,Invar,0
Stephenson_2021.MH8919179:2054,Invar,0
Stephenson_2021.MH8919179:2093,Invar,1
Stephenson_2021.MH8919179:2100,Invar,0
Stephenson_2021.MH8919179:2109,Invar,0
Stephenson_2021.MH8919179:2133,Invar,1
Stephenson_2021.MH8919179:2134,Invar,0
Stephenson_2021.MH8919179:2149,Invar,1
Stephenson_2021.MH8919179:2157,Invar,0
Stephenson_2021.MH8919179:2180,Invar,0
Stephenson_2021.MH8919179:2194,Invar,1
Stephenson_2021.MH8919179:2289,Invar,1
Stephenson_2021.MH8919179:2294,Invar,1
Stephenson_2021.MH8919179:2303,Invar,1
Stephenson_2021.MH8919179:2399,Invar,1
Stephenson_2021.MH8919179:2415,Invar,1
Stephenson_2021.MH8919179:2426,Invar,1
Stephenson_2021.MH8919179:2525,Invar,0
Stephenson_2021.MH8919179:2532,Invar,1
Stephenson_2021.MH8919179:2657,Invar,0
Stephenson_2021.MH8919179:2676,Invar,0
Stephenson_2021.MH8919179:2711,Invar,1
Stephenson_2021.MH8919179:2759,Invar,0
Stephenson_2021.MH8919179:2764,Invar,1
Stephenson_2021.MH8919179:2772,Invar,0
Stephenson_2021.MH8919179:2783,Invar,1
Stephenson_2021.MH8919179:2809,Invar,1
Stephenson_2021.MH8919179:2831,Invar,1
Stephenson_2021.MH8919179:2860,Invar,1
Stephenson_2021.MH8919179:2864,Invar,0
Stephenson_2021.MH8919179:2886,Invar,0
Stephenson_2021.MH8919179:2950,Invar,0
Stephenson_2021.MH8919179:2965,Invar,0
Stephenson_2021.MH8919179:3015,Invar,1
Stephenson_2021.MH8919179:3029,Invar,0
Stephenson_2021.MH8919179:3058,Invar,0
Stephenson_2021.MH8919179:3073,Invar,0
Stephenson_2021.MH8919179:3169,Invar,0
Stephenson_2021.MH8919179:3176,Invar,1
Stephenson_2021.MH8919179:3185,Invar,1
Stephenson_2021.MH8919179:3194,Invar,1
Stephenson_2021.MH8919179:3220,Invar,0
Stephenson_2021.MH8919179:3243,Invar,0
Stephenson_2021.MH8919179:3271,Invar,0
Stephenson_2021.MH8919179:3292,Invar,0
Stephenson_2021.MH8919179:3302,Invar,0
Stephenson_2021.MH8919179:3326,Invar,1
Stephenson_2021.MH8919179:3332,Invar,1
Stephenson_2021.MH8919179:3335,Invar,1
Stephenson_2021.MH8919179:3342,Invar,2
Stephenson_2021.MH8919179:3350,Invar,0
Stephenson_2021.MH8919179:3376,Invar,1
Stephenson_2021.MH8919179:3492,Invar,0
Stephenson_2021.MH8919179:3566,Invar,1
Stephenson_2021.MH8919179:3594,Invar,1
Stephenson_2021.MH8919179:3603,Invar,1
Stephenson_2021.MH8919179:3620,Invar,0
Stephenson_2021.MH8919179:3638,Invar,0
Stephenson_2021.MH8919179:3689,Invar,1
Stephenson_2021.MH8919179:3690,Invar,1
Stephenson_2021.MH8919179:3691,Invar,1
Stephenson_2021.MH8919179:3711,Invar,0
Stephenson_2021.MH8919179:3787,Invar,0
Stephenson_2021.MH8919179:3826,Invar,0
Stephenson_2021.MH8919179:3915,Invar,1
Stephenson_2021.MH8919179:3958,Invar,0
Stephenson_2021.MH8919179:3970,Invar,1
Stephenson_2021.MH8919179:3986,Invar,0
Stephenson_2021.MH8919179:3989,Invar,0
Stephenson_2021.MH8919179:4105,Invar,1
Stephenson_2021.MH8919179:4134,Invar,0
Stephenson_2021.MH8919179:4164,Invar,0
Stephenson_2021.MH8919179:4182,Invar,0
Stephenson_2021.MH8919179:4213,Invar,1
Stephenson_2021.MH8919179:4296,Invar,0
Stephenson_2021.newcastle74:11,Invar,1
Stephenson_2021.newcastle74:24,Invar,1
Stephenson_2021.newcastle74:58,Invar,1
Stephenson_2021.newcastle74:75,Invar,0
Stephenson_2021.newcastle74:83,Invar,1
Stephenson_2021.newcastle74:113,Invar,0
Stephenson_2021.newcastle74:123,Invar,0
Stephenson_2021.newcastle74:127,Invar,0
Stephenson_2021.newcastle74:248,Invar,0
Stephenson_2021.newcastle74:270,Invar,1
Stephenson_2021.newcastle74:298,Invar,3
Stephenson_2021.newcastle74:300,Invar,0
Stephenson_2021.newcastle74:309,Invar,0
Stephenson_2021.newcastle74:350,Invar,2
Stephenson_2021.newcastle74:400,Invar,1
Stephenson_2021.newcastle74:406,Invar,0
Stephenson_2021.newcastle74:428,Invar,0
Stephenson_2021.newcastle74:497,Invar,0
Stephenson_2021.newcastle74:508,Invar,1
Stephenson_2021.newcastle74:529,Invar,0
Stephenson_2021.newcastle74:530,Invar,1
Stephenson_2021.newcastle74:555,Invar,1
Stephenson_2021.newcastle74:604,Invar,1
Stephenson_2021.newcastle74:634,Invar,1
Stephenson_2021.newcastle74:644,Invar,0
Stephenson_2021.newcastle74:725,Invar,1
Stephenson_2021.newcastle74:760,Invar,1
Stephenson_2021.newcastle74:770,Invar,1
Stephenson_2021.newcastle74:778,Invar,1
Stephenson_2021.newcastle74:781,Invar,1
Stephenson_2021.newcastle74:824,Invar,0
Stephenson_2021.newcastle74:827,Invar,1
Stephenson_2021.newcastle74:830,Invar,0
Stephenson_2021.newcastle74:838,Invar,0
Stephenson_2021.newcastle74:843,Invar,1
Stephenson_2021.newcastle74:913,Invar,1
Stephenson_2021.newcastle74:942,Invar,1
Stephenson_2021.newcastle74:952,Invar,0
Stephenson_2021.newcastle74:954,Invar,1
Stephenson_2021.newcastle74:986,Invar,1
Stephenson_2021.newcastle74:997,Invar,0
Stephenson_2021.newcastle74:1015,Invar,1
Stephenson_2021.newcastle74:1044,Invar,2
Stephenson_2021.newcastle74:1073,Invar,1
Stephenson_2021.newcastle74:1098,Invar,0
Stephenson_2021.newcastle74:1112,Invar,0
Stephenson_2021.newcastle74:1208,Invar,0
Stephenson_2021.newcastle74:1238,Invar,1
Stephenson_2021.newcastle74:1246,Invar,0
Stephenson_2021.newcastle74:1268,Invar,0
Stephenson_2021.newcastle74:1355,Invar,1
Stephenson_2021.newcastle74:1356,Invar,0
Stephenson_2021.newcastle74:1358,Invar,1
Stephenson_2021.newcastle74:1373,Invar,1
Stephenson_2021.newcastle74:1426,Invar,0
Stephenson_2021.newcastle74:1427,Invar,0
Stephenson_2021.newcastle74:1429,Invar,1
Stephenson_2021.newcastle74:1430,Invar,0
Stephenson_2021.newcastle74:1456,Invar,0
Stephenson_2021.newcastle74:1503,Invar,1
Stephenson_2021.newcastle74:1521,Invar,1
Stephenson_2021.newcastle74:1532,Invar,1
Stephenson_2021.newcastle74:1578,Invar,0
Stephenson_2021.newcastle74:1595,Invar,0
Stephenson_2021.newcastle74:1636,Invar,1
Stephenson_2021.newcastle74:1685,Invar,3
Stephenson_2021.newcastle74:1694,Invar,0
Stephenson_2021.newcastle74:1753,Invar,0
Stephenson_2021.newcastle74:1812,Invar,1
Stephenson_2021.newcastle74:1885,Invar,1
Stephenson_2021.newcastle74:1920,Invar,0
Stephenson_2021.newcastle74:1951,Invar,1
Stephenson_2021.newcastle74:1972,Invar,1
Stephenson_2021.newcastle74:1976,Invar,0
Stephenson_2021.newcastle74:2018,Invar,1
Stephenson_2021.newcastle74:2030,Invar,0
Stephenson_2021.newcastle74:2081,Invar,0
Stephenson_2021.newcastle74:2084,Invar,0
Stephenson_2021.newcastle74:2137,Invar,0
Stephenson_2021.newcastle74:2173,Invar,0
Stephenson_2021.newcastle74:2185,Invar,0
Stephenson_2021.newcastle74:2204,Invar,1
Stephenson_2021.newcastle74:2221,Invar,0
Stephenson_2021.newcastle74:2225,Invar,1
Stephenson_2021.newcastle74:2249,Invar,0
Stephenson_2021.newcastle74:2273,Invar,1
Stephenson_2021.newcastle74:2290,Invar,1
Stephenson_2021.newcastle74:2296,Invar,1
Stephenson_2021.newcastle74:2319,Invar,1
Stephenson_2021.newcastle74:2336,Invar,1
Stephenson_2021.newcastle74:2398,Invar,1
Stephenson_2021.newcastle74:2457,Invar,1
Stephenson_2021.newcastle74:2463,Invar,1
Stephenson_2021.newcastle74:2465,Invar,1
Stephenson_2021.newcastle74:2512,Invar,0
Stephenson_2021.newcastle74:2589,Invar,0
Stephenson_2021.newcastle74:2599,Invar,1
Stephenson_2021.newcastle74:2649,Invar,0
Stephenson_2021.newcastle74:2671,Invar,0
Stephenson_2021.newcastle74:2672,Invar,0
Stephenson_2021.newcastle74:2685,Invar,0
Stephenson_2021.newcastle74:2695,Invar,0
Stephenson_2021.newcastle74:2726,Invar,0
Stephenson_2021.newcastle74:2764,Invar,1
Stephenson_2021.newcastle74:2797,Invar,0
Stephenson_2021.newcastle74:2827,Invar,1
Stephenson_2021.newcastle74:2836,Invar,1
Stephenson_2021.newcastle74:2879,Invar,1
Stephenson_2021.newcastle74:2881,Invar,0
Stephenson_2021.newcastle74:2958,Invar,0
Stephenson_2021.newcastle74:2966,Invar,0
Stephenson_2021.newcastle74:2981,Invar,0
Stephenson_2021.newcastle74:2999,Invar,0
Stephenson_2021.newcastle74:3017,Invar,0
Stephenson_2021.newcastle74:3043,Invar,1
Stephenson_2021.newcastle74:3059,Invar,0
Stephenson_2021.newcastle74:3062,Invar,0
Stephenson_2021.newcastle74:3065,Invar,0
Stephenson_2021.newcastle74:3074,Invar,0
Stephenson_2021.newcastle74:3141,Invar,2
Stephenson_2021.newcastle74:3152,Invar,1
Stephenson_2021.newcastle74:3201,Invar,0
Stephenson_2021.newcastle74:3268,Invar,0
Stephenson_2021.newcastle74:3291,Invar,0
Stephenson_2021.newcastle74:3296,Invar,1
Stephenson_2021.newcastle74:3297,Invar,1
Stephenson_2021.newcastle74:3404,Invar,0
Stephenson_2021.newcastle74:3427,Invar,0
Stephenson_2021.newcastle74:3436,Invar,1
Stephenson_2021.newcastle74:3448,Invar,1
Stephenson_2021.newcastle74:3450,Invar,1
Stephenson_2021.newcastle74:3507,Invar,0
Stephenson_2021.newcastle74:3544,Invar,1
Stephenson_2021.newcastle74:3595,Invar,1
Stephenson_2021.newcastle74:3612,Invar,1
Stephenson_2021.newcastle74:3625,Invar,0
Stephenson_2021.newcastle74:3640,Invar,0
Stephenson_2021.newcastle74:3650,Invar,1
Stephenson_2021.newcastle74:3653,Invar,0
Stephenson_2021.newcastle74:3658,Invar,0
Stephenson_2021.newcastle74:3670,Invar,0
Stephenson_2021.newcastle74:3686,Invar,3
Stephenson_2021.newcastle74:3701,Invar,1
Stephenson_2021.newcastle74:3732,Invar,0
Stephenson_2021.newcastle74:3733,Invar,1
Stephenson_2021.newcastle74:3753,Invar,0
Stephenson_2021.newcastle74:3775,Invar,1
Stephenson_2021.newcastle74:3802,Invar,1
Stephenson_2021.newcastle74:3804,Invar,1
Stephenson_2021.newcastle74:3821,Invar,0
Stephenson_2021.newcastle74:3822,Invar,1
Stephenson_2021.newcastle74:3824,Invar,1
Stephenson_2021.newcastle74:3827,Invar,1
Stephenson_2021.newcastle74:3863,Invar,0
Stephenson_2021.newcastle74:3878,Invar,0
Stephenson_2021.newcastle74:3913,Invar,0
Stephenson_2021.newcastle74:3935,Invar,1
Stephenson_2021.newcastle74:3947,Invar,1
Stephenson_2021.newcastle74:3952,Invar,1
Stephenson_2021.newcastle74:3960,Invar,0
Stephenson_2021.newcastle74:3968,Invar,1
Stephenson_2021.newcastle74:3979,Invar,0
Stephenson_2021.newcastle74:3984,Invar,0
Stephenson_2021.newcastle74:4009,Invar,1
Stephenson_2021.newcastle74:4038,Invar,0
Stephenson_2021.newcastle74:4039,Invar,0
Stephenson_2021.newcastle74:4045,Invar,1
Stephenson_2021.newcastle74:4110,Invar,0
Stephenson_2021.newcastle74:4117,Invar,1
Stephenson_2021.newcastle74:4118,Invar,0
Stephenson_2021.newcastle74:4141,Invar,1
Stephenson_2021.newcastle74:4147,Invar,0
Stephenson_2021.newcastle74:4161,Invar,1
Stephenson_2021.newcastle74:4169,Invar,1
Stephenson_2021.newcastle74:4251,Invar,1
Stephenson_2021.newcastle74:4268,Invar,1
Stephenson_2021.newcastle74:4291,Invar,0
Stephenson_2021.newcastle74:4357,Invar,1
Stephenson_2021.newcastle74:4368,Invar,1
Stephenson_2021.newcastle74:4397,Invar,1
Stephenson_2021.newcastle74:4466,Invar,1
Stephenson_2021.newcastle74:4471,Invar,1
Stephenson_2021.newcastle74:4472,Invar,0
Stephenson_2021.newcastle74:4513,Invar,0
Stephenson_2021.newcastle74:4514,Invar,1
Stephenson_2021.newcastle74:4532,Invar,0
Stephenson_2021.newcastle74:4642,Invar,0
Stephenson_2021.newcastle74:4682,Invar,2
Stephenson_2021.newcastle74:4701,Invar,1
Stephenson_2021.newcastle74:4702,Invar,0
Stephenson_2021.newcastle74:4708,Invar,0
Stephenson_2021.newcastle74:4736,Invar,0
Stephenson_2021.newcastle74:4777,Invar,0
Stephenson_2021.newcastle74:4842,Invar,1
Stephenson_2021.newcastle74:4869,Invar,0
Stephenson_2021.newcastle74:4898,Invar,0
Stephenson_2021.newcastle74:4913,Invar,0
Stephenson_2021.newcastle74:4943,Invar,0
Stephenson_2021.newcastle74:4952,Invar,0
Stephenson_2021.newcastle74:4958,Invar,1
Stephenson_2021.newcastle74:4967,Invar,1
Stephenson_2021.newcastle74:4987,Invar,0
Stephenson_2021.newcastle74:5015,Invar,1
Stephenson_2021.newcastle74:5016,Invar,0
Stephenson_2021.newcastle74:5018,Invar,2
Stephenson_2021.newcastle74:5078,Invar,1
Stephenson_2021.newcastle74:5121,Invar,1
Stephenson_2021.newcastle74:5131,Invar,1
Stephenson_2021.newcastle74:5138,Invar,1
Stephenson_2021.newcastle74:5139,Invar,0
Stephenson_2021.newcastle74:5171,Invar,0
Stephenson_2021.newcastle74:5203,Invar,0
Stephenson_2021.newcastle74:5230,Invar,0
Stephenson_2021.newcastle74:5237,Invar,0
Stephenson_2021.newcastle74:5299,Invar,0
Stephenson_2021.newcastle74:5312,Invar,1
Stephenson_2021.newcastle74:5333,Invar,0
Stephenson_2021.newcastle74:5334,Invar,0
Stephenson_2021.newcastle74:5335,Invar,1
Stephenson_2021.newcastle74:5344,Invar,1
Stephenson_2021.newcastle74:5394,Invar,1
Stephenson_2021.newcastle74:5396,Invar,1
Stephenson_2021.newcastle74:5425,Invar,0
Stephenson_2021.newcastle74:5428,Invar,1
Stephenson_2021.newcastle74:5522,Invar,1
Stephenson_2021.newcastle74:5606,Invar,1
Stephenson_2021.newcastle74:5618,Invar,0
Stephenson_2021.newcastle74:5677,Invar,1
Stephenson_2021.newcastle74:5698,Invar,1
Stephenson_2021.newcastle74:5699,Invar,1
Stephenson_2021.newcastle74:5724,Invar,1
Stephenson_2021.newcastle74:5745,Invar,1
Stephenson_2021.newcastle74:5750,Invar,1
Stephenson_2021.newcastle74:5756,Invar,1
Stephenson_2021.newcastle74:5769,Invar,1
Stephenson_2021.newcastle74:5783,Invar,1
Stephenson_2021.newcastle74:5791,Invar,0
Stephenson_2021.newcastle74:5805,Invar,1
Stephenson_2021.newcastle74:5812,Invar,1
Stephenson_2021.newcastle74:5817,Invar,1
Stephenson_2021.newcastle74:5826,Invar,0
Stephenson_2021.newcastle74:5828,Invar,0
Stephenson_2021.newcastle74:5871,Invar,1
Stephenson_2021.newcastle74:5924,Invar,0
Stephenson_2021.newcastle74:5947,Invar,1
Stephenson_2021.newcastle74:5969,Invar,0
Stephenson_2021.newcastle74:5971,Invar,0
Stephenson_2021.newcastle74:6027,Invar,0
Stephenson_2021.newcastle74:6034,Invar,2
Stephenson_2021.newcastle74:6069,Invar,0
Stephenson_2021.newcastle74:6176,Invar,1
Stephenson_2021.newcastle74:6180,Invar,1
Stephenson_2021.newcastle74:6239,Invar,1
Stephenson_2021.newcastle74:6265,Invar,0
Stephenson_2021.newcastle74:6342,Invar,0
Stephenson_2021.newcastle74:6370,Invar,1
Stephenson_2021.newcastle74:6379,Invar,0
Stephenson_2021.newcastle74:6384,Invar,0
Stephenson_2021.newcastle74:6396,Invar,0
Stephenson_2021.newcastle74:6436,Invar,1
Stephenson_2021.newcastle74:6439,Invar,0
Stephenson_2021.newcastle74:6441,Invar,0
Stephenson_2021.newcastle74:6486,Invar,0
Stephenson_2021.newcastle74:6496,Invar,1
Stephenson_2021.newcastle74:6514,Invar,0
Stephenson_2021.newcastle74:6518,Invar,1
Stephenson_2021.newcastle74:6534,Invar,1
Stephenson_2021.newcastle74:6619,Invar,0
Stephenson_2021.newcastle74:6625,Invar,0
Stephenson_2021.newcastle74:6637,Invar,1
Stephenson_2021.newcastle74:6651,Invar,0
Stephenson_2021.newcastle74:6699,Invar,0
Stephenson_2021.newcastle74:6700,Invar,1
Stephenson_2021.newcastle74:6716,Invar,0
Stephenson_2021.newcastle74:6776,Invar,1
Stephenson_2021.newcastle74:6789,Invar,0
Stephenson_2021.newcastle74:6852,Invar,1
Stephenson_2021.newcastle74:6853,Invar,0
Stephenson_2021.newcastle74:6858,Invar,1
Stephenson_2021.newcastle74:6886,Invar,0
Stephenson_2021.newcastle74:6910,Invar,0
Stephenson_2021.MH8919282:40,Invar,1
Stephenson_2021.MH8919282:42,Invar,1
Stephenson_2021.MH8919282:46,Invar,1
Stephenson_2021.MH8919282:52,Invar,1
Stephenson_2021.MH8919282:56,Invar,1
Stephenson_2021.MH8919282:83,Invar,1
Stephenson_2021.MH8919282:108,Invar,1
Stephenson_2021.MH8919282:123,Invar,1
Stephenson_2021.MH8919282:142,Invar,1
Stephenson_2021.MH8919282:145,Invar,1
Stephenson_2021.MH8919282:148,Invar,1
Stephenson_2021.MH8919282:152,Invar,1
Stephenson_2021.MH8919282:164,Invar,1
Stephenson_2021.MH8919282:179,Invar,1
Stephenson_2021.MH8919282:211,Invar,0
Stephenson_2021.MH8919282:212,Invar,1
Stephenson_2021.MH8919282:232,Invar,1
Stephenson_2021.MH8919282:247,Invar,1
Stephenson_2021.MH8919282:254,Invar,1
Stephenson_2021.MH8919282:277,Invar,1
Stephenson_2021.MH8919282:319,Invar,1
Stephenson_2021.MH8919282:341,Invar,1
Stephenson_2021.MH8919282:351,Invar,1
Stephenson_2021.MH8919282:354,Invar,1
Stephenson_2021.MH8919282:365,Invar,0
Stephenson_2021.MH8919282:430,Invar,1
Stephenson_2021.MH8919282:464,Invar,1
Stephenson_2021.MH8919282:467,Invar,0
Stephenson_2021.MH8919282:471,Invar,0
Stephenson_2021.MH8919282:486,Invar,1
Stephenson_2021.MH8919282:494,Invar,1
Stephenson_2021.MH8919282:496,Invar,0
Stephenson_2021.MH8919282:497,Invar,1
Stephenson_2021.MH8919282:500,Invar,1
Stephenson_2021.MH8919282:539,Invar,0
Stephenson_2021.MH8919282:542,Invar,1
Stephenson_2021.MH8919282:573,Invar,1
Stephenson_2021.MH8919282:635,Invar,0
Stephenson_2021.MH8919282:669,Invar,1
Stephenson_2021.MH8919282:681,Invar,1
Stephenson_2021.MH8919282:699,Invar,1
Stephenson_2021.MH8919282:714,Invar,1
Stephenson_2021.MH8919282:717,Invar,1
Stephenson_2021.MH8919282:740,Invar,0
Stephenson_2021.MH8919282:744,Invar,1
Stephenson_2021.MH8919282:771,Invar,1
Stephenson_2021.MH8919282:788,Invar,1
Stephenson_2021.MH8919282:795,Invar,1
Stephenson_2021.MH8919282:809,Invar,1
Stephenson_2021.MH8919282:828,Invar,1
Stephenson_2021.MH8919282:845,Invar,0
Stephenson_2021.MH8919282:861,Invar,1
Stephenson_2021.MH8919282:869,Invar,0
Stephenson_2021.MH8919282:871,Invar,1
Stephenson_2021.MH8919282:890,Invar,1
Stephenson_2021.MH8919282:911,Invar,0
Stephenson_2021.MH8919282:956,Invar,1
Stephenson_2021.MH8919282:993,Invar,1
Stephenson_2021.MH8919282:1010,Invar,0
Stephenson_2021.MH8919282:1023,Invar,0
Stephenson_2021.MH8919282:1036,Invar,1
Stephenson_2021.MH8919282:1055,Invar,0
Stephenson_2021.MH8919282:1128,Invar,1
Stephenson_2021.MH8919282:1132,Invar,1
Stephenson_2021.MH8919282:1166,Invar,1
Stephenson_2021.MH8919282:1179,Invar,1
Stephenson_2021.MH8919282:1207,Invar,1
Stephenson_2021.MH8919282:1214,Invar,1
Stephenson_2021.MH8919282:1233,Invar,1
Stephenson_2021.MH8919282:1296,Invar,1
Stephenson_2021.MH8919282:1328,Invar,0
Stephenson_2021.MH8919282:1333,Invar,1
Stephenson_2021.MH8919282:1347,Invar,1
Stephenson_2021.MH8919282:1355,Invar,1
Stephenson_2021.MH8919282:1408,Invar,0
Stephenson_2021.MH8919282:1427,Invar,0
Stephenson_2021.MH8919282:1431,Invar,1
Stephenson_2021.MH8919282:1435,Invar,1
Stephenson_2021.MH8919282:1441,Invar,0
Stephenson_2021.MH8919282:1462,Invar,1
Stephenson_2021.MH8919282:1582,Invar,1
Stephenson_2021.MH8919282:1589,Invar,1
Stephenson_2021.MH8919282:1600,Invar,1
Stephenson_2021.MH8919282:1605,Invar,1
Stephenson_2021.MH8919282:1616,Invar,1
Stephenson_2021.MH8919282:1624,Invar,1
Stephenson_2021.MH8919282:1627,Invar,0
Stephenson_2021.MH8919282:1672,Invar,1
Stephenson_2021.MH8919282:1674,Invar,0
Stephenson_2021.MH8919282:1684,Invar,1
Stephenson_2021.MH8919282:1687,Invar,2
Stephenson_2021.MH8919282:1697,Invar,0
Stephenson_2021.MH8919282:1702,Invar,1
Stephenson_2021.MH8919282:1716,Invar,1
Stephenson_2021.MH8919282:1737,Invar,1
Stephenson_2021.MH8919282:1764,Invar,1
Stephenson_2021.MH8919282:1772,Invar,1
Stephenson_2021.MH8919282:1783,Invar,1
Stephenson_2021.MH8919282:1810,Invar,1
Stephenson_2021.MH8919282:1824,Invar,1
Stephenson_2021.MH8919282:1846,Invar,1
Stephenson_2021.MH8919282:1852,Invar,1
Stephenson_2021.MH8919282:1858,Invar,1
Stephenson_2021.MH8919282:1868,Invar,0
Stephenson_2021.MH8919282:1874,Invar,1
Stephenson_2021.MH8919282:1895,Invar,0
Stephenson_2021.MH8919282:1911,Invar,0
Stephenson_2021.MH8919282:1919,Invar,1
Stephenson_2021.MH8919282:1931,Invar,1
Stephenson_2021.MH8919282:1947,Invar,1
Stephenson_2021.MH8919282:1961,Invar,1
Stephenson_2021.MH8919282:1988,Invar,0
Stephenson_2021.MH8919282:2004,Invar,1
Stephenson_2021.MH8919282:2055,Invar,0
Stephenson_2021.MH8919282:2062,Invar,1
Stephenson_2021.MH8919282:2084,Invar,1
Stephenson_2021.MH8919282:2096,Invar,1
Stephenson_2021.MH8919282:2117,Invar,1
Stephenson_2021.MH8919282:2127,Invar,1
Stephenson_2021.MH8919282:2133,Invar,0
Stephenson_2021.MH8919282:2134,Invar,1
Stephenson_2021.MH8919282:2137,Invar,1
Stephenson_2021.MH8919282:2146,Invar,1
Stephenson_2021.MH8919282:2166,Invar,1
Stephenson_2021.MH8919282:2173,Invar,2
Stephenson_2021.MH8919282:2180,Invar,1
Stephenson_2021.MH8919282:2203,Invar,1
Stephenson_2021.MH8919282:2210,Invar,2
Stephenson_2021.MH8919282:2214,Invar,1
Stephenson_2021.MH8919282:2221,Invar,1
Stephenson_2021.MH8919282:2225,Invar,1
Stephenson_2021.MH8919282:2249,Invar,1
Stephenson_2021.MH8919282:2256,Invar,1
Stephenson_2021.MH8919282:2278,Invar,1
Stephenson_2021.MH8919282:2283,Invar,1
Stephenson_2021.MH8919282:2307,Invar,1
Stephenson_2021.MH8919282:2317,Invar,0
Stephenson_2021.MH8919282:2335,Invar,1
Stephenson_2021.MH8919282:2460,Invar,0
Stephenson_2021.MH8919282:2465,Invar,1
Stephenson_2021.MH8919282:2472,Invar,1
Stephenson_2021.MH8919282:2475,Invar,1
Stephenson_2021.MH8919282:2480,Invar,1
Stephenson_2021.MH8919282:2489,Invar,1
Stephenson_2021.MH8919282:2507,Invar,1
Stephenson_2021.MH8919282:2523,Invar,1
Stephenson_2021.MH8919282:2525,Invar,0
Stephenson_2021.MH8919282:2542,Invar,0
Stephenson_2021.MH8919282:2563,Invar,1
Stephenson_2021.MH8919282:2589,Invar,0
Stephenson_2021.MH8919282:2598,Invar,1
Stephenson_2021.MH8919282:2625,Invar,0
Stephenson_2021.MH8919282:2684,Invar,1
Stephenson_2021.MH8919282:2688,Invar,0
Stephenson_2021.MH8919282:2692,Invar,1
Stephenson_2021.MH8919282:2693,Invar,0
Stephenson_2021.MH8919282:2707,Invar,1
Stephenson_2021.MH8919282:2719,Invar,1
Stephenson_2021.MH8919282:2745,Invar,1
Stephenson_2021.MH8919282:2746,Invar,1
Stephenson_2021.MH8919282:2776,Invar,1
Stephenson_2021.MH8919282:2807,Invar,1
Stephenson_2021.MH8919282:2813,Invar,1
Stephenson_2021.MH8919282:2821,Invar,0
Stephenson_2021.MH8919282:2824,Invar,1
Stephenson_2021.MH8919282:2846,Invar,0
Stephenson_2021.MH8919282:2878,Invar,0
Stephenson_2021.MH8919282:2887,Invar,1
Stephenson_2021.MH8919282:2898,Invar,1
Stephenson_2021.MH8919282:2923,Invar,1
Stephenson_2021.MH8919282:2934,Invar,1
Stephenson_2021.MH8919282:2935,Invar,0
Stephenson_2021.MH8919282:2959,Invar,0
Stephenson_2021.MH8919282:2975,Invar,1
Stephenson_2021.MH8919282:3030,Invar,1
Stephenson_2021.MH8919282:3033,Invar,1
Stephenson_2021.MH8919282:3039,Invar,0
Stephenson_2021.MH8919282:3040,Invar,1
Stephenson_2021.MH8919282:3110,Invar,1
Stephenson_2021.MH8919282:3112,Invar,1
Stephenson_2021.MH8919282:3146,Invar,1
Stephenson_2021.MH8919282:3151,Invar,1
Stephenson_2021.MH8919282:3182,Invar,1
Stephenson_2021.MH8919282:3221,Invar,1
Stephenson_2021.MH8919282:3269,Invar,1
Stephenson_2021.MH8919282:3286,Invar,1
Stephenson_2021.MH8919282:3304,Invar,0
Stephenson_2021.MH8919282:3310,Invar,1
Stephenson_2021.MH8919282:3364,Invar,1
Stephenson_2021.MH8919282:3368,Invar,1
Stephenson_2021.MH8919282:3386,Invar,1
Stephenson_2021.MH8919282:3405,Invar,0
Stephenson_2021.MH8919282:3425,Invar,1
Stephenson_2021.MH8919282:3479,Invar,1
Stephenson_2021.MH8919282:3490,Invar,0
Stephenson_2021.MH8919282:3497,Invar,0
Stephenson_2021.MH8919282:3498,Invar,1
Stephenson_2021.MH8919282:3503,Invar,1
Stephenson_2021.MH8919282:3505,Invar,1
Stephenson_2021.MH8919282:3515,Invar,1
Stephenson_2021.MH8919282:3527,Invar,1
Stephenson_2021.MH8919282:3530,Invar,1
Stephenson_2021.MH8919282:3557,Invar,1
Stephenson_2021.MH8919282:3578,Invar,1
Stephenson_2021.MH8919282:3581,Invar,1
Stephenson_2021.MH8919282:3586,Invar,1
Stephenson_2021.MH8919282:3589,Invar,1
Stephenson_2021.MH8919282:3595,Invar,1
Stephenson_2021.MH8919282:3602,Invar,1
Stephenson_2021.MH8919282:3605,Invar,1
Stephenson_2021.MH8919282:3618,Invar,1
Stephenson_2021.MH8919282:3622,Invar,1
Stephenson_2021.MH8919282:3637,Invar,2
Stephenson_2021.MH8919282:3658,Invar,1
Stephenson_2021.MH8919282:3664,Invar,1
Stephenson_2021.MH8919282:3682,Invar,1
Stephenson_2021.MH8919282:3689,Invar,1
Stephenson_2021.MH8919282:3701,Invar,1
Stephenson_2021.MH8919282:3722,Invar,1
Stephenson_2021.MH8919282:3743,Invar,1
Stephenson_2021.MH8919282:3750,Invar,1
Stephenson_2021.MH8919282:3751,Invar,1
Stephenson_2021.MH8919282:3770,Invar,1
Stephenson_2021.MH8919282:3771,Invar,1
Stephenson_2021.MH8919282:3798,Invar,1
Stephenson_2021.MH8919282:3809,Invar,1
Stephenson_2021.MH8919282:3812,Invar,1
Stephenson_2021.MH8919282:3831,Invar,0
Stephenson_2021.MH8919282:3833,Invar,1
Stephenson_2021.MH8919282:3840,Invar,1
Stephenson_2021.MH8919282:3866,Invar,1
Stephenson_2021.MH8919282:3893,Invar,1
Stephenson_2021.MH8919282:3954,Invar,1
Stephenson_2021.MH8919282:3973,Invar,1
Stephenson_2021.MH8919282:3976,Invar,1
Stephenson_2021.MH8919282:3995,Invar,0
Stephenson_2021.MH8919282:4007,Invar,1
Stephenson_2021.MH8919282:4023,Invar,0
Stephenson_2021.MH8919282:4051,Invar,0
Stephenson_2021.MH8919282:4066,Invar,1
Stephenson_2021.MH8919282:4076,Invar,0
Stephenson_2021.MH8919282:4106,Invar,0
Stephenson_2021.MH8919282:4124,Invar,1
Stephenson_2021.MH8919282:4132,Invar,1
Stephenson_2021.MH8919282:4136,Invar,1
Stephenson_2021.MH8919282:4141,Invar,1
Stephenson_2021.MH8919282:4144,Invar,1
Stephenson_2021.MH8919282:4145,Invar,1
Stephenson_2021.MH8919282:4199,Invar,1
Stephenson_2021.MH8919282:4202,Invar,1
Stephenson_2021.MH8919282:4261,Invar,1
Stephenson_2021.MH8919282:4277,Invar,1
Stephenson_2021.MH8919282:4301,Invar,1
Stephenson_2021.MH8919282:4312,Invar,0
Stephenson_2021.MH8919282:4326,Invar,0
Stephenson_2021.MH8919282:4339,Invar,1
Stephenson_2021.MH8919282:4348,Invar,1
Stephenson_2021.MH8919282:4376,Invar,1
Stephenson_2021.MH8919282:4392,Invar,1
Stephenson_2021.MH8919282:4449,Invar,1
Stephenson_2021.MH8919282:4482,Invar,1
Stephenson_2021.MH8919282:4506,Invar,1
Stephenson_2021.MH8919282:4522,Invar,1
Stephenson_2021.MH8919282:4530,Invar,1
Stephenson_2021.MH8919282:4531,Invar,1
Stephenson_2021.MH8919282:4551,Invar,1
Stephenson_2021.MH8919282:4556,Invar,1
Stephenson_2021.MH8919282:4569,Invar,1
Stephenson_2021.MH8919282:4627,Invar,0
Stephenson_2021.MH8919282:4646,Invar,1
Stephenson_2021.MH8919282:4685,Invar,1
Stephenson_2021.MH8919282:4695,Invar,1
Stephenson_2021.MH8919282:4704,Invar,1
Stephenson_2021.MH8919282:4731,Invar,1
Stephenson_2021.MH8919282:4770,Invar,0
Stephenson_2021.MH8919282:4811,Invar,1
Stephenson_2021.MH8919282:4864,Invar,1
Stephenson_2021.MH8919282:4891,Invar,1
Stephenson_2021.MH8919282:4892,Invar,3
Stephenson_2021.MH8919282:4904,Invar,1
Stephenson_2021.MH8919282:4915,Invar,0
Stephenson_2021.MH8919282:5021,Invar,0
Stephenson_2021.MH8919282:5026,Invar,1
Stephenson_2021.MH8919282:5046,Invar,0
Stephenson_2021.MH8919282:5052,Invar,1
Stephenson_2021.MH8919282:5055,Invar,0
Stephenson_2021.MH8919282:5065,Invar,0
Stephenson_2021.MH8919282:5069,Invar,1
Stephenson_2021.MH8919282:5074,Invar,1
Stephenson_2021.MH8919282:5082,Invar,1
Stephenson_2021.MH8919282:5115,Invar,1
Stephenson_2021.MH8919282:5125,Invar,1
Stephenson_2021.MH8919282:5164,Invar,1
Stephenson_2021.MH8919282:5175,Invar,0
Stephenson_2021.MH8919282:5181,Invar,1
Stephenson_2021.MH8919282:5262,Invar,0
Stephenson_2021.MH8919282:5271,Invar,1
Stephenson_2021.MH8919282:5303,Invar,1
Stephenson_2021.MH8919282:5304,Invar,1
Stephenson_2021.MH8919282:5366,Invar,1
Stephenson_2021.MH8919282:5389,Invar,1
Stephenson_2021.MH8919282:5428,Invar,1
Stephenson_2021.MH8919282:5454,Invar,1
Stephenson_2021.MH8919282:5500,Invar,1
Stephenson_2021.MH8919282:5539,Invar,1
Stephenson_2021.MH8919282:5572,Invar,1
Stephenson_2021.MH8919282:5576,Invar,0
Stephenson_2021.MH8919282:5578,Invar,1
Stephenson_2021.MH8919282:5623,Invar,0
Stephenson_2021.MH8919282:5635,Invar,0
Stephenson_2021.MH8919282:5663,Invar,1
Stephenson_2021.MH8919282:5714,Invar,0
Stephenson_2021.MH8919282:5720,Invar,0
Stephenson_2021.MH8919282:5749,Invar,0
Stephenson_2021.MH8919282:5764,Invar,1
Stephenson_2021.MH8919282:5769,Invar,1
Stephenson_2021.MH8919282:5790,Invar,1
Stephenson_2021.MH8919282:5797,Invar,0
Stephenson_2021.MH8919282:5798,Invar,0
Stephenson_2021.MH8919282:5837,Invar,1
Stephenson_2021.MH8919282:5842,Invar,1
Stephenson_2021.MH8919282:5853,Invar,1
Stephenson_2021.MH8919282:5869,Invar,1
Stephenson_2021.MH8919282:5906,Invar,0
Stephenson_2021.MH8919282:5916,Invar,1
Stephenson_2021.MH8919282:5941,Invar,1
Stephenson_2021.MH8919282:5949,Invar,1
Stephenson_2021.MH8919282:5950,Invar,0
Stephenson_2021.MH8919282:5992,Invar,1
Stephenson_2021.MH8919282:6042,Invar,1
Stephenson_2021.MH8919282:6055,Invar,0
Stephenson_2021.MH8919282:6078,Invar,1
Stephenson_2021.MH8919282:6084,Invar,1
Stephenson_2021.MH8919282:6109,Invar,0
Stephenson_2021.MH8919282:6144,Invar,1
Stephenson_2021.MH8919282:6232,Invar,1
Stephenson_2021.MH8919282:6314,Invar,1
Stephenson_2021.MH8919282:6349,Invar,1
Stephenson_2021.MH8919282:6355,Invar,0
Stephenson_2021.MH8919282:6366,Invar,1
Stephenson_2021.MH8919282:6371,Invar,1
Stephenson_2021.MH8919282:6399,Invar,1
Stephenson_2021.MH8919282:6410,Invar,0
Stephenson_2021.MH8919282:6438,Invar,0
Stephenson_2021.MH8919282:6464,Invar,1
Stephenson_2021.MH8919282:6489,Invar,1
Stephenson_2021.MH8919282:6504,Invar,1
Stephenson_2021.MH8919282:6505,Invar,1
Stephenson_2021.MH8919282:6528,Invar,1
Stephenson_2021.MH8919282:6534,Invar,0
Stephenson_2021.MH8919282:6558,Invar,1
Stephenson_2021.MH8919282:6564,Invar,0
Stephenson_2021.MH8919282:6577,Invar,1
Stephenson_2021.MH8919282:6601,Invar,1
Stephenson_2021.MH8919282:6608,Invar,0
Stephenson_2021.MH8919282:6676,Invar,1
Stephenson_2021.MH8919282:6705,Invar,1
Stephenson_2021.MH8919282:6710,Invar,0
Stephenson_2021.MH8919282:6731,Invar,1
Stephenson_2021.MH8919282:6743,Invar,1
Stephenson_2021.MH8919282:6746,Invar,1
Stephenson_2021.MH8919282:6776,Invar,1
Stephenson_2021.MH8919282:6786,Invar,1
Stephenson_2021.MH8919282:6795,Invar,1
Stephenson_2021.MH8919282:6807,Invar,1
Stephenson_2021.MH8919282:6808,Invar,1
Stephenson_2021.MH8919282:6814,Invar,1
Stephenson_2021.MH8919282:6829,Invar,1
Stephenson_2021.MH8919282:6841,Invar,1
Stephenson_2021.CV0904:4,Invar,1
Stephenson_2021.CV0904:38,Invar,0
Stephenson_2021.CV0904:56,Invar,0
Stephenson_2021.CV0904:87,Invar,2
Stephenson_2021.CV0904:108,Invar,1
Stephenson_2021.CV0904:122,Invar,2
Stephenson_2021.CV0904:153,Invar,2
Stephenson_2021.CV0904:172,Invar,1
Stephenson_2021.CV0904:173,Invar,1
Stephenson_2021.CV0904:260,Invar,1
Stephenson_2021.CV0904:311,Invar,1
Stephenson_2021.CV0904:316,Invar,0
Stephenson_2021.CV0904:328,Invar,2
Stephenson_2021.CV0904:336,Invar,1
Stephenson_2021.CV0904:477,Invar,1
Stephenson_2021.CV0904:485,Invar,1
Stephenson_2021.CV0904:540,Invar,1
Stephenson_2021.CV0904:576,Invar,1
Stephenson_2021.CV0904:590,Invar,1
Stephenson_2021.CV0904:621,Invar,1
Stephenson_2021.CV0902:136,Invar,0
Stephenson_2021.CV0904:666,Invar,1
Stephenson_2021.CV0904:793,Invar,1
Stephenson_2021.CV0904:819,Invar,1
Stephenson_2021.CV0902:186,Invar,1
Stephenson_2021.CV0904:895,Invar,2
Stephenson_2021.CV0904:941,Invar,1
Stephenson_2021.CV0904:946,Invar,1
Stephenson_2021.CV0902:213,Invar,3
Stephenson_2021.CV0904:1005,Invar,1
Stephenson_2021.CV0904:1030,Invar,2
Stephenson_2021.CV0904:1043,Invar,0
Stephenson_2021.CV0904:1091,Invar,1
Stephenson_2021.CV0902:230,Invar,0
Stephenson_2021.CV0904:1223,Invar,1
Stephenson_2021.CV0904:1282,Invar,1
Stephenson_2021.CV0904:1329,Invar,0
Stephenson_2021.CV0904:1383,Invar,1
Stephenson_2021.CV0904:1392,Invar,1
Stephenson_2021.CV0904:1403,Invar,1
Stephenson_2021.CV0904:1406,Invar,1
Stephenson_2021.CV0902:282,Invar,0
Stephenson_2021.CV0902:298,Invar,1
Stephenson_2021.CV0904:1496,Invar,1
Stephenson_2021.CV0904:1580,Invar,1
Stephenson_2021.CV0904:1585,Invar,1
Stephenson_2021.CV0904:1619,Invar,2
Stephenson_2021.CV0904:1709,Invar,1
Stephenson_2021.CV0904:1712,Invar,0
Stephenson_2021.CV0904:1860,Invar,0
Stephenson_2021.CV0904:1906,Invar,2
Stephenson_2021.CV0904:1952,Invar,2
Stephenson_2021.CV0902:378,Invar,1
Stephenson_2021.CV0904:1961,Invar,1
Stephenson_2021.CV0904:2138,Invar,1
Stephenson_2021.CV0904:2172,Invar,1
Stephenson_2021.CV0904:2208,Invar,0
Stephenson_2021.CV0904:2220,Invar,3
Stephenson_2021.CV0904:2269,Invar,0
Stephenson_2021.CV0904:2327,Invar,1
Stephenson_2021.CV0904:2446,Invar,1
Stephenson_2021.CV0904:2457,Invar,1
Stephenson_2021.CV0904:2459,Invar,1
Stephenson_2021.CV0904:2475,Invar,1
Stephenson_2021.CV0904:2482,Invar,1
Stephenson_2021.CV0904:2491,Invar,1
Stephenson_2021.CV0904:2534,Invar,0
Stephenson_2021.CV0904:2616,Invar,1
Stephenson_2021.CV0904:2647,Invar,1
Stephenson_2021.CV0904:2649,Invar,0
Stephenson_2021.CV0904:2657,Invar,1
Stephenson_2021.CV0904:2780,Invar,2
Stephenson_2021.CV0904:2793,Invar,1
Stephenson_2021.CV0904:2829,Invar,1
Stephenson_2021.CV0904:2874,Invar,1
Stephenson_2021.CV0902:546,Invar,1
Stephenson_2021.CV0904:2964,Invar,1
Stephenson_2021.CV0904:2966,Invar,0
Stephenson_2021.CV0904:3073,Invar,1
Stephenson_2021.CV0904:3074,Invar,1
Stephenson_2021.CV0904:3116,Invar,1
Stephenson_2021.CV0904:3129,Invar,2
Stephenson_2021.CV0902:580,Invar,1
Stephenson_2021.CV0904:3182,Invar,2
Stephenson_2021.CV0904:3198,Invar,1
Stephenson_2021.CV0904:3287,Invar,1
Stephenson_2021.CV0904:3296,Invar,3
Stephenson_2021.CV0904:3312,Invar,2
Stephenson_2021.CV0904:3351,Invar,2
Stephenson_2021.CV0904:3418,Invar,1
Stephenson_2021.CV0902:636,Invar,0
Stephenson_2021.CV0904:3467,Invar,0
Stephenson_2021.CV0904:3491,Invar,1
Stephenson_2021.CV0904:3573,Invar,1
Stephenson_2021.CV0904:3586,Invar,1
Stephenson_2021.CV0904:3664,Invar,2
Stephenson_2021.CV0902:688,Invar,3
Stephenson_2021.CV0904:3773,Invar,0
Stephenson_2021.CV0904:3778,Invar,1
Stephenson_2021.CV0904:3794,Invar,1
Stephenson_2021.CV0904:3824,Invar,1
Stephenson_2021.CV0904:3900,Invar,1
Stephenson_2021.CV0904:3945,Invar,1
Stephenson_2021.CV0904:3973,Invar,1
Stephenson_2021.CV0904:4093,Invar,1
Stephenson_2021.CV0904:4107,Invar,1
Stephenson_2021.CV0904:4114,Invar,0
Stephenson_2021.CV0904:4171,Invar,0
Stephenson_2021.CV0904:4198,Invar,1
Stephenson_2021.CV0904:4250,Invar,1
Stephenson_2021.CV0904:4274,Invar,1
Stephenson_2021.CV0902:802,Invar,1
Stephenson_2021.CV0904:4352,Invar,1
Stephenson_2021.CV0904:4405,Invar,1
Stephenson_2021.CV0902:816,Invar,1
Stephenson_2021.CV0904:4429,Invar,2
Stephenson_2021.CV0904:4561,Invar,2
Stephenson_2021.CV0904:4608,Invar,1
Stephenson_2021.CV0904:4640,Invar,0
Stephenson_2021.CV0904:4663,Invar,1
Stephenson_2021.CV0904:4674,Invar,1
Stephenson_2021.CV0904:4702,Invar,1
Stephenson_2021.CV0904:4706,Invar,2
Stephenson_2021.CV0904:4732,Invar,0
Stephenson_2021.CV0902:886,Invar,1
Stephenson_2021.CV0904:4824,Invar,0
Stephenson_2021.CV0904:4879,Invar,1
Stephenson_2021.CV0904:4888,Invar,1
Stephenson_2021.CV0904:4930,Invar,1
Stephenson_2021.CV0904:4963,Invar,1
Stephenson_2021.CV0904:5004,Invar,0
Stephenson_2021.CV0904:5010,Invar,1
Stephenson_2021.CV0904:5037,Invar,1
Stephenson_2021.CV0904:5047,Invar,3
Stephenson_2021.CV0902:943,Invar,1
Stephenson_2021.CV0904:5157,Invar,1
Stephenson_2021.CV0904:5184,Invar,0
Stephenson_2021.CV0904:5257,Invar,1
Stephenson_2021.CV0904:5262,Invar,2
Stephenson_2021.CV0904:5278,Invar,1
Stephenson_2021.CV0904:5322,Invar,1
Stephenson_2021.CV0904:5324,Invar,0
Stephenson_2021.CV0904:5375,Invar,1
Stephenson_2021.CV0904:5378,Invar,1
Stephenson_2021.CV0904:5391,Invar,2
Stephenson_2021.CV0904:5430,Invar,2
Stephenson_2021.CV0904:5528,Invar,2
Stephenson_2021.CV0904:5542,Invar,1
Stephenson_2021.CV0904:5547,Invar,1
Stephenson_2021.CV0904:5554,Invar,1
Stephenson_2021.CV0904:5595,Invar,0
Stephenson_2021.CV0904:5607,Invar,1
Stephenson_2021.CV0904:5702,Invar,3
Stephenson_2021.CV0904:5738,Invar,2
Stephenson_2021.CV0904:5816,Invar,2
Stephenson_2021.CV0902:1087,Invar,1
Stephenson_2021.CV0904:5839,Invar,1
Stephenson_2021.CV0904:5940,Invar,1
Stephenson_2021.CV0904:6065,Invar,1
Stephenson_2021.CV0904:6078,Invar,0
Stephenson_2021.CV0904:6080,Invar,2
Stephenson_2021.CV0904:6126,Invar,1
Stephenson_2021.CV0904:6237,Invar,1
Stephenson_2021.CV0904:6357,Invar,1
Stephenson_2021.CV0904:6381,Invar,1
Stephenson_2021.CV0904:6425,Invar,0
Stephenson_2021.CV0904:6488,Invar,1
Stephenson_2021.CV0904:6610,Invar,2
Stephenson_2021.CV0904:6691,Invar,1
Stephenson_2021.CV0902:1260,Invar,0
Stephenson_2021.CV0902:1264,Invar,1
Stephenson_2021.CV0902:1293,Invar,1
Stephenson_2021.CV0902:1299,Invar,1
Stephenson_2021.CV0902:1318,Invar,1
Stephenson_2021.CV0902:1345,Invar,2
Stephenson_2021.CV0902:1348,Invar,1
Stephenson_2021.CV0902:1374,Invar,1
Stephenson_2021.CV0902:1375,Invar,1
Stephenson_2021.CV0902:1391,Invar,1
Stephenson_2021.CV0902:1396,Invar,0
Stephenson_2021.CV0902:1412,Invar,0
Stephenson_2021.CV0902:1414,Invar,1
Stephenson_2021.CV0902:1417,Invar,1
Stephenson_2021.CV0902:1438,Invar,1
Stephenson_2021.CV0902:1439,Invar,1
Stephenson_2021.CV0902:1450,Invar,1
Stephenson_2021.CV0902:1453,Invar,1
Stephenson_2021.CV0902:1471,Invar,0
Stephenson_2021.CV0902:1482,Invar,0
Stephenson_2021.CV0902:1488,Invar,1
Stephenson_2021.CV0902:1509,Invar,1
Stephenson_2021.CV0902:1519,Invar,2
Stephenson_2021.CV0902:1547,Invar,0
Stephenson_2021.CV0902:1554,Invar,1
Stephenson_2021.CV0902:1571,Invar,3
Stephenson_2021.CV0902:1584,Invar,1
Stephenson_2021.CV0902:1595,Invar,1
Stephenson_2021.CV0902:1600,Invar,1
Stephenson_2021.CV0902:1602,Invar,2
Stephenson_2021.CV0902:1604,Invar,0
Stephenson_2021.CV0902:1614,Invar,1
Stephenson_2021.CV0902:1626,Invar,1
Stephenson_2021.CV0902:1633,Invar,1
Stephenson_2021.CV0902:1656,Invar,2
Stephenson_2021.CV0902:1659,Invar,1
Stephenson_2021.CV0902:1668,Invar,0
Stephenson_2021.CV0902:1674,Invar,1
Stephenson_2021.CV0902:1701,Invar,1
Stephenson_2021.CV0902:1711,Invar,1
Stephenson_2021.CV0902:1712,Invar,0
Stephenson_2021.CV0902:1718,Invar,0
Stephenson_2021.CV0902:1719,Invar,1
Stephenson_2021.CV0902:1741,Invar,1
Stephenson_2021.CV0902:1761,Invar,1
Stephenson_2021.CV0902:1763,Invar,0
Stephenson_2021.CV0902:1772,Invar,1
Stephenson_2021.CV0902:1775,Invar,0
Stephenson_2021.CV0902:1777,Invar,1
Stephenson_2021.CV0902:1802,Invar,1
Stephenson_2021.CV0902:1813,Invar,1
Stephenson_2021.CV0902:1824,Invar,1
Stephenson_2021.CV0902:1832,Invar,1
Stephenson_2021.CV0902:1840,Invar,1
Stephenson_2021.CV0902:1862,Invar,1
Stephenson_2021.CV0902:1865,Invar,1
Stephenson_2021.CV0902:1867,Invar,2
Stephenson_2021.CV0902:1868,Invar,0
Stephenson_2021.CV0902:1883,Invar,1
Stephenson_2021.CV0902:1889,Invar,1
Stephenson_2021.CV0902:1892,Invar,1
Stephenson_2021.CV0902:1916,Invar,1
Stephenson_2021.CV0902:1928,Invar,1
Stephenson_2021.CV0902:1960,Invar,1
Stephenson_2021.CV0902:1970,Invar,1
Stephenson_2021.CV0902:1980,Invar,2
Stephenson_2021.CV0902:1982,Invar,1
Stephenson_2021.CV0902:1989,Invar,1
Stephenson_2021.CV0902:1996,Invar,1
Stephenson_2021.CV0902:2016,Invar,3
Stephenson_2021.CV0902:2056,Invar,1
Stephenson_2021.CV0902:2061,Invar,1
Stephenson_2021.CV0902:2075,Invar,1
Stephenson_2021.CV0902:2079,Invar,1
Stephenson_2021.CV0902:2111,Invar,1
Stephenson_2021.CV0902:2124,Invar,2
Stephenson_2021.CV0902:2152,Invar,1
Stephenson_2021.CV0902:2156,Invar,0
Stephenson_2021.CV0902:2161,Invar,1
Stephenson_2021.CV0902:2163,Invar,0
Stephenson_2021.CV0902:2169,Invar,1
Stephenson_2021.CV0902:2177,Invar,1
Stephenson_2021.CV0902:2185,Invar,1
Stephenson_2021.CV0902:2212,Invar,1
Stephenson_2021.CV0902:2217,Invar,0
Stephenson_2021.CV0902:2228,Invar,1
Stephenson_2021.CV0902:2230,Invar,1
Stephenson_2021.CV0902:2240,Invar,2
Stephenson_2021.CV0902:2300,Invar,3
Stephenson_2021.CV0902:2306,Invar,1
Stephenson_2021.CV0902:2319,Invar,0
Stephenson_2021.CV0902:2321,Invar,0
Stephenson_2021.CV0902:2323,Invar,3
Stephenson_2021.CV0902:2325,Invar,1
Stephenson_2021.CV0902:2335,Invar,0
Stephenson_2021.CV0902:2343,Invar,1
Stephenson_2021.CV0902:2371,Invar,1
Stephenson_2021.CV0902:2383,Invar,1
Stephenson_2021.CV0902:2384,Invar,1
Stephenson_2021.CV0902:2393,Invar,1
Stephenson_2021.CV0902:2402,Invar,1
Stephenson_2021.CV0902:2405,Invar,1
Stephenson_2021.CV0902:2407,Invar,2
Stephenson_2021.CV0902:2415,Invar,1
Stephenson_2021.CV0902:2428,Invar,1
Stephenson_2021.CV0902:2450,Invar,1
Stephenson_2021.CV0902:2469,Invar,0
Stephenson_2021.CV0902:2479,Invar,1
Stephenson_2021.CV0902:2480,Invar,0
Stephenson_2021.CV0902:2488,Invar,1
Stephenson_2021.CV0902:2489,Invar,0
Stephenson_2021.CV0902:2500,Invar,1
Stephenson_2021.CV0902:2516,Invar,1
Stephenson_2021.CV0902:2535,Invar,1
Stephenson_2021.CV0902:2540,Invar,3
Stephenson_2021.CV0902:2559,Invar,3
Stephenson_2021.CV0902:2584,Invar,0
Stephenson_2021.CV0902:2588,Invar,1
Stephenson_2021.CV0902:2589,Invar,1
Stephenson_2021.CV0902:2628,Invar,1
Stephenson_2021.CV0902:2662,Invar,1
Stephenson_2021.CV0902:2676,Invar,1
Stephenson_2021.CV0902:2690,Invar,0
Stephenson_2021.CV0902:2694,Invar,1
Stephenson_2021.CV0902:2712,Invar,1
Stephenson_2021.CV0902:2726,Invar,1
Stephenson_2021.CV0902:2727,Invar,1
Stephenson_2021.CV0902:2730,Invar,1
Stephenson_2021.CV0902:2758,Invar,1
Stephenson_2021.CV0902:2788,Invar,0
Stephenson_2021.CV0902:2814,Invar,0
Stephenson_2021.CV0902:2835,Invar,0
Stephenson_2021.CV0902:2861,Invar,1
Stephenson_2021.CV0902:2869,Invar,0
Stephenson_2021.CV0902:2910,Invar,1
Stephenson_2021.CV0902:2930,Invar,1
Stephenson_2021.CV0902:2932,Invar,0
Stephenson_2021.CV0902:2942,Invar,1
Stephenson_2021.CV0902:2945,Invar,1
Stephenson_2021.CV0902:2955,Invar,0
Stephenson_2021.CV0902:2971,Invar,1
Stephenson_2021.CV0902:2974,Invar,0
Stephenson_2021.CV0902:2987,Invar,0
Stephenson_2021.CV0902:2988,Invar,1
Stephenson_2021.CV0902:2994,Invar,1
Stephenson_2021.CV0902:3025,Invar,2
Stephenson_2021.CV0902:3042,Invar,2
Stephenson_2021.CV0902:3049,Invar,2
Stephenson_2021.CV0902:3055,Invar,1
Stephenson_2021.CV0902:3068,Invar,1
Stephenson_2021.CV0902:3078,Invar,0
Stephenson_2021.CV0902:3092,Invar,1
Stephenson_2021.CV0902:3103,Invar,0
Stephenson_2021.CV0902:3115,Invar,1
Stephenson_2021.CV0902:3130,Invar,1
Stephenson_2021.CV0902:3139,Invar,0
Stephenson_2021.CV0902:3162,Invar,1
Stephenson_2021.CV0902:3167,Invar,2
Stephenson_2021.CV0902:3171,Invar,1
Stephenson_2021.CV0902:3188,Invar,1
Stephenson_2021.CV0902:3206,Invar,1
Stephenson_2021.CV0902:3245,Invar,1
Stephenson_2021.CV0902:3248,Invar,2
Stephenson_2021.CV0902:3259,Invar,0
Stephenson_2021.CV0902:3287,Invar,0
Stephenson_2021.CV0902:3288,Invar,1
Stephenson_2021.CV0902:3303,Invar,1
Stephenson_2021.CV0902:3382,Invar,1
Stephenson_2021.CV0902:3383,Invar,2
Stephenson_2021.CV0902:3401,Invar,1
Stephenson_2021.CV0902:3422,Invar,0
Stephenson_2021.CV0902:3426,Invar,0
Stephenson_2021.CV0902:3433,Invar,1
Stephenson_2021.CV0902:3434,Invar,0
Stephenson_2021.CV0902:3438,Invar,1
Stephenson_2021.CV0902:3444,Invar,1
Stephenson_2021.CV0902:3452,Invar,1
Stephenson_2021.CV0902:3494,Invar,1
Stephenson_2021.CV0902:3548,Invar,1
Stephenson_2021.CV0902:3559,Invar,1
Stephenson_2021.CV0902:3573,Invar,0
Stephenson_2021.CV0902:3595,Invar,1
Stephenson_2021.CV0902:3598,Invar,2
Stephenson_2021.CV0902:3610,Invar,1
Stephenson_2021.CV0902:3634,Invar,0
Stephenson_2021.CV0902:3637,Invar,1
Stephenson_2021.CV0902:3644,Invar,1
Stephenson_2021.CV0902:3646,Invar,1
Stephenson_2021.CV0902:3664,Invar,0
Stephenson_2021.CV0902:3682,Invar,1
Stephenson_2021.CV0902:3698,Invar,1
Stephenson_2021.CV0902:3707,Invar,1
Stephenson_2021.CV0902:3715,Invar,1
Stephenson_2021.CV0902:3716,Invar,0
Stephenson_2021.CV0902:3726,Invar,1
Stephenson_2021.CV0902:3727,Invar,2
Stephenson_2021.CV0902:3730,Invar,0
Stephenson_2021.CV0902:3740,Invar,1
Stephenson_2021.CV0902:3760,Invar,1
Stephenson_2021.CV0902:3796,Invar,1
Stephenson_2021.CV0902:3801,Invar,2
Stephenson_2021.CV0902:3804,Invar,1
Stephenson_2021.CV0902:3827,Invar,1
Stephenson_2021.CV0902:3828,Invar,1
Stephenson_2021.CV0902:3840,Invar,1
Stephenson_2021.CV0911:44,Invar,2
Stephenson_2021.CV0911:71,Invar,2
Stephenson_2021.CV0911:142,Invar,0
Stephenson_2021.CV0911:179,Invar,2
Stephenson_2021.CV0911:247,Invar,1
Stephenson_2021.CV0911:331,Invar,2
Stephenson_2021.CV0911:365,Invar,2
Stephenson_2021.CV0911:467,Invar,2
Stephenson_2021.CV0911:518,Invar,2
Stephenson_2021.CV0911:553,Invar,2
Stephenson_2021.CV0911:681,Invar,2
Stephenson_2021.CV0911:791,Invar,2
Stephenson_2021.CV0911:799,Invar,2
Stephenson_2021.CV0911:915,Invar,2
Stephenson_2021.CV0911:1015,Invar,2
Stephenson_2021.CV0911:1019,Invar,2
Stephenson_2021.CV0911:1147,Invar,2
Stephenson_2021.CV0911:1211,Invar,2
Stephenson_2021.CV0911:1250,Invar,2
Stephenson_2021.CV0911:1295,Invar,0
Stephenson_2021.CV0911:1324,Invar,2
Stephenson_2021.CV0911:1360,Invar,2
Stephenson_2021.CV0911:1448,Invar,2
Stephenson_2021.CV0911:1594,Invar,2
Stephenson_2021.CV0911:1645,Invar,2
Stephenson_2021.CV0911:1686,Invar,1
Stephenson_2021.CV0911:1733,Invar,2
Stephenson_2021.CV0911:1817,Invar,2
Stephenson_2021.CV0911:1853,Invar,3
Stephenson_2021.CV0911:1864,Invar,2
Stephenson_2021.CV0911:1902,Invar,2
Stephenson_2021.CV0929:199,Invar,0
Stephenson_2021.CV0929:268,Invar,2
Stephenson_2021.CV0929:281,Invar,0
Stephenson_2021.CV0929:304,Invar,0
Stephenson_2021.CV0929:413,Invar,3
Stephenson_2021.CV0929:510,Invar,0
Stephenson_2021.CV0929:552,Invar,1
Stephenson_2021.CV0929:579,Invar,1
Stephenson_2021.CV0929:591,Invar,1
Stephenson_2021.CV0929:654,Invar,3
Stephenson_2021.CV0929:667,Invar,0
Stephenson_2021.CV0929:680,Invar,1
Stephenson_2021.CV0929:702,Invar,1
Stephenson_2021.CV0929:718,Invar,1
Stephenson_2021.CV0929:734,Invar,0
Stephenson_2021.CV0929:766,Invar,0
Stephenson_2021.CV0929:955,Invar,2
Stephenson_2021.CV0929:959,Invar,0
Stephenson_2021.CV0929:1083,Invar,1
Stephenson_2021.CV0929:1197,Invar,0
Stephenson_2021.CV0929:1396,Invar,1
Stephenson_2021.CV0929:1432,Invar,0
Stephenson_2021.CV0929:1461,Invar,1
Stephenson_2021.CV0915:30,Invar,1
Stephenson_2021.CV0915:33,Invar,2
Stephenson_2021.CV0915:55,Invar,1
Stephenson_2021.CV0915:119,Invar,1
Stephenson_2021.CV0915:200,Invar,1
Stephenson_2021.CV0915:212,Invar,1
Stephenson_2021.CV0915:220,Invar,1
Stephenson_2021.CV0915:233,Invar,1
Stephenson_2021.CV0915:240,Invar,1
Stephenson_2021.CV0915:243,Invar,1
Stephenson_2021.CV0915:259,Invar,2
Stephenson_2021.CV0915:323,Invar,1
Stephenson_2021.CV0915:357,Invar,1
Stephenson_2021.CV0915:370,Invar,2
Stephenson_2021.CV0915:384,Invar,1
Stephenson_2021.CV0915:409,Invar,1
Stephenson_2021.CV0915:423,Invar,1
Stephenson_2021.CV0915:441,Invar,1
Stephenson_2021.CV0915:481,Invar,2
Stephenson_2021.CV0915:510,Invar,2
Stephenson_2021.CV0915:522,Invar,2
Stephenson_2021.CV0915:531,Invar,1
Stephenson_2021.CV0915:537,Invar,2
Stephenson_2021.CV0915:579,Invar,2
Stephenson_2021.CV0915:583,Invar,0
Stephenson_2021.CV0915:606,Invar,2
Stephenson_2021.CV0915:653,Invar,0
Stephenson_2021.CV0915:688,Invar,1
Stephenson_2021.CV0915:736,Invar,1
Stephenson_2021.CV0915:740,Invar,1
Stephenson_2021.CV0915:780,Invar,2
Stephenson_2021.CV0915:784,Invar,2
Stephenson_2021.CV0915:792,Invar,2
Stephenson_2021.CV0915:868,Invar,2
Stephenson_2021.CV0915:925,Invar,2
Stephenson_2021.CV0915:1020,Invar,2
Stephenson_2021.CV0915:1048,Invar,2
Stephenson_2021.CV0915:1056,Invar,1
Stephenson_2021.CV0915:1069,Invar,1
Stephenson_2021.CV0915:1118,Invar,1
Stephenson_2021.CV0915:1144,Invar,2
Stephenson_2021.CV0915:1150,Invar,1
Stephenson_2021.CV0915:1171,Invar,1
Stephenson_2021.CV0915:1188,Invar,1
Stephenson_2021.CV0915:1190,Invar,0
Stephenson_2021.CV0915:1199,Invar,1
Stephenson_2021.CV0915:1251,Invar,2
Stephenson_2021.CV0915:1257,Invar,1
Stephenson_2021.CV0915:1267,Invar,2
Stephenson_2021.CV0915:1291,Invar,1
Stephenson_2021.CV0915:1310,Invar,2
Stephenson_2021.CV0915:1313,Invar,1
Stephenson_2021.CV0915:1322,Invar,1
Stephenson_2021.CV0915:1340,Invar,1
Stephenson_2021.CV0915:1342,Invar,2
Stephenson_2021.CV0915:1361,Invar,1
Stephenson_2021.CV0915:1362,Invar,1
Stephenson_2021.CV0915:1379,Invar,0
Stephenson_2021.CV0915:1437,Invar,1
Stephenson_2021.CV0915:1494,Invar,2
Stephenson_2021.CV0915:1546,Invar,0
Stephenson_2021.CV0915:1563,Invar,1
Stephenson_2021.CV0915:1564,Invar,2
Stephenson_2021.CV0915:1568,Invar,1
Stephenson_2021.CV0915:1608,Invar,1
Stephenson_2021.CV0915:1632,Invar,1
Stephenson_2021.CV0915:1650,Invar,1
Stephenson_2021.CV0915:1662,Invar,1
Stephenson_2021.CV0915:1694,Invar,1
Stephenson_2021.CV0915:1725,Invar,1
Stephenson_2021.CV0915:1735,Invar,1
Stephenson_2021.CV0915:1760,Invar,1
Stephenson_2021.CV0915:1778,Invar,1
Stephenson_2021.CV0915:1805,Invar,2
Stephenson_2021.CV0915:1815,Invar,1
Stephenson_2021.CV0915:1819,Invar,1
Stephenson_2021.CV0915:1836,Invar,1
Stephenson_2021.CV0915:1888,Invar,1
Stephenson_2021.CV0915:1892,Invar,1
Stephenson_2021.CV0915:1923,Invar,1
Stephenson_2021.CV0917:92,Invar,2
Stephenson_2021.CV0917:103,Invar,1
Stephenson_2021.CV0917:140,Invar,0
Stephenson_2021.CV0917:181,Invar,0
Stephenson_2021.CV0917:224,Invar,1
Stephenson_2021.CV0917:227,Invar,0
Stephenson_2021.CV0917:260,Invar,1
Stephenson_2021.CV0917:262,Invar,0
Stephenson_2021.CV0917:392,Invar,1
Stephenson_2021.CV0917:411,Invar,2
Stephenson_2021.CV0917:497,Invar,2
Stephenson_2021.CV0917:527,Invar,2
Stephenson_2021.CV0917:644,Invar,1
Stephenson_2021.CV0917:819,Invar,1
Stephenson_2021.CV0917:835,Invar,1
Stephenson_2021.CV0917:921,Invar,2
Stephenson_2021.CV0917:961,Invar,2
Stephenson_2021.CV0917:1013,Invar,3
Stephenson_2021.CV0917:1085,Invar,0
Stephenson_2021.CV0917:1093,Invar,1
Stephenson_2021.CV0917:1128,Invar,1
Stephenson_2021.CV0917:1133,Invar,3
Stephenson_2021.CV0917:1166,Invar,1
Stephenson_2021.CV0917:1233,Invar,1
Stephenson_2021.CV0917:1241,Invar,3
Stephenson_2021.CV0917:1363,Invar,1
Stephenson_2021.CV0917:1383,Invar,2
Stephenson_2021.CV0917:1417,Invar,1
Stephenson_2021.CV0917:1496,Invar,1
Stephenson_2021.CV0917:1587,Invar,1
Stephenson_2021.CV0917:1652,Invar,2
Stephenson_2021.CV0917:1696,Invar,0
Stephenson_2021.CV0917:1875,Invar,2
Stephenson_2021.CV0917:1880,Invar,0
Stephenson_2021.CV0917:1897,Invar,2
Stephenson_2021.CV0917:1999,Invar,1
Stephenson_2021.CV0917:2023,Invar,2
Stephenson_2021.CV0917:2043,Invar,1
Stephenson_2021.CV0917:2139,Invar,2
Stephenson_2021.CV0917:2219,Invar,2
Stephenson_2021.CV0917:2244,Invar,1
Stephenson_2021.CV0917:2309,Invar,2
Stephenson_2021.CV0917:2355,Invar,0
Stephenson_2021.CV0917:2561,Invar,1
Stephenson_2021.CV0917:2581,Invar,1
Stephenson_2021.CV0917:2594,Invar,2
Stephenson_2021.CV0917:2655,Invar,0
Stephenson_2021.CV0917:2667,Invar,2
Stephenson_2021.CV0917:2716,Invar,3
Stephenson_2021.CV0917:2747,Invar,0
Stephenson_2021.CV0917:2781,Invar,1
Stephenson_2021.CV0917:2831,Invar,1
Stephenson_2021.CV0917:2874,Invar,0
Stephenson_2021.CV0917:2898,Invar,2
Stephenson_2021.CV0939:20,Invar,0
Stephenson_2021.CV0939:56,Invar,1
Stephenson_2021.CV0939:63,Invar,0
Stephenson_2021.CV0939:84,Invar,1
Stephenson_2021.CV0939:99,Invar,3
Stephenson_2021.CV0939:124,Invar,1
Stephenson_2021.CV0939:137,Invar,2
Stephenson_2021.CV0939:243,Invar,0
Stephenson_2021.CV0939:301,Invar,0
Stephenson_2021.CV0939:310,Invar,0
Stephenson_2021.CV0939:328,Invar,0
Stephenson_2021.CV0939:490,Invar,1
Stephenson_2021.CV0939:505,Invar,0
Stephenson_2021.CV0939:506,Invar,0
Stephenson_2021.CV0939:536,Invar,1
Stephenson_2021.CV0939:542,Invar,0
Stephenson_2021.CV0939:629,Invar,0
Stephenson_2021.CV0939:699,Invar,1
Stephenson_2021.CV0939:716,Invar,2
Stephenson_2021.CV0939:727,Invar,0
Stephenson_2021.CV0939:815,Invar,2
Stephenson_2021.CV0939:891,Invar,0
Stephenson_2021.CV0939:894,Invar,0
Stephenson_2021.CV0939:961,Invar,0
Stephenson_2021.CV0939:1014,Invar,1
Stephenson_2021.CV0939:1058,Invar,0
Stephenson_2021.CV0939:1064,Invar,0
Stephenson_2021.CV0939:1070,Invar,0
Stephenson_2021.CV0939:1105,Invar,0
Stephenson_2021.CV0939:1108,Invar,0
Stephenson_2021.CV0939:1152,Invar,0
Stephenson_2021.CV0939:1185,Invar,0
Stephenson_2021.CV0939:1297,Invar,0
Stephenson_2021.CV0939:1394,Invar,1
Stephenson_2021.CV0939:1410,Invar,0
Stephenson_2021.CV0939:1423,Invar,0
Stephenson_2021.CV0939:1475,Invar,1
Stephenson_2021.CV0939:1481,Invar,0
Stephenson_2021.CV0939:1553,Invar,0
Stephenson_2021.CV0939:1577,Invar,0
Stephenson_2021.CV0939:1662,Invar,0
Stephenson_2021.CV0939:1691,Invar,1
Stephenson_2021.CV0939:1700,Invar,0
Stephenson_2021.CV0939:1703,Invar,1
Stephenson_2021.CV0926:90,Invar,0
Stephenson_2021.CV0926:191,Invar,0
Stephenson_2021.CV0926:320,Invar,1
Stephenson_2021.CV0926:474,Invar,0
Stephenson_2021.CV0926:500,Invar,1
Stephenson_2021.CV0926:774,Invar,0
Stephenson_2021.CV0926:790,Invar,1
Stephenson_2021.CV0926:1102,Invar,2
Stephenson_2021.CV0926:1140,Invar,1
Stephenson_2021.CV0926:1238,Invar,1
Stephenson_2021.CV0926:1392,Invar,2
Stephenson_2021.CV0926:1577,Invar,0
Stephenson_2021.CV0926:1727,Invar,0
Stephenson_2021.CV0926:1728,Invar,0
Stephenson_2021.CV0926:1782,Invar,2
Stephenson_2021.CV0926:1789,Invar,1
Stephenson_2021.CV0926:1894,Invar,2
Stephenson_2021.CV0926:1951,Invar,2
Stephenson_2021.CV0926:2408,Invar,0
Stephenson_2021.CV0926:2472,Invar,1
Stephenson_2021.CV0926:2492,Invar,0
Stephenson_2021.CV0926:2612,Invar,0
Stephenson_2021.CV0934:30,Invar,0
Stephenson_2021.CV0934:31,Invar,0
Stephenson_2021.CV0934:33,Invar,1
Stephenson_2021.CV0934:36,Invar,1
Stephenson_2021.CV0934:70,Invar,0
Stephenson_2021.CV0934:92,Invar,2
Stephenson_2021.CV0934:106,Invar,1
Stephenson_2021.CV0934:109,Invar,1
Stephenson_2021.CV0934:110,Invar,2
Stephenson_2021.CV0934:117,Invar,1
Stephenson_2021.CV0934:120,Invar,1
Stephenson_2021.CV0934:125,Invar,0
Stephenson_2021.CV0934:126,Invar,0
Stephenson_2021.CV0934:146,Invar,1
Stephenson_2021.CV0934:151,Invar,0
Stephenson_2021.CV0934:157,Invar,1
Stephenson_2021.CV0934:165,Invar,2
Stephenson_2021.CV0934:184,Invar,1
Stephenson_2021.CV0934:197,Invar,1
Stephenson_2021.CV0934:199,Invar,0
Stephenson_2021.CV0934:212,Invar,0
Stephenson_2021.CV0934:219,Invar,0
Stephenson_2021.CV0934:247,Invar,1
Stephenson_2021.CV0934:265,Invar,0
Stephenson_2021.CV0934:298,Invar,1
Stephenson_2021.CV0934:313,Invar,0
Stephenson_2021.CV0934:359,Invar,0
Stephenson_2021.CV0934:415,Invar,0
Stephenson_2021.CV0934:418,Invar,1
Stephenson_2021.CV0934:421,Invar,2
Stephenson_2021.CV0934:422,Invar,0
Stephenson_2021.CV0934:432,Invar,0
Stephenson_2021.CV0934:434,Invar,2
Stephenson_2021.CV0934:483,Invar,0
Stephenson_2021.CV0934:505,Invar,1
Stephenson_2021.CV0934:507,Invar,1
Stephenson_2021.CV0934:510,Invar,1
Stephenson_2021.CV0934:519,Invar,0
Stephenson_2021.CV0934:567,Invar,1
Stephenson_2021.CV0934:568,Invar,1
Stephenson_2021.CV0934:575,Invar,1
Stephenson_2021.CV0934:583,Invar,1
Stephenson_2021.CV0934:604,Invar,0
Stephenson_2021.CV0934:622,Invar,0
Stephenson_2021.CV0934:654,Invar,1
Stephenson_2021.CV0934:661,Invar,2
Stephenson_2021.CV0934:662,Invar,2
Stephenson_2021.CV0934:670,Invar,1
Stephenson_2021.CV0934:677,Invar,1
Stephenson_2021.CV0934:687,Invar,1
Stephenson_2021.CV0934:708,Invar,1
Stephenson_2021.CV0934:720,Invar,1
Stephenson_2021.CV0934:741,Invar,1
Stephenson_2021.CV0934:745,Invar,0
Stephenson_2021.CV0934:746,Invar,0
Stephenson_2021.CV0934:763,Invar,1
Stephenson_2021.CV0934:793,Invar,0
Stephenson_2021.CV0934:807,Invar,1
Stephenson_2021.CV0934:813,Invar,1
Stephenson_2021.CV0934:814,Invar,1
Stephenson_2021.CV0934:816,Invar,1
Stephenson_2021.CV0934:824,Invar,1
Stephenson_2021.CV0934:834,Invar,0
Stephenson_2021.CV0934:852,Invar,1
Stephenson_2021.CV0934:879,Invar,0
Stephenson_2021.CV0934:886,Invar,0
Stephenson_2021.CV0934:887,Invar,2
Stephenson_2021.CV0934:891,Invar,0
Stephenson_2021.CV0934:895,Invar,1
Stephenson_2021.CV0934:898,Invar,1
Stephenson_2021.CV0934:903,Invar,1
Stephenson_2021.CV0934:911,Invar,1
Stephenson_2021.CV0934:957,Invar,1
Stephenson_2021.CV0934:977,Invar,1
Stephenson_2021.CV0934:981,Invar,2
Stephenson_2021.CV0934:982,Invar,1
Stephenson_2021.CV0934:996,Invar,0
Stephenson_2021.CV0934:999,Invar,0
Stephenson_2021.CV0934:1026,Invar,0
Stephenson_2021.CV0934:1045,Invar,0
Stephenson_2021.CV0934:1046,Invar,1
Stephenson_2021.CV0934:1059,Invar,0
Stephenson_2021.CV0934:1084,Invar,1
Stephenson_2021.CV0934:1112,Invar,2
Stephenson_2021.CV0934:1155,Invar,1
Stephenson_2021.CV0934:1182,Invar,0
Stephenson_2021.CV0934:1202,Invar,1
Stephenson_2021.CV0934:1234,Invar,0
Stephenson_2021.CV0934:1252,Invar,0
Stephenson_2021.CV0934:1277,Invar,0
Stephenson_2021.CV0934:1305,Invar,1
Stephenson_2021.CV0934:1306,Invar,1
Stephenson_2021.CV0934:1309,Invar,0
Stephenson_2021.CV0934:1346,Invar,0
Stephenson_2021.CV0934:1349,Invar,1
Stephenson_2021.CV0934:1360,Invar,1
Stephenson_2021.CV0934:1381,Invar,0
Stephenson_2021.CV0934:1386,Invar,1
Stephenson_2021.CV0934:1393,Invar,1
Stephenson_2021.CV0934:1397,Invar,1
Stephenson_2021.CV0934:1402,Invar,1
Stephenson_2021.CV0934:1417,Invar,0
Stephenson_2021.CV0934:1419,Invar,0
Stephenson_2021.CV0934:1442,Invar,1
Stephenson_2021.CV0934:1447,Invar,1
Stephenson_2021.CV0934:1527,Invar,3
Stephenson_2021.CV0934:1532,Invar,2
Stephenson_2021.CV0934:1555,Invar,1
Stephenson_2021.CV0934:1580,Invar,0
Stephenson_2021.CV0934:1598,Invar,1
Stephenson_2021.CV0934:1609,Invar,2
Stephenson_2021.CV0934:1647,Invar,1
Stephenson_2021.CV0934:1672,Invar,0
Stephenson_2021.CV0934:1687,Invar,1
Stephenson_2021.CV0934:1701,Invar,1
Stephenson_2021.CV0934:1713,Invar,1
Stephenson_2021.CV0934:1719,Invar,0
Stephenson_2021.CV0934:1734,Invar,1
Stephenson_2021.CV0934:1736,Invar,1
Stephenson_2021.CV0934:1743,Invar,1
Stephenson_2021.CV0934:1757,Invar,2
Stephenson_2021.CV0934:1759,Invar,1
Stephenson_2021.CV0934:1763,Invar,0
Stephenson_2021.CV0934:1767,Invar,1
Stephenson_2021.CV0934:1775,Invar,2
Stephenson_2021.CV0934:1780,Invar,0
Stephenson_2021.CV0934:1783,Invar,0
Stephenson_2021.CV0934:1789,Invar,1
Stephenson_2021.CV0934:1797,Invar,0
Stephenson_2021.CV0934:1829,Invar,1
Stephenson_2021.CV0934:1830,Invar,1
Stephenson_2021.CV0934:1833,Invar,2
Stephenson_2021.CV0934:1840,Invar,1
Stephenson_2021.CV0934:1883,Invar,0
Stephenson_2021.CV0934:1887,Invar,2
Stephenson_2021.CV0934:1959,Invar,1
Stephenson_2021.CV0934:1961,Invar,1
Stephenson_2021.CV0934:1977,Invar,1
Stephenson_2021.CV0934:2002,Invar,2
Stephenson_2021.CV0934:2003,Invar,1
Stephenson_2021.CV0934:2006,Invar,2
Stephenson_2021.CV0934:2007,Invar,1
Stephenson_2021.CV0934:2028,Invar,1
Stephenson_2021.CV0934:2029,Invar,1
Stephenson_2021.CV0934:2045,Invar,0
Stephenson_2021.CV0934:2047,Invar,2
Stephenson_2021.CV0934:2048,Invar,1
Stephenson_2021.CV0934:2069,Invar,1
Stephenson_2021.CV0934:2095,Invar,1
Stephenson_2021.CV0934:2123,Invar,2
Stephenson_2021.CV0934:2135,Invar,3
Stephenson_2021.CV0934:2147,Invar,1
Stephenson_2021.CV0934:2148,Invar,0
Stephenson_2021.CV0934:2172,Invar,0
Stephenson_2021.CV0934:2194,Invar,2
Stephenson_2021.CV0934:2199,Invar,0
Stephenson_2021.CV0934:2214,Invar,1
Stephenson_2021.CV0934:2227,Invar,1
Stephenson_2021.CV0934:2297,Invar,2
Stephenson_2021.CV0934:2304,Invar,1
Stephenson_2021.CV0934:2378,Invar,1
Stephenson_2021.CV0934:2434,Invar,1
Stephenson_2021.CV0934:2453,Invar,0
Stephenson_2021.CV0934:2471,Invar,1
Stephenson_2021.CV0934:2475,Invar,0
Stephenson_2021.CV0934:2486,Invar,1
Stephenson_2021.CV0934:2490,Invar,2
Stephenson_2021.CV0934:2505,Invar,1
Stephenson_2021.CV0934:2507,Invar,0
Stephenson_2021.CV0934:2513,Invar,0
Stephenson_2021.CV0934:2538,Invar,1
Stephenson_2021.CV0934:2539,Invar,1
Stephenson_2021.CV0934:2549,Invar,0
Stephenson_2021.CV0934:2600,Invar,1
Stephenson_2021.CV0934:2605,Invar,1
Stephenson_2021.CV0934:2628,Invar,0
Stephenson_2021.CV0934:2653,Invar,2
Stephenson_2021.CV0934:2658,Invar,0
Stephenson_2021.CV0934:2663,Invar,0
Stephenson_2021.CV0934:2674,Invar,0
Stephenson_2021.CV0934:2707,Invar,0
Stephenson_2021.CV0934:2715,Invar,0
Stephenson_2021.CV0934:2716,Invar,1
Stephenson_2021.CV0934:2720,Invar,1
Stephenson_2021.CV0934:2726,Invar,1
Stephenson_2021.CV0934:2738,Invar,2
Stephenson_2021.CV0934:2768,Invar,1
Stephenson_2021.CV0934:2839,Invar,2
Stephenson_2021.CV0934:2872,Invar,0
Stephenson_2021.CV0934:2893,Invar,1
Stephenson_2021.CV0934:2899,Invar,1
Stephenson_2021.CV0934:2901,Invar,1
Stephenson_2021.CV0934:2905,Invar,0
Stephenson_2021.CV0934:2912,Invar,0
Stephenson_2021.CV0934:2918,Invar,0
Stephenson_2021.CV0934:2967,Invar,1
Stephenson_2021.CV0934:3017,Invar,2
Stephenson_2021.CV0934:3043,Invar,3
Stephenson_2021.CV0934:3058,Invar,1
Stephenson_2021.CV0934:3076,Invar,0
Stephenson_2021.CV0934:3095,Invar,1
Stephenson_2021.CV0934:3100,Invar,1
Stephenson_2021.CV0934:3132,Invar,0
Stephenson_2021.CV0934:3150,Invar,0
Stephenson_2021.CV0934:3151,Invar,2
Stephenson_2021.CV0934:3173,Invar,0
Stephenson_2021.CV0934:3215,Invar,0
Stephenson_2021.CV0934:3254,Invar,0
Stephenson_2021.CV0934:3261,Invar,0
Stephenson_2021.CV0934:3277,Invar,1
Stephenson_2021.CV0934:3314,Invar,0
Stephenson_2021.CV0934:3332,Invar,2
Stephenson_2021.CV0934:3342,Invar,0
Stephenson_2021.CV0934:3352,Invar,1
Stephenson_2021.CV0934:3379,Invar,0
Stephenson_2021.CV0934:3381,Invar,1
Stephenson_2021.CV0934:3386,Invar,1
Stephenson_2021.CV0934:3387,Invar,1
Stephenson_2021.CV0934:3397,Invar,2
Stephenson_2021.CV0940:72,Invar,1
Stephenson_2021.CV0940:76,Invar,0
Stephenson_2021.CV0940:123,Invar,0
Stephenson_2021.CV0940:149,Invar,0
Stephenson_2021.CV0940:153,Invar,0
Stephenson_2021.CV0940:169,Invar,2
Stephenson_2021.CV0940:189,Invar,0
Stephenson_2021.CV0940:194,Invar,0
Stephenson_2021.CV0940:230,Invar,2
Stephenson_2021.CV0940:258,Invar,2
Stephenson_2021.CV0940:331,Invar,0
Stephenson_2021.CV0940:343,Invar,0
Stephenson_2021.CV0940:361,Invar,0
Stephenson_2021.CV0940:385,Invar,1
Stephenson_2021.CV0940:389,Invar,2
Stephenson_2021.CV0940:394,Invar,0
Stephenson_2021.CV0940:411,Invar,1
Stephenson_2021.CV0940:453,Invar,3
Stephenson_2021.CV0940:477,Invar,1
Stephenson_2021.CV0940:505,Invar,1
Stephenson_2021.CV0940:531,Invar,1
Stephenson_2021.CV0940:575,Invar,2
Stephenson_2021.CV0940:585,Invar,1
Stephenson_2021.CV0940:590,Invar,1
Stephenson_2021.CV0940:595,Invar,0
Stephenson_2021.CV0940:605,Invar,1
Stephenson_2021.CV0940:617,Invar,0
Stephenson_2021.CV0940:627,Invar,0
Stephenson_2021.CV0940:642,Invar,0
Stephenson_2021.CV0940:654,Invar,0
Stephenson_2021.CV0940:714,Invar,1
Stephenson_2021.CV0940:720,Invar,0
Stephenson_2021.CV0940:767,Invar,0
Stephenson_2021.CV0940:770,Invar,0
Stephenson_2021.CV0940:786,Invar,0
Stephenson_2021.CV0940:820,Invar,0
Stephenson_2021.CV0940:826,Invar,0
Stephenson_2021.CV0940:892,Invar,0
Stephenson_2021.CV0940:973,Invar,0
Stephenson_2021.CV0940:979,Invar,0
Stephenson_2021.CV0940:990,Invar,0
Stephenson_2021.CV0940:1023,Invar,0
Stephenson_2021.CV0940:1057,Invar,1
Stephenson_2021.CV0940:1063,Invar,0
Stephenson_2021.CV0940:1074,Invar,0
Stephenson_2021.CV0940:1077,Invar,0
Stephenson_2021.CV0940:1094,Invar,0
Stephenson_2021.CV0940:1132,Invar,2
Stephenson_2021.CV0940:1133,Invar,1
Stephenson_2021.CV0940:1138,Invar,0
Stephenson_2021.CV0940:1154,Invar,2
Stephenson_2021.CV0940:1157,Invar,1
Stephenson_2021.CV0940:1180,Invar,0
Stephenson_2021.CV0940:1184,Invar,1
Stephenson_2021.CV0940:1187,Invar,1
Stephenson_2021.CV0940:1192,Invar,0
Stephenson_2021.CV0940:1232,Invar,1
Stephenson_2021.CV0940:1241,Invar,0
Stephenson_2021.CV0940:1261,Invar,0
Stephenson_2021.CV0940:1324,Invar,2
Stephenson_2021.CV0940:1331,Invar,0
Stephenson_2021.CV0940:1349,Invar,2
Stephenson_2021.CV0940:1354,Invar,0
Stephenson_2021.CV0940:1371,Invar,0
Stephenson_2021.CV0940:1376,Invar,1
Stephenson_2021.CV0940:1396,Invar,0
Stephenson_2021.CV0940:1407,Invar,0
Stephenson_2021.CV0940:1427,Invar,0
Stephenson_2021.CV0940:1428,Invar,3
Stephenson_2021.CV0940:1430,Invar,1
Stephenson_2021.CV0940:1453,Invar,1
Stephenson_2021.CV0940:1454,Invar,0
Stephenson_2021.CV0940:1488,Invar,1
Stephenson_2021.CV0940:1529,Invar,1
Stephenson_2021.CV0940:1602,Invar,1
Stephenson_2021.CV0940:1612,Invar,0
Stephenson_2021.CV0940:1628,Invar,0
Stephenson_2021.CV0940:1684,Invar,0
Stephenson_2021.CV0940:1699,Invar,0
Stephenson_2021.CV0940:1742,Invar,0
Stephenson_2021.CV0940:1751,Invar,2
Stephenson_2021.CV0940:1866,Invar,1
Stephenson_2021.CV0940:1897,Invar,0
Stephenson_2021.CV0940:1926,Invar,0
Stephenson_2021.CV0940:2009,Invar,1
Stephenson_2021.CV0940:2056,Invar,0
Stephenson_2021.CV0940:2113,Invar,1
Stephenson_2021.CV0940:2121,Invar,1
Stephenson_2021.CV0940:2172,Invar,0
Stephenson_2021.CV0940:2188,Invar,0
Stephenson_2021.CV0940:2192,Invar,2
Stephenson_2021.CV0940:2227,Invar,1
Stephenson_2021.CV0940:2245,Invar,0
Stephenson_2021.CV0940:2258,Invar,1
Stephenson_2021.CV0940:2278,Invar,0
Stephenson_2021.CV0940:2364,Invar,0
Stephenson_2021.CV0940:2377,Invar,1
Stephenson_2021.CV0940:2447,Invar,0
Stephenson_2021.CV0940:2454,Invar,0
Stephenson_2021.CV0940:2495,Invar,0
Stephenson_2021.CV0940:2540,Invar,0
Stephenson_2021.CV0940:2545,Invar,0
Stephenson_2021.CV0940:2573,Invar,2
Stephenson_2021.CV0940:2614,Invar,0
Stephenson_2021.CV0940:2677,Invar,0
Stephenson_2021.CV0940:2693,Invar,1
Stephenson_2021.CV0940:2742,Invar,0
Stephenson_2021.CV0940:2779,Invar,2
Stephenson_2021.CV0940:2814,Invar,0
Stephenson_2021.CV0940:2822,Invar,0
Stephenson_2021.CV0940:2832,Invar,1
Stephenson_2021.CV0940:2873,Invar,2
Stephenson_2021.CV0940:2910,Invar,2
Stephenson_2021.CV0944:8,Invar,1
Stephenson_2021.CV0944:85,Invar,1
Stephenson_2021.CV0944:110,Invar,1
Stephenson_2021.CV0944:130,Invar,1
Stephenson_2021.CV0944:139,Invar,0
Stephenson_2021.CV0944:150,Invar,2
Stephenson_2021.CV0944:153,Invar,2
Stephenson_2021.CV0944:182,Invar,1
Stephenson_2021.CV0944:192,Invar,2
Stephenson_2021.CV0944:227,Invar,0
Stephenson_2021.CV0944:313,Invar,1
Stephenson_2021.CV0944:338,Invar,1
Stephenson_2021.CV0944:342,Invar,1
Stephenson_2021.CV0944:349,Invar,1
Stephenson_2021.CV0944:368,Invar,1
Stephenson_2021.CV0944:402,Invar,2
Stephenson_2021.CV0944:465,Invar,1
Stephenson_2021.CV0944:487,Invar,1
Stephenson_2021.CV0944:551,Invar,1
Stephenson_2021.CV0944:604,Invar,0
Stephenson_2021.CV0944:612,Invar,1
Foster_2024.MM2:1,Invar,1
Foster_2024.MM2:13,Invar,1
Foster_2024.MM2:51,Invar,2
Foster_2024.MM2:160,Invar,0
Foster_2024.MM2:473,Invar,0
Foster_2024.MM2:506,Invar,0
Foster_2024.MM2:512,Invar,1
Foster_2024.MM2:564,Invar,0
Foster_2024.MM2:583,Invar,0
Foster_2024.MM2:625,Invar,1
Foster_2024.MM2:643,Invar,1
Foster_2024.MM2:704,Invar,0
Foster_2024.MM2:875,Invar,0
Foster_2024.MM2:898,Invar,1
Foster_2024.MM2:1001,Invar,1
Foster_2024.MM2:1175,Invar,1
Foster_2024.MM2:1295,Invar,0
Foster_2024.MM2:1311,Invar,2
Foster_2024.MM2:1340,Invar,2
Foster_2024.MM2:1403,Invar,0
Foster_2024.MM2:1513,Invar,0
Foster_2024.MM2:1538,Invar,0
Foster_2024.MM2:1569,Invar,0
Foster_2024.MM2:1581,Invar,2
Foster_2024.MM2:1629,Invar,2
Foster_2024.MM2:1876,Invar,2
Foster_2024.MM2:1939,Invar,2
Foster_2024.MM2:2112,Invar,0
Foster_2024.MM2:2319,Invar,0
Foster_2024.MM2:2372,Invar,0
Foster_2024.MM2:2408,Invar,1
Foster_2024.MM2:2509,Invar,0
Foster_2024.MM2:2602,Invar,0
Foster_2024.MM2:2671,Invar,0
Foster_2024.MM2:2699,Invar,2
Foster_2024.MM2:2927,Invar,0
Foster_2024.MM2:2950,Invar,2
Foster_2024.MM2:2971,Invar,1
Foster_2024.MM2:2972,Invar,0
Foster_2024.MM2:2983,Invar,1
Foster_2024.MM2:3070,Invar,0
Foster_2024.MM2:3102,Invar,1
Foster_2024.MM2:3118,Invar,1
Foster_2024.MM2:3188,Invar,0
Foster_2024.MM2:3232,Invar,0
Foster_2024.MM2:3303,Invar,0
Foster_2024.MM2:3345,Invar,0
Foster_2024.MM2:3383,Invar,2
Foster_2024.MM2:3396,Invar,2
Foster_2024.MM2:3457,Invar,0
Foster_2024.MM2:3459,Invar,1
Foster_2024.MM2:3462,Invar,1
Foster_2024.MM2:3548,Invar,0
Foster_2024.MM2:3648,Invar,1
Foster_2024.MM2:3738,Invar,3
Foster_2024.MM2:4022,Invar,2
Foster_2024.MM2:4138,Invar,0
Foster_2024.MM2:4213,Invar,0
Foster_2024.MM2:4235,Invar,0
Foster_2024.MM2:4251,Invar,0
Foster_2024.MM2:4315,Invar,0
Foster_2024.MM2:4441,Invar,0
Foster_2024.MM2:4534,Invar,2
Foster_2024.MM2:4594,Invar,0
Foster_2024.MM2:4599,Invar,2
Foster_2024.MM2:4881,Invar,0
Foster_2024.MM2:4882,Invar,0
Foster_2024.MM2:4930,Invar,1
Foster_2024.MM2:5024,Invar,1
Foster_2024.MM2:5046,Invar,2
Foster_2024.MM2:5062,Invar,1
Foster_2024.MM2:5108,Invar,0
Foster_2024.MM2:5157,Invar,0
Foster_2024.MM2:5161,Invar,0
Foster_2024.MM2:5185,Invar,0
Foster_2024.MM2:5210,Invar,0
Foster_2024.MM2:5312,Invar,1
Foster_2024.MM2:5341,Invar,0
Foster_2024.MM2:5366,Invar,1
Foster_2024.MM2:5598,Invar,0
Foster_2024.MM2:5621,Invar,0
Foster_2024.MM2:5737,Invar,0
Foster_2024.MM2:5786,Invar,2
Foster_2024.MM1:199,Invar,2
Foster_2024.MM1:355,Invar,1
Foster_2024.MM1:372,Invar,2
Foster_2024.MM1:513,Invar,1
Foster_2024.MM1:1041,Invar,0
Foster_2024.MM1:1332,Invar,0
Foster_2024.MM1:1585,Invar,0
Foster_2024.MM1:1634,Invar,2
Foster_2024.MM1:1869,Invar,0
Foster_2024.MM1:2048,Invar,1
Foster_2024.MM1:2247,Invar,0
Foster_2024.MM1:2291,Invar,2
Foster_2024.MM1:2477,Invar,1
Foster_2024.MM1:3293,Invar,0
Foster_2024.MM1:3382,Invar,2
Foster_2024.MM1:3446,Invar,0
Foster_2024.MM1:3924,Invar,2
Foster_2024.MM1:3965,Invar,0
Foster_2024.MM1:4362,Invar,1
Foster_2024.MM1:4382,Invar,0
Foster_2024.MM1:4511,Invar,1
Foster_2024.MM1:4600,Invar,0
Foster_2024.MM1:4889,Invar,0
Foster_2024.MM1:5135,Invar,1
Foster_2024.MM1:5228,Invar,2
Foster_2024.MM1:5678,Invar,0
Foster_2024.MM1:5830,Invar,1
Foster_2024.MM1:6730,Invar,2
Foster_2024.MM1:7161,Invar,0
Foster_2024.MM1:7345,Invar,0
Foster_2024.MM1:7604,Invar,2
Foster_2024.MM1:7725,Invar,2
Foster_2024.MM1:7867,Invar,0
Foster_2024.MM1:7933,Invar,0
Foster_2024.MM1:8329,Invar,0
Foster_2024.MM1:8378,Invar,0
Foster_2024.MM1:8923,Invar,0
Foster_2024.MGUS1_pos:33,Treg,4
Foster_2024.MGUS1_pos:49,Treg,0
Foster_2024.MGUS1_pos:75,Treg,2
Foster_2024.MGUS1_pos:82,Treg,4
Foster_2024.MGUS1_pos:97,Treg,0
Foster_2024.MGUS1_pos:113,Treg,4
Foster_2024.MGUS1_pos:143,Treg,2
Foster_2024.MGUS1_pos:169,Treg,4
Foster_2024.MGUS1_pos:171,Treg,4
Foster_2024.MGUS1_pos:178,Treg,0
Foster_2024.MGUS1_pos:190,Treg,4
Foster_2024.MGUS1_pos:197,Treg,2
Foster_2024.MGUS1_pos:201,Treg,2
Foster_2024.MGUS1_pos:204,Treg,4
Foster_2024.MGUS1_pos:256,Treg,4
Foster_2024.MGUS1_pos:278,Treg,0
Foster_2024.MGUS1_pos:281,Treg,4
Foster_2024.MGUS1_pos:287,Treg,4
Foster_2024.MGUS1_pos:289,Treg,2
Foster_2024.MGUS1_pos:300,Treg,4
Foster_2024.MGUS1_pos:307,Treg,2
Foster_2024.MGUS1_pos:314,Treg,4
Foster_2024.MGUS1_pos:316,Treg,4
Foster_2024.MGUS1_pos:333,Treg,4
Foster_2024.MGUS1_pos:349,Treg,4
Foster_2024.MGUS1_pos:362,Treg,4
Foster_2024.MGUS1_pos:370,Treg,4
Foster_2024.MGUS1_pos:374,Treg,4
Foster_2024.MGUS1_pos:406,Treg,4
Foster_2024.MGUS1_pos:427,Treg,0
Foster_2024.MGUS1_pos:428,Treg,4
Foster_2024.MGUS1_pos:434,Treg,0
Foster_2024.MGUS1_pos:469,Treg,2
Foster_2024.MGUS1_pos:482,Treg,2
Foster_2024.MGUS1_pos:497,Treg,4
Foster_2024.MGUS1_pos:498,Treg,0
Foster_2024.MGUS1_pos:503,Treg,4
Foster_2024.MGUS1_pos:518,Treg,2
Foster_2024.MGUS1_pos:559,Treg,0
Foster_2024.MGUS1_pos:564,Treg,4
Foster_2024.MGUS1_pos:565,Treg,4
Foster_2024.MGUS1_pos:571,Treg,0
Foster_2024.MGUS1_pos:588,Treg,4
Foster_2024.MGUS1_pos:608,Treg,4
Foster_2024.MGUS1_pos:611,Treg,4
Foster_2024.MGUS1_pos:636,Treg,0
Foster_2024.MGUS1_pos:643,Treg,4
Foster_2024.MGUS1_pos:673,Treg,4
Foster_2024.MGUS1_pos:682,Treg,4
Foster_2024.MGUS1_pos:685,Treg,4
Foster_2024.MGUS1_pos:695,Treg,4
Foster_2024.MGUS1_pos:703,Treg,4
Foster_2024.MGUS1_pos:706,Treg,4
Foster_2024.MGUS1_pos:725,Treg,4
Foster_2024.MGUS1_pos:733,Treg,2
Foster_2024.MGUS1_pos:736,Treg,2
Foster_2024.MGUS1_pos:742,Treg,0
Foster_2024.MGUS1_pos:767,Treg,0
Foster_2024.MGUS1_pos:769,Treg,2
Foster_2024.MGUS1_pos:798,Treg,0
Foster_2024.MGUS1_pos:802,Treg,4
Foster_2024.MGUS1_pos:805,Treg,4
Foster_2024.MGUS1_pos:824,Treg,4
Foster_2024.MGUS1_pos:859,Treg,0
Foster_2024.MGUS1_pos:864,Treg,4
Foster_2024.MGUS1_pos:869,Treg,2
Foster_2024.MGUS1_pos:871,Treg,0
Foster_2024.MGUS1_pos:883,Treg,2
Foster_2024.MGUS1_pos:902,Treg,0
Foster_2024.MGUS1_pos:910,Treg,4
Foster_2024.MGUS1_pos:924,Treg,0
Foster_2024.MGUS1_pos:930,Treg,2
Foster_2024.MGUS1_pos:932,Treg,4
Foster_2024.MGUS1_pos:949,Treg,4
Foster_2024.MGUS1_pos:958,Treg,2
Foster_2024.MGUS1_pos:964,Treg,4
Foster_2024.MGUS1_pos:996,Treg,4
Foster_2024.MGUS1_pos:1010,Treg,4
Foster_2024.MGUS1_pos:1038,Treg,4
Foster_2024.MGUS1_pos:1052,Treg,0
Foster_2024.MGUS1_pos:1078,Treg,4
Foster_2024.MGUS1_pos:1101,Treg,4
Foster_2024.MGUS1_pos:1121,Treg,0
Foster_2024.MGUS1_pos:1130,Treg,2
Foster_2024.MGUS1_pos:1150,Treg,4
Foster_2024.MGUS1_pos:1152,Treg,4
Foster_2024.MGUS1_pos:1153,Treg,0
Foster_2024.MGUS1_pos:1169,Treg,2
Foster_2024.MGUS1_pos:1207,Treg,0
Foster_2024.MGUS1_pos:1224,Treg,4
Foster_2024.MGUS1_pos:1229,Treg,0
Foster_2024.MGUS1_pos:1233,Treg,4
Foster_2024.MGUS1_pos:1247,Treg,2
Foster_2024.MGUS1_pos:1254,Treg,4
Foster_2024.MGUS1_pos:1258,Treg,4
Foster_2024.MGUS1_pos:1259,Treg,0
Foster_2024.MGUS1_pos:1296,Treg,4
Foster_2024.MGUS1_pos:1349,Treg,0
Foster_2024.MGUS1_pos:1358,Treg,4
Foster_2024.MGUS1_pos:1371,Treg,4
Foster_2024.MGUS1_pos:1376,Treg,4
Foster_2024.MGUS1_pos:1382,Treg,2
Foster_2024.MGUS1_pos:1403,Treg,0
Foster_2024.MGUS1_pos:1411,Treg,4
Foster_2024.MGUS1_pos:1419,Treg,4
Foster_2024.MGUS1_pos:1421,Treg,4
Foster_2024.MGUS1_pos:1429,Treg,4
Foster_2024.MGUS1_pos:1444,Treg,4
Foster_2024.MGUS1_pos:1452,Treg,4
Foster_2024.MGUS1_pos:1462,Treg,2
Foster_2024.MGUS1_pos:1482,Treg,4
Foster_2024.MGUS1_pos:1514,Treg,4
Foster_2024.MGUS1_pos:1522,Treg,4
Foster_2024.MGUS1_pos:1543,Treg,4
Foster_2024.MGUS1_pos:1549,Treg,4
Foster_2024.MGUS1_pos:1553,Treg,4
Foster_2024.MGUS1_pos:1580,Treg,4
Foster_2024.MGUS1_pos:1581,Treg,0
Foster_2024.MGUS1_pos:1586,Treg,4
Foster_2024.MGUS1_pos:1602,Treg,0
Foster_2024.MGUS1_pos:1607,Treg,4
Foster_2024.MGUS1_pos:1612,Treg,4
Foster_2024.MGUS1_pos:1619,Treg,0
Foster_2024.MGUS1_pos:1629,Treg,4
Foster_2024.MGUS1_pos:1636,Treg,2
Foster_2024.MGUS1_pos:1639,Treg,2
Foster_2024.MGUS1_pos:1658,Treg,4
Foster_2024.MGUS1_pos:1663,Treg,0
Foster_2024.MGUS1_pos:1667,Treg,2
Foster_2024.MGUS1_pos:1681,Treg,0
Foster_2024.MGUS1_pos:1683,Treg,2
Foster_2024.MGUS1_pos:1696,Treg,4
Foster_2024.MGUS1_pos:1702,Treg,4
Foster_2024.MGUS1_pos:1703,Treg,4
Foster_2024.MGUS1_pos:1736,Treg,2
Foster_2024.MGUS1_pos:1750,Treg,2
Foster_2024.MGUS1_pos:1767,Treg,4
Foster_2024.MGUS1_pos:1776,Treg,2
Foster_2024.MGUS1_pos:1797,Treg,4
Foster_2024.MGUS1_pos:1798,Treg,4
Foster_2024.MGUS1_pos:1802,Treg,2
Foster_2024.MGUS1_pos:1806,Treg,4
Foster_2024.MGUS1_pos:1811,Treg,0
Foster_2024.MGUS1_pos:1828,Treg,0
Foster_2024.MGUS1_pos:1830,Treg,4
Foster_2024.MGUS1_pos:1836,Treg,4
Foster_2024.MGUS1_pos:1848,Treg,4
Foster_2024.MGUS1_pos:1857,Treg,0
Foster_2024.MGUS1_pos:1882,Treg,4
Foster_2024.MGUS1_pos:1895,Treg,2
Foster_2024.MGUS1_pos:1920,Treg,4
Foster_2024.MGUS1_pos:1961,Treg,4
Foster_2024.MGUS1_pos:1967,Treg,2
Foster_2024.MGUS1_pos:1973,Treg,0
Foster_2024.MGUS1_pos:1976,Treg,4
Foster_2024.MGUS1_pos:1998,Treg,2
Foster_2024.MGUS1_pos:2003,Treg,0
Foster_2024.MGUS1_pos:2033,Treg,2
Foster_2024.MGUS1_pos:2051,Treg,0
Foster_2024.MGUS1_pos:2052,Treg,4
Foster_2024.MGUS1_pos:2061,Treg,2
Foster_2024.MGUS1_pos:2082,Treg,0
Foster_2024.MGUS1_pos:2086,Treg,4
Foster_2024.MGUS1_pos:2098,Treg,4
Foster_2024.MGUS1_pos:2111,Treg,2
Foster_2024.MGUS1_pos:2127,Treg,2
Foster_2024.MGUS1_pos:2145,Treg,2
Foster_2024.MGUS1_pos:2155,Treg,4
Foster_2024.MGUS1_pos:2165,Treg,4
Foster_2024.MGUS1_pos:2167,Treg,4
Foster_2024.MGUS1_pos:2209,Treg,2
Foster_2024.MGUS1_pos:2224,Treg,4
Foster_2024.MGUS1_pos:2253,Treg,2
Foster_2024.MGUS1_pos:2274,Treg,0
Foster_2024.MGUS1_pos:2277,Treg,4
Foster_2024.MGUS1_pos:2304,Treg,2
Foster_2024.MGUS1_pos:2305,Treg,0
Foster_2024.MGUS1_pos:2311,Treg,0
Foster_2024.MGUS1_pos:2335,Treg,0
Foster_2024.MGUS1_pos:2339,Treg,2
Foster_2024.MGUS1_pos:2344,Treg,0
Foster_2024.MGUS1_pos:2345,Treg,4
Foster_2024.MGUS1_pos:2347,Treg,0
Foster_2024.MGUS1_pos:2371,Treg,2
Foster_2024.MGUS1_pos:2386,Treg,0
Foster_2024.MGUS1_pos:2445,Treg,4
Foster_2024.MGUS1_pos:2446,Treg,4
Foster_2024.MGUS1_pos:2448,Treg,4
Foster_2024.MGUS1_pos:2468,Treg,4
Foster_2024.MGUS1_pos:2481,Treg,4
Foster_2024.MGUS1_pos:2492,Treg,4
Foster_2024.MGUS1_pos:2516,Treg,4
Foster_2024.MGUS1_pos:2517,Treg,4
Foster_2024.MGUS1_pos:2529,Treg,4
Foster_2024.MGUS1_pos:2537,Treg,0
Foster_2024.MGUS1_pos:2545,Treg,0
Foster_2024.MGUS1_pos:2546,Treg,4
Foster_2024.MGUS1_pos:2569,Treg,4
Foster_2024.MGUS1_pos:2570,Treg,2
Foster_2024.MGUS1_pos:2580,Treg,0
Foster_2024.MGUS1_pos:2583,Treg,4
Foster_2024.MGUS1_pos:2599,Treg,4
Foster_2024.MGUS1_pos:2620,Treg,4
Foster_2024.MGUS1_pos:2631,Treg,4
Foster_2024.MGUS1_pos:2640,Treg,4
Foster_2024.MGUS1_pos:2643,Treg,4
Foster_2024.MGUS1_pos:2647,Treg,4
Foster_2024.MGUS1_pos:2660,Treg,4
Foster_2024.MGUS1_pos:2679,Treg,4
Foster_2024.MGUS1_pos:2699,Treg,2
Foster_2024.MGUS1_pos:2702,Treg,2
Foster_2024.MGUS1_pos:2713,Treg,4
Foster_2024.MGUS1_pos:2791,Treg,4
Foster_2024.MGUS1_pos:2800,Treg,4
Foster_2024.MGUS1_pos:2836,Treg,2
Foster_2024.MGUS1_pos:2840,Treg,4
Foster_2024.MGUS1_pos:2842,Treg,4
Foster_2024.MGUS1_pos:2848,Treg,2
Foster_2024.MGUS1_pos:2854,Treg,4
Foster_2024.MGUS1_pos:2855,Treg,4
Foster_2024.MGUS1_pos:2858,Treg,0
Foster_2024.MGUS1_pos:2866,Treg,4
Foster_2024.MGUS1_pos:2868,Treg,4
Foster_2024.MGUS1_pos:2893,Treg,4
Foster_2024.MGUS1_pos:2910,Treg,4
Foster_2024.MGUS1_pos:2921,Treg,4
Foster_2024.MGUS1_pos:2928,Treg,0
Foster_2024.MGUS1_pos:2943,Treg,4
Foster_2024.MGUS1_pos:2944,Treg,4
Foster_2024.MGUS1_pos:2945,Treg,4
Foster_2024.MGUS1_pos:2960,Treg,0
Foster_2024.MGUS1_pos:2972,Treg,4
Foster_2024.MGUS1_pos:3009,Treg,4
Foster_2024.MGUS1_pos:3015,Treg,2
Foster_2024.MGUS1_pos:3031,Treg,2
Foster_2024.MGUS1_pos:3032,Treg,2
Foster_2024.MGUS1_pos:3049,Treg,0
Foster_2024.MGUS1_pos:3055,Treg,0
Foster_2024.MGUS1_pos:3061,Treg,2
Foster_2024.MGUS1_pos:3073,Treg,4
Foster_2024.MGUS1_pos:3092,Treg,4
Foster_2024.MGUS1_pos:3119,Treg,2
Foster_2024.MGUS1_pos:3121,Treg,4
Foster_2024.MGUS1_pos:3139,Treg,4
Foster_2024.MGUS1_pos:3144,Treg,0
Foster_2024.MGUS1_pos:3162,Treg,0
Foster_2024.MGUS1_pos:3167,Treg,4
Foster_2024.MGUS1_pos:3217,Treg,2
Foster_2024.MGUS1_pos:3230,Treg,4
Foster_2024.MGUS1_pos:3231,Treg,4
Foster_2024.MGUS1_pos:3237,Treg,4
Foster_2024.MGUS1_pos:3238,Treg,4
Foster_2024.MGUS1_pos:3243,Treg,4
Foster_2024.MGUS1_pos:3280,Treg,4
Foster_2024.MGUS1_pos:3292,Treg,4
Foster_2024.MGUS1_pos:3299,Treg,4
Foster_2024.MGUS1_pos:3305,Treg,2
Foster_2024.MGUS1_pos:3334,Treg,2
Foster_2024.MGUS1_pos:3343,Treg,4
Foster_2024.MGUS1_pos:3355,Treg,4
Foster_2024.MGUS1_pos:3365,Treg,0
Foster_2024.MGUS1_pos:3398,Treg,0
Foster_2024.MGUS1_pos:3406,Treg,4
Foster_2024.MGUS1_pos:3419,Treg,0
Foster_2024.MGUS1_pos:3424,Treg,4
Foster_2024.MGUS1_pos:3435,Treg,4
Foster_2024.MGUS1_pos:3451,Treg,4
Foster_2024.MGUS1_pos:3455,Treg,0
Foster_2024.MGUS1_pos:3457,Treg,4
Foster_2024.MGUS1_pos:3458,Treg,4
Foster_2024.MGUS1_pos:3490,Treg,4
Foster_2024.MGUS1_pos:3497,Treg,0
Foster_2024.MGUS1_pos:3503,Treg,4
Foster_2024.MGUS1_pos:3508,Treg,4
Foster_2024.MGUS1_pos:3510,Treg,2
Foster_2024.MGUS1_pos:3537,Treg,0
Foster_2024.MGUS1_pos:3542,Treg,2
Foster_2024.MGUS1_pos:3543,Treg,4
Foster_2024.MGUS1_pos:3555,Treg,0
Foster_2024.MGUS1_pos:3584,Treg,2
Foster_2024.MGUS1_pos:3595,Treg,2
Foster_2024.MGUS1_pos:3600,Treg,0
Foster_2024.MGUS1_pos:3612,Treg,2
Foster_2024.MGUS1_pos:3633,Treg,0
Foster_2024.MGUS1_pos:3653,Treg,2
Foster_2024.MGUS1_pos:3673,Treg,4
Foster_2024.MGUS1_pos:3678,Treg,4
Foster_2024.MGUS1_pos:3680,Treg,4
Foster_2024.MGUS1_pos:3710,Treg,4
Foster_2024.MGUS1_pos:3715,Treg,2
Foster_2024.MGUS1_pos:3721,Treg,4
Foster_2024.MGUS1_pos:3729,Treg,4
Foster_2024.MGUS1_pos:3734,Treg,4
Foster_2024.MGUS1_pos:3754,Treg,4
Foster_2024.MGUS1_pos:3766,Treg,0
Foster_2024.MGUS1_pos:3767,Treg,4
Foster_2024.MGUS1_pos:3786,Treg,0
Foster_2024.MGUS1_pos:3798,Treg,0
Foster_2024.MGUS1_pos:3807,Treg,2
Foster_2024.MGUS1_pos:3831,Treg,4
Foster_2024.MGUS1_pos:3834,Treg,0
Foster_2024.MGUS1_pos:3837,Treg,0
Foster_2024.MGUS1_pos:3840,Treg,4
Foster_2024.MGUS1_pos:3845,Treg,2
Foster_2024.MGUS1_pos:3850,Treg,4
Foster_2024.MGUS1_pos:3851,Treg,0
Foster_2024.MGUS1_pos:3870,Treg,0
Foster_2024.MGUS1_pos:3872,Treg,4
Foster_2024.MGUS1_pos:3877,Treg,2
Foster_2024.MGUS1_pos:3880,Treg,4
Foster_2024.MGUS1_pos:3884,Treg,4
Foster_2024.MGUS1_pos:3891,Treg,4
Foster_2024.MGUS1_pos:3912,Treg,0
Foster_2024.MGUS1_pos:3919,Treg,0
Foster_2024.MGUS1_pos:3945,Treg,0
Foster_2024.MGUS1_pos:3960,Treg,2
Foster_2024.MGUS1_pos:3968,Treg,4
Foster_2024.MGUS1_pos:4008,Treg,0
Foster_2024.MGUS1_pos:4025,Treg,0
Foster_2024.MGUS1_pos:4028,Treg,0
Foster_2024.MGUS1_pos:4029,Treg,0
Foster_2024.MGUS1_pos:4030,Treg,4
Foster_2024.MGUS1_pos:4068,Treg,2
Foster_2024.MGUS1_pos:4115,Treg,4
Foster_2024.MGUS1_pos:4131,Treg,0
Foster_2024.MGUS1_pos:4141,Treg,4
Foster_2024.MGUS1_pos:4147,Treg,4
Foster_2024.MGUS1_pos:4165,Treg,4
Foster_2024.MGUS1_pos:4187,Treg,4
Foster_2024.MGUS1_pos:4189,Treg,4
Foster_2024.MGUS1_pos:4193,Treg,4
Foster_2024.MGUS1_pos:4194,Treg,0
Foster_2024.MGUS1_pos:4199,Treg,4
Foster_2024.MGUS1_pos:4218,Treg,4
Foster_2024.MGUS1_pos:4220,Treg,4
Foster_2024.MGUS1_pos:4235,Treg,4
Foster_2024.MGUS1_pos:4295,Treg,0
Foster_2024.MGUS1_pos:4297,Treg,2
Foster_2024.MGUS1_pos:4333,Treg,4
Foster_2024.MGUS1_pos:4343,Treg,2
Foster_2024.MGUS1_pos:4361,Treg,4
Foster_2024.MGUS1_pos:4370,Treg,0
Foster_2024.MGUS1_pos:4372,Treg,2
Foster_2024.MGUS1_pos:4380,Treg,4
Foster_2024.MGUS1_pos:4387,Treg,2
Foster_2024.MGUS1_pos:4396,Treg,2
Foster_2024.MGUS1_pos:4406,Treg,4
Foster_2024.MGUS1_pos:4418,Treg,2
Foster_2024.MGUS1_pos:4425,Treg,4
Foster_2024.MGUS1_pos:4435,Treg,0
Foster_2024.MGUS1_pos:4458,Treg,2
Foster_2024.MGUS1_pos:4467,Treg,2
Foster_2024.MGUS1_pos:4471,Treg,0
Foster_2024.MGUS1_pos:4491,Treg,2
Foster_2024.MGUS1_pos:4592,Treg,2
Foster_2024.MGUS1_pos:4617,Treg,4
Foster_2024.MGUS1_pos:4620,Treg,4
Foster_2024.MGUS1_pos:4693,Treg,2
Foster_2024.MGUS1_pos:4728,Treg,2
Foster_2024.MGUS1_pos:4729,Treg,4
Foster_2024.MGUS1_pos:4750,Treg,4
Foster_2024.MGUS1_pos:4763,Treg,2
Foster_2024.MGUS1_pos:4771,Treg,4
Foster_2024.MGUS1_pos:4793,Treg,4
Foster_2024.MGUS1_pos:4819,Treg,4
Foster_2024.MGUS1_pos:4869,Treg,0
Foster_2024.MGUS1_pos:4907,Treg,4
Foster_2024.MGUS1_pos:4926,Treg,4
Foster_2024.MGUS1_pos:4948,Treg,4
Foster_2024.MGUS1_pos:4949,Treg,0
Foster_2024.MGUS1_pos:4951,Treg,4
Foster_2024.MGUS1_pos:4955,Treg,4
Foster_2024.MGUS1_pos:4956,Treg,2
Foster_2024.MGUS1_pos:4968,Treg,2
Foster_2024.MGUS1_pos:4982,Treg,4
Foster_2024.MGUS1_pos:4986,Treg,4
Foster_2024.MGUS1_pos:4988,Treg,4
Foster_2024.MGUS1_pos:4992,Treg,0
Foster_2024.MGUS1_pos:4999,Treg,0
Foster_2024.MGUS1_pos:5007,Treg,4
Foster_2024.MGUS1_pos:5028,Treg,4
Foster_2024.MGUS1_pos:5032,Treg,2
Foster_2024.MGUS1_pos:5076,Treg,4
Foster_2024.MGUS1_pos:5090,Treg,4
Foster_2024.MGUS1_pos:5099,Treg,0
Foster_2024.MGUS1_pos:5106,Treg,0
Foster_2024.MGUS1_pos:5125,Treg,4
Foster_2024.MGUS1_pos:5132,Treg,4
Foster_2024.MGUS1_pos:5137,Treg,4
Foster_2024.MGUS1_pos:5142,Treg,4
Foster_2024.MGUS1_pos:5170,Treg,0
Foster_2024.MGUS1_pos:5178,Treg,4
Foster_2024.MGUS1_pos:5196,Treg,4
Foster_2024.MGUS1_pos:5205,Treg,4
Foster_2024.MGUS1_pos:5208,Treg,0
Foster_2024.MGUS1_pos:5223,Treg,2
Foster_2024.MGUS1_pos:5250,Treg,4
Foster_2024.MGUS1_pos:5265,Treg,0
Foster_2024.MGUS1_pos:5275,Treg,4
Foster_2024.MGUS1_pos:5276,Treg,4
Foster_2024.MGUS1_pos:5277,Treg,0
Foster_2024.MGUS1_pos:5301,Treg,4
Foster_2024.MGUS1_pos:5323,Treg,4
Foster_2024.MGUS1_pos:5348,Treg,0
Foster_2024.MGUS1_pos:5352,Treg,4
Foster_2024.MGUS1_pos:5359,Treg,4
Foster_2024.MGUS1_pos:5418,Treg,2
Foster_2024.MGUS1_pos:5439,Treg,4
Foster_2024.MGUS1_pos:5447,Treg,2
Foster_2024.MGUS1_pos:5470,Treg,4
Foster_2024.MGUS1_pos:5477,Treg,4
Foster_2024.MGUS1_pos:5487,Treg,4
Foster_2024.MGUS1_pos:5512,Treg,2
Foster_2024.MGUS1_pos:5526,Treg,0
Foster_2024.MGUS1_pos:5533,Treg,0
Foster_2024.MGUS1_pos:5534,Treg,4
Foster_2024.MGUS1_pos:5540,Treg,4
Foster_2024.MGUS1_pos:5548,Treg,0
Foster_2024.MGUS1_pos:5565,Treg,0
Foster_2024.MGUS1_pos:5568,Treg,4
Foster_2024.MGUS1_pos:5573,Treg,0
Foster_2024.MGUS1_pos:5584,Treg,4
Foster_2024.MGUS1_pos:5598,Treg,2
Foster_2024.MGUS1_pos:5612,Treg,0
Foster_2024.MGUS1_pos:5617,Treg,4
Foster_2024.MGUS1_pos:5618,Treg,4
Foster_2024.MGUS1_pos:5650,Treg,4
Foster_2024.MGUS1_pos:5683,Treg,0
Foster_2024.MGUS1_pos:5698,Treg,4
Foster_2024.MGUS1_pos:5705,Treg,2
Foster_2024.MGUS1_pos:5721,Treg,4
Foster_2024.MGUS1_pos:5731,Treg,2
Foster_2024.MGUS1_pos:5748,Treg,2
Foster_2024.MGUS1_pos:5753,Treg,0
Foster_2024.MGUS1_pos:5790,Treg,4
Foster_2024.MGUS1_pos:5792,Treg,2
Foster_2024.MGUS1_pos:5827,Treg,0
Foster_2024.MGUS1_pos:5841,Treg,2
Foster_2024.MGUS1_pos:5849,Treg,0
Foster_2024.MGUS1_pos:5850,Treg,2
Foster_2024.MGUS1_pos:5853,Treg,4
Foster_2024.MGUS1_pos:5871,Treg,2
Foster_2024.MGUS1_pos:5874,Treg,4
Foster_2024.MGUS1_pos:5893,Treg,0
Foster_2024.MGUS1_pos:5918,Treg,0
Foster_2024.MGUS1_pos:5925,Treg,4
Foster_2024.MGUS1_pos:5942,Treg,2
Foster_2024.MGUS1_pos:5950,Treg,4
Foster_2024.MGUS1_pos:5955,Treg,0
Foster_2024.MGUS1_pos:5985,Treg,4
Foster_2024.MGUS1_pos:5993,Treg,4
Foster_2024.MGUS1_pos:6007,Treg,2
Foster_2024.MGUS1_pos:6018,Treg,4
Foster_2024.MGUS1_pos:6049,Treg,4
Foster_2024.MGUS1_pos:6052,Treg,0
Foster_2024.MGUS1_pos:6060,Treg,4
Foster_2024.MGUS1_pos:6070,Treg,4
Foster_2024.MGUS1_pos:6082,Treg,4
Foster_2024.MGUS1_pos:6090,Treg,0
Foster_2024.MGUS1_pos:6093,Treg,4
Foster_2024.MGUS1_pos:6100,Treg,4
Foster_2024.MGUS1_pos:6105,Treg,4
Foster_2024.MGUS1_pos:6116,Treg,4
Foster_2024.MGUS1_pos:6156,Treg,4
Foster_2024.MGUS1_pos:6167,Treg,4
Foster_2024.MGUS1_pos:6174,Treg,2
Foster_2024.MGUS1_pos:6177,Treg,0
Foster_2024.MGUS1_pos:6179,Treg,4
Foster_2024.MGUS1_pos:6190,Treg,4
Foster_2024.MGUS1_pos:6244,Treg,4
Foster_2024.MGUS1_pos:6248,Treg,2
Foster_2024.MGUS1_pos:6257,Treg,2
Foster_2024.MGUS1_pos:6264,Treg,4
Foster_2024.MGUS1_pos:6285,Treg,4
Foster_2024.MGUS1_pos:6286,Treg,0
Foster_2024.MGUS1_pos:6292,Treg,4
Foster_2024.MGUS1_pos:6298,Treg,2
Foster_2024.MGUS1_pos:6314,Treg,4
Foster_2024.MGUS1_pos:6323,Treg,4
Foster_2024.MGUS1_pos:6371,Treg,2
Foster_2024.SMM9_neg:232,Treg,0
Foster_2024.SMM7_pos:6,Treg,0
Foster_2024.SMM7_pos:491,Treg,4
Foster_2024.SMM7_pos:698,Treg,2
Foster_2024.SMM7_pos:976,Treg,4
Foster_2024.SMM7_pos:1030,Treg,0
Foster_2024.SMM7_pos:1191,Treg,0
Foster_2024.SMM7_pos:1660,Treg,4
Foster_2024.SMM7_pos:1679,Treg,0
Foster_2024.SMM7_pos:1685,Treg,2
Foster_2024.SMM7_pos:1708,Treg,0
Foster_2024.SMM7_pos:1836,Treg,0
Foster_2024.SMM7_pos:1846,Treg,4
Foster_2024.SMM7_pos:1859,Treg,0
Foster_2024.SMM7_pos:1885,Treg,4
Foster_2024.SMM7_pos:2484,Treg,4
Foster_2024.SMM7_pos:2492,Treg,0
Foster_2024.SMM7_pos:2523,Treg,0
Foster_2024.SMM7_pos:2742,Treg,4
Foster_2024.SMM7_pos:2924,Treg,0
Foster_2024.SMM7_pos:3070,Treg,0
Foster_2024.SMM3_neg:19,Treg,0
Foster_2024.SMM3_neg:135,Treg,4
Foster_2024.SMM3_neg:385,Treg,0
Foster_2024.SMM3_neg:471,Treg,4
Foster_2024.SMM3_neg:660,Treg,4
Foster_2024.SMM3_neg:681,Treg,4
Foster_2024.SMM3_neg:760,Treg,0
Foster_2024.SMM3_neg:797,Treg,0
Foster_2024.SMM3_neg:884,Treg,4
Foster_2024.SMM3_neg:919,Treg,0
Foster_2024.SMM3_neg:924,Treg,4
Foster_2024.SMM3_neg:967,Treg,4
Foster_2024.SMM3_neg:1051,Treg,0
Foster_2024.SMM3_neg:1412,Treg,4
Foster_2024.SMM3_neg:1529,Treg,4
Foster_2024.SMM3_neg:1602,Treg,4
Foster_2024.SMM3_neg:1746,Treg,0
Foster_2024.SMM3_neg:1888,Treg,0
Foster_2024.SMM3_neg:1938,Treg,2
Foster_2024.SMM3_neg:2089,Treg,0
Foster_2024.SMM3_neg:2129,Treg,2
Foster_2024.SMM3_neg:2288,Treg,0
Foster_2024.SMM3_neg:2600,Treg,4
Foster_2024.SMM3_neg:2787,Treg,4
Foster_2024.SMM7_neg:4304,Treg,4
Foster_2024.SMM9_pos:26,Treg,2
Foster_2024.SMM9_pos:46,Treg,0
Foster_2024.SMM9_pos:156,Treg,4
Foster_2024.SMM9_pos:171,Treg,2
Foster_2024.SMM9_pos:335,Treg,0
Foster_2024.SMM9_pos:483,Treg,0
Foster_2024.SMM9_pos:575,Treg,2
Foster_2024.SMM9_pos:673,Treg,0
Foster_2024.SMM9_pos:1124,Treg,0
Foster_2024.SMM9_pos:1172,Treg,2
Foster_2024.SMM9_pos:1584,Treg,0
Foster_2024.SMM9_pos:1749,Treg,0
Foster_2024.SMM9_pos:2096,Treg,2
Foster_2024.SMM9_pos:2175,Treg,2
Foster_2024.SMM9_pos:2272,Treg,4
Foster_2024.SMM9_pos:2443,Treg,4
Foster_2024.SMM9_pos:2929,Treg,4
Foster_2024.SMM9_pos:3132,Treg,0
Foster_2024.SMM9_pos:3271,Treg,0
Foster_2024.SMM9_pos:3498,Treg,0
Foster_2024.SMM9_pos:3854,Treg,0
Foster_2024.SMM9_pos:4007,Treg,4
Foster_2024.SMM9_pos:4206,Treg,4
Foster_2024.SMM9_pos:4322,Treg,4
Foster_2024.SMM9_pos:4468,Treg,2
Foster_2024.SMM9_pos:4580,Treg,2
Foster_2024.SMM9_pos:4662,Treg,2
Foster_2024.SMM9_pos:5265,Treg,0
Foster_2024.SMM9_pos:5729,Treg,0
Foster_2024.SMM9_pos:5767,Treg,0
Foster_2024.SMM9_pos:6063,Treg,4
Foster_2024.SMM9_pos:6106,Treg,0
Foster_2024.SMM9_pos:6431,Treg,2
Foster_2024.SMM9_pos:6606,Treg,0
Foster_2024.SMM9_pos:6727,Treg,0
Foster_2024.SMM9_pos:6891,Treg,4
Foster_2024.SMM9_pos:7006,Treg,2
Foster_2024.SMM9_pos:7093,Treg,0
Foster_2024.SMM9_pos:7329,Treg,0
Foster_2024.SMM9_pos:7587,Treg,0
Foster_2024.SMM9_pos:7632,Treg,0
Foster_2024.SMM9_pos:7843,Treg,2
Foster_2024.SMM9_pos:7848,Treg,0
Foster_2024.SMM9_pos:7944,Treg,0
Foster_2024.SMM9_pos:8349,Treg,0
Foster_2024.SMM9_pos:8476,Treg,0
Foster_2024.SMM9_pos:8556,Treg,0
Foster_2024.SMM9_pos:8576,Treg,0
Foster_2024.SMM9_pos:8639,Treg,2
Foster_2024.SMM9_pos:8642,Treg,0
Foster_2024.SMM9_pos:8768,Treg,4
Foster_2024.SMM9_pos:9490,Treg,2
Foster_2024.SMM9_pos:9729,Treg,0
Foster_2024.SMM9_pos:9776,Treg,0
Foster_2024.SMM9_pos:9990,Treg,4
Foster_2024.SMM9_pos:10626,Treg,2
Foster_2024.SMM9_pos:10974,Treg,0
Foster_2024.SMM9_pos:10979,Treg,4
Foster_2024.SMM9_pos:11030,Treg,4
Foster_2024.SMM9_pos:11107,Treg,2
Foster_2024.MGUS1_neg:189,Treg,4
Foster_2024.MGUS1_neg:253,Treg,0
Foster_2024.MGUS1_neg:260,Treg,0
Foster_2024.MGUS1_neg:373,Treg,2
Foster_2024.MGUS1_neg:436,Treg,4
Foster_2024.MGUS1_neg:554,Treg,2
Foster_2024.MGUS1_neg:582,Treg,2
Foster_2024.MGUS1_neg:679,Treg,0
Foster_2024.MGUS1_neg:784,Treg,0
Foster_2024.MGUS1_neg:835,Treg,4
Foster_2024.MGUS1_neg:873,Treg,4
Foster_2024.MGUS1_neg:883,Treg,4
Foster_2024.MGUS1_neg:933,Treg,4
Foster_2024.MGUS1_neg:1351,Treg,4
Foster_2024.MGUS1_neg:1422,Treg,4
Foster_2024.MGUS1_neg:1566,Treg,4
Foster_2024.MGUS1_neg:1642,Treg,0
Foster_2024.MGUS1_neg:1719,Treg,0
Foster_2024.MGUS1_neg:1782,Treg,4
Foster_2024.MGUS1_neg:1795,Treg,4
Foster_2024.MGUS1_neg:1983,Treg,4
Foster_2024.MGUS1_neg:1992,Treg,0
Foster_2024.MGUS1_neg:2006,Treg,2
Foster_2024.MGUS1_neg:2145,Treg,0
Foster_2024.MGUS1_neg:2173,Treg,2
Foster_2024.MGUS1_neg:2339,Treg,2
Foster_2024.MGUS1_neg:2387,Treg,4
Foster_2024.MGUS1_neg:2635,Treg,4
Foster_2024.MGUS1_neg:2817,Treg,4
Foster_2024.MGUS1_neg:2968,Treg,2
Foster_2024.MGUS1_neg:3061,Treg,4
Foster_2024.MGUS1_neg:3087,Treg,2
Foster_2024.MGUS1_neg:3094,Treg,0
Foster_2024.MGUS1_neg:3115,Treg,4
Foster_2024.MGUS1_neg:3132,Treg,2
Foster_2024.MGUS1_neg:3168,Treg,2
Foster_2024.MGUS1_neg:3200,Treg,4
Foster_2024.MGUS1_neg:3233,Treg,4
Foster_2024.MGUS1_neg:3296,Treg,0
Foster_2024.MGUS1_neg:3299,Treg,4
Foster_2024.MGUS1_neg:3415,Treg,2
Foster_2024.MGUS1_neg:3430,Treg,4
Foster_2024.MGUS1_neg:3446,Treg,4
Foster_2024.MGUS1_neg:3462,Treg,0
Foster_2024.MGUS1_neg:3786,Treg,4
Foster_2024.MGUS1_neg:3805,Treg,0
Foster_2024.MGUS1_neg:3984,Treg,2
Foster_2024.MGUS1_neg:4033,Treg,4
Foster_2024.MGUS1_neg:4058,Treg,4
Foster_2024.MGUS1_neg:4116,Treg,4
Foster_2024.MGUS1_neg:4266,Treg,2
Foster_2024.MGUS1_neg:4341,Treg,4
Foster_2024.MGUS1_neg:4453,Treg,4
Foster_2024.MGUS1_neg:4522,Treg,0
Foster_2024.MGUS1_neg:4582,Treg,4
Foster_2024.MGUS1_neg:4666,Treg,4
Foster_2024.MGUS1_neg:4698,Treg,0
Foster_2024.MGUS1_neg:4701,Treg,2
Foster_2024.MGUS1_neg:4983,Treg,4
Foster_2024.MGUS1_neg:5112,Treg,4
Foster_2024.MGUS1_neg:5172,Treg,4
Foster_2024.MGUS1_neg:5203,Treg,4
Foster_2024.SMM12_pos:9,Treg,0
Foster_2024.SMM12_pos:35,Treg,0
Foster_2024.SMM12_pos:61,Treg,0
Foster_2024.SMM12_pos:73,Treg,2
Foster_2024.SMM12_pos:94,Treg,2
Foster_2024.SMM12_pos:129,Treg,2
Foster_2024.SMM12_pos:130,Treg,2
Foster_2024.SMM12_pos:182,Treg,0
Foster_2024.SMM12_pos:215,Treg,2
Foster_2024.SMM12_pos:229,Treg,2
Foster_2024.SMM12_pos:279,Treg,0
Foster_2024.SMM12_pos:301,Treg,2
Foster_2024.SMM12_pos:337,Treg,2
Foster_2024.SMM12_pos:359,Treg,2
Foster_2024.SMM12_pos:372,Treg,0
Foster_2024.SMM12_pos:394,Treg,0
Foster_2024.SMM12_pos:428,Treg,2
Foster_2024.SMM12_pos:526,Treg,0
Foster_2024.SMM12_pos:556,Treg,2
Foster_2024.SMM12_pos:573,Treg,2
Foster_2024.SMM12_pos:575,Treg,2
Foster_2024.SMM12_pos:622,Treg,2
Foster_2024.SMM12_pos:696,Treg,4
Foster_2024.SMM12_pos:717,Treg,2
Foster_2024.SMM12_pos:741,Treg,4
Foster_2024.SMM12_pos:749,Treg,2
Foster_2024.SMM12_pos:753,Treg,2
Foster_2024.SMM12_pos:761,Treg,2
Foster_2024.SMM12_pos:763,Treg,2
Foster_2024.SMM12_pos:791,Treg,2
Foster_2024.SMM12_pos:808,Treg,0
Foster_2024.SMM12_pos:818,Treg,2
Foster_2024.SMM12_pos:822,Treg,2
Foster_2024.SMM12_pos:881,Treg,2
Foster_2024.SMM12_pos:927,Treg,2
Foster_2024.SMM12_pos:932,Treg,2
Foster_2024.SMM12_pos:935,Treg,2
Foster_2024.SMM12_pos:946,Treg,2
Foster_2024.SMM12_pos:963,Treg,2
Foster_2024.SMM12_pos:971,Treg,2
Foster_2024.SMM12_pos:1076,Treg,0
Foster_2024.SMM12_pos:1116,Treg,4
Foster_2024.SMM12_pos:1149,Treg,2
Foster_2024.SMM12_pos:1181,Treg,2
Foster_2024.SMM12_pos:1243,Treg,2
Foster_2024.SMM12_pos:1258,Treg,2
Foster_2024.SMM12_pos:1314,Treg,2
Foster_2024.SMM12_pos:1318,Treg,2
Foster_2024.SMM12_pos:1320,Treg,2
Foster_2024.SMM12_pos:1358,Treg,2
Foster_2024.SMM12_pos:1366,Treg,2
Foster_2024.SMM12_pos:1426,Treg,0
Foster_2024.SMM12_pos:1443,Treg,0
Foster_2024.SMM12_pos:1506,Treg,4
Foster_2024.SMM12_pos:1617,Treg,0
Foster_2024.SMM12_pos:1627,Treg,2
Foster_2024.SMM12_pos:1684,Treg,2
Foster_2024.SMM12_pos:1699,Treg,4
Foster_2024.SMM12_pos:1708,Treg,4
Foster_2024.SMM12_pos:1726,Treg,2
Foster_2024.SMM12_pos:1734,Treg,2
Foster_2024.SMM12_pos:1742,Treg,2
Foster_2024.SMM12_pos:1749,Treg,2
Foster_2024.SMM12_pos:1792,Treg,2
Foster_2024.SMM12_pos:1810,Treg,0
Foster_2024.SMM12_pos:1824,Treg,4
Foster_2024.SMM12_pos:1827,Treg,2
Foster_2024.SMM12_pos:1889,Treg,0
Foster_2024.SMM12_pos:1910,Treg,2
Foster_2024.SMM12_pos:1928,Treg,0
Foster_2024.SMM12_pos:1929,Treg,2
Foster_2024.SMM12_pos:1934,Treg,2
Foster_2024.SMM12_pos:1985,Treg,2
Foster_2024.SMM12_pos:2004,Treg,0
Foster_2024.SMM12_pos:2041,Treg,2
Foster_2024.SMM12_pos:2075,Treg,2
Foster_2024.SMM12_pos:2087,Treg,2
Foster_2024.SMM12_pos:2104,Treg,0
Foster_2024.SMM12_pos:2162,Treg,0
Foster_2024.SMM12_pos:2164,Treg,0
Foster_2024.SMM12_pos:2198,Treg,0
Foster_2024.SMM12_pos:2222,Treg,2
Foster_2024.SMM12_pos:2291,Treg,0
Foster_2024.SMM12_pos:2362,Treg,2
Foster_2024.SMM12_pos:2406,Treg,2
Foster_2024.SMM12_pos:2423,Treg,0
Foster_2024.SMM12_pos:2455,Treg,0
Foster_2024.SMM12_pos:2502,Treg,2
Foster_2024.SMM12_pos:2507,Treg,2
Foster_2024.SMM12_pos:2521,Treg,2
Foster_2024.SMM12_pos:2562,Treg,2
Foster_2024.SMM12_pos:2585,Treg,0
Foster_2024.SMM12_pos:2599,Treg,2
Foster_2024.SMM12_pos:2672,Treg,2
Foster_2024.SMM12_pos:2689,Treg,0
Foster_2024.SMM12_pos:2711,Treg,0
Foster_2024.SMM12_pos:2715,Treg,2
Foster_2024.SMM12_pos:2806,Treg,2
Foster_2024.SMM12_pos:2832,Treg,2
Foster_2024.SMM12_pos:2877,Treg,0
Foster_2024.SMM12_pos:2883,Treg,0
Foster_2024.SMM12_pos:2891,Treg,2
Foster_2024.SMM12_pos:2951,Treg,2
Foster_2024.SMM12_pos:2952,Treg,2
Foster_2024.SMM12_pos:2963,Treg,4
Foster_2024.SMM12_pos:2992,Treg,2
Foster_2024.SMM12_pos:2997,Treg,2
Foster_2024.SMM12_pos:3030,Treg,2
Foster_2024.SMM12_pos:3039,Treg,0
Foster_2024.SMM12_pos:3071,Treg,2
Foster_2024.SMM12_pos:3099,Treg,2
Foster_2024.SMM12_pos:3128,Treg,0
Foster_2024.SMM12_pos:3139,Treg,0
Foster_2024.SMM12_pos:3179,Treg,2
Foster_2024.SMM12_pos:3223,Treg,0
Foster_2024.SMM12_pos:3231,Treg,2
Foster_2024.SMM12_pos:3250,Treg,0
Foster_2024.SMM12_pos:3263,Treg,2
Foster_2024.SMM12_pos:3279,Treg,2
Foster_2024.SMM12_pos:3293,Treg,0
Foster_2024.SMM12_pos:3333,Treg,2
Foster_2024.SMM12_pos:3363,Treg,0
Foster_2024.SMM12_pos:3377,Treg,2
Foster_2024.SMM12_pos:3380,Treg,0
Foster_2024.SMM12_pos:3389,Treg,2
Foster_2024.SMM12_pos:3453,Treg,2
Foster_2024.SMM12_pos:3486,Treg,2
Foster_2024.SMM12_pos:3505,Treg,0
Foster_2024.SMM12_pos:3552,Treg,2
Foster_2024.SMM12_pos:3555,Treg,0
Foster_2024.SMM12_pos:3560,Treg,2
Foster_2024.SMM12_pos:3570,Treg,2
Foster_2024.SMM12_pos:3618,Treg,2
Foster_2024.SMM12_pos:3660,Treg,0
Foster_2024.SMM12_pos:3664,Treg,0
Foster_2024.SMM12_pos:3685,Treg,0
Foster_2024.SMM12_pos:3695,Treg,0
Foster_2024.SMM12_pos:3718,Treg,2
Foster_2024.SMM12_pos:3727,Treg,0
Foster_2024.SMM12_pos:3731,Treg,0
Foster_2024.SMM12_pos:3732,Treg,2
Foster_2024.SMM12_pos:3760,Treg,2
Foster_2024.SMM12_pos:3777,Treg,2
Foster_2024.SMM12_pos:3781,Treg,2
Foster_2024.SMM12_pos:3885,Treg,0
Foster_2024.SMM12_pos:3905,Treg,2
Foster_2024.SMM12_pos:3913,Treg,0
Foster_2024.SMM12_pos:3919,Treg,2
Foster_2024.SMM12_pos:3940,Treg,0
Foster_2024.SMM12_pos:4008,Treg,0
Foster_2024.SMM12_pos:4016,Treg,2
Foster_2024.SMM12_pos:4022,Treg,2
Foster_2024.SMM12_pos:4090,Treg,2
Foster_2024.SMM12_pos:4099,Treg,2
Foster_2024.SMM12_pos:4116,Treg,0
Foster_2024.SMM12_pos:4126,Treg,0
Foster_2024.SMM12_pos:4138,Treg,0
Foster_2024.SMM12_pos:4148,Treg,0
Foster_2024.SMM12_pos:4151,Treg,2
Foster_2024.SMM12_pos:4225,Treg,2
Foster_2024.SMM12_pos:4227,Treg,4
Foster_2024.SMM12_pos:4235,Treg,0
Foster_2024.SMM12_pos:4324,Treg,0
Foster_2024.SMM12_pos:4345,Treg,0
Foster_2024.SMM12_pos:4363,Treg,4
Foster_2024.SMM12_pos:4386,Treg,0
Foster_2024.SMM12_pos:4395,Treg,2
Foster_2024.SMM12_pos:4413,Treg,2
Foster_2024.SMM12_pos:4434,Treg,2
Foster_2024.SMM12_pos:4492,Treg,0
Foster_2024.SMM12_pos:4606,Treg,2
Foster_2024.SMM12_pos:4638,Treg,2
Foster_2024.SMM12_pos:4654,Treg,2
Foster_2024.SMM12_pos:4664,Treg,2
Foster_2024.SMM12_pos:4758,Treg,0
Foster_2024.SMM12_pos:4781,Treg,2
Foster_2024.SMM12_pos:4837,Treg,0
Foster_2024.SMM12_pos:4846,Treg,2
Foster_2024.SMM12_pos:4862,Treg,2
Foster_2024.SMM12_pos:4893,Treg,2
Foster_2024.SMM12_pos:4899,Treg,2
Foster_2024.SMM12_pos:4924,Treg,2
Foster_2024.SMM12_pos:4959,Treg,2
Foster_2024.SMM12_pos:4978,Treg,0
Foster_2024.SMM12_pos:5021,Treg,0
Foster_2024.SMM12_pos:5114,Treg,2
Foster_2024.SMM12_pos:5159,Treg,2
Foster_2024.SMM12_pos:5173,Treg,2
Foster_2024.SMM12_pos:5178,Treg,2
Foster_2024.SMM12_pos:5210,Treg,2
Foster_2024.SMM12_pos:5232,Treg,0
Foster_2024.SMM12_pos:5370,Treg,0
Foster_2024.SMM12_pos:5377,Treg,2
Foster_2024.SMM12_pos:5379,Treg,0
Foster_2024.SMM12_pos:5393,Treg,2
Foster_2024.SMM12_pos:5397,Treg,0
Foster_2024.SMM12_pos:5400,Treg,2
Foster_2024.SMM12_pos:5467,Treg,2
Foster_2024.SMM12_pos:5477,Treg,2
Foster_2024.SMM12_pos:5479,Treg,0
Foster_2024.SMM12_pos:5489,Treg,0
Foster_2024.SMM12_pos:5491,Treg,2
Foster_2024.SMM12_pos:5492,Treg,2
Foster_2024.SMM12_pos:5504,Treg,2
Foster_2024.SMM12_pos:5568,Treg,2
Foster_2024.SMM12_pos:5574,Treg,0
Foster_2024.SMM12_pos:5654,Treg,4
Foster_2024.SMM12_pos:5690,Treg,0
Foster_2024.SMM12_pos:5703,Treg,0
Foster_2024.SMM12_pos:5847,Treg,2
Foster_2024.SMM12_pos:5857,Treg,0
Foster_2024.SMM12_pos:5882,Treg,2
Foster_2024.SMM12_pos:5975,Treg,0
Foster_2024.SMM12_pos:5980,Treg,2
Foster_2024.SMM12_pos:6004,Treg,2
Foster_2024.SMM12_pos:6025,Treg,2
Foster_2024.SMM12_pos:6038,Treg,0
Foster_2024.SMM12_pos:6109,Treg,2
Foster_2024.SMM12_pos:6126,Treg,2
Foster_2024.SMM12_pos:6160,Treg,0
Foster_2024.SMM12_pos:6184,Treg,0
Foster_2024.SMM12_pos:6205,Treg,0
Foster_2024.SMM12_pos:6243,Treg,2
Foster_2024.SMM12_pos:6327,Treg,2
Foster_2024.SMM12_pos:6334,Treg,0
Foster_2024.SMM12_pos:6347,Treg,0
Foster_2024.SMM12_pos:6378,Treg,2
Foster_2024.SMM12_pos:6379,Treg,0
Foster_2024.SMM12_pos:6407,Treg,2
Foster_2024.SMM12_pos:6411,Treg,0
Foster_2024.SMM12_pos:6461,Treg,2
Foster_2024.SMM12_pos:6495,Treg,2
Foster_2024.SMM12_pos:6574,Treg,0
Foster_2024.SMM12_pos:6592,Treg,0
Foster_2024.SMM12_pos:6623,Treg,0
Foster_2024.SMM12_pos:6700,Treg,2
Foster_2024.SMM12_pos:6720,Treg,0
Foster_2024.SMM12_pos:6733,Treg,2
Foster_2024.SMM12_pos:6832,Treg,2
Foster_2024.SMM12_pos:6858,Treg,0
Foster_2024.SMM12_pos:6870,Treg,2
Foster_2024.SMM12_pos:6876,Treg,2
Foster_2024.SMM12_pos:6927,Treg,2
Foster_2024.SMM12_pos:6974,Treg,2
Foster_2024.SMM12_pos:7016,Treg,2
Foster_2024.SMM12_pos:7018,Treg,2
Foster_2024.SMM12_pos:7021,Treg,2
Foster_2024.SMM12_pos:7087,Treg,0
Foster_2024.SMM12_pos:7109,Treg,0
Foster_2024.SMM12_pos:7110,Treg,0
Foster_2024.SMM12_pos:7172,Treg,2
Foster_2024.SMM12_pos:7206,Treg,2
Foster_2024.SMM12_pos:7227,Treg,2
Foster_2024.SMM12_pos:7234,Treg,2
Foster_2024.SMM12_pos:7246,Treg,2
Foster_2024.SMM12_pos:7255,Treg,4
Foster_2024.SMM12_pos:7293,Treg,2
Foster_2024.SMM12_pos:7330,Treg,2
Foster_2024.SMM12_pos:7343,Treg,2
Foster_2024.SMM12_pos:7371,Treg,2
Foster_2024.SMM12_pos:7376,Treg,0
Foster_2024.SMM12_pos:7454,Treg,0
Foster_2024.SMM12_pos:7487,Treg,4
Foster_2024.SMM12_pos:7511,Treg,2
Foster_2024.SMM12_pos:7599,Treg,2
Foster_2024.SMM12_pos:7601,Treg,0
Foster_2024.SMM12_pos:7608,Treg,2
Foster_2024.SMM12_pos:7617,Treg,2
Foster_2024.SMM12_pos:7622,Treg,2
Foster_2024.SMM12_pos:7652,Treg,2
Foster_2024.SMM12_pos:7654,Treg,0
Foster_2024.SMM12_pos:7662,Treg,2
Foster_2024.SMM12_pos:7663,Treg,0
Foster_2024.SMM12_pos:7722,Treg,2
Foster_2024.SMM12_pos:7747,Treg,4
Foster_2024.SMM12_pos:7749,Treg,2
Foster_2024.SMM12_pos:7785,Treg,2
Foster_2024.SMM12_pos:7801,Treg,2
Foster_2024.SMM12_pos:7892,Treg,2
Foster_2024.SMM12_pos:7900,Treg,4
Foster_2024.SMM12_pos:7931,Treg,2
Foster_2024.SMM12_pos:7937,Treg,0
Foster_2024.SMM12_pos:7998,Treg,0
Foster_2024.SMM12_pos:8005,Treg,2
Foster_2024.SMM12_pos:8024,Treg,0
Foster_2024.SMM12_pos:8051,Treg,0
Foster_2024.SMM12_pos:8094,Treg,2
Foster_2024.SMM12_pos:8134,Treg,2
Foster_2024.SMM12_pos:8147,Treg,2
Foster_2024.SMM12_pos:8150,Treg,2
Foster_2024.SMM12_pos:8163,Treg,0
Foster_2024.SMM12_pos:8238,Treg,2
Foster_2024.SMM12_pos:8256,Treg,2
Foster_2024.SMM12_pos:8262,Treg,2
Foster_2024.SMM12_pos:8268,Treg,0
Foster_2024.SMM12_pos:8300,Treg,2
Foster_2024.SMM12_pos:8318,Treg,2
Foster_2024.SMM12_pos:8390,Treg,2
Foster_2024.SMM12_pos:8417,Treg,2
Foster_2024.SMM12_pos:8428,Treg,2
Foster_2024.SMM12_pos:8440,Treg,0
Foster_2024.SMM12_pos:8460,Treg,2
Foster_2024.SMM12_pos:8492,Treg,2
Foster_2024.SMM12_pos:8494,Treg,0
Foster_2024.SMM12_pos:8501,Treg,2
Foster_2024.SMM12_pos:8574,Treg,4
Foster_2024.SMM12_pos:8613,Treg,2
Foster_2024.SMM12_pos:8630,Treg,2
Foster_2024.SMM12_pos:8643,Treg,2
Foster_2024.SMM12_pos:8674,Treg,0
Foster_2024.SMM12_pos:8677,Treg,2
Foster_2024.SMM12_pos:8733,Treg,2
Foster_2024.SMM12_pos:8774,Treg,2
Foster_2024.SMM12_pos:8775,Treg,0
Foster_2024.SMM6_neg:1928,Treg,2
Foster_2024.SMM6_neg:2431,Treg,2
Foster_2024.SMM8_pos:39,Treg,2
Foster_2024.SMM8_pos:74,Treg,2
Foster_2024.SMM8_pos:84,Treg,2
Foster_2024.SMM8_pos:87,Treg,2
Foster_2024.SMM8_pos:102,Treg,4
Foster_2024.SMM8_pos:154,Treg,0
Foster_2024.SMM8_pos:158,Treg,0
Foster_2024.SMM8_pos:206,Treg,0
Foster_2024.SMM8_pos:244,Treg,0
Foster_2024.SMM8_pos:265,Treg,4
Foster_2024.SMM8_pos:283,Treg,4
Foster_2024.SMM8_pos:284,Treg,2
Foster_2024.SMM8_pos:433,Treg,4
Foster_2024.SMM8_pos:509,Treg,2
Foster_2024.SMM8_pos:515,Treg,2
Foster_2024.SMM8_pos:536,Treg,0
Foster_2024.SMM8_pos:686,Treg,2
Foster_2024.SMM8_pos:715,Treg,0
Foster_2024.SMM8_pos:775,Treg,0
Foster_2024.SMM8_pos:796,Treg,2
Foster_2024.SMM8_pos:853,Treg,0
Foster_2024.SMM8_pos:1028,Treg,2
Foster_2024.SMM8_pos:1061,Treg,0
Foster_2024.SMM8_pos:1062,Treg,2
Foster_2024.SMM8_pos:1077,Treg,2
Foster_2024.SMM8_pos:1159,Treg,4
Foster_2024.SMM8_pos:1222,Treg,0
Foster_2024.SMM8_pos:1323,Treg,0
Foster_2024.SMM8_pos:1361,Treg,2
Foster_2024.SMM8_pos:1441,Treg,2
Foster_2024.SMM8_pos:1474,Treg,2
Foster_2024.SMM8_pos:1531,Treg,2
Foster_2024.SMM8_pos:1580,Treg,2
Foster_2024.SMM8_pos:1738,Treg,4
Foster_2024.SMM8_pos:1825,Treg,2
Foster_2024.SMM8_pos:1839,Treg,2
Foster_2024.SMM8_pos:1915,Treg,0
Foster_2024.SMM8_pos:1929,Treg,4
Foster_2024.SMM8_pos:1969,Treg,0
Foster_2024.SMM8_pos:1977,Treg,0
Foster_2024.SMM8_pos:2099,Treg,0
Foster_2024.SMM8_pos:2143,Treg,2
Foster_2024.SMM8_pos:2145,Treg,2
Foster_2024.SMM8_pos:2172,Treg,0
Foster_2024.SMM8_pos:2181,Treg,2
Foster_2024.SMM8_pos:2197,Treg,2
Foster_2024.SMM8_pos:2211,Treg,0
Foster_2024.SMM8_pos:2373,Treg,0
Foster_2024.SMM8_pos:2398,Treg,4
Foster_2024.SMM8_pos:2431,Treg,2
Foster_2024.SMM8_pos:2451,Treg,2
Foster_2024.SMM8_pos:2463,Treg,0
Foster_2024.SMM8_pos:2481,Treg,0
Foster_2024.SMM8_pos:2534,Treg,4
Foster_2024.SMM8_pos:2539,Treg,4
Foster_2024.SMM8_pos:2611,Treg,2
Foster_2024.SMM8_pos:2647,Treg,2
Foster_2024.SMM8_pos:2776,Treg,2
Foster_2024.SMM8_pos:2867,Treg,2
Foster_2024.SMM8_pos:2935,Treg,2
Foster_2024.SMM8_pos:2949,Treg,2
Foster_2024.SMM8_pos:2960,Treg,0
Foster_2024.SMM8_pos:2976,Treg,0
Foster_2024.SMM8_pos:3023,Treg,2
Foster_2024.SMM8_pos:3053,Treg,2
Foster_2024.SMM8_pos:3057,Treg,2
Foster_2024.SMM8_pos:3082,Treg,2
Foster_2024.SMM8_pos:3097,Treg,4
Foster_2024.SMM8_pos:3182,Treg,2
Foster_2024.SMM8_pos:3224,Treg,4
Foster_2024.SMM8_pos:3269,Treg,4
Foster_2024.SMM8_pos:3293,Treg,2
Foster_2024.SMM8_pos:3301,Treg,2
Foster_2024.SMM8_pos:3349,Treg,2
Foster_2024.SMM8_pos:3351,Treg,4
Foster_2024.SMM8_pos:3505,Treg,2
Foster_2024.SMM8_pos:3586,Treg,0
Foster_2024.SMM8_pos:3635,Treg,2
Foster_2024.SMM8_pos:3669,Treg,2
Foster_2024.SMM8_pos:3731,Treg,2
Foster_2024.SMM8_pos:3800,Treg,0
Foster_2024.SMM8_pos:3848,Treg,0
Foster_2024.SMM8_pos:3857,Treg,4
Foster_2024.SMM8_pos:4000,Treg,4
Foster_2024.SMM8_pos:4012,Treg,0
Foster_2024.SMM8_pos:4062,Treg,2
Foster_2024.SMM8_pos:4096,Treg,4
Foster_2024.SMM8_pos:4129,Treg,2
Foster_2024.SMM8_pos:4157,Treg,0
Foster_2024.SMM8_pos:4269,Treg,2
Foster_2024.SMM8_pos:4302,Treg,2
Foster_2024.SMM8_pos:4306,Treg,0
Foster_2024.SMM8_pos:4321,Treg,0
Foster_2024.SMM8_pos:4370,Treg,4
Foster_2024.SMM8_pos:4402,Treg,0
Foster_2024.SMM8_pos:4461,Treg,0
Foster_2024.SMM8_pos:4482,Treg,2
Foster_2024.SMM8_pos:4504,Treg,2
Foster_2024.SMM8_pos:4564,Treg,2
Foster_2024.SMM8_pos:4583,Treg,0
Foster_2024.SMM8_pos:4619,Treg,0
Foster_2024.SMM8_pos:4651,Treg,0
Foster_2024.SMM8_pos:4659,Treg,2
Foster_2024.SMM8_pos:4669,Treg,0
Foster_2024.SMM8_pos:4825,Treg,4
Foster_2024.SMM8_pos:4940,Treg,2
Foster_2024.SMM8_pos:4979,Treg,2
Foster_2024.SMM8_pos:4996,Treg,4
Foster_2024.SMM8_pos:5060,Treg,4
Foster_2024.SMM8_pos:5176,Treg,2
Foster_2024.SMM8_pos:5186,Treg,4
Foster_2024.SMM8_pos:5238,Treg,2
Foster_2024.SMM8_pos:5328,Treg,0
Foster_2024.SMM8_pos:5411,Treg,2
Foster_2024.SMM8_pos:5500,Treg,2
Foster_2024.SMM8_pos:5503,Treg,2
Foster_2024.SMM8_pos:5589,Treg,2
Foster_2024.SMM8_pos:5616,Treg,0
Foster_2024.SMM8_pos:5665,Treg,4
Foster_2024.SMM8_pos:5745,Treg,4
Foster_2024.SMM8_pos:5782,Treg,2
Foster_2024.SMM8_pos:5800,Treg,0
Foster_2024.SMM8_pos:5888,Treg,2
Foster_2024.SMM8_pos:5889,Treg,2
Foster_2024.SMM8_pos:6084,Treg,0
Foster_2024.SMM8_pos:6086,Treg,2
Foster_2024.SMM8_pos:6120,Treg,2
Foster_2024.SMM8_pos:6150,Treg,0
Foster_2024.SMM8_pos:6158,Treg,2
Foster_2024.SMM8_pos:6205,Treg,2
Foster_2024.SMM8_pos:6262,Treg,0
Foster_2024.SMM8_pos:6334,Treg,2
Foster_2024.SMM8_pos:6341,Treg,2
Foster_2024.SMM8_pos:6342,Treg,2
Foster_2024.SMM8_pos:6390,Treg,2
Foster_2024.SMM8_pos:6395,Treg,4
Foster_2024.SMM8_pos:6406,Treg,4
Foster_2024.SMM8_pos:6465,Treg,2
Foster_2024.SMM8_pos:6469,Treg,0
Foster_2024.SMM8_pos:6481,Treg,0
Foster_2024.SMM8_pos:6555,Treg,2
Foster_2024.SMM8_pos:6582,Treg,0
Foster_2024.SMM8_pos:6648,Treg,2
Foster_2024.SMM8_pos:6736,Treg,2
Foster_2024.SMM8_pos:6886,Treg,2
Foster_2024.SMM8_pos:6932,Treg,4
Foster_2024.SMM8_pos:6935,Treg,0
Foster_2024.SMM8_pos:6962,Treg,2
Foster_2024.SMM8_pos:7076,Treg,4
Foster_2024.SMM8_pos:7124,Treg,0
Foster_2024.SMM8_pos:7135,Treg,2
Foster_2024.SMM8_pos:7148,Treg,2
Foster_2024.SMM8_pos:7380,Treg,4
Foster_2024.SMM8_pos:7390,Treg,2
Foster_2024.SMM8_pos:7482,Treg,4
Foster_2024.SMM8_pos:7577,Treg,2
Foster_2024.SMM8_pos:7710,Treg,2
Foster_2024.SMM8_pos:7779,Treg,2
Foster_2024.SMM8_pos:7800,Treg,4
Foster_2024.SMM8_pos:7807,Treg,4
Foster_2024.SMM8_pos:7820,Treg,0
Foster_2024.SMM8_pos:7841,Treg,2
Foster_2024.SMM8_pos:7876,Treg,2
Foster_2024.SMM8_pos:8096,Treg,2
Foster_2024.SMM8_pos:8124,Treg,2
Foster_2024.SMM8_pos:8130,Treg,2
Foster_2024.SMM8_pos:8198,Treg,2
Foster_2024.SMM8_pos:8288,Treg,0
Foster_2024.SMM8_pos:8296,Treg,4
Foster_2024.SMM8_pos:8351,Treg,2
Foster_2024.SMM8_pos:8441,Treg,2
Foster_2024.SMM8_pos:8486,Treg,4
Foster_2024.SMM8_pos:8499,Treg,2
Foster_2024.SMM8_pos:8511,Treg,4
Foster_2024.SMM8_pos:8514,Treg,2
Foster_2024.SMM8_pos:8525,Treg,4
Foster_2024.SMM8_pos:8552,Treg,0
Foster_2024.SMM8_pos:8583,Treg,2
Foster_2024.SMM8_pos:8589,Treg,0
Foster_2024.SMM8_pos:8606,Treg,2
Foster_2024.SMM8_pos:8714,Treg,2
Foster_2024.SMM8_pos:8725,Treg,2
Foster_2024.SMM8_pos:8779,Treg,2
Foster_2024.SMM8_pos:8791,Treg,2
Foster_2024.SMM8_pos:8815,Treg,4
Foster_2024.SMM8_pos:8843,Treg,0
Foster_2024.SMM8_pos:8963,Treg,2
Foster_2024.SMM8_pos:8971,Treg,0
Foster_2024.SMM8_pos:9001,Treg,2
Foster_2024.SMM8_pos:9048,Treg,2
Foster_2024.SMM8_pos:9059,Treg,2
Foster_2024.SMM8_pos:9060,Treg,2
Foster_2024.SMM8_pos:9129,Treg,2
Foster_2024.SMM8_pos:9145,Treg,2
Foster_2024.SMM8_pos:9152,Treg,2
Foster_2024.SMM8_pos:9154,Treg,2
Foster_2024.SMM8_pos:9368,Treg,2
Foster_2024.SMM8_pos:9421,Treg,2
Foster_2024.SMM8_pos:9464,Treg,0
Foster_2024.SMM8_pos:9542,Treg,0
Foster_2024.SMM8_pos:9595,Treg,0
Foster_2024.SMM8_pos:9601,Treg,2
Foster_2024.SMM8_pos:9636,Treg,4
Foster_2024.SMM8_pos:9678,Treg,4
Foster_2024.SMM8_pos:9687,Treg,2
Foster_2024.SMM8_neg:72,Treg,4
Foster_2024.SMM8_neg:512,Treg,0
Foster_2024.SMM8_neg:1107,Treg,0
Foster_2024.SMM8_neg:1121,Treg,2
Foster_2024.SMM8_neg:1590,Treg,0
Foster_2024.SMM8_neg:3043,Treg,0
Foster_2024.SMM8_neg:3086,Treg,0
Foster_2024.SMM8_neg:4430,Treg,0
Foster_2024.SMM8_neg:4578,Treg,4
Foster_2024.SMM6_pos:39,Treg,0
Foster_2024.SMM6_pos:77,Treg,4
Foster_2024.SMM6_pos:96,Treg,2
Foster_2024.SMM6_pos:110,Treg,0
Foster_2024.SMM6_pos:127,Treg,0
Foster_2024.SMM6_pos:162,Treg,4
Foster_2024.SMM6_pos:289,Treg,0
Foster_2024.SMM6_pos:334,Treg,2
Foster_2024.SMM6_pos:350,Treg,0
Foster_2024.SMM6_pos:375,Treg,0
Foster_2024.SMM6_pos:401,Treg,0
Foster_2024.SMM6_pos:457,Treg,2
Foster_2024.SMM6_pos:470,Treg,4
Foster_2024.SMM6_pos:522,Treg,4
Foster_2024.SMM6_pos:523,Treg,0
Foster_2024.SMM6_pos:564,Treg,0
Foster_2024.SMM6_pos:581,Treg,4
Foster_2024.SMM6_pos:604,Treg,2
Foster_2024.SMM6_pos:634,Treg,0
Foster_2024.SMM6_pos:677,Treg,0
Foster_2024.SMM6_pos:931,Treg,2
Foster_2024.SMM6_pos:1015,Treg,0
Foster_2024.SMM6_pos:1068,Treg,2
Foster_2024.SMM6_pos:1134,Treg,2
Foster_2024.SMM6_pos:1138,Treg,2
Foster_2024.SMM6_pos:1199,Treg,2
Foster_2024.SMM6_pos:1204,Treg,4
Foster_2024.SMM6_pos:1221,Treg,2
Foster_2024.SMM6_pos:1285,Treg,0
Foster_2024.SMM6_pos:1347,Treg,4
Foster_2024.SMM6_pos:1898,Treg,0
Foster_2024.SMM6_pos:1917,Treg,4
Foster_2024.SMM6_pos:1926,Treg,2
Foster_2024.SMM6_pos:2167,Treg,2
Foster_2024.SMM6_pos:2406,Treg,0
Foster_2024.SMM6_pos:2415,Treg,0
Foster_2024.SMM6_pos:2531,Treg,2
Foster_2024.SMM6_pos:2640,Treg,4
Foster_2024.SMM6_pos:2645,Treg,2
Foster_2024.SMM6_pos:2806,Treg,4
Foster_2024.SMM6_pos:2837,Treg,2
Foster_2024.SMM6_pos:2938,Treg,2
Foster_2024.SMM6_pos:2996,Treg,0
Foster_2024.SMM6_pos:3045,Treg,0
Foster_2024.SMM6_pos:3073,Treg,4
Foster_2024.SMM6_pos:3211,Treg,0
Foster_2024.SMM6_pos:3275,Treg,2
Foster_2024.SMM6_pos:3779,Treg,0
Foster_2024.SMM6_pos:3820,Treg,0
Foster_2024.SMM6_pos:3834,Treg,2
Foster_2024.SMM6_pos:3996,Treg,2
Foster_2024.SMM6_pos:4049,Treg,0
Foster_2024.SMM6_pos:4168,Treg,2
Foster_2024.SMM6_pos:4220,Treg,2
Foster_2024.SMM6_pos:4244,Treg,2
Foster_2024.SMM6_pos:4274,Treg,4
Foster_2024.SMM6_pos:4293,Treg,2
Foster_2024.SMM6_pos:4590,Treg,2
Foster_2024.SMM6_pos:4708,Treg,2
Foster_2024.SMM6_pos:4849,Treg,0
Foster_2024.SMM6_pos:4944,Treg,2
Foster_2024.SMM6_pos:5128,Treg,0
Foster_2024.SMM6_pos:5132,Treg,2
Foster_2024.SMM6_pos:5146,Treg,2
Foster_2024.SMM6_pos:5250,Treg,0
Foster_2024.SMM6_pos:5263,Treg,0
Foster_2024.SMM6_pos:5306,Treg,2
Foster_2024.SMM6_pos:5343,Treg,0
Foster_2024.SMM6_pos:5389,Treg,2
Foster_2024.SMM6_pos:5602,Treg,2
Foster_2024.SMM6_pos:5713,Treg,0
Foster_2024.SMM6_pos:5835,Treg,0
Foster_2024.SMM12_neg:1093,Treg,4
Foster_2024.SMM12_neg:2364,Treg,2
Foster_2024.SMM12_neg:3104,Treg,4
Foster_2024.SMM12_neg:5907,Treg,0
Foster_2024.SMM4_pos:89,Treg,2
Foster_2024.SMM4_pos:129,Treg,0
Foster_2024.SMM4_pos:175,Treg,0
Foster_2024.SMM4_pos:229,Treg,2
Foster_2024.SMM4_pos:255,Treg,0
Foster_2024.SMM4_pos:261,Treg,2
Foster_2024.SMM4_pos:344,Treg,0
Foster_2024.SMM4_pos:430,Treg,0
Foster_2024.SMM4_pos:485,Treg,2
Foster_2024.SMM4_pos:489,Treg,0
Foster_2024.SMM4_pos:499,Treg,0
Foster_2024.SMM4_pos:506,Treg,0
Foster_2024.SMM4_pos:630,Treg,2
Foster_2024.SMM4_pos:633,Treg,2
Foster_2024.SMM4_pos:644,Treg,0
Foster_2024.SMM4_pos:696,Treg,2
Foster_2024.SMM4_pos:719,Treg,2
Foster_2024.SMM4_pos:720,Treg,0
Foster_2024.SMM4_pos:737,Treg,0
Foster_2024.SMM4_pos:765,Treg,2
Foster_2024.SMM4_pos:769,Treg,2
Foster_2024.SMM4_pos:795,Treg,4
Foster_2024.SMM4_pos:859,Treg,2
Foster_2024.SMM4_pos:881,Treg,0
Foster_2024.SMM4_pos:887,Treg,2
Foster_2024.SMM4_pos:953,Treg,2
Foster_2024.SMM4_pos:980,Treg,2
Foster_2024.SMM4_pos:1060,Treg,4
Foster_2024.SMM4_pos:1065,Treg,2
Foster_2024.SMM4_pos:1117,Treg,0
Foster_2024.SMM4_pos:1161,Treg,2
Foster_2024.SMM4_pos:1227,Treg,0
Foster_2024.SMM4_pos:1325,Treg,0
Foster_2024.SMM4_pos:1409,Treg,2
Foster_2024.SMM4_pos:1411,Treg,2
Foster_2024.SMM4_pos:1414,Treg,0
Foster_2024.SMM4_pos:1421,Treg,2
Foster_2024.SMM4_pos:1429,Treg,2
Foster_2024.SMM4_pos:1435,Treg,2
Foster_2024.SMM4_pos:1443,Treg,2
Foster_2024.SMM4_pos:1486,Treg,0
Foster_2024.SMM4_pos:1499,Treg,2
Foster_2024.SMM4_pos:1586,Treg,0
Foster_2024.SMM4_pos:1591,Treg,2
Foster_2024.SMM4_pos:1598,Treg,0
Foster_2024.SMM4_pos:1645,Treg,2
Foster_2024.SMM4_pos:1710,Treg,2
Foster_2024.SMM4_pos:1739,Treg,4
Foster_2024.SMM4_pos:1766,Treg,0
Foster_2024.SMM4_pos:1775,Treg,2
Foster_2024.SMM4_pos:1830,Treg,2
Foster_2024.SMM4_pos:1862,Treg,4
Foster_2024.SMM4_pos:1896,Treg,2
Foster_2024.SMM4_pos:1934,Treg,4
Foster_2024.SMM4_pos:1955,Treg,2
Foster_2024.SMM4_pos:1966,Treg,0
Foster_2024.SMM4_pos:1978,Treg,2
Foster_2024.SMM4_pos:2010,Treg,0
Foster_2024.SMM4_pos:2019,Treg,2
Foster_2024.SMM4_pos:2034,Treg,2
Foster_2024.SMM4_pos:2043,Treg,2
Foster_2024.SMM4_pos:2067,Treg,2
Foster_2024.SMM4_pos:2075,Treg,2
Foster_2024.SMM4_pos:2112,Treg,2
Foster_2024.SMM4_pos:2169,Treg,2
Foster_2024.SMM4_pos:2190,Treg,0
Foster_2024.SMM4_pos:2236,Treg,0
Foster_2024.SMM4_pos:2258,Treg,2
Foster_2024.SMM4_pos:2280,Treg,0
Foster_2024.SMM4_pos:2290,Treg,2
Foster_2024.SMM4_pos:2297,Treg,2
Foster_2024.SMM4_pos:2302,Treg,2
Foster_2024.SMM4_pos:2309,Treg,0
Foster_2024.SMM4_pos:2351,Treg,0
Foster_2024.SMM4_pos:2467,Treg,2
Foster_2024.SMM4_pos:2480,Treg,0
Foster_2024.SMM4_pos:2567,Treg,0
Foster_2024.SMM4_pos:2578,Treg,2
Foster_2024.SMM4_pos:2615,Treg,4
Foster_2024.SMM4_pos:2703,Treg,2
Foster_2024.SMM4_pos:2796,Treg,2
Foster_2024.SMM4_pos:2813,Treg,2
Foster_2024.SMM4_pos:2918,Treg,0
Foster_2024.SMM4_pos:2938,Treg,2
Foster_2024.SMM4_pos:2951,Treg,0
Foster_2024.SMM4_pos:3057,Treg,2
Foster_2024.SMM4_pos:3077,Treg,0
Foster_2024.SMM4_pos:3099,Treg,2
Foster_2024.SMM4_pos:3107,Treg,2
Foster_2024.SMM4_pos:3144,Treg,0
Foster_2024.SMM4_pos:3148,Treg,0
Foster_2024.SMM4_pos:3234,Treg,0
Foster_2024.SMM4_pos:3284,Treg,2
Foster_2024.SMM4_pos:3288,Treg,2
Foster_2024.SMM4_pos:3329,Treg,0
Foster_2024.SMM4_pos:3330,Treg,0
Foster_2024.SMM4_pos:3390,Treg,2
Foster_2024.SMM4_pos:3419,Treg,2
Foster_2024.SMM4_pos:3428,Treg,4
Foster_2024.SMM4_pos:3442,Treg,2
Foster_2024.SMM4_pos:3445,Treg,2
Foster_2024.SMM4_pos:3469,Treg,2
Foster_2024.SMM4_pos:3505,Treg,2
Foster_2024.SMM4_pos:3603,Treg,2
Foster_2024.SMM4_pos:3627,Treg,2
Foster_2024.SMM4_pos:3654,Treg,2
Foster_2024.SMM4_pos:3770,Treg,0
Foster_2024.SMM4_pos:3793,Treg,2
Foster_2024.SMM4_pos:3826,Treg,0
Foster_2024.SMM4_pos:3847,Treg,2
Foster_2024.SMM4_pos:3864,Treg,2
Foster_2024.SMM4_pos:3868,Treg,2
Foster_2024.SMM4_pos:3926,Treg,4
Foster_2024.SMM4_pos:4026,Treg,0
Foster_2024.SMM4_pos:4054,Treg,2
Foster_2024.SMM4_pos:4058,Treg,2
Foster_2024.SMM4_pos:4070,Treg,0
Foster_2024.SMM4_pos:4106,Treg,2
Foster_2024.SMM4_pos:4113,Treg,0
Foster_2024.SMM4_pos:4162,Treg,2
Foster_2024.SMM4_pos:4183,Treg,2
Foster_2024.SMM4_pos:4201,Treg,0
Foster_2024.SMM4_pos:4215,Treg,4
Foster_2024.SMM4_pos:4219,Treg,2
Foster_2024.SMM4_pos:4367,Treg,2
Foster_2024.SMM4_pos:4372,Treg,4
Foster_2024.SMM4_pos:4429,Treg,2
Foster_2024.SMM4_pos:4460,Treg,2
Foster_2024.SMM4_pos:4542,Treg,2
Foster_2024.SMM4_pos:4604,Treg,2
Foster_2024.SMM4_pos:4612,Treg,2
Foster_2024.SMM4_pos:4719,Treg,2
Foster_2024.SMM4_pos:4740,Treg,2
Foster_2024.SMM4_pos:4814,Treg,2
Foster_2024.SMM4_pos:4836,Treg,2
Foster_2024.SMM4_pos:4893,Treg,2
Foster_2024.SMM4_pos:4970,Treg,2
Foster_2024.SMM4_pos:5052,Treg,2
Foster_2024.SMM4_pos:5057,Treg,2
Foster_2024.SMM4_pos:5084,Treg,2
Foster_2024.SMM4_pos:5176,Treg,2
Foster_2024.SMM4_pos:5183,Treg,2
Foster_2024.SMM4_pos:5196,Treg,2
Foster_2024.SMM4_pos:5197,Treg,4
Foster_2024.SMM4_pos:5272,Treg,0
Foster_2024.SMM4_pos:5275,Treg,0
Foster_2024.SMM4_pos:5314,Treg,4
Foster_2024.SMM4_pos:5332,Treg,2
Foster_2024.SMM4_pos:5372,Treg,2
Foster_2024.SMM4_pos:5384,Treg,0
Foster_2024.SMM4_pos:5396,Treg,2
Foster_2024.SMM4_pos:5440,Treg,0
Foster_2024.SMM4_pos:5453,Treg,2
Foster_2024.SMM4_pos:5467,Treg,4
Foster_2024.SMM4_pos:5478,Treg,0
Foster_2024.SMM4_pos:5525,Treg,0
Foster_2024.SMM4_pos:5724,Treg,2
Foster_2024.SMM5_pos:8,Treg,0
Foster_2024.SMM5_pos:9,Treg,4
Foster_2024.SMM5_pos:28,Treg,2
Foster_2024.SMM5_pos:71,Treg,4
Foster_2024.SMM5_pos:98,Treg,2
Foster_2024.SMM5_pos:101,Treg,2
Foster_2024.SMM5_pos:119,Treg,0
Foster_2024.SMM5_pos:283,Treg,2
Foster_2024.SMM5_pos:393,Treg,2
Foster_2024.SMM5_pos:402,Treg,0
Foster_2024.SMM5_pos:419,Treg,2
Foster_2024.SMM5_pos:461,Treg,0
Foster_2024.SMM5_pos:467,Treg,2
Foster_2024.SMM5_pos:509,Treg,2
Foster_2024.SMM5_pos:511,Treg,0
Foster_2024.SMM5_pos:537,Treg,2
Foster_2024.SMM5_pos:554,Treg,4
Foster_2024.SMM5_pos:567,Treg,0
Foster_2024.SMM5_pos:629,Treg,0
Foster_2024.SMM5_pos:711,Treg,2
Foster_2024.SMM5_pos:769,Treg,2
Foster_2024.SMM5_pos:770,Treg,0
Foster_2024.SMM5_pos:816,Treg,0
Foster_2024.SMM5_pos:832,Treg,2
Foster_2024.SMM5_pos:977,Treg,2
Foster_2024.SMM5_pos:1043,Treg,2
Foster_2024.SMM5_pos:1053,Treg,2
Foster_2024.SMM5_pos:1080,Treg,0
Foster_2024.SMM5_pos:1101,Treg,2
Foster_2024.SMM5_pos:1110,Treg,0
Foster_2024.SMM5_pos:1113,Treg,2
Foster_2024.SMM5_pos:1140,Treg,2
Foster_2024.SMM5_pos:1179,Treg,0
Foster_2024.SMM5_pos:1204,Treg,0
Foster_2024.SMM5_pos:1358,Treg,2
Foster_2024.SMM5_pos:1450,Treg,0
Foster_2024.SMM5_pos:1463,Treg,0
Foster_2024.SMM5_pos:1498,Treg,0
Foster_2024.SMM5_pos:1551,Treg,2
Foster_2024.SMM5_pos:1725,Treg,2
Foster_2024.SMM5_pos:1739,Treg,0
Foster_2024.SMM5_pos:1755,Treg,0
Foster_2024.SMM5_pos:1763,Treg,0
Foster_2024.SMM5_pos:1773,Treg,2
Foster_2024.SMM5_pos:1839,Treg,0
Foster_2024.SMM5_pos:2007,Treg,2
Foster_2024.SMM5_pos:2033,Treg,0
Foster_2024.SMM5_pos:2045,Treg,2
Foster_2024.SMM5_pos:2046,Treg,0
Foster_2024.SMM5_pos:2142,Treg,4
Foster_2024.SMM5_pos:2274,Treg,2
Foster_2024.SMM5_pos:2308,Treg,0
Foster_2024.SMM5_pos:2393,Treg,2
Foster_2024.SMM5_pos:2430,Treg,0
Foster_2024.SMM5_pos:2458,Treg,2
Foster_2024.SMM5_pos:2507,Treg,0
Foster_2024.SMM5_pos:2545,Treg,2
Foster_2024.SMM5_pos:2557,Treg,2
Foster_2024.SMM5_pos:2559,Treg,2
Foster_2024.SMM5_pos:2582,Treg,0
Foster_2024.SMM5_pos:2597,Treg,2
Foster_2024.SMM5_pos:2648,Treg,2
Foster_2024.SMM5_pos:2710,Treg,0
Foster_2024.SMM5_pos:2730,Treg,0
Foster_2024.SMM5_pos:2736,Treg,4
Foster_2024.SMM5_pos:2760,Treg,0
Foster_2024.SMM5_pos:2784,Treg,0
Foster_2024.SMM5_pos:2942,Treg,0
Foster_2024.SMM5_pos:2967,Treg,2
Foster_2024.SMM5_pos:2973,Treg,0
Foster_2024.SMM5_pos:2977,Treg,2
Foster_2024.SMM5_pos:3085,Treg,0
Foster_2024.SMM5_pos:3103,Treg,2
Foster_2024.SMM5_pos:3130,Treg,4
Foster_2024.SMM5_pos:3139,Treg,0
Foster_2024.SMM5_pos:3180,Treg,0
Foster_2024.SMM5_pos:3202,Treg,2
Foster_2024.SMM5_pos:3203,Treg,0
Foster_2024.SMM5_pos:3227,Treg,0
Foster_2024.SMM5_pos:3242,Treg,0
Foster_2024.SMM5_pos:3300,Treg,0
Foster_2024.SMM5_pos:3322,Treg,0
Foster_2024.SMM5_pos:3394,Treg,2
Foster_2024.SMM5_pos:3406,Treg,0
Foster_2024.SMM5_pos:3471,Treg,4
Foster_2024.SMM5_pos:3477,Treg,2
Foster_2024.SMM5_pos:3579,Treg,0
Foster_2024.SMM5_pos:3603,Treg,0
Foster_2024.SMM5_pos:3669,Treg,4
Foster_2024.SMM5_pos:3734,Treg,2
Foster_2024.SMM5_pos:3768,Treg,2
Foster_2024.SMM5_pos:3805,Treg,4
Foster_2024.SMM5_pos:3806,Treg,0
Foster_2024.SMM5_pos:3860,Treg,0
Foster_2024.SMM5_pos:3966,Treg,2
Foster_2024.SMM5_pos:4001,Treg,2
Foster_2024.SMM5_pos:4054,Treg,4
Foster_2024.SMM5_pos:4084,Treg,2
Foster_2024.SMM5_pos:4097,Treg,2
Foster_2024.SMM5_pos:4119,Treg,0
Foster_2024.SMM5_pos:4138,Treg,2
Foster_2024.SMM5_pos:4221,Treg,0
Foster_2024.SMM5_pos:4243,Treg,2
Foster_2024.SMM5_pos:4273,Treg,0
Foster_2024.SMM5_pos:4313,Treg,0
Foster_2024.SMM5_pos:4356,Treg,2
Foster_2024.SMM5_pos:4403,Treg,2
Foster_2024.SMM5_pos:4420,Treg,0
Foster_2024.SMM5_pos:4425,Treg,0
Foster_2024.SMM5_pos:4557,Treg,2
Foster_2024.SMM5_pos:4568,Treg,2
Foster_2024.SMM5_pos:4632,Treg,4
Foster_2024.SMM5_pos:4671,Treg,2
Foster_2024.SMM5_pos:4692,Treg,4
Foster_2024.SMM5_pos:4736,Treg,0
Foster_2024.SMM5_pos:4764,Treg,2
Foster_2024.SMM5_pos:4779,Treg,2
Foster_2024.SMM5_pos:4888,Treg,2
Foster_2024.SMM5_pos:4935,Treg,0
Foster_2024.SMM5_pos:4995,Treg,2
Foster_2024.SMM5_pos:5002,Treg,0
Foster_2024.SMM5_pos:5055,Treg,2
Foster_2024.SMM5_pos:5069,Treg,0
Foster_2024.SMM5_pos:5135,Treg,2
Foster_2024.SMM5_pos:5189,Treg,4
Foster_2024.SMM5_pos:5220,Treg,0
Foster_2024.SMM5_pos:5223,Treg,0
Foster_2024.SMM5_pos:5253,Treg,0
Foster_2024.SMM5_pos:5309,Treg,0
Foster_2024.SMM5_pos:5336,Treg,0
Foster_2024.SMM5_pos:5352,Treg,2
Foster_2024.SMM5_pos:5403,Treg,2
Foster_2024.SMM5_pos:5427,Treg,2
Foster_2024.SMM5_pos:5435,Treg,2
Foster_2024.SMM5_pos:5443,Treg,0
Foster_2024.SMM5_pos:5454,Treg,2
Foster_2024.SMM5_pos:5456,Treg,0
Foster_2024.SMM5_pos:5510,Treg,0
Foster_2024.SMM5_pos:5521,Treg,2
Foster_2024.SMM5_pos:5523,Treg,2
Foster_2024.SMM5_pos:5525,Treg,0
Foster_2024.SMM5_pos:5590,Treg,0
Foster_2024.SMM5_pos:5626,Treg,2
Foster_2024.SMM5_pos:5653,Treg,0
Foster_2024.SMM5_pos:5701,Treg,2
Foster_2024.SMM5_pos:5717,Treg,0
Foster_2024.SMM5_pos:5736,Treg,2
Foster_2024.SMM5_pos:5786,Treg,2
Foster_2024.SMM5_pos:5805,Treg,0
Foster_2024.SMM5_pos:5831,Treg,2
Foster_2024.SMM5_pos:5869,Treg,4
Foster_2024.SMM5_pos:5928,Treg,2
Foster_2024.SMM5_pos:5944,Treg,0
Foster_2024.SMM5_pos:5958,Treg,0
Foster_2024.SMM5_pos:5968,Treg,0
Foster_2024.SMM5_pos:6040,Treg,2
Foster_2024.SMM5_pos:6064,Treg,0
Foster_2024.SMM5_pos:6073,Treg,0
Foster_2024.SMM5_pos:6095,Treg,4
Foster_2024.SMM5_pos:6135,Treg,2
Foster_2024.SMM5_pos:6162,Treg,2
Foster_2024.SMM5_pos:6174,Treg,2
Foster_2024.SMM5_pos:6258,Treg,2
Foster_2024.SMM5_pos:6291,Treg,0
Foster_2024.SMM5_pos:6344,Treg,0
Foster_2024.SMM5_pos:6367,Treg,2
Foster_2024.SMM5_pos:6449,Treg,0
Foster_2024.SMM5_pos:6471,Treg,4
Foster_2024.SMM5_pos:6479,Treg,0
Foster_2024.SMM5_pos:6588,Treg,2
Foster_2024.SMM5_pos:6729,Treg,2
Foster_2024.SMM5_pos:6801,Treg,0
Foster_2024.SMM5_pos:6836,Treg,2
Foster_2024.SMM5_pos:6933,Treg,0
Foster_2024.SMM5_pos:7028,Treg,2
Foster_2024.SMM5_pos:7125,Treg,0
Foster_2024.SMM5_pos:7154,Treg,2
Foster_2024.SMM5_pos:7174,Treg,0
Foster_2024.SMM5_pos:7187,Treg,0
Foster_2024.SMM5_pos:7198,Treg,0
Foster_2024.SMM5_pos:7202,Treg,4
Foster_2024.SMM5_pos:7203,Treg,2
Foster_2024.SMM5_pos:7241,Treg,2
Foster_2024.SMM5_pos:7266,Treg,0
Foster_2024.SMM5_pos:7268,Treg,0
Foster_2024.SMM5_pos:7278,Treg,2
Foster_2024.SMM5_pos:7360,Treg,2
Foster_2024.SMM5_pos:7436,Treg,0
Foster_2024.SMM5_pos:7528,Treg,2
Foster_2024.SMM5_pos:7529,Treg,4
Foster_2024.SMM5_pos:7538,Treg,0
Foster_2024.SMM5_pos:7620,Treg,2
Foster_2024.SMM5_pos:7627,Treg,0
Foster_2024.SMM5_pos:7632,Treg,0
Foster_2024.SMM5_pos:7660,Treg,0
Foster_2024.SMM5_pos:7726,Treg,0
Foster_2024.SMM5_pos:7747,Treg,0
Foster_2024.SMM5_pos:7812,Treg,2
Foster_2024.SMM5_pos:7883,Treg,2
Foster_2024.SMM5_pos:7984,Treg,2
Foster_2024.SMM5_pos:8129,Treg,2
Foster_2024.SMM5_pos:8132,Treg,2
Foster_2024.SMM5_pos:8248,Treg,0
Foster_2024.SMM5_pos:8304,Treg,0
Foster_2024.SMM5_pos:8332,Treg,0
Foster_2024.SMM5_pos:8405,Treg,0
Foster_2024.SMM5_pos:8427,Treg,0
Foster_2024.SMM5_pos:8472,Treg,0
Foster_2024.SMM5_pos:8554,Treg,0
Foster_2024.SMM5_pos:8556,Treg,0
Foster_2024.SMM5_pos:8640,Treg,0
Foster_2024.SMM5_pos:8671,Treg,2
Foster_2024.SMM5_pos:8692,Treg,0
Foster_2024.SMM5_pos:8754,Treg,2
Foster_2024.SMM5_pos:8758,Treg,0
Foster_2024.SMM5_pos:8770,Treg,0
Foster_2024.SMM5_pos:8779,Treg,0
Foster_2024.SMM5_pos:8828,Treg,2
Foster_2024.SMM5_pos:8835,Treg,2
Foster_2024.SMM5_pos:8963,Treg,2
Foster_2024.SMM5_pos:8979,Treg,2
Foster_2024.SMM5_pos:9095,Treg,2
Foster_2024.SMM5_pos:9105,Treg,2
Foster_2024.SMM5_pos:9118,Treg,2
Foster_2024.SMM5_pos:9182,Treg,2
Foster_2024.SMM5_pos:9209,Treg,0
Foster_2024.SMM5_pos:9223,Treg,2
Foster_2024.SMM5_pos:9321,Treg,2
Foster_2024.SMM5_pos:9367,Treg,2
Foster_2024.SMM5_pos:9526,Treg,2
Foster_2024.SMM5_pos:9547,Treg,4
Foster_2024.SMM5_pos:9567,Treg,2
Foster_2024.SMM5_pos:9619,Treg,2
Foster_2024.SMM5_pos:9657,Treg,2
Foster_2024.SMM5_pos:9681,Treg,0
Foster_2024.SMM5_pos:9765,Treg,2
Foster_2024.SMM5_pos:9783,Treg,0
Foster_2024.SMM5_pos:9816,Treg,0
Foster_2024.SMM5_pos:9828,Treg,0
Foster_2024.SMM5_pos:9831,Treg,2
Foster_2024.SMM5_pos:9850,Treg,2
Foster_2024.SMM5_pos:9943,Treg,2
Foster_2024.SMM5_pos:10003,Treg,2
Foster_2024.SMM5_pos:10032,Treg,2
Foster_2024.SMM5_pos:10051,Treg,2
Foster_2024.SMM5_pos:10096,Treg,2
Foster_2024.SMM5_pos:10140,Treg,0
Foster_2024.SMM5_neg:1280,Treg,0
Foster_2024.SMM5_neg:2011,Treg,4
Foster_2024.SMM5_neg:2075,Treg,4
Foster_2024.SMM5_neg:2138,Treg,2
Foster_2024.SMM5_neg:2399,Treg,0
Foster_2024.SMM5_neg:2586,Treg,4
Foster_2024.SMM5_neg:2702,Treg,2
Foster_2024.SMM5_neg:2990,Treg,2
Foster_2024.SMM5_neg:3051,Treg,0
Foster_2024.SMM5_neg:3348,Treg,4
Foster_2024.SMM5_neg:3631,Treg,2
Foster_2024.SMM5_neg:4104,Treg,0
Foster_2024.SMM5_neg:4431,Treg,2
Foster_2024.SMM5_neg:4514,Treg,0
Foster_2024.SMM5_neg:4609,Treg,0
Foster_2024.SMM5_neg:4686,Treg,0
Foster_2024.SMM5_neg:4847,Treg,4
Foster_2024.SMM5_neg:4926,Treg,0
Foster_2024.SMM5_neg:5367,Treg,0
Foster_2024.SMM5_neg:5847,Treg,2
Foster_2024.SMM5_neg:6840,Treg,4
Foster_2024.SMM4_neg:26,Treg,2
Foster_2024.SMM4_neg:218,Treg,2
Foster_2024.SMM4_neg:741,Treg,2
Foster_2024.SMM4_neg:937,Treg,0
Foster_2024.SMM4_neg:1438,Treg,2
Foster_2024.SMM4_neg:1569,Treg,0
Foster_2024.SMM4_neg:2373,Treg,2
Foster_2024.SMM4_neg:2485,Treg,2
Foster_2024.SMM4_neg:2803,Treg,0
Foster_2024.SMM4_neg:3129,Treg,0
Foster_2024.SMM4_neg:3407,Treg,0
Foster_2024.SMM11_neg:51,Treg,0
Foster_2024.SMM11_neg:3035,Treg,0
Foster_2024.SMM11_neg:3402,Treg,0
Foster_2024.SMM11_neg:3953,Treg,0
Foster_2024.SMM11_neg:4171,Treg,0
Foster_2024.SMM10_pos:16,Treg,2
Foster_2024.SMM10_pos:73,Treg,0
Foster_2024.SMM10_pos:167,Treg,2
Foster_2024.SMM10_pos:217,Treg,4
Foster_2024.SMM10_pos:307,Treg,0
Foster_2024.SMM10_pos:327,Treg,4
Foster_2024.SMM10_pos:330,Treg,2
Foster_2024.SMM10_pos:350,Treg,0
Foster_2024.SMM10_pos:371,Treg,0
Foster_2024.SMM10_pos:381,Treg,0
Foster_2024.SMM10_pos:493,Treg,2
Foster_2024.SMM10_pos:503,Treg,2
Foster_2024.SMM10_pos:544,Treg,0
Foster_2024.SMM10_pos:581,Treg,0
Foster_2024.SMM10_pos:591,Treg,2
Foster_2024.SMM10_pos:610,Treg,0
Foster_2024.SMM10_pos:648,Treg,0
Foster_2024.SMM10_pos:694,Treg,2
Foster_2024.SMM10_pos:800,Treg,0
Foster_2024.SMM10_pos:880,Treg,2
Foster_2024.SMM10_pos:990,Treg,2
Foster_2024.SMM10_pos:1001,Treg,0
Foster_2024.SMM10_pos:1104,Treg,4
Foster_2024.SMM10_pos:1147,Treg,4
Foster_2024.SMM10_pos:1273,Treg,2
Foster_2024.SMM10_pos:1386,Treg,2
Foster_2024.SMM10_pos:1462,Treg,0
Foster_2024.SMM10_pos:1465,Treg,0
Foster_2024.SMM10_pos:1480,Treg,0
Foster_2024.SMM10_pos:1490,Treg,0
Foster_2024.SMM10_pos:1606,Treg,4
Foster_2024.SMM10_pos:1679,Treg,0
Foster_2024.SMM10_pos:1719,Treg,2
Foster_2024.SMM10_pos:1788,Treg,0
Foster_2024.SMM10_pos:1839,Treg,2
Foster_2024.SMM10_pos:1870,Treg,0
Foster_2024.SMM10_pos:1879,Treg,4
Foster_2024.SMM10_pos:1968,Treg,2
Foster_2024.SMM10_pos:1971,Treg,0
Foster_2024.SMM10_pos:2043,Treg,0
Foster_2024.SMM10_pos:2138,Treg,0
Foster_2024.SMM10_pos:2161,Treg,0
Foster_2024.SMM10_pos:2172,Treg,0
Foster_2024.SMM10_pos:2224,Treg,4
Foster_2024.SMM10_pos:2241,Treg,0
Foster_2024.SMM10_pos:2332,Treg,4
Foster_2024.SMM10_pos:2377,Treg,4
Foster_2024.SMM10_pos:2393,Treg,2
Foster_2024.SMM10_pos:2424,Treg,0
Foster_2024.SMM2_neg:575,Treg,0
Foster_2024.SMM2_neg:2674,Treg,0
Foster_2024.SMM1_pos:786,Treg,2
Foster_2024.SMM1_pos:800,Treg,0
Foster_2024.SMM1_pos:948,Treg,0
Foster_2024.SMM1_pos:955,Treg,4
Foster_2024.SMM1_pos:1475,Treg,2
Foster_2024.SMM1_pos:1686,Treg,4
Foster_2024.SMM1_pos:2039,Treg,4
Foster_2024.SMM1_pos:2300,Treg,0
Foster_2024.SMM1_pos:2475,Treg,4
Foster_2024.SMM1_pos:3034,Treg,4
Foster_2024.SMM1_pos:3064,Treg,4
Foster_2024.SMM1_pos:3624,Treg,0
Foster_2024.SMM1_pos:4607,Treg,2
Foster_2024.SMM1_pos:4639,Treg,4
Foster_2024.SMM1_pos:4775,Treg,4
Foster_2024.SMM1_pos:4808,Treg,0
Foster_2024.SMM1_pos:5533,Treg,2
Foster_2024.SMM1_pos:6003,Treg,4
Foster_2024.SMM1_pos:6418,Treg,2
Foster_2024.SMM1_pos:6629,Treg,4
Foster_2024.SMM1_pos:7640,Treg,4
Foster_2024.SMM1_pos:7693,Treg,0
Foster_2024.SMM1_pos:7699,Treg,4
Foster_2024.SMM1_pos:7926,Treg,4
Foster_2024.SMM1_pos:8535,Treg,0
Foster_2024.SMM1_pos:8619,Treg,2
Foster_2024.SMM1_pos:8749,Treg,0
Foster_2024.SMM1_pos:8817,Treg,0
Foster_2024.SMM1_pos:9116,Treg,2
Foster_2024.SMM1_pos:9197,Treg,4
Foster_2024.SMM1_pos:9416,Treg,2
Foster_2024.SMM1_pos:9473,Treg,4
Foster_2024.SMM1_pos:9656,Treg,4
Foster_2024.SMM1_pos:9781,Treg,2
Foster_2024.SMM1_pos:9886,Treg,4
Foster_2024.SMM1_pos:10479,Treg,0
Foster_2024.SMM1_pos:11249,Treg,2
Foster_2024.SMM1_pos:11273,Treg,4
Foster_2024.SMM2_pos:295,Treg,0
Foster_2024.SMM2_pos:472,Treg,2
Foster_2024.SMM2_pos:528,Treg,2
Foster_2024.SMM2_pos:531,Treg,2
Foster_2024.SMM2_pos:707,Treg,0
Foster_2024.SMM2_pos:732,Treg,0
Foster_2024.SMM2_pos:760,Treg,2
Foster_2024.SMM2_pos:772,Treg,2
Foster_2024.SMM2_pos:875,Treg,0
Foster_2024.SMM2_pos:913,Treg,0
Foster_2024.SMM2_pos:958,Treg,0
Foster_2024.SMM2_pos:985,Treg,0
Foster_2024.SMM2_pos:1089,Treg,2
Foster_2024.SMM2_pos:1406,Treg,0
Foster_2024.SMM2_pos:1615,Treg,0
Foster_2024.SMM2_pos:1714,Treg,0
Foster_2024.SMM2_pos:1858,Treg,2
Foster_2024.SMM2_pos:1888,Treg,2
Foster_2024.SMM2_pos:1891,Treg,0
Foster_2024.SMM2_pos:1916,Treg,0
Foster_2024.SMM2_pos:1937,Treg,2
Foster_2024.SMM2_pos:1946,Treg,0
Foster_2024.SMM2_pos:1986,Treg,4
Foster_2024.SMM2_pos:2003,Treg,2
Foster_2024.SMM2_pos:2055,Treg,0
Foster_2024.SMM2_pos:2185,Treg,2
Foster_2024.SMM2_pos:2214,Treg,2
Foster_2024.SMM2_pos:2220,Treg,0
Foster_2024.SMM2_pos:2253,Treg,0
Foster_2024.SMM2_pos:2296,Treg,2
Foster_2024.SMM2_pos:2606,Treg,0
Foster_2024.SMM2_pos:2672,Treg,2
Foster_2024.SMM2_pos:2704,Treg,0
Foster_2024.SMM2_pos:2790,Treg,4
Foster_2024.SMM2_pos:2806,Treg,2
Foster_2024.SMM2_pos:2827,Treg,0
Foster_2024.SMM2_pos:2828,Treg,2
Foster_2024.SMM2_pos:2862,Treg,2
Foster_2024.SMM2_pos:2935,Treg,2
Foster_2024.SMM2_pos:3009,Treg,2
Foster_2024.SMM2_pos:3152,Treg,2
Foster_2024.SMM2_pos:3156,Treg,4
Foster_2024.SMM2_pos:3393,Treg,2
Foster_2024.SMM2_pos:3428,Treg,0
Foster_2024.SMM2_pos:3686,Treg,0
Foster_2024.SMM2_pos:3701,Treg,2
Foster_2024.SMM2_pos:3704,Treg,0
Foster_2024.SMM2_pos:3773,Treg,4
Foster_2024.SMM2_pos:3883,Treg,0
Foster_2024.SMM2_pos:4040,Treg,0
Foster_2024.SMM2_pos:4044,Treg,0
Foster_2024.SMM2_pos:4087,Treg,2
Foster_2024.SMM2_pos:4134,Treg,0
Foster_2024.SMM2_pos:4190,Treg,0
Foster_2024.SMM2_pos:4266,Treg,2
Foster_2024.SMM2_pos:4312,Treg,2
Foster_2024.SMM2_pos:4399,Treg,0
Foster_2024.SMM2_pos:4437,Treg,0
Foster_2024.SMM2_pos:4480,Treg,4
Foster_2024.SMM2_pos:4515,Treg,0
Foster_2024.SMM2_pos:4539,Treg,0
Foster_2024.SMM2_pos:4578,Treg,2
Foster_2024.SMM2_pos:4585,Treg,2
Foster_2024.SMM2_pos:4762,Treg,0
Foster_2024.SMM2_pos:4765,Treg,0
Foster_2024.SMM2_pos:4771,Treg,2
Foster_2024.SMM2_pos:4803,Treg,2
Foster_2024.SMM2_pos:4834,Treg,0
Foster_2024.SMM2_pos:4959,Treg,0
Foster_2024.SMM2_pos:5040,Treg,0
Foster_2024.SMM2_pos:5053,Treg,2
Foster_2024.SMM2_pos:5060,Treg,4
Foster_2024.SMM2_pos:5099,Treg,0
Foster_2024.SMM2_pos:5139,Treg,2
Foster_2024.SMM2_pos:5203,Treg,2
Foster_2024.SMM2_pos:5204,Treg,0
Foster_2024.SMM2_pos:5212,Treg,4
Foster_2024.SMM2_pos:5227,Treg,2
Foster_2024.SMM2_pos:5454,Treg,0
Foster_2024.SMM2_pos:5485,Treg,0
Foster_2024.SMM2_pos:5737,Treg,2
Foster_2024.SMM2_pos:5779,Treg,2
Foster_2024.SMM2_pos:5806,Treg,0
Foster_2024.SMM2_pos:6111,Treg,2
Foster_2024.SMM2_pos:6123,Treg,2
Foster_2024.SMM2_pos:6285,Treg,4
Foster_2024.SMM2_pos:6293,Treg,0
Foster_2024.SMM2_pos:6379,Treg,0
Foster_2024.SMM2_pos:6400,Treg,0
Foster_2024.SMM2_pos:6433,Treg,0
Foster_2024.SMM2_pos:6446,Treg,4
Foster_2024.SMM2_pos:6473,Treg,0
Foster_2024.SMM10_neg:1537,Treg,2
Foster_2024.SMM10_neg:2514,Treg,0
Foster_2024.SMM10_neg:2525,Treg,0
Foster_2024.SMM10_neg:3551,Treg,0
Foster_2024.SMM10_neg:3737,Treg,0
Foster_2024.SMM10_neg:3882,Treg,0
Foster_2024.SMM10_neg:4362,Treg,0
Foster_2024.SMM10_neg:4737,Treg,0
Foster_2024.SMM10_neg:5062,Treg,0
Foster_2024.SMM11_pos:207,Treg,0
Foster_2024.SMM11_pos:236,Treg,0
Foster_2024.SMM11_pos:497,Treg,4
Foster_2024.SMM11_pos:526,Treg,0
Foster_2024.SMM11_pos:732,Treg,2
Foster_2024.SMM11_pos:797,Treg,4
Foster_2024.SMM11_pos:864,Treg,4
Foster_2024.SMM11_pos:1017,Treg,2
Foster_2024.SMM11_pos:1087,Treg,4
Foster_2024.SMM11_pos:1089,Treg,2
Foster_2024.SMM11_pos:1310,Treg,2
Foster_2024.SMM11_pos:1333,Treg,2
Foster_2024.SMM11_pos:1384,Treg,0
Foster_2024.SMM11_pos:1470,Treg,2
Foster_2024.SMM11_pos:1494,Treg,2
Foster_2024.SMM11_pos:1517,Treg,0
Foster_2024.SMM11_pos:1608,Treg,4
Foster_2024.SMM11_pos:1715,Treg,2
Foster_2024.SMM11_pos:1850,Treg,2
Foster_2024.SMM11_pos:1968,Treg,2
Foster_2024.SMM11_pos:1995,Treg,0
Foster_2024.SMM11_pos:2037,Treg,2
Foster_2024.SMM11_pos:2129,Treg,2
Foster_2024.SMM11_pos:2280,Treg,2
Foster_2024.SMM11_pos:2630,Treg,2
Foster_2024.SMM11_pos:3143,Treg,0
Foster_2024.SMM11_pos:3209,Treg,0
Foster_2024.SMM11_pos:3293,Treg,2
Foster_2024.SMM11_pos:3488,Treg,0
Foster_2024.SMM11_pos:3778,Treg,0
Foster_2024.SMM11_pos:3786,Treg,2
Foster_2024.SMM11_pos:3889,Treg,4
Foster_2024.SMM11_pos:4048,Treg,2
Foster_2024.SMM11_pos:4103,Treg,4
Foster_2024.SMM11_pos:4211,Treg,0
Foster_2024.SMM11_pos:4225,Treg,2
Foster_2024.SMM11_pos:4338,Treg,0
Foster_2024.SMM11_pos:4536,Treg,2
Foster_2024.SMM11_pos:4595,Treg,2
Foster_2024.SMM11_pos:4853,Treg,2
Foster_2024.SMM11_pos:4906,Treg,2
Foster_2024.SMM11_pos:4931,Treg,4
Foster_2024.SMM11_pos:4932,Treg,0
Foster_2024.SMM11_pos:5229,Treg,2
Foster_2024.SMM11_pos:5487,Treg,0
Foster_2024.SMM11_pos:5655,Treg,2
Foster_2024.SMM11_pos:5834,Treg,0
Foster_2024.SMM11_pos:5897,Treg,0
Foster_2024.SMM11_pos:5969,Treg,2
Foster_2024.SMM11_pos:6122,Treg,4
Foster_2024.SMM11_pos:6227,Treg,0
Foster_2024.SMM11_pos:6244,Treg,2
Foster_2024.SMM11_pos:6246,Treg,2
Foster_2024.SMM11_pos:6253,Treg,4
Foster_2024.SMM11_pos:6594,Treg,4
Foster_2024.SMM11_pos:6703,Treg,0
Foster_2024.SMM11_pos:6930,Treg,2
Foster_2024.SMM11_pos:6957,Treg,0
Foster_2024.SMM11_pos:7138,Treg,2
Foster_2024.SMM11_pos:7209,Treg,2
Foster_2024.SMM11_pos:7290,Treg,2
Foster_2024.SMM11_pos:7296,Treg,0
Foster_2024.SMM11_pos:7403,Treg,0
Foster_2024.SMM11_pos:7453,Treg,4
Foster_2024.SMM11_pos:7531,Treg,0
Foster_2024.SMM11_pos:7545,Treg,2
Foster_2024.SMM11_pos:7610,Treg,4
Foster_2024.SMM11_pos:7882,Treg,0
Foster_2024.SMM11_pos:7940,Treg,4
Foster_2024.SMM11_pos:7976,Treg,2
Foster_2024.SMM11_pos:7997,Treg,2
Foster_2024.SMM11_pos:8057,Treg,2
Foster_2024.SMM11_pos:8200,Treg,2
Foster_2024.SMM11_pos:8457,Treg,0
Foster_2024.SMM11_pos:8559,Treg,0
Foster_2024.SMM11_pos:8584,Treg,0
Foster_2024.SMM11_pos:8625,Treg,4
Foster_2024.SMM11_pos:8638,Treg,0
Foster_2024.SMM11_pos:8793,Treg,2
Foster_2024.SMM11_pos:8809,Treg,2
Foster_2024.SMM11_pos:8821,Treg,4
Foster_2024.SMM11_pos:9010,Treg,0
Foster_2024.SMM11_pos:9019,Treg,2
Foster_2024.SMM11_pos:9338,Treg,0
Foster_2024.SMM11_pos:9339,Treg,2
Foster_2024.SMM11_pos:9355,Treg,2
Foster_2024.SMM11_pos:9757,Treg,0
Foster_2024.SMM11_pos:9921,Treg,2
Foster_2024.SMM11_pos:9956,Treg,0
Foster_2024.SMM14_neg:1012,Treg,0
Foster_2024.SMM14_neg:1190,Treg,2
Foster_2024.SMM14_neg:1460,Treg,4
Foster_2024.SMM14_pos:10,Treg,0
Foster_2024.SMM14_pos:39,Treg,2
Foster_2024.SMM14_pos:40,Treg,2
Foster_2024.SMM14_pos:52,Treg,0
Foster_2024.SMM14_pos:76,Treg,0
Foster_2024.SMM14_pos:96,Treg,2
Foster_2024.SMM14_pos:99,Treg,0
Foster_2024.SMM14_pos:130,Treg,0
Foster_2024.SMM14_pos:169,Treg,2
Foster_2024.SMM14_pos:189,Treg,2
Foster_2024.SMM14_pos:206,Treg,0
Foster_2024.SMM14_pos:219,Treg,4
Foster_2024.SMM14_pos:255,Treg,0
Foster_2024.SMM14_pos:257,Treg,0
Foster_2024.SMM14_pos:279,Treg,0
Foster_2024.SMM14_pos:292,Treg,2
Foster_2024.SMM14_pos:340,Treg,0
Foster_2024.SMM14_pos:385,Treg,0
Foster_2024.SMM14_pos:467,Treg,0
Foster_2024.SMM14_pos:503,Treg,0
Foster_2024.SMM14_pos:520,Treg,2
Foster_2024.SMM14_pos:541,Treg,0
Foster_2024.SMM14_pos:686,Treg,0
Foster_2024.SMM14_pos:727,Treg,0
Foster_2024.SMM14_pos:753,Treg,0
Foster_2024.SMM14_pos:761,Treg,0
Foster_2024.SMM14_pos:834,Treg,0
Foster_2024.SMM14_pos:840,Treg,2
Foster_2024.SMM14_pos:875,Treg,2
Foster_2024.SMM14_pos:985,Treg,0
Foster_2024.SMM14_pos:1017,Treg,0
Foster_2024.SMM14_pos:1063,Treg,4
Foster_2024.MM4_pos:47,Treg,4
Foster_2024.MM4_pos:348,Treg,4
Foster_2024.MM4_pos:503,Treg,0
Foster_2024.MM4_pos:582,Treg,0
Foster_2024.MM4_pos:885,Treg,2
Foster_2024.MM4_pos:1264,Treg,2
Foster_2024.MM4_pos:1561,Treg,0
Foster_2024.MM4_pos:1636,Treg,0
Foster_2024.MM4_pos:1673,Treg,0
Foster_2024.MM4_pos:1975,Treg,2
Foster_2024.MM4_pos:2001,Treg,4
Foster_2024.MM4_pos:2020,Treg,4
Foster_2024.MM4_pos:2406,Treg,2
Foster_2024.MM4_pos:2571,Treg,4
Foster_2024.MM4_pos:2675,Treg,2
Foster_2024.MM4_pos:2756,Treg,0
Foster_2024.MM4_pos:2765,Treg,0
Foster_2024.MM4_pos:2826,Treg,0
Foster_2024.MM4_pos:2933,Treg,2
Foster_2024.MM4_pos:2943,Treg,2
Foster_2024.MM4_pos:2980,Treg,0
Foster_2024.MM4_pos:3216,Treg,0
Foster_2024.MM4_pos:3230,Treg,2
Foster_2024.MM4_pos:3253,Treg,0
Foster_2024.MM4_pos:3432,Treg,2
Foster_2024.MM4_pos:3482,Treg,4
Foster_2024.MM4_pos:3502,Treg,4
Foster_2024.MM4_pos:3506,Treg,0
Foster_2024.MM4_pos:3532,Treg,0
Foster_2024.MM4_pos:3593,Treg,0
Foster_2024.MM4_pos:3999,Treg,2
Foster_2024.MM4_pos:4099,Treg,0
Foster_2024.MM4_pos:4422,Treg,0
Foster_2024.MM4_pos:4511,Treg,0
Foster_2024.MM4_pos:4718,Treg,0
Foster_2024.MM4_pos:4873,Treg,2
Foster_2024.MM4_pos:5276,Treg,0
Foster_2024.MM4_pos:5437,Treg,2
Foster_2024.MM4_pos:5513,Treg,0
Foster_2024.MM4_pos:5873,Treg,0
Foster_2024.MM4_pos:5985,Treg,2
Foster_2024.MM4_pos:6051,Treg,4
Foster_2024.MM4_pos:6116,Treg,0
Foster_2024.MM4_pos:7076,Treg,2
Foster_2024.MM4_pos:7343,Treg,2
Foster_2024.MM4_pos:7351,Treg,2
Foster_2024.MM4_pos:7426,Treg,4
Foster_2024.MM4_pos:7494,Treg,2
Foster_2024.MM4_pos:7693,Treg,4
Foster_2024.MM4_pos:7711,Treg,4
Foster_2024.MM4_pos:7790,Treg,0
Foster_2024.MM4_pos:7960,Treg,0
Foster_2024.MM4_pos:8108,Treg,2
Foster_2024.MM4_pos:8190,Treg,0
Foster_2024.MM4_pos:8308,Treg,2
Foster_2024.MM4_pos:8381,Treg,4
Foster_2024.MM4_pos:8727,Treg,4
Foster_2024.MM5_pos:100,Treg,4
Foster_2024.MM5_pos:155,Treg,0
Foster_2024.MM5_pos:280,Treg,4
Foster_2024.MM5_pos:573,Treg,0
Foster_2024.MM5_pos:772,Treg,4
Foster_2024.MM5_pos:921,Treg,4
Foster_2024.MM5_pos:1054,Treg,4
Foster_2024.MM5_pos:1072,Treg,4
Foster_2024.MM5_pos:1410,Treg,2
Foster_2024.MM5_pos:1515,Treg,2
Foster_2024.MM5_pos:1534,Treg,0
Foster_2024.MM5_pos:1602,Treg,4
Foster_2024.MM5_pos:1794,Treg,4
Foster_2024.MM5_pos:1867,Treg,4
Foster_2024.MM5_pos:1921,Treg,4
Foster_2024.MM5_pos:2073,Treg,0
Foster_2024.MM5_pos:2300,Treg,2
Foster_2024.MM5_pos:2325,Treg,2
Foster_2024.MM5_pos:2643,Treg,4
Foster_2024.MM5_pos:2806,Treg,0
Foster_2024.MM5_pos:2830,Treg,2
Foster_2024.MM5_pos:2901,Treg,4
Foster_2024.MM5_pos:3308,Treg,0
Foster_2024.MM5_pos:3483,Treg,4
Foster_2024.MM5_pos:3871,Treg,0
Foster_2024.MM5_pos:4158,Treg,4
Foster_2024.MM5_pos:4238,Treg,4
Foster_2024.MM5_pos:4554,Treg,4
Foster_2024.MM5_pos:4746,Treg,0
Foster_2024.MM5_pos:4749,Treg,4
Foster_2024.MM5_pos:4868,Treg,0
Foster_2024.MM5_pos:4872,Treg,4
Foster_2024.MM5_pos:4994,Treg,4
Foster_2024.MM5_pos:5487,Treg,0
Foster_2024.MM5_pos:6352,Treg,0
Foster_2024.MM5_pos:6503,Treg,4
Foster_2024.MM5_pos:6854,Treg,4
Foster_2024.MM5_pos:6882,Treg,0
Foster_2024.MM5_pos:6939,Treg,4
Foster_2024.MM5_pos:7092,Treg,4
Foster_2024.MM5_pos:7184,Treg,4
Foster_2024.MM5_pos:7321,Treg,4
Foster_2024.MM5_pos:7510,Treg,0
Foster_2024.MM5_pos:7875,Treg,4
Foster_2024.MM5_pos:8087,Treg,4
Foster_2024.MM5_pos:8376,Treg,4
Foster_2024.MM5_pos:8381,Treg,0
Foster_2024.MM5_pos:8408,Treg,0
Foster_2024.MM5_pos:9201,Treg,0
Foster_2024.MM5_pos:9545,Treg,4
Foster_2024.MM5_pos:9662,Treg,4
Foster_2024.MM5_pos:9667,Treg,4
Foster_2024.MM5_pos:9687,Treg,0
Foster_2024.MM5_pos:9730,Treg,0
Foster_2024.MM5_pos:9765,Treg,0
Foster_2024.MM5_pos:9817,Treg,0
Foster_2024.MM5_pos:10412,Treg,0
Foster_2024.MM5_pos:10568,Treg,0
Foster_2024.MM5_pos:10636,Treg,2
Foster_2024.MM5_pos:10884,Treg,0
Foster_2024.MM5_pos:10965,Treg,0
Foster_2024.MM5_pos:11238,Treg,0
Foster_2024.MM5_pos:11313,Treg,4
Foster_2024.MM5_pos:11451,Treg,0
Foster_2024.MM5_pos:11527,Treg,0
Foster_2024.MM5_pos:11711,Treg,4
Foster_2024.MM5_pos:11890,Treg,4
Foster_2024.MM5_pos:12715,Treg,0
Foster_2024.MM5_pos:12989,Treg,0
Foster_2024.MM5_pos:13401,Treg,4
Foster_2024.MM5_pos:13561,Treg,4
Foster_2024.MM5_pos:13732,Treg,0
Foster_2024.MM5_pos:13928,Treg,2
Foster_2024.MM5_pos:14485,Treg,0
Foster_2024.MM5_pos:14601,Treg,0
Foster_2024.MM5_pos:14720,Treg,0
Foster_2024.MM5_pos:14738,Treg,4
Foster_2024.MM5_pos:14957,Treg,2
Foster_2024.MM6_pos:143,Treg,4
Foster_2024.MM6_pos:154,Treg,4
Foster_2024.MM6_pos:319,Treg,2
Foster_2024.MM6_pos:341,Treg,2
Foster_2024.MM6_pos:374,Treg,4
Foster_2024.MM6_pos:445,Treg,4
Foster_2024.MM6_pos:520,Treg,4
Foster_2024.MM6_pos:532,Treg,0
Foster_2024.MM6_pos:561,Treg,4
Foster_2024.MM6_pos:628,Treg,0
Foster_2024.MM6_pos:668,Treg,4
Foster_2024.MM6_pos:807,Treg,4
Foster_2024.MM6_pos:940,Treg,4
Foster_2024.MM6_pos:1196,Treg,2
Foster_2024.MM6_pos:1312,Treg,4
Foster_2024.MM6_pos:1681,Treg,2
Foster_2024.MM6_pos:1711,Treg,4
Foster_2024.MM6_pos:2140,Treg,2
Foster_2024.MM6_pos:2166,Treg,4
Foster_2024.MM6_pos:2212,Treg,0
Foster_2024.MM6_pos:2515,Treg,0
Foster_2024.MM6_pos:2595,Treg,0
Foster_2024.MM6_pos:2907,Treg,4
Foster_2024.MM6_pos:2914,Treg,2
Foster_2024.MM6_pos:2950,Treg,4
Foster_2024.MM6_pos:3025,Treg,0
Foster_2024.MM6_pos:3043,Treg,0
Foster_2024.MM6_pos:3099,Treg,4
Foster_2024.MM6_pos:3182,Treg,4
Foster_2024.MM6_pos:3244,Treg,0
Foster_2024.MM6_pos:3283,Treg,4
Foster_2024.MM6_pos:3661,Treg,0
Foster_2024.MM6_pos:3823,Treg,4
Foster_2024.MM6_pos:3879,Treg,4
Foster_2024.MM6_pos:3921,Treg,4
Foster_2024.MM6_pos:3983,Treg,4
Foster_2024.MM6_pos:4249,Treg,4
Foster_2024.MM6_pos:4314,Treg,0
Foster_2024.MM6_pos:4636,Treg,2
Foster_2024.MM6_pos:4667,Treg,4
Foster_2024.MM6_pos:4771,Treg,0
Foster_2024.MM6_pos:5010,Treg,0
Foster_2024.MM6_pos:5017,Treg,4
Foster_2024.MM6_pos:5051,Treg,4
Foster_2024.MM6_pos:5111,Treg,0
Foster_2024.MM6_pos:5173,Treg,2
Foster_2024.MM6_pos:5195,Treg,4
Foster_2024.MM6_pos:5202,Treg,0
Foster_2024.MM6_pos:5246,Treg,0
Foster_2024.MM6_pos:5391,Treg,2
Foster_2024.MM6_pos:5449,Treg,4
Foster_2024.MM6_pos:5597,Treg,0
Foster_2024.MM6_pos:5638,Treg,0
Foster_2024.MM6_pos:5745,Treg,4
Foster_2024.MM6_pos:5817,Treg,0
Foster_2024.MM6_pos:5826,Treg,4
Foster_2024.MM6_pos:5842,Treg,0
Foster_2024.MM6_pos:5951,Treg,0
Foster_2024.MM6_pos:6264,Treg,4
Foster_2024.MM6_pos:6339,Treg,0
Foster_2024.MM6_pos:6638,Treg,4
Foster_2024.MM6_pos:6660,Treg,4
Foster_2024.MM6_pos:6671,Treg,4
Foster_2024.MM6_pos:6707,Treg,4
Foster_2024.MM6_pos:6811,Treg,0
Foster_2024.MM6_pos:6910,Treg,4
Foster_2024.MM6_pos:7031,Treg,4
Foster_2024.MM6_pos:7135,Treg,4
Foster_2024.MM6_pos:7385,Treg,4
Foster_2024.MM6_pos:7914,Treg,4
Foster_2024.MM6_pos:8047,Treg,4
Foster_2024.MM6_pos:8064,Treg,4
Foster_2024.MM6_pos:8071,Treg,4
Foster_2024.MM6_pos:8128,Treg,4
Foster_2024.MM6_pos:8198,Treg,2
Foster_2024.MM6_pos:8251,Treg,4
Foster_2024.MM6_pos:8275,Treg,4
Foster_2024.MM6_pos:8302,Treg,4
Foster_2024.MM6_pos:8381,Treg,4
Foster_2024.MM6_pos:8444,Treg,2
Foster_2024.MM6_pos:8645,Treg,2
Foster_2024.MM6_pos:8813,Treg,4
Foster_2024.MM6_pos:8847,Treg,4
Foster_2024.MM6_pos:8876,Treg,0
Foster_2024.MM6_pos:8932,Treg,4
Foster_2024.MM6_pos:8974,Treg,0
Foster_2024.MM6_pos:9203,Treg,2
Foster_2024.MM6_pos:9266,Treg,0
Foster_2024.MM6_pos:9666,Treg,4
Foster_2024.MM6_pos:9819,Treg,0
Foster_2024.MM6_pos:9846,Treg,0
Foster_2024.MM6_pos:10065,Treg,0
Foster_2024.MM6_pos:10154,Treg,4
Foster_2024.MM6_pos:10359,Treg,4
Foster_2024.MM6_pos:10470,Treg,4
Foster_2024.MM6_pos:10965,Treg,4
Foster_2024.MM6_pos:11037,Treg,0
Foster_2024.MM6_pos:11075,Treg,0
Foster_2024.MM6_pos:11390,Treg,4
Foster_2024.MM6_pos:11476,Treg,4
Foster_2024.MM6_neg:2070,Treg,0
Foster_2024.MM6_neg:2156,Treg,4
Foster_2024.MM6_neg:3817,Treg,4
Foster_2024.MM6_neg:3938,Treg,0
Foster_2024.MM6_neg:5559,Treg,4
Foster_2024.MM6_neg:5800,Treg,4
Foster_2024.MM6_neg:6970,Treg,4
Foster_2024.MM6_neg:7743,Treg,2
Foster_2024.MM6_neg:8120,Treg,4
Foster_2024.MM6_neg:8662,Treg,4
Foster_2024.MM6_neg:9316,Treg,0
Foster_2024.MM6_neg:9333,Treg,0
Foster_2024.MM6_neg:9344,Treg,0
Foster_2024.MM5_neg:2034,Treg,0
Foster_2024.MM5_neg:2231,Treg,4
Foster_2024.MM3_pos:20,Treg,4
Foster_2024.MM3_pos:62,Treg,0
Foster_2024.MM3_pos:75,Treg,2
Foster_2024.MM3_pos:87,Treg,2
Foster_2024.MM3_pos:97,Treg,2
Foster_2024.MM3_pos:183,Treg,4
Foster_2024.MM3_pos:223,Treg,2
Foster_2024.MM3_pos:256,Treg,2
Foster_2024.MM3_pos:278,Treg,2
Foster_2024.MM3_pos:283,Treg,0
Foster_2024.MM3_pos:292,Treg,2
Foster_2024.MM3_pos:300,Treg,0
Foster_2024.MM3_pos:309,Treg,2
Foster_2024.MM3_pos:310,Treg,0
Foster_2024.MM3_pos:343,Treg,0
Foster_2024.MM3_pos:349,Treg,4
Foster_2024.MM3_pos:360,Treg,2
Foster_2024.MM3_pos:376,Treg,0
Foster_2024.MM3_pos:379,Treg,2
Foster_2024.MM3_pos:392,Treg,2
Foster_2024.MM3_pos:464,Treg,2
Foster_2024.MM3_pos:489,Treg,2
Foster_2024.MM3_pos:501,Treg,4
Foster_2024.MM3_pos:503,Treg,2
Foster_2024.MM3_pos:527,Treg,0
Foster_2024.MM3_pos:629,Treg,2
Foster_2024.MM3_pos:651,Treg,2
Foster_2024.MM3_pos:664,Treg,2
Foster_2024.MM3_pos:680,Treg,2
Foster_2024.MM3_pos:689,Treg,4
Foster_2024.MM3_pos:805,Treg,2
Foster_2024.MM3_pos:877,Treg,2
Foster_2024.MM3_pos:913,Treg,4
Foster_2024.MM3_pos:931,Treg,2
Foster_2024.MM3_pos:1012,Treg,2
Foster_2024.MM3_pos:1014,Treg,0
Foster_2024.MM3_pos:1051,Treg,2
Foster_2024.MM3_pos:1056,Treg,0
Foster_2024.MM3_pos:1068,Treg,0
Foster_2024.MM3_pos:1101,Treg,0
Foster_2024.MM3_pos:1118,Treg,4
Foster_2024.MM3_pos:1193,Treg,0
Foster_2024.MM3_pos:1211,Treg,0
Foster_2024.MM3_pos:1247,Treg,2
Foster_2024.MM3_pos:1324,Treg,0
Foster_2024.MM3_pos:1335,Treg,2
Foster_2024.HD3_neg:973,Treg,4
Foster_2024.HD3_neg:1060,Treg,0
Foster_2024.HD3_neg:1667,Treg,0
Foster_2024.HD3_neg:3343,Treg,2
Foster_2024.HD3_neg:3422,Treg,2
Foster_2024.HD3_neg:4005,Treg,2
Foster_2024.HD2_pos:218,Treg,0
Foster_2024.HD2_pos:239,Treg,0
Foster_2024.HD2_pos:403,Treg,0
Foster_2024.HD2_pos:442,Treg,2
Foster_2024.HD2_pos:742,Treg,0
Foster_2024.HD2_pos:1219,Treg,4
Foster_2024.HD2_pos:1394,Treg,0
Foster_2024.HD2_pos:1508,Treg,4
Foster_2024.HD2_pos:2075,Treg,4
Foster_2024.HD2_pos:2158,Treg,0
Foster_2024.HD2_pos:2248,Treg,2
Foster_2024.HD2_pos:2637,Treg,2
Foster_2024.HD2_pos:2658,Treg,2
Foster_2024.HD2_pos:2865,Treg,0
Foster_2024.HD2_pos:3042,Treg,0
Foster_2024.HD2_pos:3049,Treg,4
Foster_2024.HD2_pos:3455,Treg,4
Foster_2024.HD2_pos:3498,Treg,4
Foster_2024.HD2_pos:3520,Treg,4
Foster_2024.HD2_pos:3712,Treg,0
Foster_2024.HD2_pos:3876,Treg,0
Foster_2024.HD2_pos:4094,Treg,0
Foster_2024.HD2_pos:4190,Treg,4
Foster_2024.HD2_pos:4288,Treg,4
Foster_2024.HD2_pos:4600,Treg,0
Foster_2024.HD2_pos:4722,Treg,4
Foster_2024.HD2_pos:4769,Treg,0
Foster_2024.HD2_pos:4918,Treg,2
Foster_2024.HD2_pos:4926,Treg,4
Foster_2024.HD2_pos:5053,Treg,2
Foster_2024.HD2_pos:5185,Treg,4
Foster_2024.HD2_pos:5256,Treg,0
Foster_2024.HD2_pos:5481,Treg,0
Foster_2024.HD2_pos:5761,Treg,0
Foster_2024.HD2_pos:5856,Treg,4
Foster_2024.HD2_pos:5949,Treg,2
Foster_2024.HD2_pos:6843,Treg,0
Foster_2024.HD2_pos:6854,Treg,4
Foster_2024.HD2_pos:6908,Treg,4
Foster_2024.HD2_pos:6945,Treg,4
Foster_2024.HD2_pos:7036,Treg,0
Foster_2024.HD2_pos:7217,Treg,2
Foster_2024.HD2_pos:7319,Treg,2
Foster_2024.HD2_pos:7320,Treg,0
Foster_2024.HD2_pos:7337,Treg,4
Foster_2024.HD2_pos:7623,Treg,0
Foster_2024.HD2_pos:7712,Treg,0
Foster_2024.HD2_pos:7986,Treg,4
Foster_2024.HD2_pos:8307,Treg,0
Foster_2024.SMM13_neg:111,Treg,4
Foster_2024.SMM13_neg:298,Treg,4
Foster_2024.SMM13_neg:419,Treg,2
Foster_2024.SMM13_neg:606,Treg,0
Foster_2024.SMM13_neg:1106,Treg,0
Foster_2024.SMM13_neg:1583,Treg,0
Foster_2024.SMM13_neg:2157,Treg,2
Foster_2024.SMM13_neg:2300,Treg,2
Foster_2024.SMM13_neg:2743,Treg,0
Foster_2024.SMM13_neg:3018,Treg,0
Foster_2024.SMM13_neg:3048,Treg,0
Foster_2024.SMM13_neg:3075,Treg,0
Foster_2024.SMM13_neg:3315,Treg,0
Foster_2024.SMM13_neg:3577,Treg,4
Foster_2024.SMM13_neg:4123,Treg,4
Foster_2024.SMM13_neg:4486,Treg,2
Foster_2024.SMM13_neg:4719,Treg,0
Foster_2024.SMM13_neg:4737,Treg,0
Foster_2024.SMM13_neg:4794,Treg,0
Foster_2024.SMM13_neg:4887,Treg,4
Foster_2024.SMM13_neg:5156,Treg,0
Foster_2024.SMM13_neg:5208,Treg,0
Foster_2024.SMM13_neg:5364,Treg,4
Foster_2024.SMM13_neg:5427,Treg,0
Foster_2024.SMM13_neg:5573,Treg,4
Foster_2024.SMM13_neg:5710,Treg,0
Foster_2024.SMM13_neg:5812,Treg,2
Foster_2024.SMM13_neg:5856,Treg,0
Foster_2024.SMM13_pos:29,Treg,0
Foster_2024.SMM13_pos:71,Treg,2
Foster_2024.SMM13_pos:106,Treg,0
Foster_2024.SMM13_pos:116,Treg,2
Foster_2024.SMM13_pos:141,Treg,2
Foster_2024.SMM13_pos:156,Treg,2
Foster_2024.SMM13_pos:200,Treg,0
Foster_2024.SMM13_pos:214,Treg,2
Foster_2024.SMM13_pos:222,Treg,2
Foster_2024.SMM13_pos:237,Treg,2
Foster_2024.SMM13_pos:271,Treg,4
Foster_2024.SMM13_pos:410,Treg,2
Foster_2024.SMM13_pos:430,Treg,0
Foster_2024.SMM13_pos:466,Treg,0
Foster_2024.SMM13_pos:494,Treg,0
Foster_2024.SMM13_pos:528,Treg,2
Foster_2024.SMM13_pos:530,Treg,0
Foster_2024.SMM13_pos:534,Treg,2
Foster_2024.SMM13_pos:541,Treg,2
Foster_2024.SMM13_pos:572,Treg,0
Foster_2024.SMM13_pos:723,Treg,2
Foster_2024.SMM13_pos:762,Treg,0
Foster_2024.SMM13_pos:798,Treg,4
Foster_2024.SMM13_pos:844,Treg,0
Foster_2024.SMM13_pos:857,Treg,0
Foster_2024.SMM13_pos:872,Treg,2
Foster_2024.SMM13_pos:878,Treg,0
Foster_2024.SMM13_pos:926,Treg,4
Foster_2024.SMM13_pos:969,Treg,0
Foster_2024.SMM13_pos:992,Treg,4
Foster_2024.SMM13_pos:1031,Treg,2
Foster_2024.SMM13_pos:1092,Treg,0
Foster_2024.SMM13_pos:1119,Treg,2
Foster_2024.SMM13_pos:1258,Treg,2
Foster_2024.SMM13_pos:1262,Treg,2
Foster_2024.SMM13_pos:1307,Treg,2
Foster_2024.SMM13_pos:1352,Treg,0
Foster_2024.SMM13_pos:1355,Treg,2
Foster_2024.SMM13_pos:1397,Treg,2
Foster_2024.SMM13_pos:1399,Treg,2
Foster_2024.SMM13_pos:1453,Treg,2
Foster_2024.SMM13_pos:1461,Treg,0
Foster_2024.SMM13_pos:1479,Treg,0
Foster_2024.SMM13_pos:1508,Treg,0
Foster_2024.SMM13_pos:1550,Treg,2
Foster_2024.SMM13_pos:1556,Treg,2
Foster_2024.SMM13_pos:1561,Treg,4
Foster_2024.SMM13_pos:1568,Treg,2
Foster_2024.SMM13_pos:1580,Treg,4
Foster_2024.SMM13_pos:1589,Treg,0
Foster_2024.SMM13_pos:1666,Treg,0
Foster_2024.SMM13_pos:1676,Treg,4
Foster_2024.SMM13_pos:1695,Treg,2
Foster_2024.SMM13_pos:1789,Treg,2
Foster_2024.SMM13_pos:1812,Treg,0
Foster_2024.SMM13_pos:1863,Treg,2
Foster_2024.SMM13_pos:1871,Treg,0
Foster_2024.SMM13_pos:1985,Treg,0
Foster_2024.SMM13_pos:2015,Treg,2
Foster_2024.SMM13_pos:2030,Treg,2
Foster_2024.SMM13_pos:2031,Treg,0
Foster_2024.SMM13_pos:2085,Treg,4
Foster_2024.SMM13_pos:2102,Treg,4
Foster_2024.SMM13_pos:2122,Treg,2
Foster_2024.SMM13_pos:2133,Treg,2
Foster_2024.SMM13_pos:2146,Treg,2
Foster_2024.SMM13_pos:2151,Treg,4
Foster_2024.SMM13_pos:2162,Treg,0
Foster_2024.SMM13_pos:2186,Treg,2
Foster_2024.SMM13_pos:2211,Treg,0
Foster_2024.SMM13_pos:2242,Treg,0
Foster_2024.SMM13_pos:2259,Treg,4
Foster_2024.SMM13_pos:2329,Treg,0
Foster_2024.SMM13_pos:2334,Treg,0
Foster_2024.SMM13_pos:2354,Treg,4
Foster_2024.SMM13_pos:2362,Treg,0
Foster_2024.SMM13_pos:2363,Treg,2
Foster_2024.SMM13_pos:2490,Treg,0
Foster_2024.SMM13_pos:2508,Treg,0
Foster_2024.SMM13_pos:2517,Treg,4
Foster_2024.SMM13_pos:2529,Treg,0
Foster_2024.SMM13_pos:2597,Treg,0
Foster_2024.SMM13_pos:2687,Treg,0
Foster_2024.SMM13_pos:2716,Treg,2
Foster_2024.SMM13_pos:2808,Treg,0
Foster_2024.SMM13_pos:2810,Treg,2
Foster_2024.SMM13_pos:2823,Treg,0
Foster_2024.SMM13_pos:2834,Treg,0
Foster_2024.SMM13_pos:2861,Treg,2
Foster_2024.SMM13_pos:2898,Treg,0
Foster_2024.SMM13_pos:2915,Treg,0
Foster_2024.SMM13_pos:2917,Treg,2
Foster_2024.SMM13_pos:2957,Treg,2
Foster_2024.SMM13_pos:3018,Treg,0
Foster_2024.SMM13_pos:3051,Treg,2
Foster_2024.SMM13_pos:3056,Treg,0
Foster_2024.SMM13_pos:3072,Treg,2
Foster_2024.SMM13_pos:3105,Treg,2
Foster_2024.SMM13_pos:3141,Treg,2
Foster_2024.SMM13_pos:3170,Treg,4
Foster_2024.SMM13_pos:3175,Treg,2
Foster_2024.SMM13_pos:3179,Treg,0
Foster_2024.SMM13_pos:3182,Treg,4
Foster_2024.SMM13_pos:3196,Treg,2
Foster_2024.SMM13_pos:3346,Treg,0
Foster_2024.SMM13_pos:3358,Treg,4
Foster_2024.SMM13_pos:3361,Treg,2
Foster_2024.SMM13_pos:3368,Treg,2
Foster_2024.SMM13_pos:3423,Treg,2
Foster_2024.SMM13_pos:3441,Treg,0
Foster_2024.SMM13_pos:3511,Treg,2
Foster_2024.SMM13_pos:3513,Treg,2
Foster_2024.SMM13_pos:3546,Treg,0
Foster_2024.SMM13_pos:3562,Treg,0
Foster_2024.SMM13_pos:3565,Treg,0
Foster_2024.SMM13_pos:3588,Treg,2
Foster_2024.SMM13_pos:3592,Treg,2
Foster_2024.SMM13_pos:3655,Treg,0
Foster_2024.SMM13_pos:3659,Treg,0
Foster_2024.SMM13_pos:3665,Treg,0
Foster_2024.SMM13_pos:3667,Treg,2
Foster_2024.SMM13_pos:3686,Treg,2
Foster_2024.SMM13_pos:3693,Treg,0
Foster_2024.SMM13_pos:3697,Treg,4
Foster_2024.SMM13_pos:3714,Treg,2
Foster_2024.SMM13_pos:3757,Treg,2
Foster_2024.SMM13_pos:3774,Treg,0
Foster_2024.SMM13_pos:3775,Treg,0
Foster_2024.SMM13_pos:3849,Treg,4
Foster_2024.SMM13_pos:3851,Treg,2
Foster_2024.SMM13_pos:3861,Treg,2
Foster_2024.SMM13_pos:3896,Treg,2
Foster_2024.SMM13_pos:3900,Treg,0
Foster_2024.SMM13_pos:3950,Treg,2
Foster_2024.SMM13_pos:3974,Treg,0
Foster_2024.SMM13_pos:3977,Treg,0
Foster_2024.SMM13_pos:3989,Treg,2
Foster_2024.SMM13_pos:4051,Treg,2
Foster_2024.SMM13_pos:4111,Treg,0
Foster_2024.SMM13_pos:4161,Treg,0
Foster_2024.SMM13_pos:4170,Treg,0
Foster_2024.SMM13_pos:4176,Treg,2
Foster_2024.SMM13_pos:4182,Treg,2
Foster_2024.SMM13_pos:4196,Treg,4
Foster_2024.SMM13_pos:4225,Treg,2
Foster_2024.SMM13_pos:4299,Treg,0
Foster_2024.SMM13_pos:4312,Treg,4
Foster_2024.SMM13_pos:4316,Treg,2
Foster_2024.SMM13_pos:4416,Treg,4
Foster_2024.SMM13_pos:4475,Treg,2
Foster_2024.SMM13_pos:4484,Treg,2
Foster_2024.SMM13_pos:4499,Treg,0
Foster_2024.SMM13_pos:4509,Treg,2
Foster_2024.SMM13_pos:4516,Treg,2
Foster_2024.SMM13_pos:4544,Treg,0
Foster_2024.SMM13_pos:4553,Treg,2
Foster_2024.SMM13_pos:4555,Treg,0
Foster_2024.SMM13_pos:4583,Treg,0
Foster_2024.SMM13_pos:4607,Treg,0
Foster_2024.SMM13_pos:4628,Treg,2
Foster_2024.SMM13_pos:4629,Treg,2
Foster_2024.SMM13_pos:4719,Treg,2
Foster_2024.SMM13_pos:4724,Treg,0
Foster_2024.SMM13_pos:4732,Treg,0
Foster_2024.SMM13_pos:4746,Treg,0
Foster_2024.SMM13_pos:4796,Treg,4
Foster_2024.SMM13_pos:4805,Treg,0
Foster_2024.SMM13_pos:4823,Treg,2
Foster_2024.SMM13_pos:4827,Treg,2
Foster_2024.SMM13_pos:4878,Treg,2
Foster_2024.SMM13_pos:4903,Treg,0
Foster_2024.SMM13_pos:4937,Treg,4
Foster_2024.SMM13_pos:4973,Treg,2
Foster_2024.SMM13_pos:4975,Treg,2
Foster_2024.SMM13_pos:4997,Treg,4
Foster_2024.SMM13_pos:5030,Treg,4
Foster_2024.SMM13_pos:5038,Treg,2
Foster_2024.SMM13_pos:5042,Treg,2
Foster_2024.SMM13_pos:5058,Treg,4
Foster_2024.SMM13_pos:5099,Treg,2
Foster_2024.SMM13_pos:5103,Treg,0
Foster_2024.SMM13_pos:5136,Treg,2
Foster_2024.SMM13_pos:5202,Treg,2
Foster_2024.SMM13_pos:5217,Treg,0
Foster_2024.SMM13_pos:5226,Treg,0
Foster_2024.SMM13_pos:5290,Treg,0
Foster_2024.SMM13_pos:5294,Treg,2
Foster_2024.SMM13_pos:5334,Treg,2
Foster_2024.SMM13_pos:5438,Treg,2
Foster_2024.SMM13_pos:5469,Treg,2
Foster_2024.SMM13_pos:5515,Treg,4
Foster_2024.SMM13_pos:5519,Treg,2
Foster_2024.SMM13_pos:5540,Treg,2
Foster_2024.SMM13_pos:5545,Treg,4
Foster_2024.SMM13_pos:5596,Treg,0
Foster_2024.SMM13_pos:5643,Treg,4
Foster_2024.SMM13_pos:5680,Treg,4
Foster_2024.SMM13_pos:5686,Treg,2
Foster_2024.SMM13_pos:5694,Treg,0
Foster_2024.SMM13_pos:5719,Treg,2
Foster_2024.SMM13_pos:5801,Treg,2
Foster_2024.SMM13_pos:5822,Treg,0
Foster_2024.SMM13_pos:5836,Treg,2
Foster_2024.SMM13_pos:5947,Treg,2
Foster_2024.SMM13_pos:5968,Treg,4
Foster_2024.SMM13_pos:5970,Treg,0
Foster_2024.SMM13_pos:5977,Treg,2
Foster_2024.SMM13_pos:5981,Treg,2
Foster_2024.SMM13_pos:6081,Treg,2
Foster_2024.SMM13_pos:6117,Treg,2
Foster_2024.SMM13_pos:6154,Treg,2
Foster_2024.SMM13_pos:6158,Treg,4
Foster_2024.SMM13_pos:6209,Treg,2
Foster_2024.SMM13_pos:6218,Treg,2
Foster_2024.SMM13_pos:6230,Treg,2
Foster_2024.SMM13_pos:6244,Treg,2
Foster_2024.SMM13_pos:6292,Treg,0
Foster_2024.SMM13_pos:6294,Treg,2
Foster_2024.SMM13_pos:6329,Treg,0
Foster_2024.SMM13_pos:6363,Treg,0
Foster_2024.SMM13_pos:6391,Treg,2
Foster_2024.SMM13_pos:6469,Treg,2
Foster_2024.SMM13_pos:6480,Treg,2
Foster_2024.SMM13_pos:6515,Treg,2
Foster_2024.SMM13_pos:6517,Treg,2
Foster_2024.SMM13_pos:6569,Treg,4
Foster_2024.SMM13_pos:6571,Treg,4
Foster_2024.SMM13_pos:6617,Treg,2
Foster_2024.SMM13_pos:6639,Treg,0
Foster_2024.SMM13_pos:6737,Treg,2
Foster_2024.SMM13_pos:6770,Treg,0
Foster_2024.SMM13_pos:6799,Treg,2
Foster_2024.SMM13_pos:6823,Treg,0
Foster_2024.SMM13_pos:6854,Treg,2
Foster_2024.SMM13_pos:6869,Treg,0
Foster_2024.SMM13_pos:6872,Treg,0
Foster_2024.SMM13_pos:6886,Treg,0
Foster_2024.SMM13_pos:7128,Treg,0
Foster_2024.SMM13_pos:7130,Treg,4
Foster_2024.SMM13_pos:7161,Treg,2
Foster_2024.SMM13_pos:7227,Treg,2
Foster_2024.SMM13_pos:7275,Treg,4
Foster_2024.SMM13_pos:7286,Treg,0
Foster_2024.SMM13_pos:7287,Treg,2
Foster_2024.SMM13_pos:7320,Treg,0
Foster_2024.SMM13_pos:7321,Treg,0
Foster_2024.SMM13_pos:7373,Treg,2
Foster_2024.SMM13_pos:7388,Treg,0
Foster_2024.SMM13_pos:7401,Treg,4
Foster_2024.SMM13_pos:7444,Treg,2
Foster_2024.SMM13_pos:7449,Treg,2
Foster_2024.SMM13_pos:7468,Treg,4
Foster_2024.SMM13_pos:7491,Treg,2
Foster_2024.SMM13_pos:7514,Treg,0
Foster_2024.SMM13_pos:7549,Treg,4
Foster_2024.SMM13_pos:7592,Treg,2
Foster_2024.SMM13_pos:7618,Treg,2
Foster_2024.SMM13_pos:7696,Treg,2
Foster_2024.SMM13_pos:7697,Treg,2
Foster_2024.SMM13_pos:7767,Treg,0
Foster_2024.SMM13_pos:7776,Treg,2
Foster_2024.SMM13_pos:7799,Treg,4
Foster_2024.SMM13_pos:7809,Treg,0
Foster_2024.SMM13_pos:7830,Treg,2
Foster_2024.SMM13_pos:7840,Treg,2
Foster_2024.SMM13_pos:7856,Treg,2
Foster_2024.SMM13_pos:7868,Treg,0
Foster_2024.SMM13_pos:7879,Treg,2
Foster_2024.SMM13_pos:7908,Treg,0
Foster_2024.SMM13_pos:7917,Treg,0
Foster_2024.SMM13_pos:7918,Treg,0
Foster_2024.SMM13_pos:7939,Treg,0
Foster_2024.SMM13_pos:7942,Treg,0
Foster_2024.SMM13_pos:7970,Treg,2
Foster_2024.SMM13_pos:8006,Treg,2
Foster_2024.SMM13_pos:8067,Treg,0
Foster_2024.SMM13_pos:8083,Treg,2
Foster_2024.SMM13_pos:8127,Treg,2
Foster_2024.SMM13_pos:8137,Treg,2
Foster_2024.SMM13_pos:8159,Treg,2
Foster_2024.SMM13_pos:8175,Treg,0
Foster_2024.SMM13_pos:8214,Treg,2
Foster_2024.SMM13_pos:8226,Treg,0
Foster_2024.SMM13_pos:8261,Treg,0
Foster_2024.SMM13_pos:8362,Treg,2
Foster_2024.SMM13_pos:8427,Treg,0
Foster_2024.SMM13_pos:8435,Treg,2
Foster_2024.SMM13_pos:8529,Treg,0
Foster_2024.SMM13_pos:8589,Treg,2
Foster_2024.SMM13_pos:8592,Treg,4
Foster_2024.SMM13_pos:8598,Treg,4
Foster_2024.SMM13_pos:8624,Treg,0
Foster_2024.SMM13_pos:8655,Treg,2
Foster_2024.SMM13_pos:8726,Treg,4
Foster_2024.SMM13_pos:8803,Treg,0
Foster_2024.SMM13_pos:8853,Treg,2
Foster_2024.SMM13_pos:8931,Treg,2
Foster_2024.SMM13_pos:8939,Treg,2
Foster_2024.SMM13_pos:8952,Treg,0
Foster_2024.SMM13_pos:8970,Treg,2
Foster_2024.SMM13_pos:8971,Treg,4
Foster_2024.SMM13_pos:8976,Treg,4
Foster_2024.SMM13_pos:8983,Treg,2
Foster_2024.SMM13_pos:9037,Treg,2
Foster_2024.SMM13_pos:9086,Treg,0
Foster_2024.SMM13_pos:9245,Treg,2
Foster_2024.SMM13_pos:9279,Treg,0
Foster_2024.SMM13_pos:9305,Treg,2
Foster_2024.SMM13_pos:9326,Treg,2
Foster_2024.SMM13_pos:9330,Treg,4
Foster_2024.SMM13_pos:9406,Treg,2
Foster_2024.SMM13_pos:9415,Treg,2
Foster_2024.SMM13_pos:9420,Treg,2
Foster_2024.SMM13_pos:9426,Treg,0
Foster_2024.SMM13_pos:9450,Treg,2
Foster_2024.SMM13_pos:9473,Treg,2
Foster_2024.SMM13_pos:9476,Treg,2
Foster_2024.SMM13_pos:9495,Treg,2
Foster_2024.SMM13_pos:9498,Treg,4
Foster_2024.SMM13_pos:9568,Treg,2
Foster_2024.SMM13_pos:9573,Treg,0
Foster_2024.SMM13_pos:9583,Treg,0
Foster_2024.SMM13_pos:9591,Treg,0
Foster_2024.SMM13_pos:9636,Treg,2
Foster_2024.SMM13_pos:9640,Treg,0
Foster_2024.SMM13_pos:9641,Treg,2
Foster_2024.SMM13_pos:9679,Treg,0
Foster_2024.SMM13_pos:9719,Treg,2
Foster_2024.SMM13_pos:9726,Treg,2
Foster_2024.SMM13_pos:9741,Treg,0
Foster_2024.SMM13_pos:9755,Treg,2
Foster_2024.SMM13_pos:9776,Treg,4
Foster_2024.SMM13_pos:9842,Treg,0
Foster_2024.SMM13_pos:9874,Treg,4
Foster_2024.SMM13_pos:9898,Treg,2
Foster_2024.SMM13_pos:9904,Treg,4
Foster_2024.SMM13_pos:9911,Treg,4
Foster_2024.SMM13_pos:9942,Treg,4
Foster_2024.SMM13_pos:9943,Treg,0
Foster_2024.SMM13_pos:9998,Treg,0
Foster_2024.SMM13_pos:10010,Treg,2
Foster_2024.SMM13_pos:10038,Treg,0
Foster_2024.SMM13_pos:10042,Treg,0
Foster_2024.SMM13_pos:10047,Treg,4
Foster_2024.SMM13_pos:10058,Treg,2
Foster_2024.SMM13_pos:10072,Treg,2
Foster_2024.SMM13_pos:10087,Treg,0
Foster_2024.SMM13_pos:10089,Treg,2
Foster_2024.SMM13_pos:10135,Treg,2
Foster_2024.SMM13_pos:10143,Treg,4
Foster_2024.SMM13_pos:10174,Treg,2
Foster_2024.SMM13_pos:10184,Treg,2
Foster_2024.SMM13_pos:10208,Treg,2
Foster_2024.SMM13_pos:10364,Treg,0
Foster_2024.SMM13_pos:10376,Treg,0
Foster_2024.SMM13_pos:10378,Treg,2
Foster_2024.SMM13_pos:10379,Treg,0
Foster_2024.SMM13_pos:10394,Treg,4
Foster_2024.SMM13_pos:10416,Treg,4
Foster_2024.SMM13_pos:10422,Treg,2
Foster_2024.SMM13_pos:10424,Treg,2
Foster_2024.SMM13_pos:10431,Treg,0
Foster_2024.SMM13_pos:10571,Treg,0
Foster_2024.SMM13_pos:10605,Treg,0
Foster_2024.SMM13_pos:10612,Treg,2
Foster_2024.SMM13_pos:10616,Treg,2
Foster_2024.SMM13_pos:10663,Treg,0
Foster_2024.SMM13_pos:10664,Treg,2
Foster_2024.SMM13_pos:10723,Treg,0
Foster_2024.SMM13_pos:10771,Treg,0
Foster_2024.SMM13_pos:10794,Treg,0
Foster_2024.SMM13_pos:10802,Treg,4
Foster_2024.SMM13_pos:10806,Treg,0
Foster_2024.SMM13_pos:10823,Treg,2
Foster_2024.SMM13_pos:10841,Treg,0
Foster_2024.SMM13_pos:10895,Treg,0
Foster_2024.SMM13_pos:10928,Treg,2
Foster_2024.SMM13_pos:10974,Treg,0
Foster_2024.SMM13_pos:10988,Treg,2
Foster_2024.SMM13_pos:11017,Treg,0
Foster_2024.SMM13_pos:11023,Treg,0
Foster_2024.SMM13_pos:11110,Treg,4
Foster_2024.SMM13_pos:11118,Treg,4
Foster_2024.SMM13_pos:11179,Treg,0
Foster_2024.SMM13_pos:11218,Treg,2
Foster_2024.SMM13_pos:11221,Treg,2
Foster_2024.SMM13_pos:11229,Treg,0
Foster_2024.SMM13_pos:11244,Treg,2
Foster_2024.SMM13_pos:11249,Treg,0
Foster_2024.SMM13_pos:11252,Treg,2
Foster_2024.SMM13_pos:11300,Treg,0
Foster_2024.SMM13_pos:11345,Treg,0
Foster_2024.SMM13_pos:11401,Treg,0
Foster_2024.SMM13_pos:11418,Treg,0
Foster_2024.SMM13_pos:11446,Treg,2
Foster_2024.SMM13_pos:11482,Treg,2
Foster_2024.SMM13_pos:11501,Treg,2
Foster_2024.SMM13_pos:11526,Treg,2
Foster_2024.SMM13_pos:11542,Treg,0
Foster_2024.SMM13_pos:11545,Treg,2
Foster_2024.SMM13_pos:11548,Treg,0
Foster_2024.SMM13_pos:11562,Treg,2
Foster_2024.SMM13_pos:11569,Treg,0
Foster_2024.SMM13_pos:11592,Treg,0
Foster_2024.SMM13_pos:11599,Treg,2
Foster_2024.SMM13_pos:11636,Treg,4
Foster_2024.SMM13_pos:11684,Treg,0
Foster_2024.SMM13_pos:11716,Treg,2
Foster_2024.SMM13_pos:11730,Treg,0
Foster_2024.SMM13_pos:11740,Treg,0
Foster_2024.SMM13_pos:11760,Treg,2
Foster_2024.SMM13_pos:11787,Treg,4
Foster_2024.SMM13_pos:11800,Treg,0
Foster_2024.SMM13_pos:11822,Treg,4
Foster_2024.SMM13_pos:12062,Treg,2
Foster_2024.SMM13_pos:12096,Treg,2
Foster_2024.SMM13_pos:12120,Treg,0
Foster_2024.SMM13_pos:12137,Treg,4
Foster_2024.SMM13_pos:12174,Treg,2
Foster_2024.SMM13_pos:12199,Treg,0
Foster_2024.SMM13_pos:12280,Treg,2
Foster_2024.SMM13_pos:12313,Treg,0
Foster_2024.SMM13_pos:12364,Treg,2
Foster_2024.SMM13_pos:12411,Treg,2
Foster_2024.SMM13_pos:12474,Treg,2
Foster_2024.SMM13_pos:12647,Treg,2
Foster_2024.SMM13_pos:12650,Treg,0
Foster_2024.SMM13_pos:12703,Treg,0
Foster_2024.SMM13_pos:12808,Treg,0
Foster_2024.SMM13_pos:12864,Treg,0
Foster_2024.HD2_neg:1015,Treg,4
Foster_2024.HD2_neg:1338,Treg,0
Foster_2024.HD3_pos:18,Treg,4
Foster_2024.HD3_pos:49,Treg,0
Foster_2024.HD3_pos:456,Treg,4
Foster_2024.HD3_pos:472,Treg,4
Foster_2024.HD3_pos:514,Treg,4
Foster_2024.HD3_pos:600,Treg,4
Foster_2024.HD3_pos:625,Treg,4
Foster_2024.HD3_pos:728,Treg,0
Foster_2024.HD3_pos:797,Treg,4
Foster_2024.HD3_pos:1106,Treg,4
Foster_2024.HD3_pos:1225,Treg,0
Foster_2024.HD3_pos:1248,Treg,4
Foster_2024.HD3_pos:1249,Treg,4
Foster_2024.HD3_pos:1254,Treg,4
Foster_2024.HD3_pos:1429,Treg,4
Foster_2024.HD3_pos:1616,Treg,0
Foster_2024.HD3_pos:1733,Treg,4
Foster_2024.HD3_pos:1791,Treg,4
Foster_2024.HD3_pos:2171,Treg,4
Foster_2024.HD3_pos:2662,Treg,0
Foster_2024.HD3_pos:2860,Treg,4
Foster_2024.HD3_pos:2954,Treg,4
Foster_2024.HD3_pos:3026,Treg,0
Foster_2024.HD3_pos:3188,Treg,4
Foster_2024.HD3_pos:3228,Treg,2
Foster_2024.HD3_pos:3811,Treg,4
Foster_2024.HD3_pos:3941,Treg,4
Foster_2024.HD3_pos:4184,Treg,2
Foster_2024.HD3_pos:4222,Treg,4
Foster_2024.HD3_pos:4258,Treg,0
Foster_2024.HD3_pos:4489,Treg,0
Foster_2024.HD3_pos:4562,Treg,4
Foster_2024.HD3_pos:5016,Treg,4
Foster_2024.HD3_pos:5078,Treg,0
Foster_2024.HD3_pos:5595,Treg,0
Foster_2024.HD3_pos:5651,Treg,0
Foster_2024.HD3_pos:5796,Treg,4
Foster_2024.HD3_pos:5863,Treg,4
Foster_2024.HD3_pos:5994,Treg,0
Foster_2024.HD3_pos:6075,Treg,4
Foster_2024.HD3_pos:6184,Treg,4
Foster_2024.HD3_pos:6230,Treg,0
Foster_2024.HD3_pos:6317,Treg,4
Foster_2024.HD3_pos:6669,Treg,0
Foster_2024.HD3_pos:6773,Treg,4
Foster_2024.HD3_pos:6924,Treg,0
Foster_2024.HD3_pos:6969,Treg,4
Foster_2024.HD3_pos:7042,Treg,0
Foster_2024.HD3_pos:7358,Treg,0
Foster_2024.HD3_pos:7545,Treg,0
Foster_2024.HD3_pos:7553,Treg,4
Foster_2024.HD3_pos:7758,Treg,4
Foster_2024.HD3_pos:7936,Treg,4
Foster_2024.HD3_pos:7999,Treg,0
Foster_2024.HD3_pos:8229,Treg,0
Foster_2024.HD3_pos:8609,Treg,4
Foster_2024.MM3_neg:1154,Treg,4
Foster_2024.HD1_pos:430,Treg,2
Foster_2024.HD1_pos:636,Treg,0
Foster_2024.HD1_pos:968,Treg,2
Foster_2024.HD1_pos:2201,Treg,0
Foster_2024.HD1_pos:2540,Treg,0
Foster_2024.HD1_pos:2674,Treg,4
Foster_2024.HD1_pos:3911,Treg,2
Foster_2024.HD1_pos:4270,Treg,0
Foster_2024.HD1_pos:4295,Treg,4
Foster_2024.HD1_pos:4418,Treg,0
Foster_2024.HD1_pos:4637,Treg,2
Foster_2024.HD1_pos:4665,Treg,0
Foster_2024.HD1_neg:1921,Treg,4
Foster_2024.MM7_pos:107,Treg,0
Foster_2024.MM7_pos:348,Treg,2
Foster_2024.MM7_pos:735,Treg,2
Foster_2024.MM7_pos:748,Treg,2
Foster_2024.MM7_pos:1302,Treg,0
Foster_2024.MM7_pos:1641,Treg,0
Foster_2024.MM7_pos:1652,Treg,0
Foster_2024.MM7_pos:1893,Treg,0
Foster_2024.MM7_pos:1960,Treg,0
Foster_2024.MM7_pos:2087,Treg,4
Foster_2024.MM7_pos:2205,Treg,0
Foster_2024.MM7_pos:2291,Treg,0
Foster_2024.MM7_pos:2364,Treg,4
Foster_2024.MM7_pos:2470,Treg,4
Foster_2024.MM7_pos:2600,Treg,0
Foster_2024.MM7_pos:3264,Treg,4
Foster_2024.MM7_pos:3727,Treg,0
Foster_2024.MM7_pos:4183,Treg,0
Foster_2024.MM7_pos:4199,Treg,2
Foster_2024.MM7_pos:4874,Treg,0
Foster_2024.MM7_pos:5242,Treg,2
Foster_2024.MM7_pos:5440,Treg,2
Foster_2024.MM7_pos:5835,Treg,0
Foster_2024.MM7_pos:6311,Treg,0
Foster_2024.MM7_pos:6507,Treg,4
Foster_2024.MM7_pos:6515,Treg,0
Foster_2024.MM7_pos:6823,Treg,4
Foster_2024.MM7_pos:6842,Treg,0
Foster_2024.MM7_pos:6853,Treg,4
Foster_2024.MM7_pos:7274,Treg,0
Foster_2024.MM7_pos:7334,Treg,0
Foster_2024.MM7_pos:7368,Treg,0
Foster_2024.MM7_pos:7484,Treg,0
Foster_2024.MM7_pos:7546,Treg,0
Foster_2024.MM7_pos:7893,Treg,4
Foster_2024.MM7_pos:8266,Treg,4
Foster_2024.MM7_pos:8304,Treg,0
Foster_2024.MM7_pos:8343,Treg,0
Foster_2024.MM7_pos:8440,Treg,4
Foster_2024.MM7_pos:8585,Treg,4
Foster_2024.MM7_pos:8743,Treg,0
Foster_2024.MM7_pos:8894,Treg,0
Foster_2024.MM7_pos:8940,Treg,0
Foster_2024.MM7_pos:8994,Treg,2
Foster_2024.MM7_pos:9380,Treg,0
Foster_2024.MM7_pos:10096,Treg,0
Foster_2024.MM7_pos:10540,Treg,0
Foster_2024.MM7_pos:10570,Treg,0
Foster_2024.MM7_pos:10907,Treg,0
Foster_2024.MM7_pos:11273,Treg,2
Foster_2024.MM7_pos:11298,Treg,0
Foster_2024.MM7_pos:11723,Treg,4
Foster_2024.MM7_pos:12213,Treg,0
Foster_2024.MM7_pos:12344,Treg,0
Oetjen_2018.G:329,Treg,2
Oetjen_2018.G:582,Treg,0
Oetjen_2018.G:612,Treg,0
Oetjen_2018.G:725,Treg,4
Oetjen_2018.S_T1:19,Treg,4
Oetjen_2018.S_T1:108,Treg,0
Oetjen_2018.S_T1:262,Treg,4
Oetjen_2018.S_T1:270,Treg,4
Oetjen_2018.S_T1:311,Treg,4
Oetjen_2018.S_T1:335,Treg,4
Oetjen_2018.S_T1:516,Treg,4
Oetjen_2018.S_T1:661,Treg,4
Oetjen_2018.S_T1:676,Treg,4
Oetjen_2018.S_T1:718,Treg,4
Oetjen_2018.S_T1:814,Treg,4
Oetjen_2018.S_T1:825,Treg,0
Oetjen_2018.S_T1:971,Treg,4
Oetjen_2018.S_T1:985,Treg,4
Oetjen_2018.S_T1:1087,Treg,0
Oetjen_2018.S_T1:1243,Treg,4
Oetjen_2018.S_T1:1277,Treg,2
Oetjen_2018.S_T1:1343,Treg,4
Oetjen_2018.S_T1:1351,Treg,4
Oetjen_2018.S_T1:1377,Treg,4
Oetjen_2018.S_T1:1409,Treg,4
Oetjen_2018.S_T1:1418,Treg,4
Oetjen_2018.S_T1:1457,Treg,4
Oetjen_2018.S_T1:1600,Treg,0
Oetjen_2018.U:246,Treg,0
Oetjen_2018.U:455,Treg,0
Oetjen_2018.U:489,Treg,0
Oetjen_2018.U:613,Treg,0
Oetjen_2018.U:765,Treg,0
Oetjen_2018.U:780,Treg,0
Oetjen_2018.U:828,Treg,0
Oetjen_2018.U:930,Treg,2
Oetjen_2018.U:1123,Treg,0
Oetjen_2018.U:1266,Treg,4
Oetjen_2018.U:1383,Treg,4
Oetjen_2018.U:1410,Treg,0
Oetjen_2018.U:1597,Treg,4
Oetjen_2018.U:1614,Treg,4
Oetjen_2018.U:1627,Treg,2
Oetjen_2018.U:1676,Treg,0
Oetjen_2018.U:1851,Treg,4
Oetjen_2018.U:1884,Treg,4
Oetjen_2018.U:2069,Treg,2
Oetjen_2018.U:2133,Treg,2
Oetjen_2018.U:2218,Treg,4
Oetjen_2018.U:2325,Treg,0
Oetjen_2018.U:2412,Treg,0
Oetjen_2018.U:2439,Treg,0
Oetjen_2018.U:2472,Treg,0
Oetjen_2018.U:2476,Treg,0
Oetjen_2018.U:2529,Treg,0
Oetjen_2018.U:2536,Treg,4
Oetjen_2018.U:2631,Treg,4
Oetjen_2018.U:2863,Treg,4
Oetjen_2018.U:3061,Treg,0
Oetjen_2018.U:3340,Treg,4
Oetjen_2018.U:3441,Treg,4
Oetjen_2018.U:3494,Treg,0
Oetjen_2018.T:2,Treg,0
Oetjen_2018.T:265,Treg,2
Oetjen_2018.T:335,Treg,2
Oetjen_2018.T:336,Treg,0
Oetjen_2018.T:344,Treg,2
Oetjen_2018.T:364,Treg,0
Oetjen_2018.T:374,Treg,2
Oetjen_2018.T:550,Treg,0
Oetjen_2018.T:651,Treg,4
Oetjen_2018.T:675,Treg,2
Oetjen_2018.T:746,Treg,0
Oetjen_2018.T:1059,Treg,2
Oetjen_2018.T:1127,Treg,4
Oetjen_2018.T:1195,Treg,2
Oetjen_2018.T:1410,Treg,0
Oetjen_2018.T:1610,Treg,2
Oetjen_2018.T:1622,Treg,0
Oetjen_2018.T:1631,Treg,0
Oetjen_2018.T:1652,Treg,2
Oetjen_2018.T:1684,Treg,4
Oetjen_2018.T:1835,Treg,0
Oetjen_2018.T:1871,Treg,0
Oetjen_2018.T:2008,Treg,2
Oetjen_2018.T:2109,Treg,0
Oetjen_2018.T:2187,Treg,0
Oetjen_2018.T:2255,Treg,2
Oetjen_2018.T:2272,Treg,4
Oetjen_2018.T:2366,Treg,2
Oetjen_2018.T:2477,Treg,0
Oetjen_2018.T:2517,Treg,2
Oetjen_2018.T:2645,Treg,2
Oetjen_2018.T:2707,Treg,2
Oetjen_2018.T:2797,Treg,0
Oetjen_2018.T:2839,Treg,0
Oetjen_2018.T:2986,Treg,4
Oetjen_2018.T:3061,Treg,0
Oetjen_2018.T:3074,Treg,2
Oetjen_2018.T:3242,Treg,0
Oetjen_2018.T:3270,Treg,2
Oetjen_2018.T:3444,Treg,0
Oetjen_2018.W:641,Treg,2
Oetjen_2018.W:1605,Treg,2
Oetjen_2018.W:2293,Treg,0
Oetjen_2018.W:2547,Treg,2
Oetjen_2018.W:3042,Treg,4
Oetjen_2018.W:3074,Treg,0
Oetjen_2018.L:70,Treg,4
Oetjen_2018.L:175,Treg,0
Oetjen_2018.L:277,Treg,0
Oetjen_2018.L:372,Treg,2
Oetjen_2018.L:433,Treg,2
Oetjen_2018.L:453,Treg,0
Oetjen_2018.L:730,Treg,0
Oetjen_2018.L:734,Treg,0
Oetjen_2018.L:858,Treg,4
Oetjen_2018.L:898,Treg,0
Oetjen_2018.L:915,Treg,0
Oetjen_2018.L:1029,Treg,4
Oetjen_2018.L:1143,Treg,0
Oetjen_2018.L:1144,Treg,4
Oetjen_2018.L:1199,Treg,0
Oetjen_2018.L:1231,Treg,2
Oetjen_2018.L:1483,Treg,2
Oetjen_2018.L:1528,Treg,0
Oetjen_2018.L:1840,Treg,4
Oetjen_2018.L:2092,Treg,0
Oetjen_2018.L:2100,Treg,4
Oetjen_2018.L:2117,Treg,0
Oetjen_2018.L:2141,Treg,0
Oetjen_2018.L:2144,Treg,0
Oetjen_2018.L:2355,Treg,0
Oetjen_2018.L:2404,Treg,0
Oetjen_2018.L:2435,Treg,4
Oetjen_2018.L:2499,Treg,4
Oetjen_2018.L:2554,Treg,0
Oetjen_2018.L:2723,Treg,4
Oetjen_2018.L:2735,Treg,0
Oetjen_2018.L:2791,Treg,0
Oetjen_2018.L:2906,Treg,0
Oetjen_2018.L:2971,Treg,0
Oetjen_2018.L:3002,Treg,0
Oetjen_2018.L:3075,Treg,4
Oetjen_2018.L:3177,Treg,2
Oetjen_2018.L:3196,Treg,0
Oetjen_2018.L:3278,Treg,2
Oetjen_2018.L:3734,Treg,0
Oetjen_2018.L:3910,Treg,2
Oetjen_2018.L:3950,Treg,0
Oetjen_2018.L:4021,Treg,0
Oetjen_2018.L:4033,Treg,0
Oetjen_2018.L:4129,Treg,0
Oetjen_2018.B:26,Treg,2
Oetjen_2018.B:120,Treg,0
Oetjen_2018.B:352,Treg,4
Oetjen_2018.B:458,Treg,4
Oetjen_2018.B:570,Treg,2
Oetjen_2018.B:782,Treg,2
Oetjen_2018.B:1072,Treg,0
Oetjen_2018.B:1643,Treg,4
Oetjen_2018.B:1761,Treg,4
Oetjen_2018.B:2227,Treg,4
Oetjen_2018.B:2492,Treg,4
Oetjen_2018.B:2571,Treg,4
Oetjen_2018.B:2586,Treg,2
Oetjen_2018.C_T1_S1:249,Treg,0
Oetjen_2018.C_T1_S1:338,Treg,4
Oetjen_2018.C_T1_S1:462,Treg,0
Oetjen_2018.C_T1_S1:965,Treg,0
Oetjen_2018.C_T1_S1:1267,Treg,0
Oetjen_2018.C_T1_S1:1369,Treg,0
Oetjen_2018.C_T1_S1:1526,Treg,2
Oetjen_2018.O:439,Treg,0
Oetjen_2018.O:805,Treg,0
Oetjen_2018.O:1023,Treg,2
Oetjen_2018.O:1068,Treg,2
Oetjen_2018.O:1309,Treg,0
Oetjen_2018.O:1341,Treg,0
Oetjen_2018.O:1615,Treg,0
Oetjen_2018.O:1646,Treg,0
Oetjen_2018.O:1772,Treg,2
Oetjen_2018.O:1823,Treg,0
Oetjen_2018.O:2214,Treg,0
Oetjen_2018.O:2399,Treg,4
Oetjen_2018.O:2603,Treg,0
Oetjen_2018.O:3697,Treg,4
Oetjen_2018.O:3715,Treg,0
Oetjen_2018.O:3813,Treg,0
Oetjen_2018.O:4219,Treg,2
Oetjen_2018.O:4702,Treg,0
Oetjen_2018.P:195,Treg,4
Oetjen_2018.P:923,Treg,4
Oetjen_2018.P:957,Treg,4
Oetjen_2018.M:197,Treg,2
Oetjen_2018.M:261,Treg,0
Oetjen_2018.M:293,Treg,2
Oetjen_2018.M:296,Treg,2
Oetjen_2018.M:470,Treg,2
Oetjen_2018.M:610,Treg,0
Oetjen_2018.M:717,Treg,4
Oetjen_2018.M:1000,Treg,2
Oetjen_2018.M:1050,Treg,4
Oetjen_2018.M:1127,Treg,0
Oetjen_2018.M:1162,Treg,0
Oetjen_2018.M:1193,Treg,0
Oetjen_2018.M:1545,Treg,2
Oetjen_2018.M:1614,Treg,4
Oetjen_2018.M:2020,Treg,4
Oetjen_2018.M:2124,Treg,4
Oetjen_2018.N:25,Treg,0
Oetjen_2018.N:63,Treg,0
Oetjen_2018.N:116,Treg,2
Oetjen_2018.N:154,Treg,2
Oetjen_2018.N:215,Treg,0
Oetjen_2018.N:217,Treg,0
Oetjen_2018.N:240,Treg,2
Oetjen_2018.N:431,Treg,4
Oetjen_2018.N:490,Treg,4
Oetjen_2018.N:566,Treg,4
Oetjen_2018.N:660,Treg,4
Oetjen_2018.N:712,Treg,0
Oetjen_2018.N:794,Treg,0
Oetjen_2018.N:804,Treg,4
Oetjen_2018.N:839,Treg,0
Oetjen_2018.N:846,Treg,0
Oetjen_2018.N:866,Treg,0
Oetjen_2018.N:1248,Treg,0
Oetjen_2018.N:1288,Treg,4
Oetjen_2018.N:1339,Treg,4
Oetjen_2018.N:1433,Treg,0
Oetjen_2018.N:1530,Treg,0
Oetjen_2018.N:1675,Treg,2
Oetjen_2018.N:1731,Treg,2
Oetjen_2018.N:1797,Treg,4
Oetjen_2018.N:1809,Treg,0
Oetjen_2018.N:1813,Treg,0
Oetjen_2018.N:1836,Treg,0
Oetjen_2018.N:1861,Treg,0
Oetjen_2018.N:1883,Treg,0
Oetjen_2018.N:1921,Treg,0
Oetjen_2018.N:1940,Treg,0
Oetjen_2018.N:1996,Treg,0
Oetjen_2018.N:2071,Treg,4
Oetjen_2018.N:2173,Treg,4
Oetjen_2018.N:2220,Treg,0
Oetjen_2018.N:2373,Treg,0
Oetjen_2018.N:2382,Treg,2
Oetjen_2018.N:2477,Treg,4
Oetjen_2018.N:2509,Treg,0
Oetjen_2018.N:2614,Treg,2
Oetjen_2018.N:2668,Treg,2
Oetjen_2018.N:2773,Treg,0
Oetjen_2018.N:2830,Treg,4
Oetjen_2018.N:2862,Treg,0
Oetjen_2018.N:2988,Treg,4
Oetjen_2018.N:3148,Treg,0
Oetjen_2018.N:3317,Treg,2
Oetjen_2018.N:3397,Treg,0
Oetjen_2018.N:3441,Treg,4
Oetjen_2018.N:3492,Treg,0
Oetjen_2018.N:3537,Treg,0
Oetjen_2018.N:3646,Treg,2
Oetjen_2018.N:3693,Treg,2
Oetjen_2018.N:3864,Treg,4
Oetjen_2018.N:4001,Treg,0
Oetjen_2018.N:4011,Treg,0
Oetjen_2018.N:4028,Treg,2
Oetjen_2018.Q:26,Treg,0
Oetjen_2018.Q:288,Treg,4
Oetjen_2018.Q:386,Treg,2
Oetjen_2018.Q:394,Treg,0
Oetjen_2018.Q:485,Treg,0
Oetjen_2018.Q:613,Treg,0
Oetjen_2018.Q:726,Treg,0
Oetjen_2018.Q:781,Treg,2
Oetjen_2018.Q:799,Treg,2
Oetjen_2018.J:241,Treg,0
Oetjen_2018.J:431,Treg,2
Oetjen_2018.J:516,Treg,4
Oetjen_2018.J:804,Treg,2
Oetjen_2018.J:854,Treg,2
Oetjen_2018.J:856,Treg,2
Oetjen_2018.J:1254,Treg,4
Oetjen_2018.J:1494,Treg,0
Oetjen_2018.J:1694,Treg,2
Oetjen_2018.J:1709,Treg,0
Oetjen_2018.J:1753,Treg,2
Oetjen_2018.J:2229,Treg,0
Oetjen_2018.J:2270,Treg,0
Oetjen_2018.J:2333,Treg,2
Oetjen_2018.C_T1_S2:202,Treg,2
Oetjen_2018.C_T1_S2:975,Treg,2
Oetjen_2018.C_T1_S2:1269,Treg,0
Oetjen_2018.A:22,Treg,2
Oetjen_2018.A:280,Treg,0
Oetjen_2018.A:300,Treg,4
Oetjen_2018.A:581,Treg,0
Oetjen_2018.A:1422,Treg,2
Oetjen_2018.A:1718,Treg,4
Oetjen_2018.A:1824,Treg,2
Oetjen_2018.A:1973,Treg,2
Oetjen_2018.A:2303,Treg,4
Oetjen_2018.F:51,Treg,2
Oetjen_2018.F:96,Treg,2
Oetjen_2018.F:138,Treg,2
Oetjen_2018.F:345,Treg,4
Oetjen_2018.F:478,Treg,0
Oetjen_2018.F:528,Treg,4
Oetjen_2018.F:681,Treg,0
Oetjen_2018.F:862,Treg,2
Oetjen_2018.F:889,Treg,4
Oetjen_2018.F:914,Treg,2
Oetjen_2018.F:1088,Treg,4
Oetjen_2018.F:1227,Treg,0
Oetjen_2018.F:1372,Treg,0
Oetjen_2018.F:1590,Treg,0
Oetjen_2018.F:1599,Treg,2
Oetjen_2018.F:1606,Treg,0
Oetjen_2018.F:1836,Treg,2
Oetjen_2018.F:1846,Treg,0
Oetjen_2018.F:1849,Treg,4
Oetjen_2018.F:1872,Treg,0
Oetjen_2018.F:1915,Treg,0
Oetjen_2018.F:1946,Treg,0
Oetjen_2018.F:1998,Treg,2
Oetjen_2018.F:2114,Treg,0
Oetjen_2018.F:2125,Treg,0
Oetjen_2018.F:2229,Treg,0
Oetjen_2018.F:2263,Treg,4
Oetjen_2018.F:2313,Treg,0
Oetjen_2018.F:2622,Treg,0
Oetjen_2018.F:2625,Treg,0
Oetjen_2018.F:2761,Treg,4
Oetjen_2018.F:2820,Treg,4
Oetjen_2018.F:2846,Treg,0
Oetjen_2018.F:2954,Treg,4
Oetjen_2018.F:2995,Treg,4
Oetjen_2018.C_T2:53,Treg,2
Oetjen_2018.C_T2:159,Treg,0
Oetjen_2018.C_T2:333,Treg,4
Oetjen_2018.C_T2:382,Treg,0
Oetjen_2018.C_T2:525,Treg,0
Oetjen_2018.C_T2:605,Treg,2
Oetjen_2018.C_T2:742,Treg,2
Oetjen_2018.S_T2:18,Treg,2
Oetjen_2018.S_T2:124,Treg,4
Oetjen_2018.S_T2:224,Treg,4
Oetjen_2018.S_T2:263,Treg,0
Oetjen_2018.S_T2:307,Treg,2
Oetjen_2018.S_T2:325,Treg,0
Oetjen_2018.S_T2:370,Treg,2
Oetjen_2018.S_T2:374,Treg,4
Oetjen_2018.S_T2:422,Treg,2
Oetjen_2018.S_T2:437,Treg,0
Oetjen_2018.S_T2:572,Treg,0
Oetjen_2018.S_T2:680,Treg,4
Oetjen_2018.S_T2:895,Treg,4
Oetjen_2018.K:70,Treg,0
Oetjen_2018.K:130,Treg,2
Oetjen_2018.K:301,Treg,0
Oetjen_2018.K:408,Treg,0
Oetjen_2018.K:411,Treg,0
Oetjen_2018.K:533,Treg,0
Oetjen_2018.K:758,Treg,0
Oetjen_2018.K:810,Treg,2
Oetjen_2018.K:850,Treg,4
Oetjen_2018.K:870,Treg,4
Oetjen_2018.K:1162,Treg,0
Oetjen_2018.K:1177,Treg,0
Oetjen_2018.K:1215,Treg,0
Oetjen_2018.K:1478,Treg,0
Oetjen_2018.K:1494,Treg,4
Oetjen_2018.K:1605,Treg,0
Oetjen_2018.K:1623,Treg,0
Oetjen_2018.K:1833,Treg,4
Oetjen_2018.K:2418,Treg,4
Oetjen_2018.K:2425,Treg,0
Oetjen_2018.K:2600,Treg,0
Oetjen_2018.K:2644,Treg,4
Oetjen_2018.K:2717,Treg,0
Oetjen_2018.K:2758,Treg,0
Oetjen_2018.K:2846,Treg,2
Oetjen_2018.K:2926,Treg,0
Oetjen_2018.K:2993,Treg,0
Oetjen_2018.K:3062,Treg,0
Oetjen_2018.K:3197,Treg,0
Oetjen_2018.K:3562,Treg,0
Oetjen_2018.K:3715,Treg,2
Oetjen_2018.K:3773,Treg,0
Oetjen_2018.K:3786,Treg,4
Oetjen_2018.K:3788,Treg,4
Oetjen_2018.K:3836,Treg,0
Oetjen_2018.K:3874,Treg,4
Oetjen_2018.K:4047,Treg,2
Oetjen_2018.K:4226,Treg,0
Oetjen_2018.K:4370,Treg,4
Oetjen_2018.K:4533,Treg,0
Oetjen_2018.K:4680,Treg,0
Oetjen_2018.K:5034,Treg,0
Oetjen_2018.K:5152,Treg,0
Oetjen_2018.K:5304,Treg,0
Oetjen_2018.K:5410,Treg,2
Oetjen_2018.K:5462,Treg,0
Oetjen_2018.K:5503,Treg,0
Oetjen_2018.K:5541,Treg,0
Oetjen_2018.K:5600,Treg,4
Oetjen_2018.K:5670,Treg,0
Oetjen_2018.K:5704,Treg,0
Oetjen_2018.K:5721,Treg,0
Oetjen_2018.K:5739,Treg,0
Oetjen_2018.K:5742,Treg,4
Oetjen_2018.K:5801,Treg,2
Oetjen_2018.K:5822,Treg,0
Oetjen_2018.K:5922,Treg,0
Oetjen_2018.K:5993,Treg,0
Oetjen_2018.K:6018,Treg,2
Oetjen_2018.K:6025,Treg,2
Oetjen_2018.K:6199,Treg,0
Oetjen_2018.K:6338,Treg,0
Oetjen_2018.K:6466,Treg,4
Oetjen_2018.K:6587,Treg,0
Oetjen_2018.K:6642,Treg,4
Oetjen_2018.K:6817,Treg,2
Oetjen_2018.K:6821,Treg,4
Oetjen_2018.K:6830,Treg,4
Oetjen_2018.E:94,Treg,0
Oetjen_2018.E:182,Treg,2
Oetjen_2018.E:298,Treg,0
Oetjen_2018.E:540,Treg,0
Oetjen_2018.E:857,Treg,2
Oetjen_2018.E:1020,Treg,0
Oetjen_2018.E:1080,Treg,4
Oetjen_2018.E:1211,Treg,2
Oetjen_2018.E:1669,Treg,4
Oetjen_2018.S_T1:1742,Treg,4
Oetjen_2018.S_T1:1768,Treg,0
Oetjen_2018.S_T1:2013,Treg,4
Oetjen_2018.S_T1:2020,Treg,0
Oetjen_2018.S_T1:2039,Treg,0
Oetjen_2018.S_T1:2297,Treg,0
Oetjen_2018.S_T1:2390,Treg,4
Oetjen_2018.S_T1:2742,Treg,0
Oetjen_2018.S_T1:2777,Treg,4
Oetjen_2018.S_T1:2891,Treg,4
Oetjen_2018.S_T1:2893,Treg,4
Oetjen_2018.S_T1:2990,Treg,4
Oetjen_2018.S_T1:3051,Treg,4
Oetjen_2018.S_T1:3105,Treg,4
Oetjen_2018.S_T1:3145,Treg,0
Oetjen_2018.S_T2:1050,Treg,0
Oetjen_2018.S_T2:1297,Treg,0
Oetjen_2018.S_T2:1467,Treg,4
Oetjen_2018.S_T2:1589,Treg,0
Oetjen_2018.S_T2:1640,Treg,4
Oetjen_2018.S_T2:1751,Treg,4
Oetjen_2018.S_T2:2062,Treg,4
Oetjen_2018.S_T2:2272,Treg,2
Oetjen_2018.S_T2:2515,Treg,4
Oetjen_2018.S_T2:2795,Treg,4
Oetjen_2018.S_T2:2858,Treg,0
Oetjen_2018.S_T2:2953,Treg,0
Oetjen_2018.S_T2:3032,Treg,0
Oetjen_2018.S_T2:3385,Treg,2
Oetjen_2018.S_T2:3471,Treg,0
Oetjen_2018.S_T2:3527,Treg,2
Oetjen_2018.S_T2:3797,Treg,0
Oetjen_2018.S_T2:3856,Treg,2
Oetjen_2018.S_T2:3985,Treg,0
Oetjen_2018.S_T2:4043,Treg,0
Oetjen_2018.S_T2:4143,Treg,4
Oetjen_2018.S_T2:4244,Treg,2
Oetjen_2018.S_T2:4356,Treg,0
Oetjen_2018.S_T2:4538,Treg,2
Oetjen_2018.S_T2:4994,Treg,4
Oetjen_2018.S_T2:5004,Treg,0
Oetjen_2018.S_T2:5039,Treg,0
Oetjen_2018.S_T2:5082,Treg,0
Oetjen_2018.S_T2:5109,Treg,2
Oetjen_2018.S_T2:5196,Treg,2
Oetjen_2018.S_T2:5349,Treg,2
Oetjen_2018.S_T2:5517,Treg,2
Oetjen_2018.H:69,Treg,0
Oetjen_2018.H:106,Treg,2
Oetjen_2018.H:197,Treg,0
Oetjen_2018.H:213,Treg,0
Oetjen_2018.H:215,Treg,0
Oetjen_2018.H:399,Treg,2
Oetjen_2018.H:429,Treg,0
Oetjen_2018.H:655,Treg,2
Oetjen_2018.H:956,Treg,4
Oetjen_2018.H:1019,Treg,2
Oetjen_2018.H:1515,Treg,2
Oetjen_2018.H:1527,Treg,0
Oetjen_2018.H:1872,Treg,4
Oetjen_2018.H:2090,Treg,2
Oetjen_2018.H:2117,Treg,0
Oetjen_2018.H:2145,Treg,2
Oetjen_2018.H:2199,Treg,2
Oetjen_2018.H:2321,Treg,0
Oetjen_2018.H:2409,Treg,4
Oetjen_2018.H:2549,Treg,2
Oetjen_2018.H:2688,Treg,2
Oetjen_2018.H:3172,Treg,0
Oetjen_2018.H:3329,Treg,0
Oetjen_2018.H:3335,Treg,2
Oetjen_2018.H:3345,Treg,4
Oetjen_2018.R:136,Treg,4
Oetjen_2018.R:396,Treg,2
Oetjen_2018.R:1044,Treg,4
Oetjen_2018.R:1369,Treg,0
Oetjen_2018.R:1438,Treg,2
Oetjen_2018.R:2091,Treg,4
Oetjen_2018.R:2169,Treg,2
Oetjen_2018.R:2471,Treg,0
Bailur_2019.mgus14:251,Treg,2
Bailur_2019.mgus14:422,Treg,2
Bailur_2019.mgus14:877,Treg,2
Bailur_2019.mgus14:1037,Treg,2
Bailur_2019.mgus14:1159,Treg,2
Bailur_2019.mgus14:1262,Treg,2
Bailur_2019.mgus14:1504,Treg,0
Bailur_2019.mgus14:1700,Treg,2
Bailur_2019.mgus13:109,Treg,2
Bailur_2019.mgus13:215,Treg,0
Bailur_2019.mgus13:300,Treg,0
Bailur_2019.mgus13:367,Treg,2
Bailur_2019.mgus13:636,Treg,2
Bailur_2019.mgus13:1190,Treg,2
Bailur_2019.mgus13:1377,Treg,2
Bailur_2019.mgus13:1456,Treg,2
Bailur_2019.mgus13:1869,Treg,0
Bailur_2019.mgus13:1947,Treg,0
Bailur_2019.mgus13:2372,Treg,2
Bailur_2019.mgus13:2479,Treg,2
Bailur_2019.mm2:199,Treg,0
Bailur_2019.mm2:486,Treg,4
Bailur_2019.mm2:494,Treg,0
Bailur_2019.mm2:515,Treg,0
Bailur_2019.mm2:592,Treg,0
Bailur_2019.mm2:801,Treg,0
Bailur_2019.mm2:815,Treg,0
Bailur_2019.mm2:833,Treg,0
Bailur_2019.mm2:894,Treg,0
Bailur_2019.mm2:1163,Treg,0
Bailur_2019.mgus4:134,Treg,0
Bailur_2019.mgus4:170,Treg,4
Bailur_2019.mgus4:263,Treg,0
Bailur_2019.mgus4:314,Treg,0
Bailur_2019.mgus4:551,Treg,0
Bailur_2019.mgus4:686,Treg,0
Bailur_2019.mgus4:726,Treg,0
Bailur_2019.mgus4:743,Treg,2
Bailur_2019.mgus4:880,Treg,0
Bailur_2019.mgus4:1038,Treg,2
Bailur_2019.mgus4:1160,Treg,0
Bailur_2019.mgus4:1200,Treg,0
Bailur_2019.mgus4:1337,Treg,0
Bailur_2019.mgus4:1356,Treg,0
Bailur_2019.mgus4:1439,Treg,0
Bailur_2019.mgus4:1493,Treg,0
Bailur_2019.mgus4:1556,Treg,0
Bailur_2019.mgus4:1565,Treg,2
Bailur_2019.mgus4:1683,Treg,0
Bailur_2019.mgus4:1710,Treg,2
Bailur_2019.mm5:30,Treg,0
Bailur_2019.mm5:228,Treg,2
Bailur_2019.mm5:532,Treg,0
Bailur_2019.mm5:576,Treg,0
Bailur_2019.mm5:620,Treg,0
Bailur_2019.mgus3:19,Treg,0
Bailur_2019.mgus3:34,Treg,2
Bailur_2019.mgus3:51,Treg,2
Bailur_2019.mgus3:78,Treg,2
Bailur_2019.mgus3:79,Treg,0
Bailur_2019.mgus3:98,Treg,2
Bailur_2019.mgus3:190,Treg,4
Bailur_2019.mgus3:223,Treg,0
Bailur_2019.mgus3:280,Treg,0
Bailur_2019.mgus3:281,Treg,2
Bailur_2019.mgus3:314,Treg,0
Bailur_2019.mgus3:318,Treg,2
Bailur_2019.mgus3:322,Treg,2
Bailur_2019.mgus3:349,Treg,2
Bailur_2019.mgus3:350,Treg,2
Bailur_2019.mgus3:366,Treg,2
Bailur_2019.mgus3:484,Treg,0
Bailur_2019.mgus3:507,Treg,4
Bailur_2019.mgus3:615,Treg,2
Bailur_2019.mgus3:644,Treg,2
Bailur_2019.mgus3:705,Treg,2
Bailur_2019.mgus3:779,Treg,2
Bailur_2019.mgus3:845,Treg,2
Bailur_2019.mgus3:862,Treg,0
Bailur_2019.mgus3:890,Treg,0
Bailur_2019.mgus3:904,Treg,2
Bailur_2019.mgus3:937,Treg,4
Bailur_2019.mgus3:942,Treg,0
Bailur_2019.mgus3:1025,Treg,0
Bailur_2019.mgus3:1034,Treg,4
Bailur_2019.mgus3:1095,Treg,2
Bailur_2019.mgus3:1127,Treg,0
Bailur_2019.mgus3:1201,Treg,2
Bailur_2019.mgus3:1256,Treg,2
Bailur_2019.mgus3:1360,Treg,2
Bailur_2019.mgus3:1405,Treg,2
Bailur_2019.mm4:25,Treg,2
Bailur_2019.mm4:29,Treg,2
Bailur_2019.mm4:32,Treg,0
Bailur_2019.mm4:48,Treg,2
Bailur_2019.mm4:69,Treg,2
Bailur_2019.mm4:79,Treg,2
Bailur_2019.mm4:114,Treg,2
Bailur_2019.mm4:159,Treg,0
Bailur_2019.mm4:163,Treg,0
Bailur_2019.mm4:241,Treg,0
Bailur_2019.mm4:266,Treg,2
Bailur_2019.mm4:379,Treg,0
Bailur_2019.mm4:459,Treg,0
Bailur_2019.mm4:470,Treg,0
Bailur_2019.mm4:511,Treg,2
Bailur_2019.mm4:523,Treg,0
Bailur_2019.mm4:598,Treg,2
Bailur_2019.mm4:648,Treg,0
Bailur_2019.mm4:668,Treg,0
Bailur_2019.mm4:761,Treg,0
Bailur_2019.mm4:763,Treg,4
Bailur_2019.mm4:821,Treg,0
Bailur_2019.mm4:866,Treg,0
Bailur_2019.mm4:984,Treg,4
Bailur_2019.mm4:1030,Treg,4
Bailur_2019.mm4:1039,Treg,0
Bailur_2019.mm4:1085,Treg,2
Bailur_2019.mm4:1101,Treg,0
Bailur_2019.mm4:1127,Treg,4
Bailur_2019.mm4:1141,Treg,0
Bailur_2019.mm4:1153,Treg,2
Bailur_2019.mm4:1159,Treg,2
Bailur_2019.mm4:1255,Treg,2
Bailur_2019.mm4:1329,Treg,2
Bailur_2019.mm4:1332,Treg,4
Bailur_2019.mm4:1396,Treg,2
Bailur_2019.mm4:1438,Treg,0
Bailur_2019.mm4:1467,Treg,2
Bailur_2019.mm4:1529,Treg,0
Bailur_2019.mm4:1540,Treg,2
Bailur_2019.mm4:1589,Treg,0
Bailur_2019.mm4:1623,Treg,0
Bailur_2019.mm4:1727,Treg,0
Bailur_2019.mm4:1774,Treg,4
Bailur_2019.mm4:1785,Treg,2
Bailur_2019.mm4:1819,Treg,0
Bailur_2019.mm4:1836,Treg,2
Bailur_2019.mm4:1882,Treg,0
Bailur_2019.mm4:1899,Treg,0
Bailur_2019.mm4:1958,Treg,0
Bailur_2019.mm4:1970,Treg,0
Bailur_2019.mm4:2005,Treg,4
Bailur_2019.mm4:2042,Treg,0
Bailur_2019.mgus2:67,Treg,0
Bailur_2019.mgus2:73,Treg,0
Bailur_2019.mm3:79,Treg,2
Bailur_2019.mm3:124,Treg,0
Bailur_2019.mm3:130,Treg,0
Bailur_2019.mm3:193,Treg,2
Bailur_2019.mm3:242,Treg,2
Bailur_2019.mm3:265,Treg,4
Bailur_2019.mm3:527,Treg,0
Bailur_2019.mm3:586,Treg,0
Bailur_2019.mm3:606,Treg,2
Bailur_2019.mm3:738,Treg,0
Bailur_2019.mm3:810,Treg,2
Bailur_2019.mm3:904,Treg,2
Bailur_2019.mm3:1004,Treg,0
Bailur_2019.mm3:1081,Treg,2
Bailur_2019.mm3:1176,Treg,0
Bailur_2019.mm3:1188,Treg,0
Bailur_2019.mm3:1205,Treg,2
Bailur_2019.mm3:1285,Treg,2
Bailur_2019.mm3:1296,Treg,0
Bailur_2019.mgus5:5,Treg,0
Bailur_2019.mgus5:37,Treg,4
Bailur_2019.mgus5:168,Treg,0
Bailur_2019.mgus5:261,Treg,4
Bailur_2019.mgus5:361,Treg,0
Bailur_2019.mgus5:396,Treg,2
Bailur_2019.mgus5:428,Treg,0
Bailur_2019.mgus5:595,Treg,0
Bailur_2019.mgus5:706,Treg,4
Bailur_2019.mgus5:713,Treg,0
Bailur_2019.mgus5:929,Treg,2
Bailur_2019.mgus5:944,Treg,0
Bailur_2019.mgus5:973,Treg,0
Bailur_2019.mgus5:1271,Treg,0
Bailur_2019.mgus5:1392,Treg,0
Bailur_2019.mgus5:1431,Treg,2
Bailur_2019.mgus5:1465,Treg,0
Bailur_2019.mgus5:1508,Treg,0
Bailur_2019.mgus5:1564,Treg,0
Bailur_2019.mgus5:1572,Treg,2
Bailur_2019.mgus5:1743,Treg,0
Bailur_2019.mgus5:1773,Treg,0
Bailur_2019.mgus5:1826,Treg,2
Bailur_2019.mgus5:1875,Treg,2
Bailur_2019.mgus5:1877,Treg,0
Bailur_2019.mgus5:1925,Treg,2
Bailur_2019.mgus5:1956,Treg,0
Bailur_2019.mgus12:94,Treg,2
Bailur_2019.mgus12:172,Treg,0
Bailur_2019.mgus12:198,Treg,0
Bailur_2019.mgus12:211,Treg,0
Bailur_2019.mgus12:297,Treg,2
Bailur_2019.mgus12:346,Treg,2
Bailur_2019.mgus12:348,Treg,0
Bailur_2019.mgus12:359,Treg,0
Bailur_2019.mgus12:528,Treg,0
Bailur_2019.mgus12:563,Treg,2
Bailur_2019.mgus12:567,Treg,4
Bailur_2019.mgus12:574,Treg,4
Bailur_2019.mgus12:633,Treg,0
Bailur_2019.mgus12:635,Treg,0
Bailur_2019.mgus12:707,Treg,2
Bailur_2019.mgus12:769,Treg,0
Bailur_2019.mgus12:781,Treg,2
Bailur_2019.mgus12:785,Treg,0
Bailur_2019.mgus12:793,Treg,2
Bailur_2019.mgus12:860,Treg,0
Bailur_2019.mgus12:995,Treg,2
Bailur_2019.mgus12:1059,Treg,2
Bailur_2019.mgus12:1115,Treg,0
Bailur_2019.mgus12:1162,Treg,2
Bailur_2019.mgus12:1202,Treg,2
Bailur_2019.mgus12:1243,Treg,0
Bailur_2019.mgus12:1265,Treg,0
Bailur_2019.mgus12:1269,Treg,0
Bailur_2019.mgus12:1330,Treg,2
Bailur_2019.mgus12:1420,Treg,4
Bailur_2019.mgus12:1452,Treg,2
Bailur_2019.mgus12:1465,Treg,2
Bailur_2019.mgus12:1478,Treg,2
Bailur_2019.mgus12:1509,Treg,0
Bailur_2019.mgus12:1567,Treg,0
Bailur_2019.mgus12:1577,Treg,2
Bailur_2019.mgus12:1698,Treg,2
Bailur_2019.mgus12:1784,Treg,0
Bailur_2019.mgus12:1835,Treg,0
Bailur_2019.mgus12:1890,Treg,0
Bailur_2019.mgus12:1903,Treg,0
Bailur_2019.hd1:3,Treg,0
Bailur_2019.hd1:89,Treg,2
Bailur_2019.hd1:226,Treg,2
Bailur_2019.hd1:346,Treg,0
Bailur_2019.hd1:371,Treg,0
Bailur_2019.hd1:529,Treg,2
Bailur_2019.hd1:803,Treg,0
Bailur_2019.hd1:926,Treg,2
Bailur_2019.hd1:975,Treg,2
Bailur_2019.hd6:67,Treg,0
Bailur_2019.hd6:261,Treg,2
Bailur_2019.hd6:338,Treg,0
Bailur_2019.hd6:491,Treg,0
Bailur_2019.hd6:524,Treg,0
Bailur_2019.hd6:536,Treg,4
Bailur_2019.hd6:540,Treg,2
Bailur_2019.hd6:600,Treg,2
Bailur_2019.hd6:626,Treg,2
Bailur_2019.hd6:720,Treg,2
Bailur_2019.hd6:726,Treg,2
Bailur_2019.hd6:974,Treg,2
Bailur_2019.hd6:1087,Treg,0
Bailur_2019.hd6:1098,Treg,0
Bailur_2019.hd6:1145,Treg,0
Bailur_2019.hd6:1182,Treg,0
Bailur_2019.hd6:1239,Treg,2
Bailur_2019.hd6:1242,Treg,2
Bailur_2019.hd6:1246,Treg,2
Bailur_2019.hd8:17,Treg,4
Bailur_2019.hd8:134,Treg,0
Bailur_2019.hd8:219,Treg,0
Bailur_2019.hd8:269,Treg,2
Bailur_2019.hd8:502,Treg,0
Bailur_2019.hd8:607,Treg,0
Bailur_2019.hd8:651,Treg,2
Bailur_2019.hd8:655,Treg,0
Bailur_2019.hd8:674,Treg,0
Bailur_2019.hd8:728,Treg,0
Bailur_2019.hd8:749,Treg,4
Bailur_2019.hd8:893,Treg,2
Bailur_2019.hd8:941,Treg,2
Bailur_2019.hd8:986,Treg,2
Bailur_2019.hd8:1017,Treg,2
Bailur_2019.hd8:1068,Treg,0
Bailur_2019.hd8:1115,Treg,0
Bailur_2019.hd8:1194,Treg,4
Bailur_2019.hd8:1259,Treg,2
Bailur_2019.hd8:1294,Treg,0
Bailur_2019.hd8:1303,Treg,0
Bailur_2019.hd8:1522,Treg,2
Bailur_2019.hd8:1573,Treg,2
Bailur_2019.hd7:379,Treg,2
Bailur_2019.hd7:1313,Treg,2
Bailur_2019.hd7:1752,Treg,2
Bailur_2019.mm11:26,Treg,2
Bailur_2019.mm11:30,Treg,2
Bailur_2019.mm11:33,Treg,0
Bailur_2019.mm11:49,Treg,2
Bailur_2019.mm11:70,Treg,2
Bailur_2019.mm11:80,Treg,2
Bailur_2019.mm11:116,Treg,2
Bailur_2019.mm11:160,Treg,0
Bailur_2019.mm11:164,Treg,0
Bailur_2019.mm11:242,Treg,0
Bailur_2019.mm11:268,Treg,2
Bailur_2019.mm11:386,Treg,0
Bailur_2019.mm11:406,Treg,0
Bailur_2019.mm11:470,Treg,0
Bailur_2019.mm11:481,Treg,0
Bailur_2019.mm11:522,Treg,2
Bailur_2019.mm11:534,Treg,0
Bailur_2019.mm11:612,Treg,2
Bailur_2019.mm11:662,Treg,0
Bailur_2019.mm11:683,Treg,0
Bailur_2019.mm11:779,Treg,0
Bailur_2019.mm11:781,Treg,4
Bailur_2019.mm11:839,Treg,0
Bailur_2019.mm11:888,Treg,0
Bailur_2019.mm11:1008,Treg,4
Bailur_2019.mm11:1054,Treg,4
Bailur_2019.mm11:1064,Treg,0
Bailur_2019.mm11:1111,Treg,2
Bailur_2019.mm11:1128,Treg,0
Bailur_2019.mm11:1154,Treg,4
Bailur_2019.mm11:1168,Treg,0
Bailur_2019.mm11:1180,Treg,2
Bailur_2019.mm11:1186,Treg,2
Bailur_2019.mm11:1282,Treg,2
Bailur_2019.mm11:1358,Treg,2
Bailur_2019.mm11:1361,Treg,4
Bailur_2019.mm11:1426,Treg,2
Bailur_2019.mm11:1468,Treg,0
Bailur_2019.mm11:1497,Treg,2
Bailur_2019.mm11:1560,Treg,0
Bailur_2019.mm11:1571,Treg,2
Bailur_2019.mm11:1621,Treg,0
Bailur_2019.mm11:1658,Treg,0
Bailur_2019.mm11:1761,Treg,0
Bailur_2019.mm11:1808,Treg,4
Bailur_2019.mm11:1819,Treg,2
Bailur_2019.mm11:1853,Treg,0
Bailur_2019.mm11:1871,Treg,2
Bailur_2019.mm11:1917,Treg,0
Bailur_2019.mm11:1934,Treg,0
Bailur_2019.mm11:1994,Treg,0
Bailur_2019.mm11:2005,Treg,0
Bailur_2019.mm11:2040,Treg,4
Bailur_2019.mm11:2080,Treg,0
Bailur_2019.mm10:446,Treg,4
Bailur_2019.mm10:1104,Treg,2
Bailur_2019.mgus10:932,Treg,4
Bailur_2019.mgus10:1139,Treg,0
Bailur_2019.mm8:296,Treg,0
Bailur_2019.mgus9:20,Treg,4
Bailur_2019.mgus9:77,Treg,0
Bailur_2019.mgus9:101,Treg,0
Bailur_2019.mgus9:202,Treg,2
Bailur_2019.mgus9:326,Treg,4
Bailur_2019.mgus9:405,Treg,0
Bailur_2019.mgus9:715,Treg,0
Bailur_2019.mgus9:754,Treg,0
Bailur_2019.mgus9:801,Treg,2
Bailur_2019.mgus9:850,Treg,4
Bailur_2019.mgus9:906,Treg,2
Bailur_2019.mgus9:996,Treg,0
Bailur_2019.mgus9:1190,Treg,0
Bailur_2019.mgus9:1197,Treg,0
Bailur_2019.mgus9:1407,Treg,0
Bailur_2019.mm6:6,Treg,0
Bailur_2019.mm6:55,Treg,0
Bailur_2019.mm6:69,Treg,0
Bailur_2019.mm6:71,Treg,0
Bailur_2019.mm6:86,Treg,0
Bailur_2019.mm6:89,Treg,2
Bailur_2019.mm6:181,Treg,0
Bailur_2019.mm6:189,Treg,0
Bailur_2019.mm6:202,Treg,2
Bailur_2019.mm6:241,Treg,2
Bailur_2019.mm6:267,Treg,2
Bailur_2019.mm6:292,Treg,2
Bailur_2019.mm6:296,Treg,2
Bailur_2019.mm6:360,Treg,0
Bailur_2019.mm6:457,Treg,2
Bailur_2019.mm6:515,Treg,2
Bailur_2019.mm6:553,Treg,2
Bailur_2019.mm6:607,Treg,2
Bailur_2019.mm6:665,Treg,0
Bailur_2019.mm6:678,Treg,0
Bailur_2019.mm6:688,Treg,2
Bailur_2019.mm6:759,Treg,0
Bailur_2019.mm6:769,Treg,2
Bailur_2019.mm6:819,Treg,0
Bailur_2019.mm6:844,Treg,0
Bailur_2019.mm6:899,Treg,2
Bailur_2019.mm6:900,Treg,0
Bailur_2019.mm6:925,Treg,0
Bailur_2019.mm6:937,Treg,2
Bailur_2019.mm6:939,Treg,2
Bailur_2019.mm6:971,Treg,0
Bailur_2019.mm6:980,Treg,2
Bailur_2019.mm6:1037,Treg,2
Bailur_2019.mm6:1092,Treg,2
Bailur_2019.mm1:62,Treg,2
Bailur_2019.mm1:357,Treg,2
Bailur_2019.mm1:393,Treg,2
Bailur_2019.mm1:548,Treg,2
Bailur_2019.mm1:550,Treg,0
Bailur_2019.mm1:613,Treg,0
Bailur_2019.mm1:619,Treg,2
Bailur_2019.mm1:733,Treg,0
Bailur_2019.mm1:869,Treg,2
Bailur_2019.mm1:908,Treg,0
Bailur_2019.mm1:987,Treg,2
Bailur_2019.mm1:1006,Treg,2
Bailur_2019.mm1:1144,Treg,0
Bailur_2019.mm1:1160,Treg,2
Bailur_2019.mm1:1380,Treg,2
Bailur_2019.mm1:1421,Treg,0
Bailur_2019.mgus7:55,Treg,0
Bailur_2019.mgus7:96,Treg,0
Bailur_2019.mgus7:211,Treg,0
Bailur_2019.mgus7:329,Treg,0
Bailur_2019.mgus7:339,Treg,2
Bailur_2019.mgus7:405,Treg,2
Bailur_2019.mgus7:477,Treg,0
Bailur_2019.mgus7:616,Treg,0
Bailur_2019.mgus7:680,Treg,0
Bailur_2019.mgus7:803,Treg,4
Bailur_2019.mgus7:836,Treg,2
Bailur_2019.mgus7:842,Treg,0
Bailur_2019.mgus7:863,Treg,0
Bailur_2019.mgus7:933,Treg,2
Bailur_2019.mgus7:951,Treg,0
Bailur_2019.mgus7:1061,Treg,0
Bailur_2019.mgus7:1070,Treg,2
Bailur_2019.mgus7:1088,Treg,2
Bailur_2019.mgus7:1175,Treg,0
Bailur_2019.mgus7:1447,Treg,2
Bailur_2019.mgus7:1653,Treg,2
Bailur_2019.mgus6:134,Treg,2
Bailur_2019.mgus6:213,Treg,0
Bailur_2019.mgus6:311,Treg,2
Bailur_2019.mgus6:315,Treg,2
Bailur_2019.mgus6:393,Treg,2
Bailur_2019.mgus6:434,Treg,0
Bailur_2019.mgus6:441,Treg,0
Bailur_2019.mgus6:451,Treg,4
Bailur_2019.mgus6:499,Treg,2
Bailur_2019.mgus6:624,Treg,0
Bailur_2019.mgus6:778,Treg,0
Bailur_2019.mgus6:825,Treg,2
Bailur_2019.mgus6:871,Treg,4
Bailur_2019.mgus6:903,Treg,4
Bailur_2019.mgus6:972,Treg,2
Bailur_2019.mgus6:1168,Treg,2
Bailur_2019.mgus6:1204,Treg,2
Bailur_2019.mgus6:1206,Treg,0
Bailur_2019.mgus6:1228,Treg,2
Bailur_2019.mgus6:1315,Treg,2
Bailur_2019.mgus6:1430,Treg,4
Bailur_2019.mgus6:1515,Treg,2
Bailur_2019.mgus6:1546,Treg,2
Bailur_2019.mgus6:1574,Treg,2
Bailur_2019.mgus6:1585,Treg,0
Bailur_2019.mgus6:1712,Treg,4
Bailur_2019.mgus6:1751,Treg,2
Bailur_2019.mgus6:1763,Treg,2
Bailur_2019.mm7:418,Treg,0
Bailur_2019.mm7:649,Treg,0
Bailur_2019.mm7:676,Treg,0
Bailur_2019.mm7:776,Treg,0
Bailur_2019.mm7:833,Treg,4
Bailur_2019.mm7:977,Treg,0
Bailur_2019.mm7:1014,Treg,2
Bailur_2019.mm7:1028,Treg,2
Bailur_2019.mm7:1102,Treg,2
Bailur_2019.mm7:1124,Treg,4
Bailur_2019.mm7:1192,Treg,4
Bailur_2019.mm7:1243,Treg,0
Bailur_2019.mm7:1420,Treg,0
Bailur_2019.mm7:1455,Treg,0
Bailur_2019.mm7:1503,Treg,0
Bailur_2019.mgus1:138,Treg,0
Bailur_2019.mgus1:173,Treg,0
Bailur_2019.mgus1:224,Treg,0
Bailur_2019.mgus1:404,Treg,4
Bailur_2019.mgus1:522,Treg,0
Bailur_2019.mgus1:562,Treg,4
Bailur_2019.mgus1:575,Treg,2
Bailur_2019.mgus1:607,Treg,2
Bailur_2019.mgus1:642,Treg,0
Bailur_2019.mgus1:682,Treg,2
Bailur_2019.mgus1:691,Treg,2
Bailur_2019.mgus1:744,Treg,4
Bailur_2019.mgus8:33,Treg,2
Bailur_2019.mgus8:131,Treg,2
Bailur_2019.mgus8:155,Treg,2
Bailur_2019.mgus8:212,Treg,0
Bailur_2019.mgus8:275,Treg,0
Bailur_2019.mgus8:283,Treg,0
Bailur_2019.mgus8:330,Treg,0
Bailur_2019.mgus8:346,Treg,2
Bailur_2019.mgus8:417,Treg,0
Bailur_2019.mgus8:433,Treg,0
Bailur_2019.mgus8:436,Treg,2
Bailur_2019.mgus8:494,Treg,2
Bailur_2019.mgus8:581,Treg,2
Bailur_2019.mgus8:632,Treg,2
Bailur_2019.mgus8:651,Treg,2
Bailur_2019.mgus8:694,Treg,4
Bailur_2019.mgus8:779,Treg,2
Bailur_2019.mgus8:820,Treg,2
Bailur_2019.mgus8:875,Treg,4
Bailur_2019.mgus8:878,Treg,0
Bailur_2019.mgus8:1012,Treg,2
Bailur_2019.mgus8:1014,Treg,0
Bailur_2019.mgus8:1060,Treg,2
Bailur_2019.mgus8:1071,Treg,0
Bailur_2019.mgus8:1183,Treg,0
Bailur_2019.mgus8:1224,Treg,2
Bailur_2019.mgus8:1226,Treg,2
Bailur_2019.mgus11:15,Treg,2
Bailur_2019.mgus11:26,Treg,2
Bailur_2019.mgus11:64,Treg,4
Bailur_2019.mgus11:90,Treg,0
Bailur_2019.mgus11:156,Treg,0
Bailur_2019.mgus11:229,Treg,0
Bailur_2019.mgus11:258,Treg,0
Bailur_2019.mgus11:265,Treg,4
Bailur_2019.mgus11:344,Treg,0
Bailur_2019.mgus11:571,Treg,0
Bailur_2019.mgus11:663,Treg,0
Bailur_2019.mgus11:802,Treg,0
Bailur_2019.mgus11:806,Treg,4
Bailur_2019.mgus11:995,Treg,4
Bailur_2019.mgus11:1248,Treg,4
Bailur_2019.mgus11:1399,Treg,0
Bailur_2019.mgus11:1665,Treg,0
Bailur_2019.mgus11:1782,Treg,2
Bailur_2019.mgus11:1927,Treg,2
Bailur_2019.mgus11:1982,Treg,2
Bailur_2019.mgus11:2004,Treg,2
Bailur_2019.mgus11:2108,Treg,0
Bailur_2019.mgus11:2208,Treg,4
Bailur_2019.mm9:6,Treg,2
Bailur_2019.mm9:42,Treg,0
Bailur_2019.mm9:312,Treg,0
Bailur_2019.mm9:314,Treg,0
Bailur_2019.mm9:379,Treg,0
Bailur_2019.mm9:393,Treg,0
Bailur_2019.mm9:558,Treg,0
Bailur_2019.mm9:720,Treg,0
Bailur_2019.mm9:786,Treg,2
Bailur_2019.hd5:834,Treg,2
Bailur_2019.hd2:250,Treg,2
Bailur_2019.hd2:334,Treg,0
Bailur_2019.hd2:546,Treg,0
Bailur_2019.hd2:615,Treg,0
Bailur_2019.hd2:625,Treg,0
Bailur_2019.hd2:647,Treg,0
Bailur_2019.hd2:997,Treg,0
Bailur_2019.hd2:1030,Treg,2
Bailur_2019.hd3:1,Treg,0
Bailur_2019.hd3:33,Treg,2
Bailur_2019.hd3:64,Treg,2
Bailur_2019.hd3:97,Treg,2
Bailur_2019.hd3:156,Treg,0
Bailur_2019.hd3:160,Treg,0
Bailur_2019.hd3:520,Treg,0
Bailur_2019.hd3:692,Treg,0
Bailur_2019.hd4:13,Treg,2
Bailur_2019.hd4:75,Treg,0
Bailur_2019.hd4:104,Treg,0
Bailur_2019.hd4:261,Treg,2
Bailur_2019.hd4:384,Treg,2
Bailur_2019.hd4:408,Treg,2
Bailur_2019.hd4:457,Treg,0
Bailur_2019.hd4:549,Treg,0
Bailur_2019.hd4:690,Treg,2
Bailur_2019.hd4:941,Treg,0
Zavidij_2020.MGUS-1:5,Treg,0
Zavidij_2020.MGUS-1:34,Treg,0
Zavidij_2020.MGUS-1:66,Treg,0
Zavidij_2020.MGUS-1:67,Treg,0
Zavidij_2020.MGUS-1:73,Treg,0
Zavidij_2020.MGUS-1:114,Treg,0
Zavidij_2020.MGUS-1:117,Treg,2
Zavidij_2020.MGUS-1:155,Treg,0
Zavidij_2020.MGUS-1:239,Treg,0
Zavidij_2020.MGUS-1:271,Treg,0
Zavidij_2020.MGUS-1:326,Treg,2
Zavidij_2020.MGUS-1:416,Treg,2
Zavidij_2020.MGUS-1:648,Treg,2
Zavidij_2020.MGUS-1:650,Treg,2
Zavidij_2020.MGUS-1:696,Treg,0
Zavidij_2020.MGUS-1:797,Treg,2
Zavidij_2020.MGUS-1:872,Treg,2
Zavidij_2020.MGUS-1:907,Treg,0
Zavidij_2020.MGUS-1:952,Treg,0
Zavidij_2020.MGUS-1:1044,Treg,2
Zavidij_2020.MGUS-1:1143,Treg,0
Zavidij_2020.MGUS-1:1261,Treg,2
Zavidij_2020.MGUS-1:1262,Treg,0
Zavidij_2020.MGUS-1:1412,Treg,0
Zavidij_2020.MGUS-1:1459,Treg,0
Zavidij_2020.MGUS-4:19,Treg,0
Zavidij_2020.MGUS-4:82,Treg,0
Zavidij_2020.MGUS-4:104,Treg,0
Zavidij_2020.MGUS-4:143,Treg,0
Zavidij_2020.MGUS-4:235,Treg,2
Zavidij_2020.MGUS-4:315,Treg,0
Zavidij_2020.MGUS-4:336,Treg,2
Zavidij_2020.MM-5:8,Treg,0
Zavidij_2020.MM-5:60,Treg,0
Zavidij_2020.MM-5:356,Treg,2
Zavidij_2020.MM-5:420,Treg,2
Zavidij_2020.MM-5:677,Treg,0
Zavidij_2020.MM-5:736,Treg,2
Zavidij_2020.MM-5:924,Treg,0
Zavidij_2020.MM-5:1043,Treg,0
Zavidij_2020.SMMh-4:13,Treg,0
Zavidij_2020.SMMh-4:25,Treg,2
Zavidij_2020.SMMh-4:83,Treg,0
Zavidij_2020.SMMh-4:84,Treg,0
Zavidij_2020.SMMh-4:111,Treg,0
Zavidij_2020.SMMh-4:142,Treg,0
Zavidij_2020.SMMh-4:169,Treg,2
Zavidij_2020.SMMh-4:188,Treg,0
Zavidij_2020.SMMh-4:219,Treg,2
Zavidij_2020.SMMh-4:264,Treg,0
Zavidij_2020.SMMh-4:322,Treg,0
Zavidij_2020.SMMh-4:343,Treg,4
Zavidij_2020.SMMh-4:444,Treg,2
Zavidij_2020.SMMh-4:534,Treg,2
Zavidij_2020.SMMh-4:565,Treg,2
Zavidij_2020.SMMh-4:604,Treg,0
Zavidij_2020.SMMh-4:654,Treg,2
Zavidij_2020.SMMh-4:664,Treg,0
Zavidij_2020.SMMh-4:798,Treg,2
Zavidij_2020.SMMh-4:818,Treg,0
Zavidij_2020.SMMh-4:953,Treg,0
Zavidij_2020.SMMh-4:1093,Treg,0
Zavidij_2020.SMMh-4:1137,Treg,2
Zavidij_2020.SMMh-4:1141,Treg,0
Zavidij_2020.SMMh-4:1178,Treg,0
Zavidij_2020.SMMh-4:1311,Treg,0
Zavidij_2020.SMMh-4:1565,Treg,0
Zavidij_2020.SMMh-4:1650,Treg,0
Zavidij_2020.SMMh-4:1798,Treg,4
Zavidij_2020.SMMh-4:1865,Treg,0
Zavidij_2020.MM-1:19,Treg,0
Zavidij_2020.MM-1:57,Treg,0
Zavidij_2020.MM-1:106,Treg,2
Zavidij_2020.MM-1:108,Treg,4
Zavidij_2020.MM-1:323,Treg,0
Zavidij_2020.MM-1:391,Treg,2
Zavidij_2020.MM-1:489,Treg,0
Zavidij_2020.MM-1:623,Treg,0
Zavidij_2020.MM-1:664,Treg,0
Zavidij_2020.MM-1:713,Treg,0
Zavidij_2020.MM-1:751,Treg,0
Zavidij_2020.MM-1:794,Treg,0
Zavidij_2020.MM-1:827,Treg,0
Zavidij_2020.MM-1:891,Treg,0
Zavidij_2020.MM-1:906,Treg,4
Zavidij_2020.MM-1:1091,Treg,0
Zavidij_2020.MM-1:1210,Treg,2
Zavidij_2020.MM-1:1308,Treg,2
Zavidij_2020.MM-1:1337,Treg,0
Zavidij_2020.MM-1:1340,Treg,0
Zavidij_2020.MM-1:1417,Treg,0
Zavidij_2020.MM-1:1453,Treg,2
Zavidij_2020.MM-1:1527,Treg,0
Zavidij_2020.MM-1:1627,Treg,4
Zavidij_2020.MM-1:1641,Treg,0
Zavidij_2020.MM-1:1709,Treg,0
Zavidij_2020.MM-1:1789,Treg,0
Zavidij_2020.MM-1:1948,Treg,2
Zavidij_2020.SMMl-1:84,Treg,4
Zavidij_2020.SMMl-1:143,Treg,2
Zavidij_2020.SMMl-1:187,Treg,2
Zavidij_2020.SMMl-1:252,Treg,0
Zavidij_2020.SMMl-1:271,Treg,0
Zavidij_2020.SMMl-1:334,Treg,0
Zavidij_2020.SMMl-1:356,Treg,0
Zavidij_2020.SMMl-1:362,Treg,0
Zavidij_2020.SMMl-1:377,Treg,0
Zavidij_2020.SMMl-1:429,Treg,0
Zavidij_2020.SMMl-1:438,Treg,2
Zavidij_2020.SMMl-1:476,Treg,2
Zavidij_2020.SMMl-1:490,Treg,0
Zavidij_2020.SMMl-1:542,Treg,0
Zavidij_2020.SMMl-1:548,Treg,0
Zavidij_2020.SMMl-1:552,Treg,4
Zavidij_2020.SMMl-1:569,Treg,0
Zavidij_2020.SMMl-1:589,Treg,0
Zavidij_2020.SMMl-1:628,Treg,0
Zavidij_2020.SMMl-1:692,Treg,2
Zavidij_2020.SMMl-1:737,Treg,4
Zavidij_2020.SMMl-1:758,Treg,0
Zavidij_2020.SMMl-1:787,Treg,0
Zavidij_2020.SMMl-1:794,Treg,0
Zavidij_2020.SMMh-10:103,Treg,0
Zavidij_2020.NBM-10:279,Treg,0
Zavidij_2020.NBM-10:392,Treg,0
Zavidij_2020.NBM-10:415,Treg,2
Zavidij_2020.NBM-10:450,Treg,2
Zavidij_2020.NBM-10:484,Treg,2
Zavidij_2020.NBM-10:529,Treg,0
Zavidij_2020.NBM-10:576,Treg,0
Zavidij_2020.NBM-10:612,Treg,2
Zavidij_2020.NBM-10:614,Treg,2
Zavidij_2020.NBM-10:714,Treg,0
Zavidij_2020.NBM-10:823,Treg,2
Zavidij_2020.NBM-10:846,Treg,2
Zavidij_2020.NBM-10:977,Treg,2
Zavidij_2020.NBM-10:980,Treg,0
Zavidij_2020.NBM-10:1213,Treg,0
Zavidij_2020.NBM-10:1238,Treg,2
Zavidij_2020.NBM-10:1338,Treg,0
Zavidij_2020.NBM-10:1435,Treg,0
Zavidij_2020.NBM-10:1436,Treg,0
Zavidij_2020.MM-8:11,Treg,0
Zavidij_2020.MM-8:22,Treg,0
Zavidij_2020.MM-8:111,Treg,0
Zavidij_2020.MM-8:142,Treg,0
Zavidij_2020.MM-8:171,Treg,0
Zavidij_2020.MM-8:197,Treg,0
Zavidij_2020.MM-8:226,Treg,0
Zavidij_2020.MM-8:316,Treg,0
Zavidij_2020.MM-8:461,Treg,4
Zavidij_2020.MM-8:585,Treg,4
Zavidij_2020.SMMh-3:16,Treg,0
Zavidij_2020.SMMh-3:21,Treg,0
Zavidij_2020.SMMh-3:26,Treg,0
Zavidij_2020.SMMh-3:43,Treg,0
Zavidij_2020.SMMh-3:50,Treg,0
Zavidij_2020.SMMh-3:53,Treg,0
Zavidij_2020.SMMh-3:69,Treg,0
Zavidij_2020.SMMh-3:71,Treg,0
Zavidij_2020.SMMh-3:81,Treg,2
Zavidij_2020.SMMh-3:96,Treg,2
Zavidij_2020.SMMh-3:106,Treg,0
Zavidij_2020.SMMh-3:112,Treg,2
Zavidij_2020.SMMh-3:123,Treg,0
Zavidij_2020.SMMh-3:140,Treg,0
Zavidij_2020.SMMh-3:166,Treg,2
Zavidij_2020.SMMh-3:167,Treg,0
Zavidij_2020.SMMh-3:178,Treg,2
Zavidij_2020.SMMh-3:202,Treg,0
Zavidij_2020.SMMh-3:233,Treg,0
Zavidij_2020.SMMh-3:257,Treg,2
Zavidij_2020.SMMh-3:317,Treg,0
Zavidij_2020.SMMh-3:337,Treg,0
Zavidij_2020.SMMh-3:339,Treg,0
Zavidij_2020.SMMh-3:353,Treg,0
Zavidij_2020.SMMh-3:354,Treg,0
Zavidij_2020.SMMh-3:362,Treg,0
Zavidij_2020.SMMh-3:367,Treg,0
Zavidij_2020.NBM-5:208,Treg,2
Zavidij_2020.MGUS-3:59,Treg,2
Zavidij_2020.MGUS-3:115,Treg,0
Zavidij_2020.MGUS-3:149,Treg,2
Zavidij_2020.MGUS-3:150,Treg,0
Zavidij_2020.MGUS-3:167,Treg,0
Zavidij_2020.MGUS-3:211,Treg,0
Zavidij_2020.MGUS-3:220,Treg,0
Zavidij_2020.MGUS-3:251,Treg,0
Zavidij_2020.MGUS-3:272,Treg,0
Zavidij_2020.MGUS-3:278,Treg,0
Zavidij_2020.MGUS-3:294,Treg,0
Zavidij_2020.MGUS-3:296,Treg,0
Zavidij_2020.MGUS-3:306,Treg,0
Zavidij_2020.MGUS-3:345,Treg,2
Zavidij_2020.MGUS-3:351,Treg,0
Zavidij_2020.MGUS-3:449,Treg,0
Zavidij_2020.MGUS-3:512,Treg,0
Zavidij_2020.MGUS-3:598,Treg,2
Zavidij_2020.MGUS-3:652,Treg,0
Zavidij_2020.MGUS-3:689,Treg,0
Zavidij_2020.SMMh-7:32,Treg,0
Zavidij_2020.SMMh-7:53,Treg,0
Zavidij_2020.SMMh-7:166,Treg,0
Zavidij_2020.SMMh-7:167,Treg,0
Zavidij_2020.SMMh-7:183,Treg,0
Zavidij_2020.SMMh-7:240,Treg,0
Zavidij_2020.SMMh-7:293,Treg,0
Zavidij_2020.SMMh-7:314,Treg,0
Zavidij_2020.SMMh-7:368,Treg,2
Zavidij_2020.SMMh-7:406,Treg,2
Zavidij_2020.SMMh-7:407,Treg,0
Zavidij_2020.SMMh-7:441,Treg,0
Zavidij_2020.SMMh-7:444,Treg,0
Zavidij_2020.SMMh-7:462,Treg,2
Zavidij_2020.SMMh-7:463,Treg,0
Zavidij_2020.SMMh-7:487,Treg,0
Zavidij_2020.SMMh-2:9,Treg,4
Zavidij_2020.SMMh-2:37,Treg,0
Zavidij_2020.SMMh-2:48,Treg,0
Zavidij_2020.SMMh-2:54,Treg,2
Zavidij_2020.SMMh-2:63,Treg,2
Zavidij_2020.NBM-9:68,Treg,0
Zavidij_2020.NBM-9:111,Treg,0
Zavidij_2020.NBM-11:81,Treg,2
Zavidij_2020.NBM-11:335,Treg,0
Zavidij_2020.NBM-11:375,Treg,0
Zavidij_2020.NBM-11:420,Treg,2
Zavidij_2020.NBM-11:485,Treg,0
Zavidij_2020.NBM-11:672,Treg,0
Zavidij_2020.NBM-11:699,Treg,0
Zavidij_2020.NBM-11:792,Treg,2
Zavidij_2020.SMMh-9:11,Treg,0
Zavidij_2020.SMMh-9:19,Treg,0
Zavidij_2020.SMMh-9:62,Treg,2
Zavidij_2020.SMMh-9:65,Treg,0
Zavidij_2020.SMMh-9:100,Treg,2
Zavidij_2020.MM-6:19,Treg,0
Zavidij_2020.MM-6:65,Treg,0
Zavidij_2020.MM-6:163,Treg,0
Zavidij_2020.MM-6:187,Treg,2
Zavidij_2020.SMMh-6:12,Treg,0
Zavidij_2020.SMMh-6:39,Treg,0
Zavidij_2020.SMMh-6:105,Treg,2
Zavidij_2020.SMMh-6:122,Treg,0
Zavidij_2020.SMMh-6:161,Treg,2
Zavidij_2020.SMMh-6:314,Treg,0
Zavidij_2020.SMMh-6:335,Treg,0
Zavidij_2020.SMMh-6:343,Treg,0
Zavidij_2020.SMMh-6:373,Treg,0
Zavidij_2020.SMMh-6:444,Treg,2
Zavidij_2020.SMMh-6:466,Treg,0
Zavidij_2020.SMMh-6:473,Treg,4
Zavidij_2020.SMMh-6:528,Treg,0
Zavidij_2020.SMMh-6:542,Treg,2
Zavidij_2020.SMMh-6:561,Treg,0
Zavidij_2020.SMMh-6:602,Treg,0
Zavidij_2020.SMMh-6:615,Treg,0
Zavidij_2020.SMMh-6:642,Treg,0
Zavidij_2020.SMMh-6:840,Treg,4
Zavidij_2020.SMMh-6:847,Treg,0
Zavidij_2020.SMMh-6:873,Treg,4
Zavidij_2020.NBM-2:40,Treg,2
Zavidij_2020.NBM-2:170,Treg,2
Zavidij_2020.NBM-2:213,Treg,2
Zavidij_2020.NBM-2:373,Treg,2
Zavidij_2020.MM-3:100,Treg,4
Zavidij_2020.MM-3:161,Treg,0
Zavidij_2020.MM-3:206,Treg,2
Zavidij_2020.MM-3:289,Treg,0
Zavidij_2020.MM-3:396,Treg,2
Zavidij_2020.MM-3:690,Treg,0
Zavidij_2020.MM-3:987,Treg,2
Zavidij_2020.MM-3:1439,Treg,2
Zavidij_2020.MGUS-2:60,Treg,0
Zavidij_2020.SMMl-3:104,Treg,0
Zavidij_2020.SMMl-3:149,Treg,0
Zavidij_2020.SMMl-3:159,Treg,0
Zavidij_2020.SMMh-8:23,Treg,0
Zavidij_2020.SMMh-8:56,Treg,0
Zavidij_2020.SMMh-8:157,Treg,0
Zavidij_2020.SMMh-8:212,Treg,2
Zavidij_2020.MGUS-6:23,Treg,4
Zavidij_2020.MGUS-6:49,Treg,2
Zavidij_2020.MGUS-6:60,Treg,0
Zavidij_2020.MGUS-6:65,Treg,0
Zavidij_2020.MGUS-6:73,Treg,0
Zavidij_2020.MGUS-6:88,Treg,2
Zavidij_2020.SMMl-2:196,Treg,2
Zavidij_2020.SMMl-2:317,Treg,2
Zavidij_2020.SMMl-2:325,Treg,0
Zavidij_2020.SMMl-2:361,Treg,2
Zavidij_2020.SMMl-2:418,Treg,0
Zavidij_2020.SMMl-2:451,Treg,2
Zavidij_2020.SMMl-2:551,Treg,2
Zavidij_2020.SMMl-2:677,Treg,2
Zavidij_2020.SMMl-2:784,Treg,2
Zavidij_2020.SMMl-2:791,Treg,2
Zavidij_2020.SMMl-2:798,Treg,2
Zavidij_2020.MM-7:2,Treg,0
Zavidij_2020.MM-7:25,Treg,0
Zavidij_2020.MM-7:34,Treg,0
Zavidij_2020.MM-7:50,Treg,0
Zavidij_2020.MM-7:60,Treg,0
Zavidij_2020.MM-7:119,Treg,0
Zavidij_2020.MM-7:139,Treg,0
Zavidij_2020.MM-7:170,Treg,0
Zavidij_2020.MM-7:183,Treg,2
Zavidij_2020.MM-7:195,Treg,0
Zavidij_2020.MM-7:230,Treg,0
Zavidij_2020.MM-7:245,Treg,0
Zavidij_2020.MM-7:311,Treg,0
Zavidij_2020.MM-7:371,Treg,2
Zavidij_2020.MM-7:403,Treg,0
Zavidij_2020.MM-7:435,Treg,0
Zavidij_2020.MM-7:464,Treg,0
Zavidij_2020.MM-7:476,Treg,0
Zavidij_2020.MM-7:504,Treg,0
Zavidij_2020.MM-7:539,Treg,0
Zavidij_2020.MM-7:544,Treg,0
Zavidij_2020.MM-7:642,Treg,2
Zavidij_2020.MM-7:701,Treg,2
Zavidij_2020.MM-4:52,Treg,0
Zavidij_2020.MM-4:136,Treg,0
Zavidij_2020.MM-4:137,Treg,0
Zavidij_2020.MM-4:142,Treg,4
Zavidij_2020.MM-4:187,Treg,0
Zavidij_2020.MM-4:322,Treg,2
Zavidij_2020.MM-4:377,Treg,0
Zavidij_2020.MM-4:392,Treg,0
Zavidij_2020.MM-4:414,Treg,0
Zavidij_2020.MM-4:518,Treg,0
Zavidij_2020.MM-4:672,Treg,0
Zavidij_2020.MM-4:673,Treg,0
Zavidij_2020.MM-4:762,Treg,2
Zavidij_2020.MM-4:832,Treg,0
Kfoury_2021.BMM4:22,Treg,2
Kfoury_2021.BMM4:27,Treg,2
Kfoury_2021.BMM4:30,Treg,2
Kfoury_2021.BMM4:34,Treg,2
Kfoury_2021.BMM4:87,Treg,0
Kfoury_2021.BMM4:118,Treg,2
Kfoury_2021.BMM4:124,Treg,2
Kfoury_2021.BMM4:139,Treg,2
Kfoury_2021.BMM4:163,Treg,2
Kfoury_2021.BMM4:164,Treg,0
Kfoury_2021.BMM4:171,Treg,2
Kfoury_2021.BMM4:178,Treg,2
Kfoury_2021.BMM4:191,Treg,2
Kfoury_2021.BMM4:235,Treg,2
Kfoury_2021.BMM4:241,Treg,2
Kfoury_2021.BMM4:249,Treg,2
Kfoury_2021.BMM4:255,Treg,2
Kfoury_2021.BMM4:268,Treg,2
Kfoury_2021.BMM4:386,Treg,2
Kfoury_2021.BMM4:389,Treg,2
Kfoury_2021.BMM4:392,Treg,2
Kfoury_2021.BMM4:395,Treg,2
Kfoury_2021.BMM4:436,Treg,2
Kfoury_2021.BMM4:508,Treg,0
Kfoury_2021.BMM4:548,Treg,0
Kfoury_2021.BMM4:558,Treg,2
Kfoury_2021.BMM4:582,Treg,2
Kfoury_2021.BMM4:671,Treg,2
Kfoury_2021.BMM4:685,Treg,2
Kfoury_2021.BMM4:754,Treg,0
Kfoury_2021.BMM4:758,Treg,2
Kfoury_2021.BMM4:767,Treg,2
Kfoury_2021.BMM4:779,Treg,2
Kfoury_2021.BMM4:785,Treg,2
Kfoury_2021.BMM4:800,Treg,2
Kfoury_2021.BMM4:806,Treg,2
Kfoury_2021.BMM4:846,Treg,2
Kfoury_2021.BMM4:862,Treg,2
Kfoury_2021.BMM4:884,Treg,0
Kfoury_2021.BMM4:899,Treg,2
Kfoury_2021.BMM4:903,Treg,2
Kfoury_2021.BMM4:946,Treg,2
Kfoury_2021.BMM4:949,Treg,0
Kfoury_2021.BMM4:971,Treg,2
Kfoury_2021.BMM4:1016,Treg,2
Kfoury_2021.BMM4:1033,Treg,2
Kfoury_2021.BMM4:1038,Treg,2
Kfoury_2021.BMM4:1048,Treg,2
Kfoury_2021.BMM4:1060,Treg,0
Kfoury_2021.BMM4:1071,Treg,2
Kfoury_2021.BMM4:1088,Treg,2
Kfoury_2021.BMM4:1097,Treg,2
Kfoury_2021.BMM4:1109,Treg,2
Kfoury_2021.BMM4:1136,Treg,0
Kfoury_2021.BMM4:1147,Treg,2
Kfoury_2021.BMM4:1166,Treg,2
Kfoury_2021.BMM4:1189,Treg,2
Kfoury_2021.BMM4:1239,Treg,2
Kfoury_2021.BMM4:1257,Treg,2
Kfoury_2021.BMM4:1295,Treg,0
Kfoury_2021.BMM4:1296,Treg,2
Kfoury_2021.BMM4:1300,Treg,2
Kfoury_2021.BMM4:1310,Treg,2
Kfoury_2021.BMM4:1346,Treg,2
Kfoury_2021.BMM4:1381,Treg,2
Kfoury_2021.BMM4:1382,Treg,2
Kfoury_2021.BMM4:1390,Treg,2
Kfoury_2021.BMM4:1402,Treg,2
Kfoury_2021.BMM4:1407,Treg,2
Kfoury_2021.BMM4:1448,Treg,2
Kfoury_2021.BMM8:24,Treg,2
Kfoury_2021.BMM8:263,Treg,4
Kfoury_2021.BMM8:299,Treg,2
Kfoury_2021.BMM8:327,Treg,2
Kfoury_2021.BMM8:339,Treg,2
Kfoury_2021.BMM8:350,Treg,2
Kfoury_2021.BMM8:351,Treg,2
Kfoury_2021.BMM8:428,Treg,2
Kfoury_2021.BMM8:692,Treg,0
Kfoury_2021.BMM8:750,Treg,2
Kfoury_2021.BMM8:789,Treg,2
Kfoury_2021.BMM8:805,Treg,2
Kfoury_2021.BMM8:813,Treg,2
Kfoury_2021.BMM8:891,Treg,2
Kfoury_2021.BMM8:936,Treg,2
Kfoury_2021.BMM8:1073,Treg,2
Kfoury_2021.BMM8:1077,Treg,2
Kfoury_2021.BMM8:1168,Treg,2
Kfoury_2021.BMM8:1279,Treg,2
Kfoury_2021.BMM8:1301,Treg,2
Kfoury_2021.BMM8:1373,Treg,2
Kfoury_2021.BMM8:1503,Treg,2
Kfoury_2021.BMM8:1511,Treg,2
Kfoury_2021.BMM8:1594,Treg,2
Kfoury_2021.BMM8:1818,Treg,2
Kfoury_2021.BMM8:1922,Treg,2
Kfoury_2021.BMM8:2014,Treg,0
Kfoury_2021.BMM8:2076,Treg,2
Kfoury_2021.BMM8:2092,Treg,2
Kfoury_2021.BMM8:2114,Treg,2
Kfoury_2021.BMM8:2126,Treg,2
Kfoury_2021.BMM3:21,Treg,2
Kfoury_2021.BMM3:208,Treg,2
Kfoury_2021.BMM3:298,Treg,2
Kfoury_2021.BMM3:346,Treg,2
Kfoury_2021.BMM3:450,Treg,2
Kfoury_2021.BMM3:480,Treg,2
Kfoury_2021.BMM3:531,Treg,2
Kfoury_2021.BMM3:602,Treg,2
Kfoury_2021.BMM3:607,Treg,2
Kfoury_2021.BMM3:657,Treg,2
Kfoury_2021.BMM3:698,Treg,2
Kfoury_2021.BMM3:727,Treg,2
Kfoury_2021.BMM3:729,Treg,2
Kfoury_2021.BMM3:735,Treg,2
Kfoury_2021.BMM3:748,Treg,4
Kfoury_2021.BMM3:750,Treg,2
Kfoury_2021.BMM3:753,Treg,0
Kfoury_2021.BMM3:788,Treg,2
Kfoury_2021.BMM3:790,Treg,2
Kfoury_2021.BMM3:798,Treg,0
Kfoury_2021.BMM3:858,Treg,2
Kfoury_2021.BMM3:861,Treg,2
Kfoury_2021.BMM3:877,Treg,2
Kfoury_2021.BMM3:908,Treg,2
Kfoury_2021.BMM3:981,Treg,2
Kfoury_2021.BMM3:1072,Treg,0
Kfoury_2021.BMM3:1085,Treg,2
Kfoury_2021.BMM3:1154,Treg,0
Kfoury_2021.BMM3:1176,Treg,2
Kfoury_2021.BMM3:1201,Treg,2
Kfoury_2021.BMM3:1230,Treg,2
Kfoury_2021.BMM3:1249,Treg,2
Kfoury_2021.BMM3:1259,Treg,2
Kfoury_2021.BMM3:1297,Treg,2
Kfoury_2021.BMM3:1307,Treg,2
Kfoury_2021.BMM3:1355,Treg,2
Kfoury_2021.BMM3:1374,Treg,2
Kfoury_2021.BMM3:1405,Treg,0
Kfoury_2021.BMM3:1412,Treg,2
Kfoury_2021.BMM3:1418,Treg,2
Kfoury_2021.BMM3:1421,Treg,2
Kfoury_2021.BMM3:1431,Treg,0
Kfoury_2021.BMM3:1441,Treg,2
Kfoury_2021.BMM3:1456,Treg,2
Kfoury_2021.BMM3:1484,Treg,2
Kfoury_2021.BMM3:1521,Treg,0
Kfoury_2021.BMM3:1534,Treg,2
Kfoury_2021.BMM3:1598,Treg,0
Kfoury_2021.BMM3:1641,Treg,2
Kfoury_2021.BMM3:1664,Treg,2
Kfoury_2021.BMM3:1673,Treg,2
Kfoury_2021.BMM3:1681,Treg,2
Kfoury_2021.BMM3:1692,Treg,2
Kfoury_2021.BMM3:1715,Treg,2
Kfoury_2021.BMM3:1721,Treg,2
Kfoury_2021.BMM3:1775,Treg,2
Kfoury_2021.BMM3:1779,Treg,2
Kfoury_2021.BMM3:1851,Treg,2
Kfoury_2021.BMM3:1866,Treg,2
Kfoury_2021.BMM3:1873,Treg,2
Kfoury_2021.BMM3:2034,Treg,2
Kfoury_2021.BMM3:2077,Treg,2
Kfoury_2021.BMM3:2103,Treg,2
Kfoury_2021.BMM3:2140,Treg,2
Kfoury_2021.BMM3:2164,Treg,2
Kfoury_2021.BMM3:2167,Treg,0
Kfoury_2021.BMM3:2178,Treg,2
Kfoury_2021.BMM3:2209,Treg,2
Kfoury_2021.BMM3:2221,Treg,0
Kfoury_2021.BMM3:2310,Treg,2
Kfoury_2021.BMM3:2312,Treg,2
Kfoury_2021.BMM3:2329,Treg,2
Kfoury_2021.BMM3:2333,Treg,2
Kfoury_2021.BMM3:2345,Treg,0
Kfoury_2021.BMM3:2350,Treg,0
Kfoury_2021.BMM3:2359,Treg,2
Kfoury_2021.BMM3:2386,Treg,0
Kfoury_2021.BMM3:2397,Treg,2
Kfoury_2021.BMM3:2410,Treg,2
Kfoury_2021.BMM3:2455,Treg,2
Kfoury_2021.BMM3:2466,Treg,2
Kfoury_2021.BMM3:2467,Treg,2
Kfoury_2021.BMM3:2545,Treg,2
Kfoury_2021.BMM3:2572,Treg,2
Kfoury_2021.BMM3:2574,Treg,2
Kfoury_2021.BMM3:2611,Treg,2
Kfoury_2021.BMM3:2617,Treg,2
Kfoury_2021.BMM3:2622,Treg,2
Kfoury_2021.BMM3:2676,Treg,2
Kfoury_2021.BMM3:2686,Treg,2
Kfoury_2021.BMM3:2700,Treg,0
Kfoury_2021.BMM3:2790,Treg,2
Kfoury_2021.BMM3:2863,Treg,0
Kfoury_2021.BMM3:2866,Treg,2
Kfoury_2021.BMM3:2871,Treg,2
Kfoury_2021.BMM3:2920,Treg,2
Kfoury_2021.BMM3:2941,Treg,0
Kfoury_2021.BMM3:3078,Treg,2
Kfoury_2021.BMM3:3116,Treg,2
Kfoury_2021.BMM3:3143,Treg,2
Kfoury_2021.BMM3:3145,Treg,2
Kfoury_2021.BMM3:3146,Treg,2
Kfoury_2021.BMM3:3218,Treg,0
Kfoury_2021.BMM3:3325,Treg,2
Kfoury_2021.BMM3:3328,Treg,2
Kfoury_2021.BMM3:3333,Treg,0
Kfoury_2021.BMM3:3363,Treg,2
Kfoury_2021.BMM3:3371,Treg,2
Kfoury_2021.BMM3:3372,Treg,2
Kfoury_2021.BMM3:3376,Treg,0
Kfoury_2021.BMM3:3408,Treg,0
Kfoury_2021.BMM3:3420,Treg,2
Kfoury_2021.BMM3:3433,Treg,2
Kfoury_2021.BMM3:3500,Treg,2
Kfoury_2021.BMM3:3508,Treg,2
Kfoury_2021.BMM3:3565,Treg,2
Kfoury_2021.BMM3:3690,Treg,2
Kfoury_2021.BMM3:3700,Treg,2
Kfoury_2021.BMM3:3830,Treg,2
Kfoury_2021.BMM3:3841,Treg,2
Kfoury_2021.BMM3:3884,Treg,0
Kfoury_2021.BMM3:3889,Treg,2
Kfoury_2021.BMM9:31,Treg,2
Kfoury_2021.BMM9:110,Treg,0
Kfoury_2021.BMM9:113,Treg,2
Kfoury_2021.BMM9:156,Treg,0
Kfoury_2021.BMM9:178,Treg,0
Kfoury_2021.BMM9:208,Treg,2
Kfoury_2021.BMM9:277,Treg,0
Kfoury_2021.BMM9:307,Treg,2
Kfoury_2021.BMM9:308,Treg,2
Kfoury_2021.BMM9:316,Treg,0
Kfoury_2021.BMM9:342,Treg,0
Kfoury_2021.BMM9:471,Treg,0
Kfoury_2021.BMM9:507,Treg,0
Kfoury_2021.BMM9:512,Treg,0
Kfoury_2021.BMM9:598,Treg,0
Kfoury_2021.BMM9:628,Treg,2
Kfoury_2021.BMM9:660,Treg,0
Kfoury_2021.BMM9:686,Treg,2
Kfoury_2021.BMM9:708,Treg,0
Kfoury_2021.BMM9:716,Treg,2
Kfoury_2021.BMM9:746,Treg,0
Kfoury_2021.BMM9:747,Treg,0
Kfoury_2021.BMM9:781,Treg,2
Kfoury_2021.BMM9:853,Treg,2
Kfoury_2021.BMM9:868,Treg,0
Kfoury_2021.BMM9:902,Treg,2
Kfoury_2021.BMM9:904,Treg,2
Kfoury_2021.BMM9:942,Treg,0
Kfoury_2021.BMM9:953,Treg,0
Kfoury_2021.BMM9:966,Treg,0
Kfoury_2021.BMM9:977,Treg,0
Kfoury_2021.BMM9:1009,Treg,0
Kfoury_2021.BMM9:1022,Treg,0
Kfoury_2021.BMM9:1071,Treg,2
Kfoury_2021.BMM9:1087,Treg,0
Kfoury_2021.BMM9:1156,Treg,2
Kfoury_2021.BMM9:1160,Treg,0
Kfoury_2021.BMM9:1175,Treg,0
Kfoury_2021.BMM9:1217,Treg,2
Kfoury_2021.BMM9:1221,Treg,0
Kfoury_2021.BMM9:1256,Treg,2
Kfoury_2021.BMM9:1279,Treg,2
Kfoury_2021.BMM9:1285,Treg,0
Kfoury_2021.BMM9:1289,Treg,2
Kfoury_2021.BMM9:1314,Treg,2
Kfoury_2021.BMM9:1366,Treg,2
Kfoury_2021.BMM9:1372,Treg,2
Kfoury_2021.BMM9:1453,Treg,2
Kfoury_2021.BMM9:1492,Treg,2
Kfoury_2021.BMM9:1494,Treg,0
Kfoury_2021.BMM9:1497,Treg,0
Kfoury_2021.BMM9:1518,Treg,2
Kfoury_2021.BMM9:1547,Treg,0
Kfoury_2021.BMM9:1556,Treg,2
Kfoury_2021.BMM9:1566,Treg,0
Kfoury_2021.BMM9:1617,Treg,2
Kfoury_2021.BMM9:1640,Treg,2
Kfoury_2021.BMM9:1745,Treg,0
Kfoury_2021.BMM9:1827,Treg,0
Kfoury_2021.BMM9:1834,Treg,2
Kfoury_2021.BMM9:1884,Treg,0
Kfoury_2021.BMM9:1890,Treg,2
Kfoury_2021.BMM9:1893,Treg,0
Kfoury_2021.BMM9:1907,Treg,0
Kfoury_2021.BMM9:1934,Treg,2
Kfoury_2021.BMM9:1943,Treg,2
Kfoury_2021.BMM9:1995,Treg,0
Kfoury_2021.BMM9:2051,Treg,0
Kfoury_2021.BMM9:2061,Treg,2
Kfoury_2021.BMM9:2099,Treg,2
Kfoury_2021.BMM9:2177,Treg,0
Kfoury_2021.BMM9:2179,Treg,2
Kfoury_2021.BMM9:2198,Treg,0
Kfoury_2021.BMM9:2211,Treg,0
Kfoury_2021.BMM9:2237,Treg,0
Kfoury_2021.BMM9:2270,Treg,0
Kfoury_2021.BMM9:2312,Treg,2
Kfoury_2021.BMM9:2318,Treg,0
Kfoury_2021.BMM9:2349,Treg,2
Kfoury_2021.BMM5:11,Treg,2
Kfoury_2021.BMM5:46,Treg,0
Kfoury_2021.BMM5:80,Treg,0
Kfoury_2021.BMM5:119,Treg,2
Kfoury_2021.BMM5:236,Treg,2
Kfoury_2021.BMM5:258,Treg,2
Kfoury_2021.BMM5:321,Treg,2
Kfoury_2021.BMM5:339,Treg,2
Kfoury_2021.BMM5:378,Treg,2
Kfoury_2021.BMM5:382,Treg,2
Kfoury_2021.BMM5:383,Treg,0
Kfoury_2021.BMM5:476,Treg,0
Kfoury_2021.BMM5:485,Treg,0
Kfoury_2021.BMM5:579,Treg,0
Kfoury_2021.BMM5:639,Treg,2
Kfoury_2021.BMM5:674,Treg,2
Kfoury_2021.BMM5:728,Treg,0
Kfoury_2021.BMM5:756,Treg,0
Kfoury_2021.BMM5:888,Treg,0
Kfoury_2021.BMM5:913,Treg,0
Kfoury_2021.BMM5:916,Treg,0
Kfoury_2021.BMM5:919,Treg,2
Kfoury_2021.BMM5:924,Treg,2
Kfoury_2021.BMM5:928,Treg,2
Kfoury_2021.BMM5:948,Treg,2
Kfoury_2021.BMM5:963,Treg,2
Kfoury_2021.BMM5:971,Treg,2
Kfoury_2021.BMM5:1012,Treg,2
Kfoury_2021.BMM5:1038,Treg,2
Kfoury_2021.BMM5:1057,Treg,0
Kfoury_2021.BMM5:1088,Treg,0
Kfoury_2021.BMM5:1106,Treg,2
Kfoury_2021.BMM5:1141,Treg,0
Kfoury_2021.BMM5:1170,Treg,0
Kfoury_2021.BMM5:1172,Treg,2
Kfoury_2021.BMM5:1175,Treg,2
Kfoury_2021.BMM5:1279,Treg,2
Kfoury_2021.BMM5:1288,Treg,0
Kfoury_2021.BMM5:1348,Treg,2
Kfoury_2021.BMM5:1379,Treg,2
Kfoury_2021.BMM5:1397,Treg,0
Kfoury_2021.BMM5:1464,Treg,2
Kfoury_2021.BMM5:1502,Treg,2
Kfoury_2021.BMM5:1520,Treg,2
Kfoury_2021.BMM5:1531,Treg,2
Kfoury_2021.BMM5:1536,Treg,2
Kfoury_2021.BMM5:1567,Treg,0
Kfoury_2021.BMM5:1604,Treg,0
Kfoury_2021.BMM5:1661,Treg,2
Kfoury_2021.BMM5:1728,Treg,0
Kfoury_2021.BMM5:1731,Treg,0
Kfoury_2021.BMM5:1779,Treg,0
Kfoury_2021.BMM5:1798,Treg,2
Kfoury_2021.BMM5:1809,Treg,2
Kfoury_2021.BMM5:1827,Treg,2
Kfoury_2021.BMM5:1847,Treg,2
Kfoury_2021.BMM5:1965,Treg,2
Kfoury_2021.BMM5:1970,Treg,0
Kfoury_2021.BMM5:2013,Treg,0
Kfoury_2021.BMM5:2111,Treg,2
Kfoury_2021.BMM5:2135,Treg,0
Kfoury_2021.BMM5:2159,Treg,0
Kfoury_2021.BMM5:2171,Treg,2
Kfoury_2021.BMM5:2184,Treg,2
Kfoury_2021.BMM5:2226,Treg,2
Kfoury_2021.BMM5:2283,Treg,2
Kfoury_2021.BMM5:2320,Treg,2
Kfoury_2021.BMM5:2372,Treg,2
Kfoury_2021.BMM5:2594,Treg,2
Kfoury_2021.BMM5:2606,Treg,0
Kfoury_2021.BMM5:2665,Treg,2
Kfoury_2021.BMM5:2774,Treg,0
Kfoury_2021.BMM5:2790,Treg,2
Kfoury_2021.BMM5:2804,Treg,0
Kfoury_2021.BMM5:2857,Treg,0
Kfoury_2021.BMM5:2895,Treg,0
Kfoury_2021.BMM5:2922,Treg,0
Kfoury_2021.BMM5:2936,Treg,0
Kfoury_2021.BMM5:2975,Treg,2
Kfoury_2021.BMM5:2978,Treg,0
Kfoury_2021.BMM5:2994,Treg,0
Kfoury_2021.BMM5:3020,Treg,0
Kfoury_2021.BMM5:3031,Treg,0
Kfoury_2021.BMM5:3045,Treg,0
Kfoury_2021.BMM6:17,Treg,2
Kfoury_2021.BMM6:18,Treg,2
Kfoury_2021.BMM6:52,Treg,2
Kfoury_2021.BMM6:62,Treg,2
Kfoury_2021.BMM6:89,Treg,2
Kfoury_2021.BMM6:133,Treg,2
Kfoury_2021.BMM6:148,Treg,2
Kfoury_2021.BMM6:154,Treg,2
Kfoury_2021.BMM6:200,Treg,0
Kfoury_2021.BMM6:237,Treg,2
Kfoury_2021.BMM6:279,Treg,2
Kfoury_2021.BMM6:324,Treg,2
Kfoury_2021.BMM6:335,Treg,0
Kfoury_2021.BMM6:378,Treg,0
Kfoury_2021.BMM6:406,Treg,2
Kfoury_2021.BMM6:420,Treg,2
Kfoury_2021.BMM6:434,Treg,2
Kfoury_2021.BMM6:660,Treg,2
Kfoury_2021.BMM6:691,Treg,2
Kfoury_2021.BMM6:725,Treg,2
Kfoury_2021.BMM6:737,Treg,2
Kfoury_2021.BMM6:741,Treg,2
Kfoury_2021.BMM6:810,Treg,2
Kfoury_2021.BMM6:830,Treg,2
Kfoury_2021.BMM6:883,Treg,2
Kfoury_2021.BMM6:913,Treg,2
Kfoury_2021.BMM6:925,Treg,0
Kfoury_2021.BMM6:945,Treg,2
Kfoury_2021.BMM6:968,Treg,2
Kfoury_2021.BMM6:970,Treg,0
Kfoury_2021.BMM6:993,Treg,2
Kfoury_2021.BMM6:1038,Treg,2
Kfoury_2021.BMM6:1057,Treg,2
Kfoury_2021.BMM6:1126,Treg,2
Kfoury_2021.BMM6:1177,Treg,2
Kfoury_2021.BMM6:1191,Treg,2
Kfoury_2021.BMM6:1208,Treg,2
Kfoury_2021.BMM6:1228,Treg,0
Kfoury_2021.BMM6:1253,Treg,2
Kfoury_2021.BMM6:1261,Treg,0
Kfoury_2021.BMM6:1310,Treg,2
Kfoury_2021.BMM6:1379,Treg,2
Kfoury_2021.BMM6:1434,Treg,2
Kfoury_2021.BMM6:1463,Treg,2
Kfoury_2021.BMM6:1541,Treg,2
Kfoury_2021.BMM6:1584,Treg,0
Kfoury_2021.BMM6:1615,Treg,2
Kfoury_2021.BMM6:1648,Treg,2
Kfoury_2021.BMM6:1672,Treg,0
Kfoury_2021.BMM6:1695,Treg,2
Kfoury_2021.BMM6:1724,Treg,2
Kfoury_2021.BMM6:1730,Treg,0
Kfoury_2021.BMM6:1812,Treg,0
Kfoury_2021.BMM6:1819,Treg,2
Kfoury_2021.BMM6:1904,Treg,2
Kfoury_2021.BMM6:1911,Treg,2
Kfoury_2021.BMM6:1969,Treg,2
Kfoury_2021.BMM6:2009,Treg,0
Kfoury_2021.BMM6:2010,Treg,2
Kfoury_2021.BMM6:2206,Treg,2
Kfoury_2021.BMM6:2271,Treg,2
Kfoury_2021.BMM6:2272,Treg,0
Kfoury_2021.BMM6:2323,Treg,2
Kfoury_2021.BMM6:2326,Treg,2
Kfoury_2021.BMM6:2342,Treg,2
Kfoury_2021.BMM6:2343,Treg,2
Kfoury_2021.BMM6:2344,Treg,2
Kfoury_2021.BMM6:2380,Treg,2
Kfoury_2021.BMM6:2424,Treg,0
Kfoury_2021.BMM6:2448,Treg,2
Kfoury_2021.BMM6:2452,Treg,0
Kfoury_2021.BMM6:2498,Treg,2
Kfoury_2021.BMM6:2676,Treg,0
Kfoury_2021.BMM6:2695,Treg,2
Kfoury_2021.BMM6:2737,Treg,2
Kfoury_2021.BMM6:2754,Treg,2
Kfoury_2021.BMM6:2769,Treg,2
Kfoury_2021.BMM6:2777,Treg,0
Kfoury_2021.BMM6:2820,Treg,2
Kfoury_2021.BMM6:2867,Treg,2
Kfoury_2021.BMM6:2936,Treg,2
Kfoury_2021.BMM6:3052,Treg,0
Kfoury_2021.BMM6:3116,Treg,2
Kfoury_2021.BMM6:3220,Treg,0
Kfoury_2021.BMM6:3241,Treg,0
Kfoury_2021.BMM6:3264,Treg,2
Kfoury_2021.BMM6:3360,Treg,0
Kfoury_2021.BMM6:3371,Treg,2
Kfoury_2021.BMM6:3402,Treg,2
Kfoury_2021.BMM6:3433,Treg,0
Kfoury_2021.BMM6:3454,Treg,2
Kfoury_2021.BMM6:3507,Treg,0
Kfoury_2021.BMM6:3530,Treg,2
Kfoury_2021.BMM6:3548,Treg,0
Kfoury_2021.BMM6:3651,Treg,0
Kfoury_2021.BMM6:3693,Treg,2
Kfoury_2021.BMM6:3821,Treg,0
Kfoury_2021.BMM6:3834,Treg,0
Kfoury_2021.BMM6:3843,Treg,2
Kfoury_2021.BMM6:3880,Treg,2
Kfoury_2021.BMM6:3883,Treg,2
Kfoury_2021.BMM6:3890,Treg,2
Kfoury_2021.BMM6:3896,Treg,2
Kfoury_2021.BMM6:3912,Treg,2
Kfoury_2021.BMM6:3934,Treg,0
Kfoury_2021.BMM2:19,Treg,2
Kfoury_2021.BMM2:41,Treg,2
Kfoury_2021.BMM2:74,Treg,2
Kfoury_2021.BMM2:85,Treg,2
Kfoury_2021.BMM2:94,Treg,2
Kfoury_2021.BMM2:124,Treg,0
Kfoury_2021.BMM2:150,Treg,2
Kfoury_2021.BMM2:178,Treg,2
Kfoury_2021.BMM2:186,Treg,0
Kfoury_2021.BMM2:214,Treg,2
Kfoury_2021.BMM2:252,Treg,0
Kfoury_2021.BMM2:312,Treg,0
Kfoury_2021.BMM2:340,Treg,0
Kfoury_2021.BMM2:346,Treg,0
Kfoury_2021.BMM2:350,Treg,0
Kfoury_2021.BMM2:361,Treg,2
Kfoury_2021.BMM2:378,Treg,2
Kfoury_2021.BMM2:383,Treg,0
Kfoury_2021.BMM2:385,Treg,2
Kfoury_2021.BMM2:428,Treg,0
Kfoury_2021.BMM2:487,Treg,2
Kfoury_2021.BMM2:513,Treg,0
Kfoury_2021.BMM2:520,Treg,2
Kfoury_2021.BMM2:538,Treg,2
Kfoury_2021.BMM2:551,Treg,2
Kfoury_2021.BMM2:595,Treg,2
Kfoury_2021.BMM2:611,Treg,2
Kfoury_2021.BMM2:614,Treg,0
Kfoury_2021.BMM2:642,Treg,2
Kfoury_2021.BMM2:651,Treg,2
Kfoury_2021.BMM2:670,Treg,0
Kfoury_2021.BMM2:689,Treg,0
Kfoury_2021.BMM2:702,Treg,0
Kfoury_2021.BMM2:715,Treg,2
Kfoury_2021.BMM2:722,Treg,0
Kfoury_2021.BMM2:747,Treg,0
Kfoury_2021.BMM2:775,Treg,2
Kfoury_2021.BMM2:784,Treg,2
Kfoury_2021.BMM2:802,Treg,2
Kfoury_2021.BMM2:824,Treg,0
Kfoury_2021.BMM2:831,Treg,0
Kfoury_2021.BMM2:851,Treg,2
Kfoury_2021.BMM2:852,Treg,0
Kfoury_2021.BMM2:854,Treg,2
Kfoury_2021.BMM2:885,Treg,2
Kfoury_2021.BMM2:886,Treg,2
Kfoury_2021.BMM2:897,Treg,0
Kfoury_2021.BMM2:900,Treg,2
Kfoury_2021.BMM2:914,Treg,0
Kfoury_2021.BMM2:926,Treg,2
Kfoury_2021.BMM2:931,Treg,2
Kfoury_2021.BMM2:946,Treg,2
Kfoury_2021.BMM2:952,Treg,2
Kfoury_2021.BMM2:958,Treg,2
Kfoury_2021.BMM2:963,Treg,2
Kfoury_2021.BMM2:966,Treg,2
Kfoury_2021.BMM2:983,Treg,2
Kfoury_2021.BMM2:1003,Treg,0
Kfoury_2021.BMM2:1014,Treg,2
Kfoury_2021.BMM2:1016,Treg,2
Kfoury_2021.BMM2:1037,Treg,2
Kfoury_2021.BMM2:1055,Treg,0
Kfoury_2021.BMM2:1060,Treg,2
Kfoury_2021.BMM2:1061,Treg,2
Kfoury_2021.BMM2:1087,Treg,2
Kfoury_2021.BMM2:1094,Treg,2
Kfoury_2021.BMM2:1102,Treg,2
Kfoury_2021.BMM2:1113,Treg,2
Kfoury_2021.BMM2:1124,Treg,2
Kfoury_2021.BMM2:1130,Treg,0
Kfoury_2021.BMM2:1145,Treg,2
Kfoury_2021.BMM2:1156,Treg,2
Kfoury_2021.BMM2:1193,Treg,2
Kfoury_2021.BMM2:1199,Treg,4
Kfoury_2021.BMM2:1201,Treg,2
Kfoury_2021.BMM2:1210,Treg,2
Kfoury_2021.BMM2:1212,Treg,0
Kfoury_2021.BMM2:1239,Treg,0
Kfoury_2021.BMM2:1243,Treg,2
Kfoury_2021.BMM2:1246,Treg,2
Kfoury_2021.BMM2:1255,Treg,2
Kfoury_2021.BMM2:1264,Treg,4
Kfoury_2021.BMM2:1279,Treg,2
Kfoury_2021.BMM2:1312,Treg,2
Kfoury_2021.BMM2:1320,Treg,2
Kfoury_2021.BMM2:1322,Treg,2
Kfoury_2021.BMM2:1347,Treg,2
Kfoury_2021.BMM2:1348,Treg,2
Kfoury_2021.BMM2:1351,Treg,2
Kfoury_2021.BMM2:1361,Treg,2
Kfoury_2021.BMM2:1364,Treg,2
Kfoury_2021.BMM2:1366,Treg,0
Kfoury_2021.BMM2:1367,Treg,2
Kfoury_2021.BMM2:1368,Treg,0
Kfoury_2021.BMM2:1407,Treg,2
Kfoury_2021.BMM2:1414,Treg,2
Kfoury_2021.BMM2:1441,Treg,2
Kfoury_2021.BMM2:1459,Treg,2
Kfoury_2021.BMM2:1478,Treg,0
Kfoury_2021.BMM2:1479,Treg,0
Kfoury_2021.BMM2:1492,Treg,0
Kfoury_2021.BMM2:1509,Treg,2
Kfoury_2021.BMM2:1512,Treg,2
Kfoury_2021.BMM2:1523,Treg,2
Kfoury_2021.BMM2:1529,Treg,2
Kfoury_2021.BMM2:1532,Treg,2
Kfoury_2021.BMM2:1533,Treg,2
Kfoury_2021.BMM2:1582,Treg,2
Kfoury_2021.BMM2:1588,Treg,2
Kfoury_2021.BMM2:1593,Treg,0
Kfoury_2021.BMM2:1595,Treg,0
Kfoury_2021.BMM2:1603,Treg,0
Kfoury_2021.BMM2:1627,Treg,2
Kfoury_2021.BMM2:1637,Treg,2
Kfoury_2021.BMM2:1653,Treg,2
Kfoury_2021.BMM2:1667,Treg,2
Kfoury_2021.BMM2:1678,Treg,0
Kfoury_2021.BMM2:1687,Treg,2
Kfoury_2021.BMM2:1701,Treg,2
Kfoury_2021.BMM2:1706,Treg,2
Kfoury_2021.BMM2:1710,Treg,0
Kfoury_2021.BMM2:1728,Treg,2
Kfoury_2021.BMM2:1732,Treg,2
Kfoury_2021.BMM2:1766,Treg,2
Kfoury_2021.BMM2:1779,Treg,0
Kfoury_2021.BMM2:1781,Treg,2
Kfoury_2021.BMM2:1789,Treg,2
Kfoury_2021.BMM2:1793,Treg,2
Kfoury_2021.BMM2:1825,Treg,2
Kfoury_2021.BMM2:1847,Treg,0
Kfoury_2021.BMM2:1860,Treg,0
Kfoury_2021.BMM2:1874,Treg,2
Kfoury_2021.BMM2:1921,Treg,2
Kfoury_2021.BMM2:1941,Treg,2
Kfoury_2021.BMM2:1947,Treg,2
Kfoury_2021.BMM2:1949,Treg,2
Kfoury_2021.BMM2:1985,Treg,0
Kfoury_2021.BMM2:1988,Treg,0
Kfoury_2021.BMM2:1991,Treg,0
Kfoury_2021.BMM2:2007,Treg,0
Kfoury_2021.BMM2:2024,Treg,2
Kfoury_2021.BMM2:2049,Treg,2
Kfoury_2021.BMM2:2050,Treg,2
Kfoury_2021.BMM2:2087,Treg,2
Kfoury_2021.BMM2:2104,Treg,2
Kfoury_2021.BMM2:2110,Treg,0
Kfoury_2021.BMM2:2124,Treg,0
Kfoury_2021.BMM2:2129,Treg,0
Kfoury_2021.BMM2:2131,Treg,0
Kfoury_2021.BMM2:2146,Treg,0
Kfoury_2021.BMM2:2149,Treg,0
Kfoury_2021.BMM2:2189,Treg,0
Kfoury_2021.BMM2:2207,Treg,0
Kfoury_2021.BMM2:2244,Treg,0
Kfoury_2021.BMM2:2252,Treg,2
Kfoury_2021.BMM2:2280,Treg,2
Kfoury_2021.BMM2:2315,Treg,2
Kfoury_2021.BMM2:2317,Treg,2
Kfoury_2021.BMM2:2355,Treg,0
Kfoury_2021.BMM2:2364,Treg,2
Kfoury_2021.BMM2:2376,Treg,2
Kfoury_2021.BMM2:2384,Treg,0
Kfoury_2021.BMM2:2390,Treg,2
Kfoury_2021.BMM2:2451,Treg,2
Kfoury_2021.BMM2:2456,Treg,2
Kfoury_2021.BMM2:2461,Treg,2
Kfoury_2021.BMM2:2472,Treg,2
Kfoury_2021.BMM2:2481,Treg,2
Kfoury_2021.BMM2:2538,Treg,2
Kfoury_2021.BMM2:2539,Treg,2
Kfoury_2021.BMM2:2542,Treg,2
Kfoury_2021.BMM2:2549,Treg,0
Kfoury_2021.BMM2:2551,Treg,2
Kfoury_2021.BMM2:2554,Treg,2
Kfoury_2021.BMM2:2576,Treg,2
Kfoury_2021.BMM2:2581,Treg,2
Kfoury_2021.BMM2:2590,Treg,2
Kfoury_2021.BMM2:2593,Treg,0
Kfoury_2021.BMM2:2605,Treg,2
Kfoury_2021.BMM2:2618,Treg,2
Kfoury_2021.BMM2:2623,Treg,2
Kfoury_2021.BMM2:2626,Treg,0
Kfoury_2021.BMM2:2634,Treg,2
Kfoury_2021.BMM2:2657,Treg,0
Kfoury_2021.BMM2:2658,Treg,2
Kfoury_2021.BMM2:2667,Treg,2
Kfoury_2021.BMM2:2675,Treg,2
Kfoury_2021.BMM2:2683,Treg,2
Kfoury_2021.BMM2:2727,Treg,0
Kfoury_2021.BMM2:2739,Treg,2
Kfoury_2021.BMM2:2768,Treg,2
Kfoury_2021.BMM2:2775,Treg,0
Kfoury_2021.BMM2:2779,Treg,2
Kfoury_2021.BMM2:2807,Treg,0
Kfoury_2021.BMM2:2811,Treg,0
Kfoury_2021.BMM2:2836,Treg,0
Kfoury_2021.BMM2:2865,Treg,2
Kfoury_2021.BMM2:2870,Treg,2
Kfoury_2021.BMM2:2889,Treg,2
Kfoury_2021.BMM2:2899,Treg,2
Kfoury_2021.BMM2:2901,Treg,2
Kfoury_2021.BMM2:2919,Treg,2
Kfoury_2021.BMM2:2934,Treg,2
Kfoury_2021.BMM2:2973,Treg,2
Kfoury_2021.BMM2:2982,Treg,0
Kfoury_2021.BMM2:2983,Treg,0
Kfoury_2021.BMM2:2984,Treg,2
Kfoury_2021.BMM2:2992,Treg,0
Kfoury_2021.BMM2:2995,Treg,2
Kfoury_2021.BMM2:3005,Treg,2
Kfoury_2021.BMM2:3012,Treg,2
Kfoury_2021.BMM2:3018,Treg,0
Kfoury_2021.BMM2:3020,Treg,2
Kfoury_2021.BMM2:3037,Treg,2
Kfoury_2021.BMM2:3043,Treg,2
Kfoury_2021.BMM2:3050,Treg,0
Kfoury_2021.BMM2:3057,Treg,2
Kfoury_2021.BMM2:3068,Treg,2
Kfoury_2021.BMM2:3070,Treg,0
Kfoury_2021.BMM2:3089,Treg,2
Kfoury_2021.BMM2:3090,Treg,0
Kfoury_2021.BMM2:3114,Treg,2
Kfoury_2021.BMM2:3119,Treg,2
Kfoury_2021.BMM2:3130,Treg,2
Kfoury_2021.BMM2:3166,Treg,2
Kfoury_2021.BMM2:3183,Treg,2
Kfoury_2021.BMM2:3234,Treg,2
Kfoury_2021.BMM2:3271,Treg,2
Kfoury_2021.BMM2:3274,Treg,2
Kfoury_2021.BMM2:3304,Treg,2
Kfoury_2021.BMM2:3305,Treg,0
Kfoury_2021.BMM2:3312,Treg,2
Kfoury_2021.BMM2:3326,Treg,2
Kfoury_2021.BMM2:3329,Treg,2
Kfoury_2021.BMM2:3347,Treg,2
Kfoury_2021.BMM2:3378,Treg,0
Kfoury_2021.BMM2:3397,Treg,0
Kfoury_2021.BMM2:3441,Treg,0
Kfoury_2021.BMM2:3451,Treg,2
Kfoury_2021.BMM2:3468,Treg,2
Kfoury_2021.BMM2:3500,Treg,2
Kfoury_2021.BMM2:3503,Treg,2
Kfoury_2021.BMM2:3515,Treg,2
Kfoury_2021.BMM2:3520,Treg,2
Kfoury_2021.BMM2:3529,Treg,2
Kfoury_2021.BMM2:3557,Treg,2
Kfoury_2021.BMM2:3581,Treg,2
Kfoury_2021.BMM2:3594,Treg,0
Kfoury_2021.BMM2:3650,Treg,2
Kfoury_2021.BMM2:3655,Treg,0
Kfoury_2021.BMM2:3668,Treg,0
Kfoury_2021.BMM2:3679,Treg,2
Kfoury_2021.BMM2:3681,Treg,0
Kfoury_2021.BMM2:3705,Treg,2
Kfoury_2021.BMM2:3709,Treg,2
Kfoury_2021.BMM2:3716,Treg,2
Kfoury_2021.BMM2:3741,Treg,2
Kfoury_2021.BMM2:3791,Treg,2
Kfoury_2021.BMM2:3798,Treg,2
Kfoury_2021.BMM2:3819,Treg,2
Kfoury_2021.BMM2:3853,Treg,0
Kfoury_2021.BMM2:3860,Treg,2
Kfoury_2021.BMM2:3878,Treg,2
Kfoury_2021.BMM2:3892,Treg,0
Kfoury_2021.BMM2:3894,Treg,2
Kfoury_2021.BMM2:3919,Treg,2
Kfoury_2021.BMM2:3921,Treg,2
Kfoury_2021.BMM2:3940,Treg,0
Kfoury_2021.BMM2:3943,Treg,2
Kfoury_2021.BMM2:3945,Treg,2
Kfoury_2021.BMM2:3949,Treg,2
Kfoury_2021.BMM2:3971,Treg,0
Kfoury_2021.BMM2:3986,Treg,2
Kfoury_2021.BMM2:4004,Treg,0
Kfoury_2021.BMM2:4019,Treg,2
Kfoury_2021.BMM2:4023,Treg,2
Kfoury_2021.BMM2:4123,Treg,2
Kfoury_2021.BMM2:4127,Treg,2
Kfoury_2021.BMM2:4156,Treg,2
Kfoury_2021.BMM2:4173,Treg,2
Kfoury_2021.BMM2:4178,Treg,2
Kfoury_2021.BMM2:4185,Treg,0
Kfoury_2021.BMM2:4234,Treg,0
Kfoury_2021.BMM2:4248,Treg,2
Kfoury_2021.BMM2:4268,Treg,2
Kfoury_2021.BMM2:4269,Treg,0
Kfoury_2021.BMM2:4271,Treg,0
Kfoury_2021.BMM2:4289,Treg,0
Kfoury_2021.BMM2:4291,Treg,0
Kfoury_2021.BMM2:4333,Treg,2
Granja_2019.BMMC_D1T1:48,Treg,2
Granja_2019.BMMC_D1T1:89,Treg,4
Granja_2019.BMMC_D1T1:125,Treg,4
Granja_2019.BMMC_D1T1:176,Treg,2
Granja_2019.BMMC_D1T1:220,Treg,0
Granja_2019.BMMC_D1T1:243,Treg,0
Granja_2019.BMMC_D1T1:430,Treg,2
Granja_2019.BMMC_D1T1:558,Treg,4
Granja_2019.BMMC_D1T1:595,Treg,0
Granja_2019.BMMC_D1T1:645,Treg,2
Granja_2019.BMMC_D1T1:799,Treg,4
Granja_2019.BMMC_D1T1:887,Treg,2
Granja_2019.BMMC_D1T1:935,Treg,2
Granja_2019.BMMC_D1T1:982,Treg,2
Granja_2019.BMMC_D1T1:1042,Treg,0
Granja_2019.BMMC_D1T1:1072,Treg,0
Granja_2019.BMMC_D1T1:1455,Treg,2
Granja_2019.BMMC_D1T1:1545,Treg,0
Granja_2019.BMMC_D1T1:1550,Treg,0
Granja_2019.BMMC_D1T1:1568,Treg,0
Granja_2019.BMMC_D1T1:1609,Treg,2
Granja_2019.BMMC_D1T1:1633,Treg,2
Granja_2019.BMMC_D1T1:1701,Treg,2
Granja_2019.BMMC_D1T1:1775,Treg,2
Granja_2019.BMMC_D1T1:2000,Treg,0
Granja_2019.BMMC_D1T1:2089,Treg,2
Granja_2019.BMMC_D1T1:2132,Treg,2
Granja_2019.BMMC_D1T1:2203,Treg,2
Granja_2019.BMMC_D1T1:2415,Treg,0
Granja_2019.BMMC_D1T1:2445,Treg,4
Granja_2019.BMMC_D1T1:2493,Treg,0
Granja_2019.BMMC_D1T1:2662,Treg,2
Granja_2019.BMMC_D1T1:2910,Treg,2
Granja_2019.BMMC_D1T1:3224,Treg,2
Granja_2019.BMMC_D1T1:3353,Treg,2
Granja_2019.BMMC_D1T1:3641,Treg,2
Granja_2019.BMMC_D1T1:3702,Treg,0
Granja_2019.BMMC_D1T1:3744,Treg,2
Granja_2019.BMMC_D1T1:3767,Treg,0
Granja_2019.BMMC_D1T1:4293,Treg,2
Granja_2019.BMMC_D1T1:4457,Treg,2
Granja_2019.BMMC_D1T1:4645,Treg,2
Granja_2019.BMMC_D1T1:4988,Treg,0
Granja_2019.BMMC_D1T1:5800,Treg,0
Granja_2019.BMMC_D1T1:5804,Treg,2
Granja_2019.BMMC_D1T1:5923,Treg,0
Granja_2019.BMMC_D1T2:90,Treg,0
Granja_2019.BMMC_D1T2:146,Treg,4
Granja_2019.BMMC_D1T2:330,Treg,0
Granja_2019.BMMC_D1T2:408,Treg,2
Granja_2019.BMMC_D1T2:763,Treg,2
Granja_2019.BMMC_D1T2:860,Treg,2
Granja_2019.BMMC_D1T2:1318,Treg,2
Granja_2019.BMMC_D1T2:1502,Treg,4
Granja_2019.BMMC_D1T2:1580,Treg,2
Granja_2019.BMMC_D1T2:1980,Treg,2
Granja_2019.BMMC_D1T2:2388,Treg,2
Granja_2019.BMMC_D1T2:2418,Treg,2
Granja_2019.BMMC_D1T2:2451,Treg,4
Granja_2019.BMMC_D1T2:2665,Treg,2
Granja_2019.BMMC_D1T2:2726,Treg,4
Granja_2019.BMMC_D1T2:2917,Treg,2
Granja_2019.BMMC_D1T2:3015,Treg,4
Granja_2019.BMMC_D1T2:3077,Treg,4
Granja_2019.BMMC_D1T2:3185,Treg,2
Granja_2019.BMMC_D1T2:3308,Treg,2
Granja_2019.BMMC_D1T2:3436,Treg,0
Granja_2019.BMMC_D1T2:3605,Treg,2
Granja_2019.BMMC_D1T2:3650,Treg,0
Granja_2019.BMMC_D1T2:3940,Treg,0
Granja_2019.BMMC_D1T2:4164,Treg,2
Granja_2019.BMMC_D1T2:4646,Treg,4
Granja_2019.BMMC_D1T2:4899,Treg,4
Granja_2019.BMMC_D1T2:5563,Treg,2
Granja_2019.BMMC_D1T2:5620,Treg,2
Granja_2019.BMMC_D1T2:5868,Treg,0
Zheng_2021.P20181219-T:15,Treg,0
Zheng_2021.P20181219-T:26,Treg,2
Zheng_2021.P20181219-T:148,Treg,0
Zheng_2021.P20181219-T:243,Treg,2
Zheng_2021.P20181219-T:262,Treg,2
Zheng_2021.P20181219-T:319,Treg,0
Zheng_2021.P20181219-T:392,Treg,2
Zheng_2021.P20181219-T:459,Treg,2
Zheng_2021.P20181219-T:531,Treg,0
Zheng_2021.P20181219-T:571,Treg,2
Zheng_2021.P20181219-T:598,Treg,4
Zheng_2021.P20181219-T:600,Treg,2
Zheng_2021.P20181219-T:817,Treg,0
Zheng_2021.P20181219-T:886,Treg,2
Zheng_2021.P20181219-T:935,Treg,0
Zheng_2021.P20181219-T:945,Treg,2
Zheng_2021.P20181219-T:977,Treg,2
Zheng_2021.P20181219-T:1026,Treg,2
Zheng_2021.P20181219-T:1032,Treg,0
Zheng_2021.P20181219-T:1075,Treg,2
Zheng_2021.P20181219-T:1084,Treg,2
Zheng_2021.P20181219-T:1107,Treg,2
Zheng_2021.P20181219-T:1125,Treg,0
Zheng_2021.P20181219-T:1289,Treg,0
Zheng_2021.P20181219-T:1384,Treg,2
Zheng_2021.P20181219-T:1415,Treg,2
Zheng_2021.P20181219-T:1430,Treg,2
Zheng_2021.P20181219-T:1532,Treg,4
Zheng_2021.P20181219-T:1579,Treg,0
Zheng_2021.P20181219-T:1628,Treg,2
Zheng_2021.P20181219-T:1641,Treg,2
Zheng_2021.P20181219-T:1655,Treg,2
Zheng_2021.P20181219-T:1684,Treg,4
Zheng_2021.P20181219-T:1736,Treg,4
Zheng_2021.P20181219-T:1776,Treg,2
Zheng_2021.P20181219-T:1798,Treg,4
Zheng_2021.P20181219-T:1808,Treg,0
Zheng_2021.P20181219-T:1861,Treg,0
Zheng_2021.P20181219-T:1872,Treg,2
Zheng_2021.P20181219-T:1886,Treg,2
Zheng_2021.P20181219-T:1930,Treg,0
Zheng_2021.P20181219-T:1946,Treg,2
Zheng_2021.P20181219-T:2114,Treg,2
Zheng_2021.P20181219-T:2180,Treg,2
Zheng_2021.P20181219-T:2237,Treg,2
Zheng_2021.P20181219-T:2256,Treg,0
Zheng_2021.P20181219-T:2299,Treg,0
Zheng_2021.P20181219-T:2356,Treg,0
Zheng_2021.P20181219-T:2466,Treg,0
Zheng_2021.P20181219-T:2500,Treg,4
Zheng_2021.P20181219-T:2512,Treg,2
Zheng_2021.P20181219-T:2557,Treg,4
Zheng_2021.P20181219-T:2583,Treg,2
Zheng_2021.P20181219-T:2611,Treg,0
Zheng_2021.P20181219-T:2825,Treg,2
Zheng_2021.P20181219-T:2982,Treg,4
Zheng_2021.P20181219-T:3008,Treg,2
Zheng_2021.P20181219-T:3014,Treg,4
Zheng_2021.P20181219-T:3106,Treg,2
Zheng_2021.P20181219-T:3414,Treg,2
Zheng_2021.P20190122-P:8,Treg,2
Zheng_2021.P20190122-P:12,Treg,2
Zheng_2021.P20190122-P:17,Treg,0
Zheng_2021.P20190122-P:52,Treg,2
Zheng_2021.P20190122-P:196,Treg,0
Zheng_2021.P20190122-P:390,Treg,4
Zheng_2021.P20190122-P:394,Treg,0
Zheng_2021.P20190122-P:406,Treg,4
Zheng_2021.P20190122-P:411,Treg,4
Zheng_2021.P20190122-P:462,Treg,0
Zheng_2021.P20190122-P:495,Treg,2
Zheng_2021.P20190122-P:509,Treg,4
Zheng_2021.P20190122-P:512,Treg,0
Zheng_2021.P20190122-P:608,Treg,0
Zheng_2021.P20190122-P:658,Treg,2
Zheng_2021.P20190122-P:729,Treg,4
Zheng_2021.P20190122-P:732,Treg,2
Zheng_2021.P20190122-P:777,Treg,4
Zheng_2021.P20190122-P:781,Treg,0
Zheng_2021.P20190122-P:787,Treg,2
Zheng_2021.P20190122-P:816,Treg,0
Zheng_2021.P20190122-P:818,Treg,2
Zheng_2021.P20190122-P:849,Treg,4
Zheng_2021.P20190122-P:908,Treg,4
Zheng_2021.P20190122-P:950,Treg,2
Zheng_2021.P20190122-P:983,Treg,0
Zheng_2021.P20190122-P:1079,Treg,2
Zheng_2021.P20190122-P:1082,Treg,2
Zheng_2021.P20190122-P:1133,Treg,0
Zheng_2021.P20190122-P:1140,Treg,0
Zheng_2021.P20190122-P:1157,Treg,0
Zheng_2021.P20190122-P:1176,Treg,2
Zheng_2021.P20190122-P:1177,Treg,0
Zheng_2021.P20190122-P:1293,Treg,0
Zheng_2021.P20190122-P:1297,Treg,0
Zheng_2021.P20190122-P:1329,Treg,0
Zheng_2021.P20190122-P:1376,Treg,0
Zheng_2021.P20190122-P:1403,Treg,0
Zheng_2021.P20190122-P:1415,Treg,4
Zheng_2021.P20190122-P:1468,Treg,4
Zheng_2021.P20190122-P:1569,Treg,0
Zheng_2021.P20190122-P:1582,Treg,0
Zheng_2021.P20190122-P:1629,Treg,0
Zheng_2021.P20190122-P:1750,Treg,2
Zheng_2021.P20190122-P:1764,Treg,0
Zheng_2021.P20190122-P:1815,Treg,0
Zheng_2021.P20190122-P:1838,Treg,2
Zheng_2021.P20190122-P:1856,Treg,0
Zheng_2021.P20190122-P:1862,Treg,4
Zheng_2021.P20190122-P:1889,Treg,0
Zheng_2021.P20190122-P:1900,Treg,2
Zheng_2021.P20190122-P:1903,Treg,2
Zheng_2021.P20190122-P:1946,Treg,0
Zheng_2021.P20190122-P:1975,Treg,2
Zheng_2021.P20190122-P:1995,Treg,4
Zheng_2021.P20190122-P:2017,Treg,4
Zheng_2021.P20190122-P:2090,Treg,2
Zheng_2021.P20190122-P:2102,Treg,4
Zheng_2021.P20190122-P:2155,Treg,4
Zheng_2021.P20190122-P:2179,Treg,4
Zheng_2021.P20190122-P:2246,Treg,4
Zheng_2021.P20190122-P:2257,Treg,4
Zheng_2021.P20190122-P:2307,Treg,4
Zheng_2021.P20190122-P:2319,Treg,4
Zheng_2021.P20190122-P:2326,Treg,0
Zheng_2021.P20190122-P:2344,Treg,4
Zheng_2021.P20190122-P:2378,Treg,0
Zheng_2021.P20190122-P:2404,Treg,0
Zheng_2021.P20190122-P:2425,Treg,4
Zheng_2021.P20190122-P:2468,Treg,2
Zheng_2021.P20190122-P:2469,Treg,0
Zheng_2021.P20190122-P:2576,Treg,0
Zheng_2021.P20190122-P:2597,Treg,4
Zheng_2021.P20190122-P:2655,Treg,4
Zheng_2021.P20190122-P:2668,Treg,0
Zheng_2021.P20190122-P:2728,Treg,2
Zheng_2021.P20190122-P:2737,Treg,0
Zheng_2021.P20190122-P:2764,Treg,0
Zheng_2021.P20190122-P:2800,Treg,0
Zheng_2021.P20190122-T:8,Treg,4
Zheng_2021.P20190122-T:17,Treg,4
Zheng_2021.P20190122-T:48,Treg,4
Zheng_2021.P20190122-T:53,Treg,4
Zheng_2021.P20190122-T:57,Treg,4
Zheng_2021.P20190122-T:76,Treg,4
Zheng_2021.P20190122-T:92,Treg,4
Zheng_2021.P20190122-T:100,Treg,4
Zheng_2021.P20190122-T:109,Treg,4
Zheng_2021.P20190122-T:130,Treg,0
Zheng_2021.P20190122-T:133,Treg,4
Zheng_2021.P20190122-T:140,Treg,4
Zheng_2021.P20190122-T:145,Treg,4
Zheng_2021.P20190122-T:155,Treg,4
Zheng_2021.P20190122-T:167,Treg,0
Zheng_2021.P20190122-T:173,Treg,4
Zheng_2021.P20190122-T:176,Treg,4
Zheng_2021.P20190122-T:178,Treg,4
Zheng_2021.P20190122-T:186,Treg,4
Zheng_2021.P20190122-T:227,Treg,4
Zheng_2021.P20190122-T:230,Treg,4
Zheng_2021.P20190122-T:233,Treg,4
Zheng_2021.P20190122-T:269,Treg,0
Zheng_2021.P20190122-T:270,Treg,4
Zheng_2021.P20190122-T:289,Treg,4
Zheng_2021.P20190122-T:323,Treg,4
Zheng_2021.P20190122-T:346,Treg,4
Zheng_2021.P20190122-T:350,Treg,4
Zheng_2021.P20190122-T:377,Treg,0
Zheng_2021.P20190122-T:383,Treg,4
Zheng_2021.P20190122-T:388,Treg,4
Zheng_2021.P20190122-T:427,Treg,4
Zheng_2021.P20190122-T:440,Treg,4
Zheng_2021.P20190122-T:457,Treg,4
Zheng_2021.P20190122-T:462,Treg,4
Zheng_2021.P20190122-T:467,Treg,4
Zheng_2021.P20190122-T:512,Treg,0
Zheng_2021.P20190122-T:516,Treg,4
Zheng_2021.P20190122-T:518,Treg,4
Zheng_2021.P20190122-T:537,Treg,4
Zheng_2021.P20190122-T:559,Treg,4
Zheng_2021.P20190122-T:563,Treg,4
Zheng_2021.P20190122-T:578,Treg,4
Zheng_2021.P20190122-T:602,Treg,4
Zheng_2021.P20190122-T:607,Treg,4
Zheng_2021.P20190122-T:619,Treg,4
Zheng_2021.P20190122-T:631,Treg,4
Zheng_2021.P20190122-T:665,Treg,4
Zheng_2021.P20190122-T:701,Treg,4
Zheng_2021.P20190122-T:706,Treg,4
Zheng_2021.P20190122-T:715,Treg,4
Zheng_2021.P20190122-T:758,Treg,4
Zheng_2021.P20190122-T:759,Treg,4
Zheng_2021.P20190122-T:760,Treg,4
Zheng_2021.P20190122-T:773,Treg,4
Zheng_2021.P20190122-T:819,Treg,4
Zheng_2021.P20190122-T:848,Treg,0
Zheng_2021.P20190122-T:858,Treg,0
Zheng_2021.P20190122-T:863,Treg,4
Zheng_2021.P20190122-T:872,Treg,4
Zheng_2021.P20190122-T:874,Treg,4
Zheng_2021.P20190122-T:878,Treg,4
Zheng_2021.P20190122-T:879,Treg,4
Zheng_2021.P20190122-T:882,Treg,4
Zheng_2021.P20190122-T:902,Treg,4
Zheng_2021.P20190122-T:909,Treg,4
Zheng_2021.P20190122-T:914,Treg,4
Zheng_2021.P20190122-T:918,Treg,4
Zheng_2021.P20190122-T:944,Treg,4
Zheng_2021.P20190122-T:955,Treg,4
Zheng_2021.P20190122-T:969,Treg,4
Zheng_2021.P20190122-T:997,Treg,4
Zheng_2021.P20190122-T:1005,Treg,0
Zheng_2021.P20190122-T:1021,Treg,4
Zheng_2021.P20190122-T:1025,Treg,4
Zheng_2021.P20190122-T:1033,Treg,4
Zheng_2021.P20190122-T:1035,Treg,4
Zheng_2021.P20190122-T:1036,Treg,4
Zheng_2021.P20190122-T:1072,Treg,0
Zheng_2021.P20190122-T:1080,Treg,4
Zheng_2021.P20190122-T:1093,Treg,4
Zheng_2021.P20190122-T:1104,Treg,4
Zheng_2021.P20190122-T:1131,Treg,4
Zheng_2021.P20190122-T:1137,Treg,4
Zheng_2021.P20190122-T:1141,Treg,4
Zheng_2021.P20190122-T:1162,Treg,4
Zheng_2021.P20190122-T:1166,Treg,4
Zheng_2021.P20190122-T:1167,Treg,0
Zheng_2021.P20190122-T:1189,Treg,4
Zheng_2021.P20190122-T:1192,Treg,4
Zheng_2021.P20190122-T:1203,Treg,4
Zheng_2021.P20190122-T:1216,Treg,4
Zheng_2021.P20190122-T:1217,Treg,4
Zheng_2021.P20190122-T:1219,Treg,4
Zheng_2021.P20190122-T:1232,Treg,4
Zheng_2021.P20190122-T:1236,Treg,2
Zheng_2021.P20190122-T:1246,Treg,4
Zheng_2021.P20190122-T:1247,Treg,4
Zheng_2021.P20190122-T:1255,Treg,4
Zheng_2021.P20190122-T:1257,Treg,4
Zheng_2021.P20190122-T:1279,Treg,4
Zheng_2021.P20190122-T:1292,Treg,4
Zheng_2021.P20190122-T:1300,Treg,4
Zheng_2021.P20190122-T:1306,Treg,4
Zheng_2021.P20190122-T:1313,Treg,4
Zheng_2021.P20190122-T:1318,Treg,4
Zheng_2021.P20190122-T:1320,Treg,4
Zheng_2021.P20190122-T:1344,Treg,4
Zheng_2021.P20190122-T:1349,Treg,4
Zheng_2021.P20190122-T:1395,Treg,4
Zheng_2021.P20190122-T:1412,Treg,4
Zheng_2021.P20190122-T:1442,Treg,4
Zheng_2021.P20190122-T:1447,Treg,4
Zheng_2021.P20190122-T:1464,Treg,4
Zheng_2021.P20190122-T:1469,Treg,0
Zheng_2021.P20190122-T:1472,Treg,4
Zheng_2021.P20190122-T:1481,Treg,4
Zheng_2021.P20190122-T:1487,Treg,4
Zheng_2021.P20190122-T:1493,Treg,4
Zheng_2021.P20190122-T:1520,Treg,4
Zheng_2021.P20190122-T:1534,Treg,4
Zheng_2021.P20190122-T:1547,Treg,4
Zheng_2021.P20190122-T:1552,Treg,4
Zheng_2021.P20190122-T:1560,Treg,0
Zheng_2021.P20190122-T:1567,Treg,4
Zheng_2021.P20190122-T:1583,Treg,4
Zheng_2021.P20190122-T:1592,Treg,4
Zheng_2021.P20190122-T:1625,Treg,4
Zheng_2021.P20190122-T:1628,Treg,0
Zheng_2021.P20190122-T:1669,Treg,4
Zheng_2021.P20190122-T:1696,Treg,4
Zheng_2021.P20190122-T:1706,Treg,0
Zheng_2021.P20190122-T:1710,Treg,4
Zheng_2021.P20190122-T:1713,Treg,4
Zheng_2021.P20190122-T:1744,Treg,4
Zheng_2021.P20190122-T:1747,Treg,4
Zheng_2021.P20190122-T:1773,Treg,4
Zheng_2021.P20190122-T:1789,Treg,0
Zheng_2021.P20190122-T:1801,Treg,0
Zheng_2021.P20190122-T:1808,Treg,0
Zheng_2021.P20190122-T:1812,Treg,0
Zheng_2021.P20190122-T:1824,Treg,4
Zheng_2021.P20190122-T:1843,Treg,4
Zheng_2021.P20190122-T:1857,Treg,4
Zheng_2021.P20190122-T:1894,Treg,4
Zheng_2021.P20190122-T:1911,Treg,4
Zheng_2021.P20190122-T:1967,Treg,4
Zheng_2021.P20190122-T:1987,Treg,4
Zheng_2021.P20190122-T:2061,Treg,0
Zheng_2021.P20190122-T:2089,Treg,4
Zheng_2021.P20190122-T:2116,Treg,4
Zheng_2021.P20190122-T:2117,Treg,0
Zheng_2021.P20190122-T:2118,Treg,4
Zheng_2021.P20190122-T:2127,Treg,4
Zheng_2021.P20190122-T:2135,Treg,4
Zheng_2021.P20190122-T:2144,Treg,4
Zheng_2021.P20190122-T:2168,Treg,4
Zheng_2021.P20190122-T:2192,Treg,4
Zheng_2021.P20190122-T:2193,Treg,4
Zheng_2021.P20190122-T:2201,Treg,4
Zheng_2021.P20190122-T:2208,Treg,4
Zheng_2021.P20190122-T:2210,Treg,4
Zheng_2021.P20190122-T:2224,Treg,4
Zheng_2021.P20190122-T:2238,Treg,4
Zheng_2021.P20190122-T:2240,Treg,4
Zheng_2021.P20190122-T:2247,Treg,4
Zheng_2021.P20190122-T:2294,Treg,4
Zheng_2021.P20190122-T:2307,Treg,4
Zheng_2021.P20190122-T:2350,Treg,0
Zheng_2021.P20190122-T:2362,Treg,4
Zheng_2021.P20190122-T:2381,Treg,4
Zheng_2021.P20190122-T:2392,Treg,4
Zheng_2021.P20190122-T:2395,Treg,4
Zheng_2021.P20190122-T:2429,Treg,4
Zheng_2021.P20190122-T:2439,Treg,4
Zheng_2021.P20190122-T:2446,Treg,4
Zheng_2021.P20190122-T:2451,Treg,4
Zheng_2021.P20190122-T:2472,Treg,4
Zheng_2021.P20190122-T:2514,Treg,4
Zheng_2021.P20190122-T:2565,Treg,0
Zheng_2021.P20190122-T:2567,Treg,4
Zheng_2021.P20190122-T:2587,Treg,4
Zheng_2021.P20190122-T:2588,Treg,4
Zheng_2021.P20190122-T:2637,Treg,4
Zheng_2021.P20190122-T:2665,Treg,4
Zheng_2021.P20190122-T:2672,Treg,4
Zheng_2021.P20190122-T:2703,Treg,0
Zheng_2021.P20190122-T:2713,Treg,4
Zheng_2021.P20190122-T:2728,Treg,4
Zheng_2021.P20190122-T:2748,Treg,4
Zheng_2021.P20190122-T:2750,Treg,4
Zheng_2021.P20190122-T:2753,Treg,2
Zheng_2021.P20190122-T:2785,Treg,4
Zheng_2021.P20190122-T:2799,Treg,4
Zheng_2021.P20190122-T:2810,Treg,4
Zheng_2021.P20190122-T:2819,Treg,4
Zheng_2021.P20190122-T:2841,Treg,4
Zheng_2021.P20190122-T:2854,Treg,4
Zheng_2021.P20190122-T:2856,Treg,4
Zheng_2021.P20190122-T:2865,Treg,0
Zheng_2021.P20190122-T:2934,Treg,4
Zheng_2021.P20190122-T:2946,Treg,4
Zheng_2021.P20190122-T:2949,Treg,4
Zheng_2021.P20190122-T:2960,Treg,4
Zheng_2021.P20190122-T:2961,Treg,4
Zheng_2021.P20190122-T:2984,Treg,4
Zheng_2021.P20190122-T:2998,Treg,4
Zheng_2021.P20190122-T:3008,Treg,4
Zheng_2021.P20190122-T:3012,Treg,4
Zheng_2021.P20190122-T:3036,Treg,4
Zheng_2021.P20190122-T:3060,Treg,4
Zheng_2021.P20190122-T:3062,Treg,4
Zheng_2021.P20190122-T:3065,Treg,4
Zheng_2021.P20190122-T:3111,Treg,4
Zheng_2021.P20190122-T:3123,Treg,4
Zheng_2021.P20190122-T:3132,Treg,4
Zheng_2021.P20190122-T:3139,Treg,0
Zheng_2021.P20190122-T:3144,Treg,4
Zheng_2021.P20190122-T:3147,Treg,4
Zheng_2021.P20190122-T:3159,Treg,4
Zheng_2021.P20190122-T:3165,Treg,4
Zheng_2021.P20190122-T:3188,Treg,4
Zheng_2021.P20190122-T:3191,Treg,0
Zheng_2021.P20190122-T:3210,Treg,0
Zheng_2021.P20190122-T:3219,Treg,4
Zheng_2021.P20190122-T:3236,Treg,4
Zheng_2021.P20190122-T:3249,Treg,4
Zheng_2021.P20190122-T:3277,Treg,4
Zheng_2021.P20190122-T:3291,Treg,4
Zheng_2021.P20190122-T:3343,Treg,4
Zheng_2021.P20190122-T:3351,Treg,4
Zheng_2021.P20190122-T:3353,Treg,4
Zheng_2021.P20190122-T:3380,Treg,4
Zheng_2021.P20190122-T:3389,Treg,4
Zheng_2021.P20190122-T:3417,Treg,4
Zheng_2021.P20190122-T:3420,Treg,4
Zheng_2021.P20190122-T:3422,Treg,4
Zheng_2021.P20190122-T:3429,Treg,0
Zheng_2021.P20190122-T:3455,Treg,0
Zheng_2021.P20190122-T:3480,Treg,4
Zheng_2021.P20190122-T:3491,Treg,0
Zheng_2021.P20190122-T:3508,Treg,4
Zheng_2021.P20190122-T:3517,Treg,0
Zheng_2021.P20190122-T:3518,Treg,4
Zheng_2021.P20190122-T:3529,Treg,4
Zheng_2021.P20190122-T:3545,Treg,4
Zheng_2021.P20190122-T:3553,Treg,4
Zheng_2021.P20190122-T:3574,Treg,4
Zheng_2021.P20190122-T:3575,Treg,4
Zheng_2021.P20190122-T:3602,Treg,4
Zheng_2021.P20190122-T:3650,Treg,0
Zheng_2021.P20190122-T:3657,Treg,4
Zheng_2021.P20190122-T:3662,Treg,4
Zheng_2021.P20190122-T:3694,Treg,4
Zheng_2021.P20190122-T:3702,Treg,4
Zheng_2021.P20190122-T:3704,Treg,4
Zheng_2021.P20190122-T:3739,Treg,0
Zheng_2021.P20190122-T:3755,Treg,4
Zheng_2021.P20190122-T:3761,Treg,4
Zheng_2021.P20190122-T:3768,Treg,4
Zheng_2021.P20190122-T:3773,Treg,4
Zheng_2021.P20190122-T:3776,Treg,4
Zheng_2021.P20190122-T:3798,Treg,4
Zheng_2021.P20190122-T:3812,Treg,4
Zheng_2021.P20190122-T:3823,Treg,4
Zheng_2021.P20190122-T:3831,Treg,4
Zheng_2021.P20190122-T:3866,Treg,4
Zheng_2021.P20190122-T:3875,Treg,4
Zheng_2021.P20190122-T:3954,Treg,4
Zheng_2021.P20190122-T:3968,Treg,4
Zheng_2021.P20190122-T:3972,Treg,0
Zheng_2021.P20190122-T:3976,Treg,0
Zheng_2021.P20190122-T:3983,Treg,4
Zheng_2021.P20190122-T:3990,Treg,4
Zheng_2021.P20190122-T:4007,Treg,4
Zheng_2021.P20190122-T:4033,Treg,4
Zheng_2021.P20190122-T:4036,Treg,4
Zheng_2021.P20190122-T:4048,Treg,4
Zheng_2021.P20190122-T:4064,Treg,4
Zheng_2021.P20190122-T:4074,Treg,4
Zheng_2021.P20190122-T:4093,Treg,4
Zheng_2021.P20190122-T:4109,Treg,4
Zheng_2021.P20190122-T:4119,Treg,4
Zheng_2021.P20190122-T:4123,Treg,0
Zheng_2021.P20190122-T:4129,Treg,4
Zheng_2021.P20190122-T:4180,Treg,4
Zheng_2021.P20190122-T:4197,Treg,2
Zheng_2021.P20190122-T:4204,Treg,4
Zheng_2021.P20190122-T:4261,Treg,4
Zheng_2021.P20190122-T:4276,Treg,4
Zheng_2021.P20190122-T:4310,Treg,4
Zheng_2021.P20190122-T:4440,Treg,4
Zheng_2021.P20190122-T:4452,Treg,0
Zheng_2021.P20190122-T:4510,Treg,4
Zheng_2021.P20190122-T:4511,Treg,4
Zheng_2021.P20190122-T:4517,Treg,4
Zheng_2021.P20190122-T:4519,Treg,4
Zheng_2021.P20190122-T:4528,Treg,4
Zheng_2021.P20190122-T:4537,Treg,4
Zheng_2021.P20190122-T:4544,Treg,4
Zheng_2021.P20190122-T:4546,Treg,4
Zheng_2021.P20190122-T:4578,Treg,4
Zheng_2021.P20190122-T:4584,Treg,4
Zheng_2021.P20190122-T:4585,Treg,4
Zheng_2021.P20190122-T:4627,Treg,4
Zheng_2021.P20190122-T:4638,Treg,4
Zheng_2021.P20190122-T:4653,Treg,4
Zheng_2021.P20190122-T:4656,Treg,4
Zheng_2021.P20190122-T:4676,Treg,4
Zheng_2021.P20190122-T:4677,Treg,4
Zheng_2021.P20190122-T:4686,Treg,4
Zheng_2021.P20190122-T:4701,Treg,4
Zheng_2021.P20190122-T:4702,Treg,4
Zheng_2021.P20190122-T:4772,Treg,4
Zheng_2021.P20190122-T:4776,Treg,4
Zheng_2021.P20190122-T:4789,Treg,4
Zheng_2021.P20190122-T:4791,Treg,4
Zheng_2021.P20190122-T:4822,Treg,4
Zheng_2021.P20190122-T:4827,Treg,4
Zheng_2021.P20190122-T:4829,Treg,4
Zheng_2021.P20190122-T:4841,Treg,4
Zheng_2021.P20190122-T:4844,Treg,4
Zheng_2021.P20190122-T:4855,Treg,4
Zheng_2021.P20190122-T:4861,Treg,0
Zheng_2021.P20190122-T:4895,Treg,0
Zheng_2021.P20190122-T:4905,Treg,0
Zheng_2021.P20190122-T:4921,Treg,4
Zheng_2021.P20190122-T:4926,Treg,4
Zheng_2021.P20190122-T:4928,Treg,4
Zheng_2021.P20190122-T:4933,Treg,4
Zheng_2021.P20190122-T:4942,Treg,4
Zheng_2021.P20190122-T:5010,Treg,4
Zheng_2021.P20190122-T:5025,Treg,4
Zheng_2021.P20190122-T:5027,Treg,4
Zheng_2021.P20190122-T:5029,Treg,0
Zheng_2021.P20190122-T:5050,Treg,4
Zheng_2021.P20190122-T:5061,Treg,0
Zheng_2021.P20190122-T:5090,Treg,4
Zheng_2021.P20190122-T:5107,Treg,4
Zheng_2021.P20190122-T:5120,Treg,4
Zheng_2021.P20190122-T:5125,Treg,4
Zheng_2021.P20190122-T:5127,Treg,4
Zheng_2021.P20190122-T:5151,Treg,4
Zheng_2021.P20190122-T:5177,Treg,4
Zheng_2021.P20190122-T:5178,Treg,4
Zheng_2021.P20190122-T:5185,Treg,4
Zheng_2021.P20190122-T:5189,Treg,4
Zheng_2021.P20190122-T:5204,Treg,4
Zheng_2021.P20190122-T:5209,Treg,4
Zheng_2021.P20190122-T:5210,Treg,0
Zheng_2021.P20190122-T:5228,Treg,4
Zheng_2021.P20190122-T:5230,Treg,4
Zheng_2021.P20190122-T:5236,Treg,0
Zheng_2021.P20190122-T:5248,Treg,4
Zheng_2021.P20190122-T:5254,Treg,4
Zheng_2021.P20190122-T:5286,Treg,4
Zheng_2021.P20190122-T:5299,Treg,4
Zheng_2021.P20190122-T:5302,Treg,4
Zheng_2021.P20190122-T:5336,Treg,4
Zheng_2021.P20190122-T:5370,Treg,4
Zheng_2021.P20190122-T:5379,Treg,4
Zheng_2021.P20190122-T:5442,Treg,4
Zheng_2021.P20190122-T:5450,Treg,4
Zheng_2021.P20190122-T:5454,Treg,4
Zheng_2021.P20190122-T:5460,Treg,4
Zheng_2021.P20190122-T:5465,Treg,4
Zheng_2021.P20190122-T:5468,Treg,0
Zheng_2021.P20190122-T:5471,Treg,4
Zheng_2021.P20190122-T:5474,Treg,4
Zheng_2021.P20190122-T:5485,Treg,4
Zheng_2021.P20190122-T:5519,Treg,4
Zheng_2021.P20190122-T:5527,Treg,4
Zheng_2021.P20190122-T:5528,Treg,4
Zheng_2021.P20190322-P:8,Treg,4
Zheng_2021.P20190322-P:38,Treg,0
Zheng_2021.P20190322-P:49,Treg,2
Zheng_2021.P20190322-P:62,Treg,4
Zheng_2021.P20190322-P:89,Treg,4
Zheng_2021.P20190322-P:113,Treg,2
Zheng_2021.P20190322-P:172,Treg,2
Zheng_2021.P20190322-P:179,Treg,2
Zheng_2021.P20190322-P:185,Treg,2
Zheng_2021.P20190322-P:193,Treg,0
Zheng_2021.P20190322-P:226,Treg,2
Zheng_2021.P20190322-P:239,Treg,2
Zheng_2021.P20190322-P:273,Treg,2
Zheng_2021.P20190322-P:333,Treg,4
Zheng_2021.P20190322-P:361,Treg,2
Zheng_2021.P20190322-P:377,Treg,2
Zheng_2021.P20190322-P:380,Treg,2
Zheng_2021.P20190322-P:385,Treg,4
Zheng_2021.P20190322-P:401,Treg,2
Zheng_2021.P20190322-P:422,Treg,0
Zheng_2021.P20190322-P:442,Treg,2
Zheng_2021.P20190322-P:451,Treg,2
Zheng_2021.P20190322-P:458,Treg,0
Zheng_2021.P20190322-P:477,Treg,0
Zheng_2021.P20190322-P:494,Treg,4
Zheng_2021.P20190322-P:495,Treg,4
Zheng_2021.P20190322-P:537,Treg,2
Zheng_2021.P20190322-P:554,Treg,4
Zheng_2021.P20190322-P:563,Treg,0
Zheng_2021.P20190322-P:571,Treg,4
Zheng_2021.P20190322-P:593,Treg,2
Zheng_2021.P20190322-P:609,Treg,4
Zheng_2021.P20190322-P:669,Treg,2
Zheng_2021.P20190322-P:674,Treg,2
Zheng_2021.P20190322-P:690,Treg,2
Zheng_2021.P20190322-P:695,Treg,2
Zheng_2021.P20190322-P:707,Treg,0
Zheng_2021.P20190322-P:750,Treg,2
Zheng_2021.P20190322-P:760,Treg,0
Zheng_2021.P20190322-P:776,Treg,4
Zheng_2021.P20190322-P:805,Treg,2
Zheng_2021.P20190322-P:814,Treg,2
Zheng_2021.P20190322-P:827,Treg,2
Zheng_2021.P20190322-P:870,Treg,0
Zheng_2021.P20190322-P:879,Treg,2
Zheng_2021.P20190322-P:900,Treg,0
Zheng_2021.P20190322-P:944,Treg,2
Zheng_2021.P20190322-P:996,Treg,2
Zheng_2021.P20190322-P:1008,Treg,2
Zheng_2021.P20190322-P:1026,Treg,2
Zheng_2021.P20190322-P:1029,Treg,2
Zheng_2021.P20190322-P:1038,Treg,2
Zheng_2021.P20190322-P:1061,Treg,2
Zheng_2021.P20190322-P:1073,Treg,2
Zheng_2021.P20190322-P:1075,Treg,2
Zheng_2021.P20190322-P:1080,Treg,2
Zheng_2021.P20190322-P:1092,Treg,2
Zheng_2021.P20190322-P:1110,Treg,2
Zheng_2021.P20190322-P:1121,Treg,0
Zheng_2021.P20190322-P:1133,Treg,2
Zheng_2021.P20190322-P:1150,Treg,2
Zheng_2021.P20190322-P:1153,Treg,0
Zheng_2021.P20190322-P:1212,Treg,0
Zheng_2021.P20190322-P:1229,Treg,0
Zheng_2021.P20190322-P:1243,Treg,4
Zheng_2021.P20190322-P:1252,Treg,4
Zheng_2021.P20190322-P:1260,Treg,2
Zheng_2021.P20190322-P:1268,Treg,2
Zheng_2021.P20190322-P:1280,Treg,2
Zheng_2021.P20190322-P:1295,Treg,0
Zheng_2021.P20190322-P:1300,Treg,4
Zheng_2021.P20190322-P:1301,Treg,2
Zheng_2021.P20190322-P:1316,Treg,2
Zheng_2021.P20190322-P:1334,Treg,4
Zheng_2021.P20190322-P:1336,Treg,2
Zheng_2021.P20190322-P:1339,Treg,2
Zheng_2021.P20190322-P:1351,Treg,2
Zheng_2021.P20190322-P:1382,Treg,2
Zheng_2021.P20190322-P:1403,Treg,4
Zheng_2021.P20190322-P:1415,Treg,4
Zheng_2021.P20190322-P:1443,Treg,2
Zheng_2021.P20190322-P:1461,Treg,0
Zheng_2021.P20190322-P:1474,Treg,2
Zheng_2021.P20190322-P:1521,Treg,2
Zheng_2021.P20190322-P:1524,Treg,4
Zheng_2021.P20190322-P:1530,Treg,4
Zheng_2021.P20190322-P:1543,Treg,2
Zheng_2021.P20190322-P:1604,Treg,0
Zheng_2021.P20190322-P:1607,Treg,2
Zheng_2021.P20190322-P:1640,Treg,0
Zheng_2021.P20190322-P:1652,Treg,2
Zheng_2021.P20190322-P:1706,Treg,2
Zheng_2021.P20190322-P:1712,Treg,2
Zheng_2021.P20190322-P:1715,Treg,0
Zheng_2021.P20190322-P:1719,Treg,2
Zheng_2021.P20190322-P:1728,Treg,0
Zheng_2021.P20190322-P:1734,Treg,2
Zheng_2021.P20190322-P:1745,Treg,4
Zheng_2021.P20190322-P:1748,Treg,2
Zheng_2021.P20190322-P:1760,Treg,2
Zheng_2021.P20190322-P:1779,Treg,2
Zheng_2021.P20190322-P:1795,Treg,2
Zheng_2021.P20190322-P:1799,Treg,2
Zheng_2021.P20190322-P:1804,Treg,0
Zheng_2021.P20190322-P:1808,Treg,4
Zheng_2021.P20190322-P:1819,Treg,4
Zheng_2021.P20190322-P:1829,Treg,2
Zheng_2021.P20190322-P:1858,Treg,0
Zheng_2021.P20190322-P:1862,Treg,2
Zheng_2021.P20190322-P:1874,Treg,4
Zheng_2021.P20190322-P:1875,Treg,0
Zheng_2021.P20190322-P:1880,Treg,2
Zheng_2021.P20190322-P:1901,Treg,0
Zheng_2021.P20190322-P:1908,Treg,2
Zheng_2021.P20190322-P:1948,Treg,2
Zheng_2021.P20190322-P:1953,Treg,0
Zheng_2021.P20190322-P:1992,Treg,2
Zheng_2021.P20190322-P:2015,Treg,2
Zheng_2021.P20190322-P:2035,Treg,0
Zheng_2021.P20190322-P:2045,Treg,2
Zheng_2021.P20190322-P:2049,Treg,4
Zheng_2021.P20190322-P:2071,Treg,4
Zheng_2021.P20190322-P:2074,Treg,2
Zheng_2021.P20190322-P:2084,Treg,2
Zheng_2021.P20190322-P:2135,Treg,2
Zheng_2021.P20190322-P:2144,Treg,2
Zheng_2021.P20190322-P:2155,Treg,2
Zheng_2021.P20190322-P:2158,Treg,2
Zheng_2021.P20190322-P:2160,Treg,2
Zheng_2021.P20190322-P:2161,Treg,2
Zheng_2021.P20190322-P:2176,Treg,2
Zheng_2021.P20190322-P:2198,Treg,4
Zheng_2021.P20190322-P:2213,Treg,2
Zheng_2021.P20190322-P:2216,Treg,0
Zheng_2021.P20190322-P:2235,Treg,2
Zheng_2021.P20190322-P:2238,Treg,2
Zheng_2021.P20190322-P:2242,Treg,0
Zheng_2021.P20190322-P:2274,Treg,0
Zheng_2021.P20190322-P:2281,Treg,2
Zheng_2021.P20190322-P:2314,Treg,2
Zheng_2021.P20190322-P:2345,Treg,2
Zheng_2021.P20190322-P:2369,Treg,4
Zheng_2021.P20190322-P:2392,Treg,4
Zheng_2021.P20190322-P:2484,Treg,2
Zheng_2021.P20190322-P:2494,Treg,2
Zheng_2021.P20190322-P:2500,Treg,2
Zheng_2021.P20190322-P:2512,Treg,2
Zheng_2021.P20190322-P:2529,Treg,2
Zheng_2021.P20190322-P:2536,Treg,4
Zheng_2021.P20190322-P:2539,Treg,4
Zheng_2021.P20190322-P:2569,Treg,2
Zheng_2021.P20190322-P:2581,Treg,2
Zheng_2021.P20190322-P:2594,Treg,4
Zheng_2021.P20190322-P:2611,Treg,2
Zheng_2021.P20190322-P:2615,Treg,2
Zheng_2021.P20190322-P:2638,Treg,2
Zheng_2021.P20190322-P:2680,Treg,2
Zheng_2021.P20190322-P:2683,Treg,2
Zheng_2021.P20190322-P:2714,Treg,2
Zheng_2021.P20190322-P:2717,Treg,2
Zheng_2021.P20190322-P:2781,Treg,4
Zheng_2021.P20190322-P:2789,Treg,0
Zheng_2021.P20190322-P:2797,Treg,4
Zheng_2021.P20190322-P:2825,Treg,4
Zheng_2021.P20190322-P:2826,Treg,0
Zheng_2021.P20190322-P:2862,Treg,2
Zheng_2021.P20190322-P:2894,Treg,2
Zheng_2021.P20190322-P:2945,Treg,4
Zheng_2021.P20190322-P:2965,Treg,4
Zheng_2021.P20190322-P:2973,Treg,2
Zheng_2021.P20190322-P:3036,Treg,4
Zheng_2021.P20190322-P:3038,Treg,2
Zheng_2021.P20190322-P:3049,Treg,2
Zheng_2021.P20190322-P:3092,Treg,4
Zheng_2021.P20190322-P:3103,Treg,2
Zheng_2021.P20190322-P:3117,Treg,2
Zheng_2021.P20190322-P:3121,Treg,4
Zheng_2021.P20190322-P:3160,Treg,2
Zheng_2021.P20190322-P:3161,Treg,4
Zheng_2021.P20190322-P:3174,Treg,0
Zheng_2021.P20190322-P:3192,Treg,2
Zheng_2021.P20190322-P:3229,Treg,2
Zheng_2021.P20190322-P:3237,Treg,4
Zheng_2021.P20190322-P:3245,Treg,2
Zheng_2021.P20190322-P:3263,Treg,4
Zheng_2021.P20190322-P:3279,Treg,4
Zheng_2021.P20190322-P:3294,Treg,2
Zheng_2021.P20190322-P:3295,Treg,2
Zheng_2021.P20190322-P:3330,Treg,2
Zheng_2021.P20190322-P:3362,Treg,2
Zheng_2021.P20190322-P:3366,Treg,2
Zheng_2021.P20190322-P:3368,Treg,2
Zheng_2021.P20190322-P:3402,Treg,0
Zheng_2021.P20190322-P:3404,Treg,2
Zheng_2021.P20190322-P:3443,Treg,4
Zheng_2021.P20190322-P:3461,Treg,2
Zheng_2021.P20190322-P:3465,Treg,4
Zheng_2021.P20190322-P:3488,Treg,2
Zheng_2021.P20190322-P:3515,Treg,2
Zheng_2021.P20190322-P:3525,Treg,4
Zheng_2021.P20190322-P:3545,Treg,2
Zheng_2021.P20190322-P:3553,Treg,2
Zheng_2021.P20190322-P:3554,Treg,4
Zheng_2021.P20190322-P:3573,Treg,2
Zheng_2021.P20190322-P:3638,Treg,2
Zheng_2021.P20190322-P:3656,Treg,4
Zheng_2021.P20190322-P:3657,Treg,4
Zheng_2021.P20190322-P:3663,Treg,2
Zheng_2021.P20190322-P:3665,Treg,4
Zheng_2021.P20190322-P:3707,Treg,4
Zheng_2021.P20190322-P:3720,Treg,4
Zheng_2021.P20190322-P:3729,Treg,2
Zheng_2021.P20190322-P:3735,Treg,2
Zheng_2021.P20190322-P:3756,Treg,2
Zheng_2021.P20190322-P:3785,Treg,2
Zheng_2021.P20190322-P:3835,Treg,2
Zheng_2021.P20190322-P:3852,Treg,0
Zheng_2021.P20190322-P:3889,Treg,2
Zheng_2021.P20190322-P:3898,Treg,4
Zheng_2021.P20190322-P:3918,Treg,2
Zheng_2021.P20190322-P:3929,Treg,0
Zheng_2021.P20190322-P:3973,Treg,4
Zheng_2021.P20190322-P:3977,Treg,2
Zheng_2021.P20190322-P:4020,Treg,2
Zheng_2021.P20190322-P:4022,Treg,2
Zheng_2021.P20190322-P:4040,Treg,4
Zheng_2021.P20190322-P:4131,Treg,4
Zheng_2021.P20190322-P:4167,Treg,4
Zheng_2021.P20190322-P:4183,Treg,2
Zheng_2021.P20190322-P:4223,Treg,2
Zheng_2021.P20190322-P:4231,Treg,2
Zheng_2021.P20190322-P:4233,Treg,2
Zheng_2021.P20190322-P:4234,Treg,2
Zheng_2021.P20190322-P:4238,Treg,2
Zheng_2021.P20190322-P:4248,Treg,2
Zheng_2021.P20190322-P:4254,Treg,2
Zheng_2021.P20190322-P:4258,Treg,0
Zheng_2021.P20190322-P:4317,Treg,2
Zheng_2021.P20190322-P:4346,Treg,4
Zheng_2021.P20190322-P:4361,Treg,0
Zheng_2021.P20190322-P:4369,Treg,4
Zheng_2021.P20190322-P:4370,Treg,4
Zheng_2021.P20190322-P:4374,Treg,0
Zheng_2021.P20190322-P:4376,Treg,4
Zheng_2021.P20190322-P:4382,Treg,2
Zheng_2021.P20190322-P:4391,Treg,4
Zheng_2021.P20190322-P:4399,Treg,2
Zheng_2021.P20190322-P:4415,Treg,2
Zheng_2021.P20190322-P:4444,Treg,2
Zheng_2021.P20190322-P:4446,Treg,4
Zheng_2021.P20190322-P:4452,Treg,0
Zheng_2021.P20190322-P:4471,Treg,2
Zheng_2021.P20190322-P:4511,Treg,2
Zheng_2021.P20190322-P:4552,Treg,2
Zheng_2021.P20190322-P:4568,Treg,2
Zheng_2021.P20190322-P:4581,Treg,2
Zheng_2021.P20190322-P:4594,Treg,4
Zheng_2021.P20190322-T:147,Treg,4
Zheng_2021.P20190322-T:195,Treg,0
Zheng_2021.P20190322-T:258,Treg,4
Zheng_2021.P20190322-T:334,Treg,4
Zheng_2021.P20190322-T:431,Treg,4
Zheng_2021.P20190322-T:602,Treg,4
Zheng_2021.P20190322-T:623,Treg,0
Zheng_2021.P20190322-T:874,Treg,0
Zheng_2021.P20190322-T:957,Treg,4
Zheng_2021.P20190322-T:1033,Treg,0
Zheng_2021.P20190322-T:1066,Treg,4
Zheng_2021.P20190322-T:1147,Treg,4
Zheng_2021.P20190322-T:1157,Treg,4
Zheng_2021.P20190322-T:1203,Treg,4
Zheng_2021.P20190322-T:1229,Treg,0
Zheng_2021.P20190322-T:1394,Treg,4
Zheng_2021.P20190322-T:1412,Treg,4
Zheng_2021.P20190322-T:1538,Treg,4
Zheng_2021.P20190322-T:1606,Treg,4
Zheng_2021.P20190322-T:1660,Treg,4
Zheng_2021.P20190322-T:1743,Treg,4
Zheng_2021.P20190322-T:1774,Treg,4
Zheng_2021.P20190322-T:2083,Treg,4
Zheng_2021.P20190322-T:2111,Treg,4
Zheng_2021.P20190322-T:2274,Treg,4
Zheng_2021.P20190322-T:2331,Treg,4
Zheng_2021.P20190322-T:2398,Treg,0
Zheng_2021.P20190322-T:2470,Treg,4
Zheng_2021.P20190322-T:2479,Treg,0
Zheng_2021.P20190322-T:2488,Treg,4
Zheng_2021.P20190322-T:2492,Treg,4
Zheng_2021.P20190322-T:2625,Treg,4
Zheng_2021.P20190322-T:2665,Treg,0
Zheng_2021.P20190322-T:2817,Treg,0
Zheng_2021.P20190322-T:2838,Treg,0
Zheng_2021.P20190322-T:2989,Treg,2
Liu_2021.77570_Primary:366,Treg,2
Liu_2021.77570_Primary:561,Treg,0
Liu_2021.77570_Primary:567,Treg,0
Liu_2021.77570_Primary:570,Treg,4
Liu_2021.77570_Primary:614,Treg,0
Liu_2021.77570_Primary:646,Treg,4
Liu_2021.77570_Primary:726,Treg,2
Liu_2021.77570_Primary:832,Treg,2
Liu_2021.77570_Primary:1257,Treg,4
Liu_2021.77570_Primary:1497,Treg,0
Liu_2021.77570_Primary:1949,Treg,0
Liu_2021.77570_Primary:1990,Treg,2
Liu_2021.77570_Primary:2085,Treg,0
Liu_2021.77570_Primary:2533,Treg,4
Liu_2021.77570_Primary:2755,Treg,0
Liu_2021.77570_Primary:3297,Treg,0
Liu_2021.77570_Primary:3599,Treg,2
Liu_2021.77570_Primary:3688,Treg,0
Liu_2021.77570_Primary:3718,Treg,2
Liu_2021.77570_Primary:4099,Treg,2
Liu_2021.77570_Primary:4114,Treg,0
Liu_2021.77570_Primary:4335,Treg,0
Liu_2021.77570_Primary:4757,Treg,0
Liu_2021.77570_Primary:5348,Treg,4
Liu_2021.77570_Primary:5463,Treg,4
Liu_2021.47491_SMM:48,Treg,0
Liu_2021.47491_SMM:58,Treg,0
Liu_2021.47491_SMM:107,Treg,2
Liu_2021.47491_SMM:116,Treg,0
Liu_2021.47491_SMM:163,Treg,0
Liu_2021.47491_SMM:170,Treg,2
Liu_2021.47491_SMM:268,Treg,0
Liu_2021.47491_SMM:280,Treg,0
Liu_2021.47491_SMM:337,Treg,0
Liu_2021.47491_SMM:391,Treg,0
Liu_2021.47491_SMM:468,Treg,2
Liu_2021.47491_SMM:474,Treg,0
Liu_2021.47491_SMM:532,Treg,0
Liu_2021.47491_SMM:547,Treg,0
Liu_2021.47491_SMM:553,Treg,0
Liu_2021.47491_SMM:554,Treg,2
Liu_2021.47491_SMM:570,Treg,2
Liu_2021.47491_SMM:581,Treg,0
Liu_2021.47491_SMM:610,Treg,0
Liu_2021.47491_SMM:622,Treg,0
Liu_2021.47491_SMM:652,Treg,0
Liu_2021.47491_SMM:772,Treg,2
Liu_2021.47491_SMM:796,Treg,0
Liu_2021.47491_SMM:814,Treg,2
Liu_2021.47491_SMM:828,Treg,0
Liu_2021.47491_SMM:853,Treg,0
Liu_2021.47491_SMM:899,Treg,0
Liu_2021.47491_SMM:900,Treg,0
Liu_2021.47491_SMM:903,Treg,2
Liu_2021.47491_SMM:967,Treg,2
Liu_2021.47491_SMM:995,Treg,2
Liu_2021.47491_SMM:1028,Treg,0
Liu_2021.47491_SMM:1052,Treg,0
Liu_2021.47491_SMM:1133,Treg,0
Liu_2021.47491_SMM:1149,Treg,2
Liu_2021.47491_SMM:1193,Treg,4
Liu_2021.47491_SMM:1263,Treg,0
Liu_2021.47491_SMM:1290,Treg,0
Liu_2021.47491_SMM:1330,Treg,0
Liu_2021.47491_SMM:1347,Treg,2
Liu_2021.47491_SMM:1421,Treg,0
Liu_2021.47491_SMM:1441,Treg,0
Liu_2021.47491_SMM:1457,Treg,2
Liu_2021.47491_SMM:1530,Treg,0
Liu_2021.47491_SMM:1539,Treg,0
Liu_2021.47491_SMM:1558,Treg,2
Liu_2021.47491_SMM:1586,Treg,2
Liu_2021.47491_SMM:1598,Treg,0
Liu_2021.47491_SMM:1607,Treg,0
Liu_2021.47491_SMM:1617,Treg,2
Liu_2021.47491_SMM:1665,Treg,0
Liu_2021.47491_SMM:1694,Treg,2
Liu_2021.47491_SMM:1715,Treg,0
Liu_2021.47491_SMM:1796,Treg,2
Liu_2021.47491_SMM:1808,Treg,0
Liu_2021.47491_SMM:1832,Treg,0
Liu_2021.47491_SMM:1838,Treg,2
Liu_2021.47491_SMM:1879,Treg,2
Liu_2021.47491_SMM:1892,Treg,0
Liu_2021.47491_SMM:1902,Treg,0
Liu_2021.47491_SMM:1930,Treg,2
Liu_2021.47491_SMM:1957,Treg,0
Liu_2021.47491_SMM:1996,Treg,2
Liu_2021.47491_SMM:2024,Treg,0
Liu_2021.47491_SMM:2034,Treg,2
Liu_2021.59114_Primary:77,Treg,2
Liu_2021.59114_Primary:144,Treg,0
Liu_2021.59114_Primary:164,Treg,0
Liu_2021.59114_Primary:237,Treg,0
Liu_2021.59114_Primary:242,Treg,0
Liu_2021.59114_Primary:329,Treg,0
Liu_2021.59114_Primary:338,Treg,0
Liu_2021.59114_Primary:385,Treg,0
Liu_2021.59114_Primary:443,Treg,0
Liu_2021.59114_Primary:671,Treg,4
Liu_2021.59114_Primary:716,Treg,4
Liu_2021.59114_Primary:750,Treg,2
Liu_2021.59114_Primary:797,Treg,0
Liu_2021.59114_Primary:894,Treg,2
Liu_2021.59114_Primary:907,Treg,0
Liu_2021.59114_Primary:1063,Treg,0
Liu_2021.59114_Primary:1118,Treg,4
Liu_2021.59114_Primary:1181,Treg,0
Liu_2021.59114_Primary:1209,Treg,2
Liu_2021.59114_Primary:1277,Treg,0
Liu_2021.59114_Primary:1300,Treg,4
Liu_2021.59114_Primary:1341,Treg,4
Liu_2021.59114_Primary:1370,Treg,4
Liu_2021.59114_Primary:1450,Treg,0
Liu_2021.59114_Primary:1627,Treg,0
Liu_2021.59114_Primary:1630,Treg,0
Liu_2021.59114_Primary:1648,Treg,0
Liu_2021.59114_Primary:1687,Treg,0
Liu_2021.59114_Primary:1849,Treg,0
Liu_2021.59114_Primary:1878,Treg,0
Liu_2021.59114_Primary:1885,Treg,0
Liu_2021.59114_Primary:1931,Treg,0
Liu_2021.59114_Primary:1942,Treg,2
Liu_2021.59114_Primary:2006,Treg,4
Liu_2021.59114_Primary:2138,Treg,4
Liu_2021.59114_Primary:2160,Treg,4
Liu_2021.59114_Primary:2168,Treg,0
Liu_2021.59114_Primary:2297,Treg,0
Liu_2021.59114_Primary:2298,Treg,0
Liu_2021.59114_Primary:2384,Treg,0
Liu_2021.59114_Primary:2455,Treg,0
Liu_2021.59114_Primary:2482,Treg,0
Liu_2021.59114_Primary:2499,Treg,4
Liu_2021.59114_Primary:2510,Treg,0
Liu_2021.59114_Primary:2529,Treg,0
Liu_2021.59114_Primary:2556,Treg,0
Liu_2021.59114_Primary:2646,Treg,0
Liu_2021.59114_Primary:2651,Treg,0
Liu_2021.59114_Primary:2664,Treg,0
Liu_2021.59114_Primary:2667,Treg,0
Liu_2021.59114_Primary:2742,Treg,0
Liu_2021.59114_Primary:2753,Treg,0
Liu_2021.59114_Primary:2827,Treg,2
Liu_2021.59114_Primary:2924,Treg,0
Liu_2021.59114_Primary:2987,Treg,0
Liu_2021.59114_Primary:3092,Treg,0
Liu_2021.59114_Primary:3099,Treg,0
Liu_2021.83942_Primary:3338,Treg,0
Liu_2021.83942_Primary:3952,Treg,0
Liu_2021.83942_Primary:4127,Treg,2
Liu_2021.83942_Primary:4368,Treg,2
Liu_2021.83942_Primary:4443,Treg,2
Liu_2021.83942_Primary:7527,Treg,2
Liu_2021.58408_Primary:1255,Treg,0
Liu_2021.58408_Primary:1446,Treg,0
Liu_2021.58408_Primary:1956,Treg,4
Liu_2021.58408_Primary:1986,Treg,2
Liu_2021.58408_Primary:1994,Treg,0
Liu_2021.58408_Primary:2052,Treg,0
Liu_2021.58408_Primary:2509,Treg,4
Liu_2021.58408_Primary:2583,Treg,4
Liu_2021.58408_Primary:2983,Treg,0
Liu_2021.58408_Primary:3250,Treg,0
Liu_2021.58408_Primary:3281,Treg,0
Liu_2021.58408_Primary:3371,Treg,4
Liu_2021.58408_Primary:3917,Treg,4
Liu_2021.58408_Primary:4138,Treg,4
Liu_2021.58408_Primary:4172,Treg,0
Liu_2021.58408_Primary:4514,Treg,0
Liu_2021.58408_SMM:30,Treg,0
Liu_2021.58408_SMM:66,Treg,0
Liu_2021.58408_SMM:76,Treg,0
Liu_2021.58408_SMM:184,Treg,0
Liu_2021.58408_SMM:193,Treg,2
Liu_2021.58408_SMM:258,Treg,2
Liu_2021.58408_SMM:262,Treg,0
Liu_2021.58408_SMM:355,Treg,0
Liu_2021.58408_SMM:357,Treg,0
Liu_2021.58408_SMM:363,Treg,0
Liu_2021.58408_SMM:443,Treg,0
Liu_2021.58408_SMM:463,Treg,0
Liu_2021.58408_SMM:501,Treg,2
Liu_2021.58408_SMM:510,Treg,2
Liu_2021.58408_SMM:511,Treg,4
Liu_2021.58408_SMM:521,Treg,0
Liu_2021.58408_SMM:542,Treg,0
Liu_2021.58408_SMM:569,Treg,0
Liu_2021.58408_SMM:669,Treg,2
Liu_2021.58408_SMM:698,Treg,0
Liu_2021.58408_SMM:709,Treg,0
Liu_2021.58408_SMM:718,Treg,2
Liu_2021.58408_SMM:859,Treg,4
Liu_2021.58408_SMM:888,Treg,0
Liu_2021.58408_SMM:913,Treg,4
Liu_2021.58408_SMM:930,Treg,2
Liu_2021.58408_SMM:968,Treg,2
Liu_2021.58408_SMM:1008,Treg,2
Liu_2021.58408_SMM:1053,Treg,2
Liu_2021.58408_SMM:1060,Treg,2
Liu_2021.58408_SMM:1104,Treg,0
Liu_2021.58408_SMM:1109,Treg,0
Liu_2021.58408_SMM:1165,Treg,2
Liu_2021.58408_SMM:1186,Treg,2
Liu_2021.58408_SMM:1208,Treg,2
Liu_2021.58408_SMM:1229,Treg,0
Liu_2021.58408_SMM:1256,Treg,2
Liu_2021.58408_SMM:1259,Treg,4
Liu_2021.58408_SMM:1260,Treg,0
Liu_2021.58408_SMM:1288,Treg,2
Liu_2021.58408_SMM:1312,Treg,2
Liu_2021.58408_SMM:1363,Treg,2
Liu_2021.58408_SMM:1407,Treg,4
Liu_2021.58408_SMM:1439,Treg,0
Liu_2021.58408_SMM:1651,Treg,0
Liu_2021.58408_SMM:1666,Treg,2
Liu_2021.58408_SMM:1715,Treg,0
Liu_2021.58408_SMM:1781,Treg,0
Liu_2021.58408_SMM:1875,Treg,0
Liu_2021.58408_SMM:1913,Treg,2
Liu_2021.58408_SMM:1919,Treg,0
Liu_2021.58408_SMM:1925,Treg,2
Liu_2021.58408_SMM:1988,Treg,0
Liu_2021.58408_SMM:2057,Treg,0
Liu_2021.58408_SMM:2065,Treg,2
Liu_2021.58408_SMM:2088,Treg,2
Liu_2021.58408_SMM:2089,Treg,4
Liu_2021.58408_SMM:2106,Treg,2
Liu_2021.58408_SMM:2107,Treg,4
Liu_2021.58408_SMM:2110,Treg,0
Liu_2021.58408_SMM:2155,Treg,0
Liu_2021.58408_SMM:2184,Treg,0
Liu_2021.58408_SMM:2383,Treg,2
Liu_2021.58408_SMM:2423,Treg,2
Liu_2021.58408_SMM:2441,Treg,2
Liu_2021.58408_SMM:2444,Treg,2
Liu_2021.58408_SMM:2489,Treg,2
Liu_2021.58408_SMM:2537,Treg,0
Liu_2021.58408_SMM:2626,Treg,2
Liu_2021.58408_SMM:2630,Treg,4
Liu_2021.58408_SMM:2718,Treg,0
Liu_2021.58408_SMM:2744,Treg,0
Liu_2021.58408_SMM:2791,Treg,0
Liu_2021.58408_SMM:2849,Treg,0
Liu_2021.58408_SMM:2908,Treg,2
Liu_2021.58408_SMM:2921,Treg,2
Liu_2021.37692_SMM:146,Treg,2
Liu_2021.37692_SMM:160,Treg,0
Liu_2021.37692_SMM:189,Treg,0
Liu_2021.37692_SMM:222,Treg,0
Liu_2021.37692_Primary:24,Treg,4
Liu_2021.37692_Primary:35,Treg,0
Liu_2021.37692_Primary:139,Treg,0
Liu_2021.37692_Primary:166,Treg,0
Liu_2021.37692_Primary:199,Treg,0
Liu_2021.37692_Primary:346,Treg,4
Liu_2021.37692_Primary:357,Treg,2
Liu_2021.37692_Primary:404,Treg,0
Liu_2021.37692_Primary:585,Treg,2
Liu_2021.37692_Primary:651,Treg,0
Liu_2021.37692_Primary:658,Treg,2
Liu_2021.37692_Primary:681,Treg,2
Liu_2021.37692_Primary:686,Treg,0
Liu_2021.37692_Primary:700,Treg,0
Liu_2021.37692_Primary:810,Treg,0
Liu_2021.37692_Primary:858,Treg,4
Liu_2021.37692_Primary:897,Treg,0
Liu_2021.37692_Primary:928,Treg,0
Liu_2021.37692_Primary:963,Treg,2
Liu_2021.37692_Primary:983,Treg,2
Liu_2021.37692_Primary:996,Treg,0
Liu_2021.37692_Primary:1014,Treg,0
Liu_2021.37692_Primary:1079,Treg,0
Liu_2021.37692_Primary:1112,Treg,0
Liu_2021.37692_Primary:1116,Treg,4
Liu_2021.37692_Primary:1119,Treg,2
Liu_2021.37692_Primary:1142,Treg,0
Liu_2021.37692_Primary:1173,Treg,4
Liu_2021.37692_Primary:1196,Treg,0
Liu_2021.37692_Primary:1229,Treg,0
Liu_2021.37692_Primary:1249,Treg,4
Liu_2021.37692_Primary:1396,Treg,0
Liu_2021.37692_Primary:1406,Treg,0
Liu_2021.37692_Primary:1448,Treg,0
Liu_2021.37692_Primary:1458,Treg,0
Liu_2021.37692_Primary:1470,Treg,0
Liu_2021.37692_Primary:1502,Treg,2
Liu_2021.37692_Primary:1541,Treg,2
Liu_2021.37692_Primary:1549,Treg,2
Liu_2021.37692_Primary:1564,Treg,0
Liu_2021.37692_Primary:1574,Treg,2
Liu_2021.37692_Primary:1648,Treg,0
Liu_2021.37692_Primary:1692,Treg,0
Liu_2021.37692_Primary:1787,Treg,2
Liu_2021.37692_Primary:1821,Treg,2
Liu_2021.37692_Primary:1985,Treg,2
Liu_2021.37692_Primary:2002,Treg,0
Liu_2021.37692_Primary:2044,Treg,0
Liu_2021.37692_Primary:2084,Treg,2
Liu_2021.37692_Primary:2093,Treg,2
Liu_2021.37692_Primary:2102,Treg,0
Liu_2021.37692_Primary:2103,Treg,2
Liu_2021.37692_Primary:2122,Treg,2
Liu_2021.37692_Primary:2162,Treg,0
Liu_2021.37692_Primary:2314,Treg,0
Liu_2021.37692_Primary:2331,Treg,2
Liu_2021.37692_Primary:2334,Treg,2
Liu_2021.37692_Primary:2353,Treg,0
Liu_2021.37692_Primary:2369,Treg,0
Liu_2021.37692_Primary:2375,Treg,2
Liu_2021.37692_Primary:2424,Treg,0
Liu_2021.37692_Primary:2441,Treg,2
Liu_2021.37692_Primary:2450,Treg,2
Liu_2021.37692_Primary:2551,Treg,2
Liu_2021.37692_Primary:2647,Treg,0
Liu_2021.37692_Primary:2743,Treg,0
Liu_2021.37692_Primary:2789,Treg,2
Liu_2021.37692_Primary:2803,Treg,2
Liu_2021.37692_Primary:2869,Treg,0
Liu_2021.37692_Primary:2888,Treg,2
Liu_2021.37692_Primary:3002,Treg,2
Liu_2021.37692_Primary:3090,Treg,0
Liu_2021.37692_Primary:3101,Treg,0
Liu_2021.37692_Primary:3102,Treg,0
Liu_2021.37692_Primary:3149,Treg,0
Liu_2021.37692_Primary:3210,Treg,0
Liu_2021.37692_Primary:3231,Treg,4
Liu_2021.37692_Primary:3278,Treg,2
Liu_2021.37692_Primary:3309,Treg,2
Liu_2021.37692_Primary:3367,Treg,0
Liu_2021.37692_Primary:3383,Treg,4
Liu_2021.37692_Primary:3417,Treg,0
Liu_2021.37692_Primary:3441,Treg,2
Liu_2021.37692_Primary:3463,Treg,0
Liu_2021.37692_Primary:3496,Treg,2
Liu_2021.37692_Primary:3527,Treg,0
Liu_2021.37692_Primary:3599,Treg,0
Liu_2021.37692_Primary:3637,Treg,0
Liu_2021.37692_Primary:3648,Treg,0
Liu_2021.60359_Primary:80,Treg,0
Liu_2021.60359_Primary:153,Treg,0
Liu_2021.60359_Primary:166,Treg,2
Liu_2021.60359_Primary:246,Treg,0
Liu_2021.60359_Primary:265,Treg,0
Liu_2021.60359_Primary:271,Treg,0
Liu_2021.60359_Primary:306,Treg,0
Liu_2021.60359_Primary:325,Treg,0
Liu_2021.60359_Primary:460,Treg,0
Liu_2021.60359_Primary:561,Treg,0
Liu_2021.60359_Primary:595,Treg,0
Liu_2021.60359_Primary:726,Treg,0
Liu_2021.60359_Primary:868,Treg,0
Liu_2021.60359_Primary:1026,Treg,0
Liu_2021.60359_Primary:1055,Treg,0
Liu_2021.60359_Primary:1071,Treg,4
Liu_2021.60359_Primary:1346,Treg,4
Liu_2021.60359_Primary:1457,Treg,0
Liu_2021.60359_Primary:1462,Treg,0
Liu_2021.60359_Primary:1703,Treg,0
Liu_2021.60359_Primary:1725,Treg,2
Liu_2021.60359_Primary:1742,Treg,0
Liu_2021.60359_Primary:1775,Treg,0
Liu_2021.60359_Primary:1923,Treg,0
Liu_2021.60359_Primary:1972,Treg,0
Liu_2021.60359_Primary:1992,Treg,0
Liu_2021.60359_Primary:2073,Treg,0
Liu_2021.60359_Primary:2155,Treg,0
Liu_2021.60359_Primary:2172,Treg,0
Liu_2021.60359_Primary:2270,Treg,2
Liu_2021.60359_Primary:2476,Treg,0
Liu_2021.60359_Primary:2495,Treg,0
Liu_2021.60359_Primary:2565,Treg,2
Liu_2021.60359_Primary:2580,Treg,4
Liu_2021.60359_Primary:2588,Treg,0
Liu_2021.60359_Primary:2668,Treg,0
Liu_2021.60359_Primary:2725,Treg,0
Liu_2021.60359_Primary:3002,Treg,4
Liu_2021.60359_Primary:3020,Treg,2
Liu_2021.60359_Primary:3109,Treg,0
Liu_2021.60359_Primary:3139,Treg,0
Liu_2021.60359_Primary:3191,Treg,2
Liu_2021.60359_Primary:3253,Treg,0
Liu_2021.60359_Primary:3269,Treg,0
Liu_2021.60359_Primary:3293,Treg,0
Liu_2021.60359_Primary:3295,Treg,4
Liu_2021.60359_Primary:3386,Treg,0
Liu_2021.60359_Primary:3426,Treg,0
Liu_2021.60359_Primary:3568,Treg,0
Liu_2021.60359_Primary:3598,Treg,0
Liu_2021.60359_Primary:3972,Treg,0
Liu_2021.60359_Primary:4023,Treg,0
Liu_2021.60359_Primary:4133,Treg,0
Liu_2021.60359_Primary:4374,Treg,2
Liu_2021.60359_Primary:4401,Treg,2
Liu_2021.60359_Primary:4423,Treg,0
Liu_2021.60359_Primary:4552,Treg,0
Liu_2021.60359_Primary:4741,Treg,0
Liu_2021.60359_Primary:4757,Treg,2
Liu_2021.60359_Primary:4774,Treg,0
Liu_2021.60359_Primary:4831,Treg,2
Liu_2021.60359_Primary:4891,Treg,0
Liu_2021.60359_Primary:4917,Treg,0
Liu_2021.60359_Primary:5127,Treg,4
Liu_2021.60359_Primary:5160,Treg,0
SklavenitisPistofidis_2022.P1_BL_BM:274,Treg,2
SklavenitisPistofidis_2022.P1_BL_BM:301,Treg,0
SklavenitisPistofidis_2022.P1_BL_BM:382,Treg,4
SklavenitisPistofidis_2022.P1_BL_PB:135,Treg,0
SklavenitisPistofidis_2022.P1_BL_PB:147,Treg,0
SklavenitisPistofidis_2022.P1_BL_PB:207,Treg,0
SklavenitisPistofidis_2022.P3_BL_PB:40,Treg,0
SklavenitisPistofidis_2022.P3_BL_PB:131,Treg,0
SklavenitisPistofidis_2022.P3_BL_PB:157,Treg,2
SklavenitisPistofidis_2022.P3_BL_PB:166,Treg,0
SklavenitisPistofidis_2022.P3_BL_PB:167,Treg,4
SklavenitisPistofidis_2022.P3_BL_PB:219,Treg,0
SklavenitisPistofidis_2022.P3_BL_PB:238,Treg,0
SklavenitisPistofidis_2022.P3_BL_PB:262,Treg,2
SklavenitisPistofidis_2022.P3_BL_PB:295,Treg,4
SklavenitisPistofidis_2022.P3_BL_PB:362,Treg,0
SklavenitisPistofidis_2022.P3_BL_PB:373,Treg,0
SklavenitisPistofidis_2022.P3_BL_PB:391,Treg,0
SklavenitisPistofidis_2022.P3_BL_PB:426,Treg,4
SklavenitisPistofidis_2022.P3_BL_PB:474,Treg,0
SklavenitisPistofidis_2022.P3_BL_PB:522,Treg,0
SklavenitisPistofidis_2022.P3_BL_PB:530,Treg,0
SklavenitisPistofidis_2022.P3_BL_PB:661,Treg,2
SklavenitisPistofidis_2022.P3_BL_PB:692,Treg,0
SklavenitisPistofidis_2022.P3_BL_PB:718,Treg,0
SklavenitisPistofidis_2022.P3_BL_PB:750,Treg,4
SklavenitisPistofidis_2022.P3_BL_PB:773,Treg,0
SklavenitisPistofidis_2022.P3_BL_PB:804,Treg,0
SklavenitisPistofidis_2022.P3_BL_PB:848,Treg,0
SklavenitisPistofidis_2022.P3_BL_PB:858,Treg,2
SklavenitisPistofidis_2022.P3_BL_PB:934,Treg,2
SklavenitisPistofidis_2022.P3_BL_PB:943,Treg,2
SklavenitisPistofidis_2022.P3_BL_PB:989,Treg,0
SklavenitisPistofidis_2022.P3_BL_PB:1022,Treg,0
SklavenitisPistofidis_2022.P3_BL_PB:1033,Treg,0
SklavenitisPistofidis_2022.P3_BL_PB:1059,Treg,0
SklavenitisPistofidis_2022.P3_BL_PB:1090,Treg,0
SklavenitisPistofidis_2022.P3_BL_PB:1170,Treg,0
SklavenitisPistofidis_2022.P3_BL_PB:1172,Treg,0
SklavenitisPistofidis_2022.P3_BL_PB:1182,Treg,4
SklavenitisPistofidis_2022.P3_BL_PB:1186,Treg,0
SklavenitisPistofidis_2022.P3_BL_PB:1290,Treg,4
SklavenitisPistofidis_2022.P3_BL_PB:1310,Treg,0
SklavenitisPistofidis_2022.P3_BL_PB:1311,Treg,0
SklavenitisPistofidis_2022.P3_BL_PB:1314,Treg,2
SklavenitisPistofidis_2022.P3_BL_PB:1339,Treg,0
SklavenitisPistofidis_2022.P3_BL_PB:1422,Treg,2
SklavenitisPistofidis_2022.P3_BL_PB:1427,Treg,2
SklavenitisPistofidis_2022.P3_BL_PB:1448,Treg,0
SklavenitisPistofidis_2022.P3_BL_PB:1469,Treg,2
SklavenitisPistofidis_2022.P3_BL_PB:1510,Treg,0
SklavenitisPistofidis_2022.P3_BL_PB:1541,Treg,2
SklavenitisPistofidis_2022.P3_BL_PB:1556,Treg,0
SklavenitisPistofidis_2022.P3_BL_PB:1561,Treg,4
SklavenitisPistofidis_2022.P3_BL_PB:1568,Treg,2
SklavenitisPistofidis_2022.P3_BL_PB:1571,Treg,0
SklavenitisPistofidis_2022.P3_BL_PB:1585,Treg,0
SklavenitisPistofidis_2022.P3_BL_PB:1592,Treg,0
SklavenitisPistofidis_2022.P3_BL_PB:1593,Treg,0
SklavenitisPistofidis_2022.P3_BL_PB:1594,Treg,4
SklavenitisPistofidis_2022.P3_BL_PB:1646,Treg,0
SklavenitisPistofidis_2022.P3_BL_PB:1662,Treg,2
SklavenitisPistofidis_2022.P3_BL_PB:1682,Treg,0
SklavenitisPistofidis_2022.P3_BL_PB:1684,Treg,0
SklavenitisPistofidis_2022.P3_BL_PB:1764,Treg,4
SklavenitisPistofidis_2022.P3_BL_PB:1799,Treg,0
SklavenitisPistofidis_2022.P3_BL_PB:1809,Treg,2
SklavenitisPistofidis_2022.P3_BL_PB:1867,Treg,0
SklavenitisPistofidis_2022.P3_BL_PB:1876,Treg,0
SklavenitisPistofidis_2022.P3_BL_PB:1882,Treg,0
SklavenitisPistofidis_2022.P3_BL_PB:1889,Treg,0
SklavenitisPistofidis_2022.P3_BL_PB:1926,Treg,4
SklavenitisPistofidis_2022.P3_BL_PB:1937,Treg,0
SklavenitisPistofidis_2022.P3_BL_PB:1960,Treg,2
SklavenitisPistofidis_2022.P3_BL_PB:1969,Treg,2
SklavenitisPistofidis_2022.P3_BL_PB:1980,Treg,0
SklavenitisPistofidis_2022.P3_BL_PB:1989,Treg,2
SklavenitisPistofidis_2022.P3_BL_PB:1997,Treg,0
SklavenitisPistofidis_2022.P3_BL_PB:2010,Treg,0
SklavenitisPistofidis_2022.P3_BL_PB:2022,Treg,2
SklavenitisPistofidis_2022.P3_BL_PB:2024,Treg,0
SklavenitisPistofidis_2022.P3_BL_PB:2085,Treg,0
SklavenitisPistofidis_2022.P3_BL_PB:2102,Treg,0
SklavenitisPistofidis_2022.P3_BL_PB:2114,Treg,2
SklavenitisPistofidis_2022.P3_BL_PB:2124,Treg,2
SklavenitisPistofidis_2022.P3_BL_PB:2143,Treg,0
SklavenitisPistofidis_2022.P3_BL_PB:2156,Treg,0
SklavenitisPistofidis_2022.P3_BL_PB:2235,Treg,0
SklavenitisPistofidis_2022.P3_BL_PB:2308,Treg,2
SklavenitisPistofidis_2022.P3_BL_PB:2346,Treg,2
SklavenitisPistofidis_2022.P3_BL_PB:2351,Treg,0
SklavenitisPistofidis_2022.P3_BL_PB:2356,Treg,2
SklavenitisPistofidis_2022.P3_BL_PB:2357,Treg,2
SklavenitisPistofidis_2022.P3_BL_PB:2377,Treg,0
SklavenitisPistofidis_2022.P3_BL_PB:2414,Treg,0
SklavenitisPistofidis_2022.P3_BL_PB:2438,Treg,2
SklavenitisPistofidis_2022.P3_BL_PB:2451,Treg,2
SklavenitisPistofidis_2022.P3_BL_PB:2490,Treg,0
SklavenitisPistofidis_2022.P3_BL_PB:2544,Treg,0
SklavenitisPistofidis_2022.P3_BL_PB:2546,Treg,2
SklavenitisPistofidis_2022.P3_BL_PB:2551,Treg,0
SklavenitisPistofidis_2022.P3_BL_PB:2622,Treg,2
SklavenitisPistofidis_2022.P3_BL_PB:2665,Treg,2
SklavenitisPistofidis_2022.P3_BL_PB:2686,Treg,2
SklavenitisPistofidis_2022.P3_BL_PB:2703,Treg,0
SklavenitisPistofidis_2022.P3_BL_PB:2731,Treg,2
SklavenitisPistofidis_2022.P3_BL_PB:2738,Treg,0
SklavenitisPistofidis_2022.P3_BL_PB:2758,Treg,0
SklavenitisPistofidis_2022.P3_BL_PB:2798,Treg,2
SklavenitisPistofidis_2022.P3_BL_PB:2806,Treg,2
SklavenitisPistofidis_2022.P3_BL_PB:2885,Treg,0
SklavenitisPistofidis_2022.P3_BL_PB:2926,Treg,0
SklavenitisPistofidis_2022.P3_BL_PB:2951,Treg,0
SklavenitisPistofidis_2022.P3_BL_PB:3024,Treg,0
SklavenitisPistofidis_2022.P3_BL_PB:3026,Treg,2
SklavenitisPistofidis_2022.P3_BL_PB:3042,Treg,2
SklavenitisPistofidis_2022.P3_BL_PB:3054,Treg,2
SklavenitisPistofidis_2022.P3_BL_PB:3118,Treg,0
SklavenitisPistofidis_2022.P3_BL_PB:3127,Treg,2
SklavenitisPistofidis_2022.P3_BL_PB:3145,Treg,0
SklavenitisPistofidis_2022.P3_BL_PB:3173,Treg,0
SklavenitisPistofidis_2022.P3_BL_PB:3202,Treg,0
SklavenitisPistofidis_2022.P3_BL_PB:3220,Treg,0
SklavenitisPistofidis_2022.P3_BL_PB:3301,Treg,2
SklavenitisPistofidis_2022.P3_BL_PB:3347,Treg,2
SklavenitisPistofidis_2022.P3_BL_PB:3389,Treg,4
SklavenitisPistofidis_2022.P3_BL_PB:3391,Treg,0
SklavenitisPistofidis_2022.P3_BL_PB:3433,Treg,2
SklavenitisPistofidis_2022.P3_BL_PB:3448,Treg,0
SklavenitisPistofidis_2022.P3_BL_PB:3478,Treg,0
SklavenitisPistofidis_2022.P3_BL_PB:3507,Treg,4
SklavenitisPistofidis_2022.P3_BL_PB:3516,Treg,0
SklavenitisPistofidis_2022.P3_BL_PB:3522,Treg,2
SklavenitisPistofidis_2022.P3_BL_PB:3572,Treg,0
SklavenitisPistofidis_2022.P3_BL_PB:3608,Treg,0
SklavenitisPistofidis_2022.P3_BL_PB:3610,Treg,0
SklavenitisPistofidis_2022.P3_BL_PB:3655,Treg,4
SklavenitisPistofidis_2022.P3_BL_PB:3711,Treg,0
SklavenitisPistofidis_2022.P3_BL_PB:3773,Treg,0
SklavenitisPistofidis_2022.P3_BL_PB:3801,Treg,0
SklavenitisPistofidis_2022.P3_BL_PB:3821,Treg,0
SklavenitisPistofidis_2022.P3_BL_PB:3823,Treg,0
SklavenitisPistofidis_2022.P3_BL_PB:3911,Treg,0
SklavenitisPistofidis_2022.P3_BL_PB:3951,Treg,0
SklavenitisPistofidis_2022.P3_BL_PB:3992,Treg,2
SklavenitisPistofidis_2022.P3_BL_PB:4002,Treg,0
SklavenitisPistofidis_2022.P3_BL_PB:4035,Treg,0
SklavenitisPistofidis_2022.P3_BL_PB:4055,Treg,0
SklavenitisPistofidis_2022.P3_BL_PB:4134,Treg,0
SklavenitisPistofidis_2022.P3_BL_PB:4164,Treg,2
SklavenitisPistofidis_2022.P3_BL_PB:4202,Treg,2
SklavenitisPistofidis_2022.P3_BL_PB:4312,Treg,2
SklavenitisPistofidis_2022.P3_BL_PB:4314,Treg,2
SklavenitisPistofidis_2022.P3_BL_PB:4363,Treg,2
SklavenitisPistofidis_2022.P3_BL_PB:4421,Treg,2
SklavenitisPistofidis_2022.P3_BL_PB:4484,Treg,2
SklavenitisPistofidis_2022.P3_BL_PB:4489,Treg,2
SklavenitisPistofidis_2022.P3_BL_PB:4663,Treg,0
SklavenitisPistofidis_2022.P3_BL_PB:4682,Treg,2
SklavenitisPistofidis_2022.P3_BL_PB:4959,Treg,0
SklavenitisPistofidis_2022.P3_BL_PB:5033,Treg,0
SklavenitisPistofidis_2022.P3_BL_PB:5039,Treg,2
SklavenitisPistofidis_2022.P3_BL_PB:5094,Treg,0
SklavenitisPistofidis_2022.P3_BL_PB:5142,Treg,0
SklavenitisPistofidis_2022.P3_BL_PB:5165,Treg,0
SklavenitisPistofidis_2022.P3_BL_PB:5185,Treg,4
SklavenitisPistofidis_2022.P3_BL_PB:5193,Treg,0
SklavenitisPistofidis_2022.P3_BL_PB:5196,Treg,0
SklavenitisPistofidis_2022.P3_BL_PB:5261,Treg,2
SklavenitisPistofidis_2022.P3_BL_PB:5344,Treg,2
SklavenitisPistofidis_2022.P3_BL_PB:5380,Treg,4
SklavenitisPistofidis_2022.P3_BL_PB:5384,Treg,0
SklavenitisPistofidis_2022.P3_BL_PB:5392,Treg,0
SklavenitisPistofidis_2022.P3_BL_PB:5393,Treg,0
SklavenitisPistofidis_2022.P3_BL_PB:5406,Treg,2
SklavenitisPistofidis_2022.P3_BL_PB:5413,Treg,0
SklavenitisPistofidis_2022.P3_BL_PB:5441,Treg,0
SklavenitisPistofidis_2022.P3_BL_PB:5478,Treg,2
SklavenitisPistofidis_2022.P3_BL_PB:5550,Treg,2
SklavenitisPistofidis_2022.P3_BL_PB:5632,Treg,2
SklavenitisPistofidis_2022.P3_BL_PB:5757,Treg,0
SklavenitisPistofidis_2022.P3_BL_PB:5804,Treg,0
SklavenitisPistofidis_2022.P3_BL_PB:5811,Treg,2
SklavenitisPistofidis_2022.P3_BL_PB:5832,Treg,2
SklavenitisPistofidis_2022.P3_BL_PB:5866,Treg,0
SklavenitisPistofidis_2022.P3_BL_PB:5931,Treg,0
SklavenitisPistofidis_2022.P3_BL_PB:5982,Treg,0
SklavenitisPistofidis_2022.P3_BL_PB:5983,Treg,2
SklavenitisPistofidis_2022.P3_BL_PB:5997,Treg,0
SklavenitisPistofidis_2022.P3_BL_PB:6005,Treg,0
SklavenitisPistofidis_2022.P3_BL_PB:6030,Treg,2
SklavenitisPistofidis_2022.P3_BL_PB:6036,Treg,0
SklavenitisPistofidis_2022.P3_BL_PB:6054,Treg,0
SklavenitisPistofidis_2022.P3_BL_PB:6091,Treg,2
SklavenitisPistofidis_2022.P3_BL_PB:6098,Treg,2
SklavenitisPistofidis_2022.P3_BL_PB:6133,Treg,0
SklavenitisPistofidis_2022.P3_BL_PB:6230,Treg,0
SklavenitisPistofidis_2022.P3_BL_PB:6257,Treg,0
SklavenitisPistofidis_2022.P3_BL_PB:6282,Treg,0
SklavenitisPistofidis_2022.P3_BL_PB:6313,Treg,0
SklavenitisPistofidis_2022.P3_BL_PB:6342,Treg,0
SklavenitisPistofidis_2022.P3_BL_PB:6384,Treg,0
SklavenitisPistofidis_2022.P3_BL_PB:6390,Treg,0
SklavenitisPistofidis_2022.P3_BL_PB:6469,Treg,0
SklavenitisPistofidis_2022.P3_BL_PB:6512,Treg,2
SklavenitisPistofidis_2022.P3_BL_PB:6524,Treg,0
SklavenitisPistofidis_2022.P3_BL_PB:6559,Treg,0
SklavenitisPistofidis_2022.P3_BL_PB:6575,Treg,0
SklavenitisPistofidis_2022.P3_BL_PB:6588,Treg,0
SklavenitisPistofidis_2022.P3_BL_PB:6615,Treg,0
SklavenitisPistofidis_2022.P3_BL_PB:6661,Treg,4
SklavenitisPistofidis_2022.P3_BL_PB:6729,Treg,0
SklavenitisPistofidis_2022.P3_BL_PB:6770,Treg,2
SklavenitisPistofidis_2022.P3_BL_PB:6819,Treg,0
SklavenitisPistofidis_2022.P3_BL_PB:6828,Treg,0
SklavenitisPistofidis_2022.P3_BL_PB:6836,Treg,0
SklavenitisPistofidis_2022.P3_BL_PB:6932,Treg,0
SklavenitisPistofidis_2022.P3_BL_PB:7039,Treg,0
SklavenitisPistofidis_2022.P3_BL_PB:7091,Treg,0
SklavenitisPistofidis_2022.P3_BL_PB:7146,Treg,0
SklavenitisPistofidis_2022.P3_BL_PB:7152,Treg,0
SklavenitisPistofidis_2022.P3_BL_PB:7180,Treg,0
SklavenitisPistofidis_2022.P3_BL_PB:7203,Treg,0
SklavenitisPistofidis_2022.P3_BL_PB:7254,Treg,2
SklavenitisPistofidis_2022.P3_BL_PB:7320,Treg,2
SklavenitisPistofidis_2022.P3_BL_PB:7326,Treg,2
SklavenitisPistofidis_2022.P3_BL_PB:7344,Treg,0
SklavenitisPistofidis_2022.P3_BL_PB:7414,Treg,2
SklavenitisPistofidis_2022.P3_BL_PB:7454,Treg,0
SklavenitisPistofidis_2022.P3_BL_PB:7573,Treg,2
SklavenitisPistofidis_2022.P3_BL_PB:7616,Treg,0
SklavenitisPistofidis_2022.P3_BL_PB:7642,Treg,0
SklavenitisPistofidis_2022.P3_BL_PB:7661,Treg,0
SklavenitisPistofidis_2022.P3_BL_PB:7696,Treg,2
SklavenitisPistofidis_2022.P3_BL_PB:7703,Treg,2
SklavenitisPistofidis_2022.P3_BL_PB:7704,Treg,0
SklavenitisPistofidis_2022.P3_BL_PB:7705,Treg,0
SklavenitisPistofidis_2022.P3_BL_PB:7711,Treg,0
SklavenitisPistofidis_2022.P3_BL_PB:7727,Treg,0
SklavenitisPistofidis_2022.P3_BL_PB:7789,Treg,4
SklavenitisPistofidis_2022.P3_BL_PB:7830,Treg,0
SklavenitisPistofidis_2022.P3_BL_PB:7861,Treg,2
SklavenitisPistofidis_2022.P3_BL_PB:7864,Treg,2
SklavenitisPistofidis_2022.P3_BL_PB:7880,Treg,2
SklavenitisPistofidis_2022.P3_BL_PB:7959,Treg,0
SklavenitisPistofidis_2022.P3_BL_PB:8011,Treg,0
SklavenitisPistofidis_2022.P3_BL_PB:8020,Treg,0
SklavenitisPistofidis_2022.P3_BL_PB:8043,Treg,0
SklavenitisPistofidis_2022.P3_BL_PB:8063,Treg,2
SklavenitisPistofidis_2022.P3_BL_PB:8189,Treg,0
SklavenitisPistofidis_2022.P3_BL_PB:8270,Treg,0
SklavenitisPistofidis_2022.P3_BL_PB:8273,Treg,0
SklavenitisPistofidis_2022.P3_BL_PB:8320,Treg,0
SklavenitisPistofidis_2022.P3_BL_PB:8338,Treg,0
SklavenitisPistofidis_2022.P3_BL_PB:8355,Treg,0
SklavenitisPistofidis_2022.P3_BL_PB:8362,Treg,4
SklavenitisPistofidis_2022.P3_BL_PB:8427,Treg,0
SklavenitisPistofidis_2022.P3_BL_PB:8463,Treg,2
SklavenitisPistofidis_2022.P3_BL_PB:8502,Treg,0
SklavenitisPistofidis_2022.P3_BL_PB:8509,Treg,0
SklavenitisPistofidis_2022.P3_BL_PB:8520,Treg,2
SklavenitisPistofidis_2022.P3_BL_PB:8523,Treg,0
SklavenitisPistofidis_2022.P3_BL_PB:8550,Treg,2
SklavenitisPistofidis_2022.P3_BL_PB:8559,Treg,2
SklavenitisPistofidis_2022.P3_BL_PB:8568,Treg,0
SklavenitisPistofidis_2022.P3_BL_PB:8573,Treg,0
SklavenitisPistofidis_2022.P3_BL_PB:8599,Treg,0
SklavenitisPistofidis_2022.P3_BL_PB:8620,Treg,4
SklavenitisPistofidis_2022.P3_BL_PB:8622,Treg,0
SklavenitisPistofidis_2022.P3_BL_PB:8653,Treg,0
SklavenitisPistofidis_2022.P3_BL_PB:8803,Treg,4
SklavenitisPistofidis_2022.P3_BL_PB:8892,Treg,0
SklavenitisPistofidis_2022.P3_BL_PB:8926,Treg,0
SklavenitisPistofidis_2022.P3_BL_PB:8935,Treg,0
SklavenitisPistofidis_2022.P3_BL_PB:9070,Treg,0
SklavenitisPistofidis_2022.P3_BL_PB:9104,Treg,4
SklavenitisPistofidis_2022.P3_BL_PB:9148,Treg,2
SklavenitisPistofidis_2022.P3_BL_PB:9187,Treg,2
SklavenitisPistofidis_2022.P3_BL_PB:9195,Treg,2
SklavenitisPistofidis_2022.P3_BL_PB:9246,Treg,0
SklavenitisPistofidis_2022.P3_BL_PB:9248,Treg,0
SklavenitisPistofidis_2022.P3_BL_PB:9352,Treg,4
SklavenitisPistofidis_2022.P3_BL_PB:9467,Treg,2
SklavenitisPistofidis_2022.P3_BL_PB:9530,Treg,0
SklavenitisPistofidis_2022.P3_BL_PB:9535,Treg,0
SklavenitisPistofidis_2022.P3_BL_PB:9564,Treg,4
SklavenitisPistofidis_2022.P3_BL_PB:9658,Treg,0
SklavenitisPistofidis_2022.P3_BL_PB:9675,Treg,0
SklavenitisPistofidis_2022.P3_BL_PB:9723,Treg,0
SklavenitisPistofidis_2022.P3_BL_PB:9769,Treg,2
SklavenitisPistofidis_2022.P3_BL_PB:9772,Treg,0
SklavenitisPistofidis_2022.P3_BL_PB:9782,Treg,2
SklavenitisPistofidis_2022.P3_BL_PB:9787,Treg,4
SklavenitisPistofidis_2022.P3_BL_PB:9791,Treg,0
SklavenitisPistofidis_2022.P3_BL_PB:9873,Treg,0
SklavenitisPistofidis_2022.P3_BL_PB:9877,Treg,2
SklavenitisPistofidis_2022.P3_BL_PB:9879,Treg,0
SklavenitisPistofidis_2022.P3_BL_PB:9928,Treg,0
SklavenitisPistofidis_2022.P3_BL_PB:9936,Treg,0
SklavenitisPistofidis_2022.P3_BL_PB:9982,Treg,2
SklavenitisPistofidis_2022.P3_BL_PB:10071,Treg,2
SklavenitisPistofidis_2022.P3_BL_PB:10141,Treg,0
SklavenitisPistofidis_2022.P3_BL_PB:10152,Treg,2
SklavenitisPistofidis_2022.P3_BL_PB:10226,Treg,0
SklavenitisPistofidis_2022.P3_BL_PB:10242,Treg,0
SklavenitisPistofidis_2022.P3_BL_PB:10284,Treg,2
SklavenitisPistofidis_2022.P3_BL_PB:10296,Treg,0
SklavenitisPistofidis_2022.P3_BL_PB:10319,Treg,0
SklavenitisPistofidis_2022.P3_BL_PB:10393,Treg,0
SklavenitisPistofidis_2022.P3_BL_PB:10403,Treg,2
SklavenitisPistofidis_2022.P3_BL_PB:10430,Treg,2
SklavenitisPistofidis_2022.P3_BL_PB:10439,Treg,0
SklavenitisPistofidis_2022.P3_BL_PB:10484,Treg,0
SklavenitisPistofidis_2022.P3_BL_PB:10509,Treg,0
SklavenitisPistofidis_2022.P3_BL_PB:10519,Treg,0
SklavenitisPistofidis_2022.P3_BL_PB:10533,Treg,2
SklavenitisPistofidis_2022.P3_BL_PB:10562,Treg,4
SklavenitisPistofidis_2022.P3_BL_PB:10578,Treg,2
SklavenitisPistofidis_2022.P3_BL_PB:10622,Treg,0
SklavenitisPistofidis_2022.P3_BL_PB:10678,Treg,0
SklavenitisPistofidis_2022.P3_BL_PB:10691,Treg,2
SklavenitisPistofidis_2022.P3_BL_PB:10714,Treg,0
SklavenitisPistofidis_2022.P3_BL_PB:10753,Treg,0
SklavenitisPistofidis_2022.P3_BL_PB:10763,Treg,0
SklavenitisPistofidis_2022.P3_BL_PB:10767,Treg,0
SklavenitisPistofidis_2022.P3_BL_PB:10802,Treg,0
SklavenitisPistofidis_2022.P3_BL_PB:10813,Treg,0
SklavenitisPistofidis_2022.P3_BL_PB:10827,Treg,0
SklavenitisPistofidis_2022.P3_BL_PB:10844,Treg,2
SklavenitisPistofidis_2022.P3_BL_PB:10855,Treg,0
SklavenitisPistofidis_2022.P3_BL_PB:10876,Treg,2
SklavenitisPistofidis_2022.P3_BL_PB:10880,Treg,2
SklavenitisPistofidis_2022.P3_BL_PB:10893,Treg,0
SklavenitisPistofidis_2022.P3_BL_PB:10916,Treg,0
SklavenitisPistofidis_2022.P3_BL_PB:10963,Treg,2
SklavenitisPistofidis_2022.P3_BL_PB:11043,Treg,0
SklavenitisPistofidis_2022.P3_BL_PB:11045,Treg,0
SklavenitisPistofidis_2022.P3_BL_PB:11067,Treg,2
SklavenitisPistofidis_2022.P3_BL_PB:11079,Treg,0
SklavenitisPistofidis_2022.P3_BL_PB:11105,Treg,0
SklavenitisPistofidis_2022.P3_BL_PB:11110,Treg,2
SklavenitisPistofidis_2022.P3_BL_PB:11130,Treg,0
SklavenitisPistofidis_2022.P3_BL_PB:11140,Treg,4
SklavenitisPistofidis_2022.P3_BL_PB:11158,Treg,0
SklavenitisPistofidis_2022.P3_BL_PB:11193,Treg,0
SklavenitisPistofidis_2022.P3_BL_PB:11218,Treg,4
SklavenitisPistofidis_2022.P3_BL_PB:11235,Treg,2
SklavenitisPistofidis_2022.P3_BL_PB:11271,Treg,0
SklavenitisPistofidis_2022.P3_BL_PB:11272,Treg,0
SklavenitisPistofidis_2022.P3_BL_PB:11339,Treg,2
SklavenitisPistofidis_2022.P3_BL_PB:11367,Treg,0
SklavenitisPistofidis_2022.P3_BL_PB:11380,Treg,0
SklavenitisPistofidis_2022.P3_BL_PB:11399,Treg,0
SklavenitisPistofidis_2022.P3_BL_PB:11414,Treg,0
SklavenitisPistofidis_2022.P3_BL_PB:11476,Treg,2
SklavenitisPistofidis_2022.P3_BL_PB:11503,Treg,2
SklavenitisPistofidis_2022.P3_BL_PB:11504,Treg,2
SklavenitisPistofidis_2022.P3_BL_PB:11512,Treg,2
SklavenitisPistofidis_2022.P3_BL_PB:11515,Treg,0
SklavenitisPistofidis_2022.P3_BL_PB:11558,Treg,0
SklavenitisPistofidis_2022.P3_BL_PB:11609,Treg,0
SklavenitisPistofidis_2022.P3_BL_PB:11612,Treg,2
SklavenitisPistofidis_2022.P3_BL_PB:11614,Treg,2
SklavenitisPistofidis_2022.P3_BL_PB:11617,Treg,4
SklavenitisPistofidis_2022.P3_BL_PB:11670,Treg,0
SklavenitisPistofidis_2022.P3_BL_PB:11691,Treg,0
SklavenitisPistofidis_2022.P3_BL_PB:11706,Treg,0
SklavenitisPistofidis_2022.P3_BL_PB:11765,Treg,0
SklavenitisPistofidis_2022.P3_BL_PB:11768,Treg,2
SklavenitisPistofidis_2022.P3_BL_PB:11779,Treg,0
SklavenitisPistofidis_2022.P3_BL_PB:11822,Treg,0
SklavenitisPistofidis_2022.P3_BL_PB:11872,Treg,0
SklavenitisPistofidis_2022.P3_BL_PB:11875,Treg,0
SklavenitisPistofidis_2022.P3_BL_PB:11970,Treg,2
SklavenitisPistofidis_2022.P3_BL_PB:12014,Treg,2
SklavenitisPistofidis_2022.P3_BL_PB:12019,Treg,0
SklavenitisPistofidis_2022.P3_BL_PB:12073,Treg,2
SklavenitisPistofidis_2022.P3_BL_PB:12093,Treg,2
SklavenitisPistofidis_2022.P3_BL_PB:12094,Treg,0
SklavenitisPistofidis_2022.P3_BL_PB:12150,Treg,2
SklavenitisPistofidis_2022.P3_BL_PB:12189,Treg,4
SklavenitisPistofidis_2022.P3_BL_PB:12221,Treg,2
SklavenitisPistofidis_2022.P3_BL_PB:12255,Treg,0
SklavenitisPistofidis_2022.P3_BL_PB:12299,Treg,2
SklavenitisPistofidis_2022.P3_BL_PB:12372,Treg,0
SklavenitisPistofidis_2022.P3_BL_PB:12419,Treg,0
SklavenitisPistofidis_2022.P3_BL_PB:12425,Treg,0
SklavenitisPistofidis_2022.P3_BL_PB:12449,Treg,0
SklavenitisPistofidis_2022.P3_BL_PB:12472,Treg,2
SklavenitisPistofidis_2022.P3_BL_PB:12501,Treg,0
SklavenitisPistofidis_2022.P3_BL_PB:12515,Treg,2
SklavenitisPistofidis_2022.P3_BL_PB:12552,Treg,0
SklavenitisPistofidis_2022.P3_BL_PB:12564,Treg,2
SklavenitisPistofidis_2022.P3_BL_PB:12572,Treg,0
SklavenitisPistofidis_2022.P3_BL_PB:12591,Treg,2
SklavenitisPistofidis_2022.P3_BL_PB:12592,Treg,0
SklavenitisPistofidis_2022.P3_BL_PB:12671,Treg,2
SklavenitisPistofidis_2022.P3_BL_PB:12705,Treg,0
SklavenitisPistofidis_2022.P3_BL_PB:12706,Treg,0
SklavenitisPistofidis_2022.P3_BL_PB:12719,Treg,4
SklavenitisPistofidis_2022.P3_BL_PB:12800,Treg,0
SklavenitisPistofidis_2022.P3_BL_PB:12846,Treg,0
SklavenitisPistofidis_2022.P3_BL_BM:740,Treg,0
SklavenitisPistofidis_2022.P3_BL_BM:848,Treg,0
SklavenitisPistofidis_2022.P4_BL_BM:17,Treg,2
SklavenitisPistofidis_2022.P5_BL_PB:18,Treg,0
SklavenitisPistofidis_2022.P5_BL_PB:38,Treg,0
SklavenitisPistofidis_2022.P5_BL_PB:99,Treg,0
SklavenitisPistofidis_2022.P5_BL_PB:132,Treg,2
SklavenitisPistofidis_2022.P5_BL_PB:162,Treg,0
SklavenitisPistofidis_2022.P5_BL_PB:203,Treg,0
SklavenitisPistofidis_2022.P5_BL_PB:223,Treg,0
SklavenitisPistofidis_2022.P5_BL_PB:225,Treg,0
SklavenitisPistofidis_2022.P5_BL_PB:246,Treg,0
SklavenitisPistofidis_2022.P5_BL_PB:248,Treg,2
SklavenitisPistofidis_2022.P5_BL_PB:323,Treg,0
SklavenitisPistofidis_2022.P5_BL_PB:335,Treg,0
SklavenitisPistofidis_2022.P5_BL_PB:340,Treg,0
SklavenitisPistofidis_2022.P5_BL_PB:380,Treg,0
SklavenitisPistofidis_2022.P5_BL_PB:517,Treg,0
SklavenitisPistofidis_2022.P5_BL_PB:592,Treg,4
SklavenitisPistofidis_2022.P5_BL_PB:624,Treg,2
SklavenitisPistofidis_2022.P5_BL_PB:625,Treg,0
SklavenitisPistofidis_2022.P5_BL_PB:630,Treg,2
SklavenitisPistofidis_2022.P5_BL_PB:723,Treg,4
SklavenitisPistofidis_2022.P5_BL_PB:740,Treg,4
SklavenitisPistofidis_2022.P5_BL_PB:769,Treg,0
SklavenitisPistofidis_2022.P5_BL_PB:864,Treg,0
SklavenitisPistofidis_2022.P5_BL_PB:874,Treg,0
SklavenitisPistofidis_2022.P5_BL_PB:881,Treg,2
SklavenitisPistofidis_2022.P5_BL_PB:899,Treg,2
SklavenitisPistofidis_2022.P5_BL_PB:915,Treg,0
SklavenitisPistofidis_2022.P5_BL_PB:923,Treg,2
SklavenitisPistofidis_2022.P5_BL_PB:973,Treg,0
SklavenitisPistofidis_2022.P5_BL_PB:1037,Treg,2
SklavenitisPistofidis_2022.P5_BL_PB:1051,Treg,0
SklavenitisPistofidis_2022.P5_BL_PB:1068,Treg,2
SklavenitisPistofidis_2022.P5_BL_PB:1091,Treg,0
SklavenitisPistofidis_2022.P5_BL_PB:1095,Treg,4
SklavenitisPistofidis_2022.P5_BL_PB:1117,Treg,2
SklavenitisPistofidis_2022.P5_BL_PB:1177,Treg,2
SklavenitisPistofidis_2022.P5_BL_PB:1218,Treg,0
SklavenitisPistofidis_2022.P5_BL_PB:1231,Treg,0
SklavenitisPistofidis_2022.P5_BL_PB:1235,Treg,0
SklavenitisPistofidis_2022.P5_BL_PB:1236,Treg,2
SklavenitisPistofidis_2022.P5_BL_PB:1271,Treg,2
SklavenitisPistofidis_2022.P5_BL_PB:1298,Treg,0
SklavenitisPistofidis_2022.P5_BL_PB:1326,Treg,0
SklavenitisPistofidis_2022.P5_BL_PB:1340,Treg,0
SklavenitisPistofidis_2022.P5_BL_PB:1370,Treg,2
SklavenitisPistofidis_2022.P5_BL_PB:1381,Treg,0
SklavenitisPistofidis_2022.P5_BL_PB:1393,Treg,2
SklavenitisPistofidis_2022.P5_BL_PB:1399,Treg,0
SklavenitisPistofidis_2022.P5_BL_PB:1435,Treg,0
SklavenitisPistofidis_2022.P5_BL_PB:1472,Treg,2
SklavenitisPistofidis_2022.P5_BL_PB:1502,Treg,0
SklavenitisPistofidis_2022.P5_BL_PB:1525,Treg,2
SklavenitisPistofidis_2022.P5_BL_PB:1607,Treg,0
SklavenitisPistofidis_2022.P5_BL_PB:1633,Treg,0
SklavenitisPistofidis_2022.P5_BL_PB:1751,Treg,2
SklavenitisPistofidis_2022.P5_BL_PB:1815,Treg,0
SklavenitisPistofidis_2022.P5_BL_PB:1824,Treg,2
SklavenitisPistofidis_2022.P5_BL_PB:1837,Treg,0
SklavenitisPistofidis_2022.P5_BL_BM:262,Treg,0
SklavenitisPistofidis_2022.P5_BL_BM:437,Treg,2
SklavenitisPistofidis_2022.P5_BL_BM:468,Treg,2
SklavenitisPistofidis_2022.P5_BL_BM:545,Treg,4
SklavenitisPistofidis_2022.P5_BL_BM:551,Treg,2
SklavenitisPistofidis_2022.P5_BL_BM:823,Treg,4
SklavenitisPistofidis_2022.P5_BL_BM:877,Treg,0
SklavenitisPistofidis_2022.P5_BL_BM:1063,Treg,0
SklavenitisPistofidis_2022.P5_BL_BM:1070,Treg,0
SklavenitisPistofidis_2022.P5_BL_BM:1296,Treg,0
SklavenitisPistofidis_2022.P5_BL_BM:1346,Treg,0
SklavenitisPistofidis_2022.P5_BL_BM:1664,Treg,0
SklavenitisPistofidis_2022.P5_BL_BM:1885,Treg,2
SklavenitisPistofidis_2022.P6_BL_PB:9,Treg,0
SklavenitisPistofidis_2022.P6_BL_PB:11,Treg,2
SklavenitisPistofidis_2022.P6_BL_PB:16,Treg,2
SklavenitisPistofidis_2022.P6_BL_PB:25,Treg,2
SklavenitisPistofidis_2022.P6_BL_PB:29,Treg,4
SklavenitisPistofidis_2022.P6_BL_PB:62,Treg,2
SklavenitisPistofidis_2022.P6_BL_PB:64,Treg,0
SklavenitisPistofidis_2022.P6_BL_PB:66,Treg,4
SklavenitisPistofidis_2022.P6_BL_PB:93,Treg,0
SklavenitisPistofidis_2022.P6_BL_PB:94,Treg,0
SklavenitisPistofidis_2022.P6_BL_PB:122,Treg,0
SklavenitisPistofidis_2022.P6_BL_PB:127,Treg,0
SklavenitisPistofidis_2022.P6_BL_PB:147,Treg,0
SklavenitisPistofidis_2022.P6_BL_PB:155,Treg,2
SklavenitisPistofidis_2022.P6_BL_PB:158,Treg,0
SklavenitisPistofidis_2022.P6_BL_PB:167,Treg,4
SklavenitisPistofidis_2022.P6_BL_PB:192,Treg,0
SklavenitisPistofidis_2022.P6_BL_PB:201,Treg,2
SklavenitisPistofidis_2022.P6_BL_PB:206,Treg,0
SklavenitisPistofidis_2022.P6_BL_PB:211,Treg,2
SklavenitisPistofidis_2022.P6_BL_PB:230,Treg,0
SklavenitisPistofidis_2022.P6_BL_PB:252,Treg,0
SklavenitisPistofidis_2022.P6_BL_PB:274,Treg,0
SklavenitisPistofidis_2022.P6_BL_PB:324,Treg,2
SklavenitisPistofidis_2022.P6_BL_PB:331,Treg,0
SklavenitisPistofidis_2022.P6_BL_PB:342,Treg,0
SklavenitisPistofidis_2022.P6_BL_PB:372,Treg,2
SklavenitisPistofidis_2022.P6_BL_PB:378,Treg,0
SklavenitisPistofidis_2022.P6_BL_PB:387,Treg,0
SklavenitisPistofidis_2022.P6_BL_PB:429,Treg,4
SklavenitisPistofidis_2022.P6_BL_PB:433,Treg,0
SklavenitisPistofidis_2022.P6_BL_PB:476,Treg,0
SklavenitisPistofidis_2022.P6_BL_PB:479,Treg,0
SklavenitisPistofidis_2022.P6_BL_PB:515,Treg,0
SklavenitisPistofidis_2022.P6_BL_PB:528,Treg,0
SklavenitisPistofidis_2022.P6_BL_PB:535,Treg,0
SklavenitisPistofidis_2022.P6_BL_BM:8,Treg,0
SklavenitisPistofidis_2022.P6_BL_BM:17,Treg,0
SklavenitisPistofidis_2022.P6_BL_BM:91,Treg,4
SklavenitisPistofidis_2022.P6_BL_BM:363,Treg,4
SklavenitisPistofidis_2022.P6_BL_BM:422,Treg,2
SklavenitisPistofidis_2022.P6_BL_BM:436,Treg,0
SklavenitisPistofidis_2022.P6_BL_BM:682,Treg,2
SklavenitisPistofidis_2022.P6_BL_BM:717,Treg,0
SklavenitisPistofidis_2022.P6_BL_BM:718,Treg,4
SklavenitisPistofidis_2022.P6_BL_BM:729,Treg,0
SklavenitisPistofidis_2022.P6_BL_BM:817,Treg,0
SklavenitisPistofidis_2022.P6_BL_BM:841,Treg,0
SklavenitisPistofidis_2022.P6_BL_BM:881,Treg,2
SklavenitisPistofidis_2022.P6_BL_BM:888,Treg,2
SklavenitisPistofidis_2022.P6_BL_BM:982,Treg,4
SklavenitisPistofidis_2022.P6_BL_BM:1114,Treg,2
SklavenitisPistofidis_2022.P6_BL_BM:1116,Treg,4
SklavenitisPistofidis_2022.P6_BL_BM:1223,Treg,2
SklavenitisPistofidis_2022.P6_BL_BM:1308,Treg,0
SklavenitisPistofidis_2022.P6_BL_BM:1325,Treg,0
SklavenitisPistofidis_2022.P6_BL_BM:1367,Treg,2
SklavenitisPistofidis_2022.P6_BL_BM:1373,Treg,2
SklavenitisPistofidis_2022.P6_BL_BM:1448,Treg,2
SklavenitisPistofidis_2022.P6_BL_BM:1533,Treg,4
SklavenitisPistofidis_2022.P6_BL_BM:1562,Treg,2
SklavenitisPistofidis_2022.P6_BL_BM:1574,Treg,4
SklavenitisPistofidis_2022.P6_BL_BM:1706,Treg,2
SklavenitisPistofidis_2022.P6_BL_BM:1717,Treg,0
SklavenitisPistofidis_2022.P6_BL_BM:1736,Treg,0
SklavenitisPistofidis_2022.P7_BL_PB:33,Treg,0
SklavenitisPistofidis_2022.P7_BL_PB:46,Treg,2
SklavenitisPistofidis_2022.P7_BL_PB:49,Treg,0
SklavenitisPistofidis_2022.P7_BL_PB:117,Treg,0
SklavenitisPistofidis_2022.P7_BL_PB:124,Treg,2
SklavenitisPistofidis_2022.P7_BL_PB:131,Treg,2
SklavenitisPistofidis_2022.P7_BL_PB:153,Treg,0
SklavenitisPistofidis_2022.P7_BL_PB:186,Treg,0
SklavenitisPistofidis_2022.P7_BL_PB:205,Treg,2
SklavenitisPistofidis_2022.P7_BL_PB:207,Treg,0
SklavenitisPistofidis_2022.P7_BL_PB:248,Treg,2
SklavenitisPistofidis_2022.P7_BL_PB:259,Treg,2
SklavenitisPistofidis_2022.P7_BL_PB:331,Treg,0
SklavenitisPistofidis_2022.P7_BL_PB:340,Treg,2
SklavenitisPistofidis_2022.P7_BL_PB:372,Treg,0
SklavenitisPistofidis_2022.P7_BL_PB:401,Treg,0
SklavenitisPistofidis_2022.P7_BL_PB:435,Treg,0
SklavenitisPistofidis_2022.P7_BL_PB:444,Treg,0
SklavenitisPistofidis_2022.P7_BL_PB:468,Treg,0
SklavenitisPistofidis_2022.P7_BL_PB:480,Treg,2
SklavenitisPistofidis_2022.P7_BL_PB:507,Treg,0
SklavenitisPistofidis_2022.P7_BL_PB:509,Treg,0
SklavenitisPistofidis_2022.P7_BL_PB:558,Treg,2
SklavenitisPistofidis_2022.P7_BL_PB:610,Treg,0
SklavenitisPistofidis_2022.P7_BL_PB:612,Treg,0
SklavenitisPistofidis_2022.P7_BL_PB:617,Treg,0
SklavenitisPistofidis_2022.P7_BL_PB:657,Treg,2
SklavenitisPistofidis_2022.P7_BL_PB:738,Treg,2
SklavenitisPistofidis_2022.P7_BL_PB:795,Treg,2
SklavenitisPistofidis_2022.P7_BL_PB:833,Treg,0
SklavenitisPistofidis_2022.P7_BL_PB:840,Treg,0
SklavenitisPistofidis_2022.P7_BL_PB:847,Treg,0
SklavenitisPistofidis_2022.P7_BL_PB:848,Treg,2
SklavenitisPistofidis_2022.P7_BL_PB:914,Treg,2
SklavenitisPistofidis_2022.P7_BL_PB:973,Treg,0
SklavenitisPistofidis_2022.P7_BL_PB:1020,Treg,2
SklavenitisPistofidis_2022.P7_BL_PB:1039,Treg,4
SklavenitisPistofidis_2022.P7_BL_PB:1078,Treg,0
SklavenitisPistofidis_2022.P7_BL_PB:1109,Treg,0
SklavenitisPistofidis_2022.P7_BL_PB:1125,Treg,0
SklavenitisPistofidis_2022.P7_BL_PB:1138,Treg,2
SklavenitisPistofidis_2022.P7_BL_PB:1142,Treg,2
SklavenitisPistofidis_2022.P7_BL_PB:1153,Treg,0
SklavenitisPistofidis_2022.P7_BL_PB:1170,Treg,2
SklavenitisPistofidis_2022.P7_BL_PB:1177,Treg,2
SklavenitisPistofidis_2022.P7_BL_PB:1230,Treg,2
SklavenitisPistofidis_2022.P7_BL_PB:1245,Treg,0
SklavenitisPistofidis_2022.P7_BL_PB:1299,Treg,0
SklavenitisPistofidis_2022.P7_BL_PB:1338,Treg,2
SklavenitisPistofidis_2022.P7_BL_PB:1394,Treg,2
SklavenitisPistofidis_2022.P7_BL_PB:1451,Treg,0
SklavenitisPistofidis_2022.P7_BL_PB:1466,Treg,2
SklavenitisPistofidis_2022.P7_BL_PB:1510,Treg,0
SklavenitisPistofidis_2022.P7_BL_PB:1532,Treg,0
SklavenitisPistofidis_2022.P7_BL_PB:1544,Treg,0
SklavenitisPistofidis_2022.P7_BL_PB:1552,Treg,2
SklavenitisPistofidis_2022.P7_BL_PB:1609,Treg,2
SklavenitisPistofidis_2022.P7_BL_PB:1640,Treg,0
SklavenitisPistofidis_2022.P7_BL_PB:1661,Treg,2
SklavenitisPistofidis_2022.P7_BL_PB:1663,Treg,2
SklavenitisPistofidis_2022.P7_BL_PB:1732,Treg,0
SklavenitisPistofidis_2022.P7_BL_PB:1788,Treg,2
SklavenitisPistofidis_2022.P7_BL_PB:1800,Treg,0
SklavenitisPistofidis_2022.P7_BL_PB:1818,Treg,2
SklavenitisPistofidis_2022.P7_BL_PB:1861,Treg,4
SklavenitisPistofidis_2022.P7_BL_PB:1888,Treg,0
SklavenitisPistofidis_2022.P7_BL_PB:1892,Treg,0
SklavenitisPistofidis_2022.P7_BL_PB:1915,Treg,2
SklavenitisPistofidis_2022.P7_BL_PB:1951,Treg,0
SklavenitisPistofidis_2022.P7_BL_PB:2006,Treg,0
SklavenitisPistofidis_2022.P7_BL_PB:2054,Treg,0
SklavenitisPistofidis_2022.P7_BL_PB:2062,Treg,4
SklavenitisPistofidis_2022.P7_BL_PB:2112,Treg,2
SklavenitisPistofidis_2022.P7_BL_PB:2174,Treg,0
SklavenitisPistofidis_2022.P7_BL_PB:2206,Treg,0
SklavenitisPistofidis_2022.P7_BL_PB:2229,Treg,0
SklavenitisPistofidis_2022.P7_BL_PB:2247,Treg,0
SklavenitisPistofidis_2022.P7_BL_PB:2255,Treg,4
SklavenitisPistofidis_2022.P7_BL_PB:2256,Treg,0
SklavenitisPistofidis_2022.P7_BL_PB:2262,Treg,2
SklavenitisPistofidis_2022.P7_BL_PB:2267,Treg,0
SklavenitisPistofidis_2022.P7_BL_PB:2380,Treg,0
SklavenitisPistofidis_2022.P7_BL_PB:2399,Treg,4
SklavenitisPistofidis_2022.P7_BL_PB:2514,Treg,0
SklavenitisPistofidis_2022.P7_BL_PB:2572,Treg,0
SklavenitisPistofidis_2022.P7_BL_PB:2593,Treg,2
SklavenitisPistofidis_2022.P7_BL_PB:2620,Treg,0
SklavenitisPistofidis_2022.P7_BL_PB:2646,Treg,2
SklavenitisPistofidis_2022.P7_BL_PB:2676,Treg,2
SklavenitisPistofidis_2022.P7_BL_PB:2699,Treg,0
SklavenitisPistofidis_2022.P7_BL_PB:2707,Treg,0
SklavenitisPistofidis_2022.P7_BL_PB:2737,Treg,0
SklavenitisPistofidis_2022.P7_BL_PB:2786,Treg,0
SklavenitisPistofidis_2022.P7_BL_PB:2809,Treg,2
SklavenitisPistofidis_2022.P7_BL_PB:2818,Treg,0
SklavenitisPistofidis_2022.P7_BL_PB:2828,Treg,2
SklavenitisPistofidis_2022.P7_BL_PB:2846,Treg,2
SklavenitisPistofidis_2022.P7_BL_PB:2848,Treg,4
SklavenitisPistofidis_2022.P7_BL_PB:2860,Treg,2
SklavenitisPistofidis_2022.P7_BL_PB:2879,Treg,0
SklavenitisPistofidis_2022.P7_BL_PB:2880,Treg,2
SklavenitisPistofidis_2022.P7_BL_PB:2927,Treg,2
SklavenitisPistofidis_2022.P7_BL_PB:2945,Treg,2
SklavenitisPistofidis_2022.P7_BL_PB:2947,Treg,4
SklavenitisPistofidis_2022.P7_BL_PB:2971,Treg,0
SklavenitisPistofidis_2022.P7_BL_PB:3012,Treg,0
SklavenitisPistofidis_2022.P7_BL_PB:3041,Treg,0
SklavenitisPistofidis_2022.P7_BL_BM:22,Treg,2
SklavenitisPistofidis_2022.P7_BL_BM:24,Treg,2
SklavenitisPistofidis_2022.P7_BL_BM:62,Treg,2
SklavenitisPistofidis_2022.P7_BL_BM:94,Treg,0
SklavenitisPistofidis_2022.P7_BL_BM:288,Treg,0
SklavenitisPistofidis_2022.P7_BL_BM:295,Treg,0
SklavenitisPistofidis_2022.P7_BL_BM:378,Treg,2
SklavenitisPistofidis_2022.P8_BL_BM:29,Treg,0
SklavenitisPistofidis_2022.P8_BL_BM:96,Treg,2
SklavenitisPistofidis_2022.P8_BL_BM:98,Treg,2
SklavenitisPistofidis_2022.P8_BL_BM:183,Treg,0
SklavenitisPistofidis_2022.P8_BL_BM:207,Treg,0
SklavenitisPistofidis_2022.P8_BL_BM:257,Treg,0
SklavenitisPistofidis_2022.P8_BL_BM:269,Treg,0
SklavenitisPistofidis_2022.P8_BL_BM:294,Treg,2
SklavenitisPistofidis_2022.P8_BL_BM:326,Treg,0
SklavenitisPistofidis_2022.P8_BL_BM:343,Treg,0
SklavenitisPistofidis_2022.P8_BL_PB:61,Treg,2
SklavenitisPistofidis_2022.P8_BL_PB:148,Treg,0
SklavenitisPistofidis_2022.P8_BL_PB:194,Treg,0
SklavenitisPistofidis_2022.P8_BL_PB:199,Treg,0
SklavenitisPistofidis_2022.P8_BL_PB:277,Treg,0
SklavenitisPistofidis_2022.P8_BL_PB:329,Treg,0
SklavenitisPistofidis_2022.P8_BL_PB:358,Treg,0
SklavenitisPistofidis_2022.P8_BL_PB:374,Treg,0
SklavenitisPistofidis_2022.P8_BL_PB:541,Treg,2
SklavenitisPistofidis_2022.P8_BL_PB:568,Treg,2
SklavenitisPistofidis_2022.P8_BL_PB:785,Treg,4
SklavenitisPistofidis_2022.P8_BL_PB:808,Treg,0
SklavenitisPistofidis_2022.P8_BL_PB:862,Treg,0
SklavenitisPistofidis_2022.P8_BL_PB:920,Treg,0
SklavenitisPistofidis_2022.P8_BL_PB:942,Treg,2
SklavenitisPistofidis_2022.P8_BL_PB:995,Treg,2
SklavenitisPistofidis_2022.P8_BL_PB:1021,Treg,0
SklavenitisPistofidis_2022.P9_BL_BM:509,Treg,2
SklavenitisPistofidis_2022.P9_BL_BM:796,Treg,0
SklavenitisPistofidis_2022.P9_BL_BM:1204,Treg,0
SklavenitisPistofidis_2022.P9_BL_BM:1840,Treg,0
SklavenitisPistofidis_2022.P9_BL_BM:2000,Treg,2
SklavenitisPistofidis_2022.P9_BL_BM:2380,Treg,0
SklavenitisPistofidis_2022.P9_BL_BM:2548,Treg,2
SklavenitisPistofidis_2022.P9_BL_BM:2559,Treg,0
SklavenitisPistofidis_2022.P9_BL_BM:2691,Treg,0
SklavenitisPistofidis_2022.P9_BL_BM:3119,Treg,2
SklavenitisPistofidis_2022.P10_BL_BM:8,Treg,2
SklavenitisPistofidis_2022.P10_BL_BM:31,Treg,0
SklavenitisPistofidis_2022.P10_BL_BM:34,Treg,2
SklavenitisPistofidis_2022.P10_BL_BM:41,Treg,0
SklavenitisPistofidis_2022.P10_BL_BM:56,Treg,2
SklavenitisPistofidis_2022.P10_BL_BM:107,Treg,0
SklavenitisPistofidis_2022.P10_BL_BM:110,Treg,0
SklavenitisPistofidis_2022.P10_BL_BM:131,Treg,0
SklavenitisPistofidis_2022.P10_BL_BM:173,Treg,2
SklavenitisPistofidis_2022.P10_BL_BM:224,Treg,0
SklavenitisPistofidis_2022.P10_BL_BM:256,Treg,2
SklavenitisPistofidis_2022.P10_BL_BM:362,Treg,2
SklavenitisPistofidis_2022.P10_BL_BM:377,Treg,2
SklavenitisPistofidis_2022.P10_BL_BM:382,Treg,0
SklavenitisPistofidis_2022.P10_BL_BM:387,Treg,0
SklavenitisPistofidis_2022.P10_BL_BM:446,Treg,2
SklavenitisPistofidis_2022.P10_BL_BM:512,Treg,0
SklavenitisPistofidis_2022.P10_BL_BM:521,Treg,2
SklavenitisPistofidis_2022.P10_BL_BM:564,Treg,2
SklavenitisPistofidis_2022.P10_BL_BM:572,Treg,0
SklavenitisPistofidis_2022.P10_BL_BM:580,Treg,4
SklavenitisPistofidis_2022.P10_BL_BM:590,Treg,2
SklavenitisPistofidis_2022.P10_BL_BM:641,Treg,0
SklavenitisPistofidis_2022.P10_BL_BM:706,Treg,0
SklavenitisPistofidis_2022.P10_BL_PB:15,Treg,0
SklavenitisPistofidis_2022.P10_BL_PB:39,Treg,2
SklavenitisPistofidis_2022.P10_BL_PB:106,Treg,0
SklavenitisPistofidis_2022.P10_BL_PB:206,Treg,2
SklavenitisPistofidis_2022.P10_BL_PB:222,Treg,0
SklavenitisPistofidis_2022.P10_BL_PB:223,Treg,4
SklavenitisPistofidis_2022.P10_BL_PB:233,Treg,4
SklavenitisPistofidis_2022.P10_BL_PB:270,Treg,2
SklavenitisPistofidis_2022.P10_BL_PB:275,Treg,2
SklavenitisPistofidis_2022.P10_BL_PB:427,Treg,2
SklavenitisPistofidis_2022.P10_BL_PB:436,Treg,2
SklavenitisPistofidis_2022.P10_BL_PB:439,Treg,0
SklavenitisPistofidis_2022.P10_BL_PB:475,Treg,0
SklavenitisPistofidis_2022.P11_BL_PB:53,Treg,0
SklavenitisPistofidis_2022.P11_BL_PB:172,Treg,0
SklavenitisPistofidis_2022.P11_BL_PB:296,Treg,0
SklavenitisPistofidis_2022.P11_BL_PB:465,Treg,4
SklavenitisPistofidis_2022.P11_BL_PB:467,Treg,0
SklavenitisPistofidis_2022.P11_BL_PB:511,Treg,2
SklavenitisPistofidis_2022.P11_BL_PB:591,Treg,0
SklavenitisPistofidis_2022.P11_BL_PB:610,Treg,0
SklavenitisPistofidis_2022.P11_BL_PB:630,Treg,0
SklavenitisPistofidis_2022.P11_BL_PB:671,Treg,0
SklavenitisPistofidis_2022.P11_BL_PB:682,Treg,0
SklavenitisPistofidis_2022.P11_BL_PB:722,Treg,0
SklavenitisPistofidis_2022.P11_BL_PB:761,Treg,0
SklavenitisPistofidis_2022.P12_BL_BM:106,Treg,2
SklavenitisPistofidis_2022.P12_BL_BM:290,Treg,2
SklavenitisPistofidis_2022.P12_BL_BM:329,Treg,0
SklavenitisPistofidis_2022.P12_BL_BM:434,Treg,2
SklavenitisPistofidis_2022.P12_BL_BM:569,Treg,2
SklavenitisPistofidis_2022.P12_BL_BM:670,Treg,0
SklavenitisPistofidis_2022.P12_BL_BM:693,Treg,2
SklavenitisPistofidis_2022.P12_BL_BM:829,Treg,0
SklavenitisPistofidis_2022.P12_BL_BM:1103,Treg,0
SklavenitisPistofidis_2022.P12_BL_BM:1121,Treg,0
SklavenitisPistofidis_2022.P12_BL_BM:1134,Treg,0
SklavenitisPistofidis_2022.P12_BL_BM:1181,Treg,2
SklavenitisPistofidis_2022.P12_BL_BM:1198,Treg,0
SklavenitisPistofidis_2022.P12_BL_BM:1253,Treg,4
SklavenitisPistofidis_2022.P12_BL_BM:1271,Treg,0
SklavenitisPistofidis_2022.P12_BL_BM:1295,Treg,0
SklavenitisPistofidis_2022.P12_BL_BM:1626,Treg,0
SklavenitisPistofidis_2022.P12_BL_BM:1783,Treg,0
SklavenitisPistofidis_2022.P12_BL_BM:1805,Treg,0
SklavenitisPistofidis_2022.P12_BL_BM:1813,Treg,2
SklavenitisPistofidis_2022.P12_BL_BM:1903,Treg,0
SklavenitisPistofidis_2022.P12_BL_BM:1921,Treg,0
SklavenitisPistofidis_2022.P12_BL_BM:1954,Treg,0
SklavenitisPistofidis_2022.P12_BL_BM:1969,Treg,2
SklavenitisPistofidis_2022.P12_BL_BM:2039,Treg,2
SklavenitisPistofidis_2022.P12_BL_BM:2108,Treg,0
SklavenitisPistofidis_2022.P12_BL_BM:2256,Treg,0
SklavenitisPistofidis_2022.P12_BL_BM:2312,Treg,4
SklavenitisPistofidis_2022.P12_BL_BM:2559,Treg,0
SklavenitisPistofidis_2022.P12_BL_BM:2879,Treg,4
SklavenitisPistofidis_2022.P12_BL_PB:63,Treg,0
SklavenitisPistofidis_2022.P12_BL_PB:102,Treg,4
SklavenitisPistofidis_2022.P12_BL_PB:469,Treg,0
SklavenitisPistofidis_2022.P12_BL_PB:536,Treg,0
SklavenitisPistofidis_2022.P12_BL_PB:628,Treg,0
SklavenitisPistofidis_2022.P12_BL_PB:734,Treg,2
SklavenitisPistofidis_2022.P12_BL_PB:843,Treg,0
SklavenitisPistofidis_2022.P15_BL_PB:26,Treg,2
SklavenitisPistofidis_2022.P15_BL_PB:68,Treg,0
SklavenitisPistofidis_2022.P15_BL_PB:157,Treg,2
SklavenitisPistofidis_2022.P15_BL_PB:188,Treg,0
SklavenitisPistofidis_2022.P15_BL_PB:194,Treg,2
SklavenitisPistofidis_2022.P15_BL_PB:237,Treg,0
SklavenitisPistofidis_2022.P15_BL_PB:277,Treg,0
SklavenitisPistofidis_2022.P15_BL_PB:289,Treg,0
SklavenitisPistofidis_2022.P15_BL_PB:427,Treg,0
SklavenitisPistofidis_2022.P15_BL_PB:446,Treg,0
SklavenitisPistofidis_2022.P15_BL_PB:510,Treg,2
SklavenitisPistofidis_2022.P15_BL_PB:600,Treg,0
SklavenitisPistofidis_2022.P15_BL_PB:636,Treg,0
SklavenitisPistofidis_2022.P15_BL_PB:650,Treg,0
SklavenitisPistofidis_2022.P15_BL_PB:718,Treg,0
SklavenitisPistofidis_2022.P15_BL_PB:742,Treg,4
SklavenitisPistofidis_2022.P15_BL_PB:818,Treg,0
SklavenitisPistofidis_2022.P15_BL_PB:834,Treg,0
SklavenitisPistofidis_2022.P15_BL_PB:846,Treg,2
SklavenitisPistofidis_2022.P15_BL_PB:877,Treg,0
SklavenitisPistofidis_2022.P15_BL_PB:985,Treg,0
SklavenitisPistofidis_2022.P15_BL_PB:989,Treg,4
SklavenitisPistofidis_2022.P15_BL_PB:1024,Treg,2
SklavenitisPistofidis_2022.P15_BL_PB:1097,Treg,2
SklavenitisPistofidis_2022.P15_BL_PB:1146,Treg,2
SklavenitisPistofidis_2022.P15_BL_PB:1150,Treg,4
SklavenitisPistofidis_2022.P15_BL_PB:1197,Treg,0
SklavenitisPistofidis_2022.P15_BL_PB:1211,Treg,0
SklavenitisPistofidis_2022.P15_BL_PB:1290,Treg,0
SklavenitisPistofidis_2022.P15_BL_PB:1306,Treg,4
SklavenitisPistofidis_2022.P15_BL_PB:1316,Treg,2
SklavenitisPistofidis_2022.P15_BL_PB:1455,Treg,2
SklavenitisPistofidis_2022.P15_BL_PB:1465,Treg,0
SklavenitisPistofidis_2022.P15_BL_PB:1466,Treg,0
SklavenitisPistofidis_2022.P15_BL_PB:1481,Treg,2
SklavenitisPistofidis_2022.P15_BL_PB:1483,Treg,0
SklavenitisPistofidis_2022.P15_BL_PB:1562,Treg,0
SklavenitisPistofidis_2022.P15_BL_PB:1564,Treg,2
SklavenitisPistofidis_2022.P16_BL_PB:6,Treg,0
SklavenitisPistofidis_2022.P16_BL_PB:12,Treg,2
SklavenitisPistofidis_2022.P16_BL_PB:18,Treg,4
SklavenitisPistofidis_2022.P16_BL_PB:39,Treg,0
SklavenitisPistofidis_2022.P16_BL_PB:46,Treg,0
SklavenitisPistofidis_2022.P16_BL_PB:68,Treg,0
SklavenitisPistofidis_2022.P16_BL_PB:81,Treg,0
SklavenitisPistofidis_2022.P16_BL_PB:137,Treg,0
SklavenitisPistofidis_2022.P16_BL_PB:141,Treg,0
SklavenitisPistofidis_2022.P16_BL_PB:154,Treg,0
SklavenitisPistofidis_2022.P16_BL_PB:164,Treg,0
SklavenitisPistofidis_2022.P16_BL_PB:172,Treg,0
SklavenitisPistofidis_2022.P16_BL_PB:208,Treg,0
SklavenitisPistofidis_2022.P16_BL_PB:232,Treg,0
SklavenitisPistofidis_2022.P16_BL_PB:245,Treg,0
SklavenitisPistofidis_2022.P16_BL_PB:275,Treg,0
SklavenitisPistofidis_2022.P16_BL_PB:281,Treg,0
SklavenitisPistofidis_2022.P16_BL_PB:285,Treg,0
SklavenitisPistofidis_2022.P16_BL_PB:291,Treg,0
SklavenitisPistofidis_2022.P16_BL_PB:311,Treg,4
SklavenitisPistofidis_2022.P16_BL_PB:314,Treg,0
SklavenitisPistofidis_2022.P16_BL_PB:327,Treg,0
SklavenitisPistofidis_2022.P16_BL_PB:351,Treg,2
SklavenitisPistofidis_2022.P16_BL_PB:365,Treg,0
SklavenitisPistofidis_2022.P16_BL_PB:367,Treg,0
SklavenitisPistofidis_2022.P16_BL_PB:376,Treg,0
SklavenitisPistofidis_2022.P16_BL_PB:379,Treg,0
SklavenitisPistofidis_2022.P18_BL_PB:29,Treg,0
SklavenitisPistofidis_2022.P18_BL_PB:125,Treg,0
SklavenitisPistofidis_2022.P18_BL_PB:147,Treg,0
SklavenitisPistofidis_2022.P18_BL_PB:243,Treg,0
SklavenitisPistofidis_2022.P18_BL_PB:266,Treg,0
SklavenitisPistofidis_2022.P18_BL_PB:333,Treg,2
SklavenitisPistofidis_2022.P18_BL_PB:425,Treg,2
SklavenitisPistofidis_2022.P18_BL_PB:560,Treg,0
SklavenitisPistofidis_2022.P18_BL_PB:561,Treg,0
SklavenitisPistofidis_2022.P18_BL_PB:568,Treg,0
SklavenitisPistofidis_2022.P18_BL_PB:594,Treg,0
SklavenitisPistofidis_2022.P18_BL_PB:657,Treg,0
SklavenitisPistofidis_2022.P18_BL_PB:734,Treg,2
SklavenitisPistofidis_2022.P18_BL_PB:748,Treg,0
SklavenitisPistofidis_2022.P18_BL_PB:753,Treg,0
SklavenitisPistofidis_2022.P18_BL_PB:754,Treg,0
SklavenitisPistofidis_2022.P18_BL_PB:928,Treg,0
SklavenitisPistofidis_2022.P18_BL_PB:933,Treg,0
SklavenitisPistofidis_2022.P18_BL_PB:951,Treg,2
SklavenitisPistofidis_2022.P18_BL_PB:969,Treg,0
SklavenitisPistofidis_2022.P18_BL_PB:984,Treg,0
SklavenitisPistofidis_2022.P18_BL_PB:1046,Treg,2
SklavenitisPistofidis_2022.P18_BL_PB:1048,Treg,2
SklavenitisPistofidis_2022.P18_BL_PB:1050,Treg,0
SklavenitisPistofidis_2022.P18_BL_PB:1067,Treg,0
SklavenitisPistofidis_2022.P18_BL_PB:1071,Treg,2
SklavenitisPistofidis_2022.P18_BL_PB:1092,Treg,2
SklavenitisPistofidis_2022.P18_BL_PB:1103,Treg,0
SklavenitisPistofidis_2022.P18_BL_PB:1178,Treg,0
SklavenitisPistofidis_2022.P18_BL_PB:1185,Treg,0
SklavenitisPistofidis_2022.P18_BL_PB:1230,Treg,0
SklavenitisPistofidis_2022.P18_BL_PB:1273,Treg,2
SklavenitisPistofidis_2022.P18_BL_PB:1276,Treg,0
SklavenitisPistofidis_2022.P18_BL_BM:5,Treg,0
SklavenitisPistofidis_2022.P18_BL_BM:63,Treg,0
SklavenitisPistofidis_2022.P18_BL_BM:81,Treg,0
SklavenitisPistofidis_2022.P18_BL_BM:171,Treg,2
SklavenitisPistofidis_2022.P18_BL_BM:182,Treg,0
SklavenitisPistofidis_2022.P18_BL_BM:194,Treg,0
SklavenitisPistofidis_2022.P18_BL_BM:211,Treg,2
SklavenitisPistofidis_2022.P18_BL_BM:238,Treg,0
SklavenitisPistofidis_2022.P18_BL_BM:260,Treg,0
SklavenitisPistofidis_2022.P18_BL_BM:295,Treg,0
SklavenitisPistofidis_2022.P18_BL_BM:301,Treg,0
SklavenitisPistofidis_2022.P18_BL_BM:324,Treg,0
SklavenitisPistofidis_2022.P18_BL_BM:325,Treg,0
SklavenitisPistofidis_2022.P18_BL_BM:343,Treg,0
SklavenitisPistofidis_2022.P18_BL_BM:370,Treg,0
SklavenitisPistofidis_2022.P18_BL_BM:389,Treg,2
SklavenitisPistofidis_2022.P18_BL_BM:462,Treg,0
SklavenitisPistofidis_2022.P18_BL_BM:465,Treg,0
SklavenitisPistofidis_2022.P18_BL_BM:498,Treg,0
SklavenitisPistofidis_2022.P18_BL_BM:535,Treg,0
SklavenitisPistofidis_2022.P18_BL_BM:555,Treg,0
SklavenitisPistofidis_2022.P18_BL_BM:611,Treg,2
SklavenitisPistofidis_2022.P18_BL_BM:618,Treg,0
SklavenitisPistofidis_2022.P18_BL_BM:622,Treg,2
SklavenitisPistofidis_2022.P18_BL_BM:684,Treg,0
SklavenitisPistofidis_2022.P18_BL_BM:707,Treg,0
SklavenitisPistofidis_2022.P18_BL_BM:734,Treg,4
SklavenitisPistofidis_2022.P18_BL_BM:796,Treg,2
SklavenitisPistofidis_2022.P18_BL_BM:818,Treg,0
SklavenitisPistofidis_2022.P18_BL_BM:843,Treg,0
SklavenitisPistofidis_2022.P18_BL_BM:896,Treg,0
SklavenitisPistofidis_2022.P18_BL_BM:907,Treg,0
SklavenitisPistofidis_2022.P18_BL_BM:940,Treg,0
SklavenitisPistofidis_2022.P18_BL_BM:949,Treg,0
SklavenitisPistofidis_2022.P18_BL_BM:951,Treg,0
SklavenitisPistofidis_2022.P18_BL_BM:972,Treg,0
SklavenitisPistofidis_2022.P18_BL_BM:995,Treg,0
SklavenitisPistofidis_2022.P18_BL_BM:1011,Treg,0
SklavenitisPistofidis_2022.P18_BL_BM:1029,Treg,2
SklavenitisPistofidis_2022.P18_BL_BM:1033,Treg,4
SklavenitisPistofidis_2022.P18_BL_BM:1037,Treg,0
SklavenitisPistofidis_2022.P18_BL_BM:1042,Treg,0
SklavenitisPistofidis_2022.P18_BL_BM:1078,Treg,2
SklavenitisPistofidis_2022.P18_BL_BM:1087,Treg,0
SklavenitisPistofidis_2022.P18_BL_BM:1106,Treg,0
SklavenitisPistofidis_2022.P18_BL_BM:1109,Treg,0
SklavenitisPistofidis_2022.P18_BL_BM:1150,Treg,2
SklavenitisPistofidis_2022.P18_BL_BM:1314,Treg,2
SklavenitisPistofidis_2022.P18_BL_BM:1332,Treg,0
SklavenitisPistofidis_2022.P18_BL_BM:1376,Treg,2
SklavenitisPistofidis_2022.P18_BL_BM:1378,Treg,0
SklavenitisPistofidis_2022.P18_BL_BM:1383,Treg,0
SklavenitisPistofidis_2022.P19_BL_PB:8,Treg,2
SklavenitisPistofidis_2022.P19_BL_PB:44,Treg,2
SklavenitisPistofidis_2022.P19_BL_PB:53,Treg,0
SklavenitisPistofidis_2022.P19_BL_PB:86,Treg,0
SklavenitisPistofidis_2022.P19_BL_PB:109,Treg,0
SklavenitisPistofidis_2022.P19_BL_PB:144,Treg,0
SklavenitisPistofidis_2022.P19_BL_PB:146,Treg,0
SklavenitisPistofidis_2022.P19_BL_PB:155,Treg,2
SklavenitisPistofidis_2022.P19_BL_PB:175,Treg,0
SklavenitisPistofidis_2022.P19_BL_PB:185,Treg,0
SklavenitisPistofidis_2022.P19_BL_PB:226,Treg,0
SklavenitisPistofidis_2022.P19_BL_PB:261,Treg,0
SklavenitisPistofidis_2022.P19_BL_PB:364,Treg,0
SklavenitisPistofidis_2022.P19_BL_PB:390,Treg,2
SklavenitisPistofidis_2022.P19_BL_PB:399,Treg,2
SklavenitisPistofidis_2022.P19_BL_PB:581,Treg,0
SklavenitisPistofidis_2022.P19_BL_PB:585,Treg,0
SklavenitisPistofidis_2022.P19_BL_PB:671,Treg,0
SklavenitisPistofidis_2022.P19_BL_PB:686,Treg,4
SklavenitisPistofidis_2022.P19_BL_PB:688,Treg,0
SklavenitisPistofidis_2022.P19_BL_PB:710,Treg,4
SklavenitisPistofidis_2022.P19_BL_PB:753,Treg,0
SklavenitisPistofidis_2022.P19_BL_PB:801,Treg,2
SklavenitisPistofidis_2022.P19_BL_PB:838,Treg,0
SklavenitisPistofidis_2022.P19_BL_PB:846,Treg,0
SklavenitisPistofidis_2022.P19_BL_PB:863,Treg,0
SklavenitisPistofidis_2022.P19_BL_PB:910,Treg,0
SklavenitisPistofidis_2022.P19_BL_PB:927,Treg,2
SklavenitisPistofidis_2022.P19_BL_PB:982,Treg,2
SklavenitisPistofidis_2022.P19_BL_BM:8,Treg,0
SklavenitisPistofidis_2022.P19_BL_BM:102,Treg,0
SklavenitisPistofidis_2022.P19_BL_BM:200,Treg,0
SklavenitisPistofidis_2022.P19_BL_BM:299,Treg,0
SklavenitisPistofidis_2022.P19_BL_BM:309,Treg,4
SklavenitisPistofidis_2022.P19_BL_BM:317,Treg,2
SklavenitisPistofidis_2022.P19_BL_BM:418,Treg,2
SklavenitisPistofidis_2022.P19_BL_BM:499,Treg,0
SklavenitisPistofidis_2022.P19_BL_BM:539,Treg,0
SklavenitisPistofidis_2022.P19_BL_BM:541,Treg,0
SklavenitisPistofidis_2022.P19_BL_BM:584,Treg,2
SklavenitisPistofidis_2022.P19_BL_BM:633,Treg,2
SklavenitisPistofidis_2022.P20_BL_PB:18,Treg,2
SklavenitisPistofidis_2022.P20_BL_PB:26,Treg,0
SklavenitisPistofidis_2022.P20_BL_PB:31,Treg,0
SklavenitisPistofidis_2022.P20_BL_PB:35,Treg,0
SklavenitisPistofidis_2022.P20_BL_PB:40,Treg,0
SklavenitisPistofidis_2022.P20_BL_PB:55,Treg,0
SklavenitisPistofidis_2022.P20_BL_PB:73,Treg,0
SklavenitisPistofidis_2022.P20_BL_PB:86,Treg,0
SklavenitisPistofidis_2022.P20_BL_PB:146,Treg,0
SklavenitisPistofidis_2022.P20_BL_PB:166,Treg,2
SklavenitisPistofidis_2022.P20_BL_PB:169,Treg,2
SklavenitisPistofidis_2022.P20_BL_PB:193,Treg,0
SklavenitisPistofidis_2022.P20_BL_PB:206,Treg,0
SklavenitisPistofidis_2022.P20_BL_PB:216,Treg,0
SklavenitisPistofidis_2022.P20_BL_PB:248,Treg,0
SklavenitisPistofidis_2022.P20_BL_PB:249,Treg,2
SklavenitisPistofidis_2022.P20_BL_PB:254,Treg,0
SklavenitisPistofidis_2022.P20_BL_PB:266,Treg,0
SklavenitisPistofidis_2022.P20_BL_PB:278,Treg,2
SklavenitisPistofidis_2022.P20_BL_PB:315,Treg,0
SklavenitisPistofidis_2022.P20_BL_PB:320,Treg,0
SklavenitisPistofidis_2022.P20_BL_PB:345,Treg,0
SklavenitisPistofidis_2022.P20_BL_PB:357,Treg,2
SklavenitisPistofidis_2022.P20_BL_PB:388,Treg,0
SklavenitisPistofidis_2022.P20_BL_PB:429,Treg,2
SklavenitisPistofidis_2022.P20_BL_PB:525,Treg,2
SklavenitisPistofidis_2022.P20_BL_PB:566,Treg,0
SklavenitisPistofidis_2022.P20_BL_PB:596,Treg,0
SklavenitisPistofidis_2022.P20_BL_PB:610,Treg,4
SklavenitisPistofidis_2022.P20_BL_PB:667,Treg,0
SklavenitisPistofidis_2022.P20_BL_PB:676,Treg,0
SklavenitisPistofidis_2022.P20_BL_PB:685,Treg,2
SklavenitisPistofidis_2022.P20_BL_PB:719,Treg,2
SklavenitisPistofidis_2022.P20_BL_PB:733,Treg,0
SklavenitisPistofidis_2022.P20_BL_PB:743,Treg,0
SklavenitisPistofidis_2022.P20_BL_PB:744,Treg,2
SklavenitisPistofidis_2022.P20_BL_PB:753,Treg,2
SklavenitisPistofidis_2022.P20_BL_PB:771,Treg,0
SklavenitisPistofidis_2022.P20_BL_PB:835,Treg,2
SklavenitisPistofidis_2022.P20_BL_PB:853,Treg,2
SklavenitisPistofidis_2022.P20_BL_PB:856,Treg,0
SklavenitisPistofidis_2022.P20_BL_PB:857,Treg,0
SklavenitisPistofidis_2022.P20_BL_PB:865,Treg,0
SklavenitisPistofidis_2022.P20_BL_PB:875,Treg,0
SklavenitisPistofidis_2022.P20_BL_PB:886,Treg,0
SklavenitisPistofidis_2022.P20_BL_PB:927,Treg,4
SklavenitisPistofidis_2022.P20_BL_PB:928,Treg,0
SklavenitisPistofidis_2022.P20_BL_PB:984,Treg,4
SklavenitisPistofidis_2022.P20_BL_PB:987,Treg,0
SklavenitisPistofidis_2022.P20_BL_PB:992,Treg,0
SklavenitisPistofidis_2022.P20_BL_PB:996,Treg,2
SklavenitisPistofidis_2022.P20_BL_PB:1022,Treg,0
SklavenitisPistofidis_2022.P20_BL_PB:1041,Treg,0
SklavenitisPistofidis_2022.P20_BL_PB:1055,Treg,2
SklavenitisPistofidis_2022.P20_BL_PB:1076,Treg,0
SklavenitisPistofidis_2022.P20_BL_PB:1092,Treg,0
SklavenitisPistofidis_2022.P20_BL_PB:1107,Treg,0
SklavenitisPistofidis_2022.P20_BL_PB:1120,Treg,0
SklavenitisPistofidis_2022.P20_BL_PB:1123,Treg,0
SklavenitisPistofidis_2022.P20_BL_PB:1126,Treg,0
SklavenitisPistofidis_2022.P20_BL_PB:1155,Treg,0
SklavenitisPistofidis_2022.P20_BL_PB:1161,Treg,2
SklavenitisPistofidis_2022.P20_BL_PB:1165,Treg,0
SklavenitisPistofidis_2022.P20_BL_PB:1168,Treg,2
SklavenitisPistofidis_2022.P20_BL_PB:1169,Treg,0
SklavenitisPistofidis_2022.P20_BL_PB:1228,Treg,4
SklavenitisPistofidis_2022.P20_BL_PB:1257,Treg,2
SklavenitisPistofidis_2022.P20_BL_PB:1374,Treg,2
SklavenitisPistofidis_2022.P20_BL_PB:1378,Treg,0
SklavenitisPistofidis_2022.P20_BL_PB:1397,Treg,0
SklavenitisPistofidis_2022.P20_BL_PB:1427,Treg,2
SklavenitisPistofidis_2022.P20_BL_PB:1459,Treg,2
SklavenitisPistofidis_2022.P20_BL_PB:1514,Treg,0
SklavenitisPistofidis_2022.P20_BL_PB:1538,Treg,2
SklavenitisPistofidis_2022.P20_BL_PB:1542,Treg,2
SklavenitisPistofidis_2022.P20_BL_PB:1566,Treg,0
SklavenitisPistofidis_2022.P20_BL_PB:1572,Treg,0
SklavenitisPistofidis_2022.P20_BL_PB:1600,Treg,0
SklavenitisPistofidis_2022.P20_BL_PB:1606,Treg,0
SklavenitisPistofidis_2022.P20_BL_PB:1622,Treg,0
SklavenitisPistofidis_2022.P20_BL_PB:1640,Treg,2
SklavenitisPistofidis_2022.P20_BL_PB:1646,Treg,2
SklavenitisPistofidis_2022.P20_BL_PB:1654,Treg,0
SklavenitisPistofidis_2022.P20_BL_PB:1678,Treg,0
SklavenitisPistofidis_2022.P20_BL_PB:1687,Treg,0
SklavenitisPistofidis_2022.P20_BL_PB:1717,Treg,2
SklavenitisPistofidis_2022.P20_BL_PB:1756,Treg,0
SklavenitisPistofidis_2022.P20_BL_PB:1761,Treg,2
SklavenitisPistofidis_2022.P20_BL_PB:1794,Treg,2
SklavenitisPistofidis_2022.P20_BL_PB:1798,Treg,2
SklavenitisPistofidis_2022.P20_BL_PB:1800,Treg,0
SklavenitisPistofidis_2022.P20_BL_PB:1806,Treg,4
SklavenitisPistofidis_2022.P20_BL_PB:1815,Treg,0
SklavenitisPistofidis_2022.P20_BL_PB:1819,Treg,0
SklavenitisPistofidis_2022.P20_BL_PB:1834,Treg,0
SklavenitisPistofidis_2022.P20_BL_PB:1838,Treg,2
SklavenitisPistofidis_2022.P20_BL_PB:1841,Treg,0
SklavenitisPistofidis_2022.P20_BL_PB:1860,Treg,0
SklavenitisPistofidis_2022.P20_BL_PB:1910,Treg,0
SklavenitisPistofidis_2022.P20_BL_PB:1951,Treg,0
SklavenitisPistofidis_2022.P20_BL_PB:1966,Treg,0
SklavenitisPistofidis_2022.P20_BL_PB:1981,Treg,4
SklavenitisPistofidis_2022.P20_BL_PB:1986,Treg,0
SklavenitisPistofidis_2022.P20_BL_PB:2054,Treg,0
SklavenitisPistofidis_2022.P20_BL_PB:2055,Treg,0
SklavenitisPistofidis_2022.P20_BL_PB:2069,Treg,0
SklavenitisPistofidis_2022.P20_BL_PB:2088,Treg,2
SklavenitisPistofidis_2022.P20_BL_PB:2102,Treg,2
SklavenitisPistofidis_2022.P20_BL_PB:2182,Treg,0
SklavenitisPistofidis_2022.P20_BL_PB:2209,Treg,0
SklavenitisPistofidis_2022.P20_BL_PB:2216,Treg,0
SklavenitisPistofidis_2022.P20_BL_PB:2237,Treg,0
SklavenitisPistofidis_2022.P20_BL_PB:2240,Treg,0
SklavenitisPistofidis_2022.P20_BL_PB:2248,Treg,2
SklavenitisPistofidis_2022.P20_BL_PB:2341,Treg,0
SklavenitisPistofidis_2022.P20_BL_PB:2377,Treg,2
SklavenitisPistofidis_2022.P20_BL_PB:2383,Treg,0
SklavenitisPistofidis_2022.P20_BL_PB:2416,Treg,0
SklavenitisPistofidis_2022.P20_BL_PB:2418,Treg,0
SklavenitisPistofidis_2022.P20_BL_PB:2420,Treg,0
SklavenitisPistofidis_2022.P20_BL_PB:2437,Treg,0
SklavenitisPistofidis_2022.P20_BL_PB:2503,Treg,0
SklavenitisPistofidis_2022.P20_BL_PB:2506,Treg,2
SklavenitisPistofidis_2022.P20_BL_PB:2508,Treg,0
SklavenitisPistofidis_2022.P20_BL_PB:2542,Treg,0
SklavenitisPistofidis_2022.P20_BL_PB:2544,Treg,0
SklavenitisPistofidis_2022.P20_BL_PB:2563,Treg,0
SklavenitisPistofidis_2022.P20_BL_PB:2565,Treg,4
SklavenitisPistofidis_2022.P20_BL_PB:2605,Treg,0
SklavenitisPistofidis_2022.P20_BL_PB:2645,Treg,0
SklavenitisPistofidis_2022.P20_BL_PB:2646,Treg,0
SklavenitisPistofidis_2022.P20_BL_PB:2723,Treg,0
SklavenitisPistofidis_2022.P20_BL_PB:2744,Treg,2
SklavenitisPistofidis_2022.P20_BL_PB:2752,Treg,2
SklavenitisPistofidis_2022.P20_BL_PB:2773,Treg,0
SklavenitisPistofidis_2022.P20_BL_PB:2800,Treg,0
SklavenitisPistofidis_2022.P20_BL_PB:2834,Treg,0
SklavenitisPistofidis_2022.P20_BL_PB:2855,Treg,0
SklavenitisPistofidis_2022.P20_BL_PB:2882,Treg,2
SklavenitisPistofidis_2022.P20_BL_PB:2897,Treg,4
SklavenitisPistofidis_2022.P20_BL_PB:2916,Treg,0
SklavenitisPistofidis_2022.P20_BL_PB:2964,Treg,2
SklavenitisPistofidis_2022.P20_BL_PB:2968,Treg,0
SklavenitisPistofidis_2022.P20_BL_PB:2997,Treg,0
SklavenitisPistofidis_2022.P20_BL_PB:3019,Treg,0
SklavenitisPistofidis_2022.P20_BL_PB:3058,Treg,0
SklavenitisPistofidis_2022.P20_BL_PB:3069,Treg,2
SklavenitisPistofidis_2022.P20_BL_PB:3081,Treg,2
SklavenitisPistofidis_2022.P20_BL_PB:3086,Treg,0
SklavenitisPistofidis_2022.P20_BL_PB:3087,Treg,4
SklavenitisPistofidis_2022.P20_BL_PB:3093,Treg,0
SklavenitisPistofidis_2022.P20_BL_PB:3119,Treg,0
SklavenitisPistofidis_2022.P20_BL_PB:3134,Treg,4
SklavenitisPistofidis_2022.P20_BL_PB:3142,Treg,4
SklavenitisPistofidis_2022.P20_BL_PB:3171,Treg,0
SklavenitisPistofidis_2022.P20_BL_PB:3177,Treg,2
SklavenitisPistofidis_2022.P20_BL_PB:3182,Treg,2
SklavenitisPistofidis_2022.P20_BL_BM:21,Treg,0
SklavenitisPistofidis_2022.P20_BL_BM:34,Treg,0
SklavenitisPistofidis_2022.P20_BL_BM:57,Treg,0
SklavenitisPistofidis_2022.P20_BL_BM:75,Treg,0
SklavenitisPistofidis_2022.P20_BL_BM:97,Treg,2
SklavenitisPistofidis_2022.P20_BL_BM:168,Treg,2
SklavenitisPistofidis_2022.P20_BL_BM:199,Treg,0
SklavenitisPistofidis_2022.P20_BL_BM:202,Treg,2
SklavenitisPistofidis_2022.P20_BL_BM:244,Treg,0
SklavenitisPistofidis_2022.P20_BL_BM:282,Treg,0
SklavenitisPistofidis_2022.P20_BL_BM:318,Treg,2
SklavenitisPistofidis_2022.P20_BL_BM:456,Treg,0
SklavenitisPistofidis_2022.P20_BL_BM:469,Treg,0
SklavenitisPistofidis_2022.P20_BL_BM:486,Treg,0
SklavenitisPistofidis_2022.P20_BL_BM:491,Treg,0
SklavenitisPistofidis_2022.P20_BL_BM:508,Treg,0
SklavenitisPistofidis_2022.P20_BL_BM:520,Treg,2
SklavenitisPistofidis_2022.P20_BL_BM:563,Treg,2
SklavenitisPistofidis_2022.P20_BL_BM:567,Treg,0
SklavenitisPistofidis_2022.P20_BL_BM:616,Treg,0
SklavenitisPistofidis_2022.P20_BL_BM:639,Treg,2
SklavenitisPistofidis_2022.P20_BL_BM:664,Treg,0
SklavenitisPistofidis_2022.P20_BL_BM:710,Treg,2
SklavenitisPistofidis_2022.P20_BL_BM:729,Treg,0
SklavenitisPistofidis_2022.P20_BL_BM:755,Treg,0
SklavenitisPistofidis_2022.P20_BL_BM:811,Treg,0
SklavenitisPistofidis_2022.P20_BL_BM:829,Treg,4
SklavenitisPistofidis_2022.P20_BL_BM:844,Treg,2
SklavenitisPistofidis_2022.P20_BL_BM:850,Treg,0
SklavenitisPistofidis_2022.P20_BL_BM:855,Treg,4
SklavenitisPistofidis_2022.P20_BL_BM:863,Treg,2
SklavenitisPistofidis_2022.P20_BL_BM:900,Treg,2
SklavenitisPistofidis_2022.P20_BL_BM:907,Treg,0
SklavenitisPistofidis_2022.P20_BL_BM:944,Treg,0
SklavenitisPistofidis_2022.P20_BL_BM:976,Treg,0
SklavenitisPistofidis_2022.P20_BL_BM:1020,Treg,0
SklavenitisPistofidis_2022.P20_BL_BM:1049,Treg,0
SklavenitisPistofidis_2022.P20_BL_BM:1051,Treg,2
SklavenitisPistofidis_2022.P20_BL_BM:1067,Treg,2
SklavenitisPistofidis_2022.P20_BL_BM:1083,Treg,0
SklavenitisPistofidis_2022.P20_BL_BM:1100,Treg,2
SklavenitisPistofidis_2022.P20_BL_BM:1187,Treg,0
SklavenitisPistofidis_2022.P20_BL_BM:1216,Treg,2
SklavenitisPistofidis_2022.P20_BL_BM:1260,Treg,0
SklavenitisPistofidis_2022.P20_BL_BM:1290,Treg,0
SklavenitisPistofidis_2022.P20_BL_BM:1332,Treg,0
SklavenitisPistofidis_2022.P20_BL_BM:1352,Treg,0
SklavenitisPistofidis_2022.P20_BL_BM:1374,Treg,0
SklavenitisPistofidis_2022.P20_BL_BM:1437,Treg,0
SklavenitisPistofidis_2022.P20_BL_BM:1470,Treg,4
SklavenitisPistofidis_2022.P20_BL_BM:1480,Treg,2
SklavenitisPistofidis_2022.P20_BL_BM:1492,Treg,4
SklavenitisPistofidis_2022.P20_BL_BM:1500,Treg,2
SklavenitisPistofidis_2022.P20_BL_BM:1524,Treg,0
SklavenitisPistofidis_2022.P20_BL_BM:1528,Treg,4
SklavenitisPistofidis_2022.P20_BL_BM:1544,Treg,4
SklavenitisPistofidis_2022.P20_BL_BM:1586,Treg,0
SklavenitisPistofidis_2022.P20_BL_BM:1594,Treg,0
SklavenitisPistofidis_2022.P20_BL_BM:1598,Treg,0
SklavenitisPistofidis_2022.P20_BL_BM:1635,Treg,4
SklavenitisPistofidis_2022.P20_BL_BM:1644,Treg,0
SklavenitisPistofidis_2022.P20_BL_BM:1670,Treg,0
SklavenitisPistofidis_2022.P20_BL_BM:1677,Treg,0
SklavenitisPistofidis_2022.P20_BL_BM:1715,Treg,4
SklavenitisPistofidis_2022.P20_BL_BM:1738,Treg,4
SklavenitisPistofidis_2022.P20_BL_BM:1763,Treg,0
SklavenitisPistofidis_2022.P20_BL_BM:1791,Treg,0
SklavenitisPistofidis_2022.P20_BL_BM:1803,Treg,4
SklavenitisPistofidis_2022.P20_BL_BM:1834,Treg,2
SklavenitisPistofidis_2022.P20_BL_BM:1882,Treg,2
SklavenitisPistofidis_2022.P20_BL_BM:1970,Treg,0
SklavenitisPistofidis_2022.P20_BL_BM:1983,Treg,0
SklavenitisPistofidis_2022.P20_BL_BM:2075,Treg,0
SklavenitisPistofidis_2022.P20_BL_BM:2106,Treg,4
SklavenitisPistofidis_2022.P20_BL_BM:2153,Treg,4
SklavenitisPistofidis_2022.P20_BL_BM:2158,Treg,4
SklavenitisPistofidis_2022.P20_BL_BM:2166,Treg,2
SklavenitisPistofidis_2022.P20_BL_BM:2230,Treg,2
SklavenitisPistofidis_2022.P20_BL_BM:2236,Treg,2
SklavenitisPistofidis_2022.P20_BL_BM:2267,Treg,0
SklavenitisPistofidis_2022.P20_BL_BM:2284,Treg,0
SklavenitisPistofidis_2022.P20_BL_BM:2297,Treg,0
SklavenitisPistofidis_2022.P20_BL_BM:2311,Treg,4
SklavenitisPistofidis_2022.P20_BL_BM:2358,Treg,0
SklavenitisPistofidis_2022.P20_BL_BM:2393,Treg,0
SklavenitisPistofidis_2022.P20_BL_BM:2437,Treg,0
SklavenitisPistofidis_2022.P20_BL_BM:2481,Treg,0
SklavenitisPistofidis_2022.P20_BL_BM:2497,Treg,0
SklavenitisPistofidis_2022.P20_BL_BM:2505,Treg,2
SklavenitisPistofidis_2022.P20_BL_BM:2525,Treg,2
SklavenitisPistofidis_2022.P20_BL_BM:2541,Treg,2
SklavenitisPistofidis_2022.P20_BL_BM:2578,Treg,0
SklavenitisPistofidis_2022.P20_BL_BM:2579,Treg,0
SklavenitisPistofidis_2022.P20_BL_BM:2604,Treg,4
SklavenitisPistofidis_2022.P20_BL_BM:2628,Treg,0
SklavenitisPistofidis_2022.P20_BL_BM:2636,Treg,2
SklavenitisPistofidis_2022.P20_BL_BM:2700,Treg,0
SklavenitisPistofidis_2022.P20_BL_BM:2741,Treg,0
SklavenitisPistofidis_2022.P20_BL_BM:2769,Treg,2
SklavenitisPistofidis_2022.P20_BL_BM:2806,Treg,2
SklavenitisPistofidis_2022.P20_BL_BM:2854,Treg,4
SklavenitisPistofidis_2022.P20_BL_BM:2921,Treg,2
SklavenitisPistofidis_2022.P20_BL_BM:2966,Treg,0
SklavenitisPistofidis_2022.P20_BL_BM:3011,Treg,0
SklavenitisPistofidis_2022.P20_BL_BM:3024,Treg,0
SklavenitisPistofidis_2022.P20_BL_BM:3051,Treg,0
SklavenitisPistofidis_2022.P20_BL_BM:3059,Treg,4
SklavenitisPistofidis_2022.P20_BL_BM:3107,Treg,2
SklavenitisPistofidis_2022.P20_BL_BM:3254,Treg,0
SklavenitisPistofidis_2022.P20_BL_BM:3272,Treg,2
SklavenitisPistofidis_2022.P20_BL_BM:3274,Treg,0
SklavenitisPistofidis_2022.P20_BL_BM:3278,Treg,2
SklavenitisPistofidis_2022.P20_BL_BM:3408,Treg,0
SklavenitisPistofidis_2022.P20_BL_BM:3434,Treg,0
SklavenitisPistofidis_2022.P20_BL_BM:3467,Treg,0
SklavenitisPistofidis_2022.P20_BL_BM:3561,Treg,0
SklavenitisPistofidis_2022.P20_BL_BM:3603,Treg,0
SklavenitisPistofidis_2022.P21_BL_BM:9,Treg,2
SklavenitisPistofidis_2022.P21_BL_BM:211,Treg,0
SklavenitisPistofidis_2022.P21_BL_BM:279,Treg,0
SklavenitisPistofidis_2022.P21_BL_BM:311,Treg,2
SklavenitisPistofidis_2022.P21_BL_BM:441,Treg,0
SklavenitisPistofidis_2022.P21_BL_BM:754,Treg,0
SklavenitisPistofidis_2022.P21_BL_BM:825,Treg,2
SklavenitisPistofidis_2022.P21_BL_BM:842,Treg,2
SklavenitisPistofidis_2022.P21_BL_BM:911,Treg,2
SklavenitisPistofidis_2022.P21_BL_BM:1087,Treg,2
SklavenitisPistofidis_2022.P21_BL_BM:1116,Treg,2
SklavenitisPistofidis_2022.P21_BL_BM:1128,Treg,2
SklavenitisPistofidis_2022.P21_BL_BM:1363,Treg,0
SklavenitisPistofidis_2022.P21_BL_BM:1372,Treg,2
SklavenitisPistofidis_2022.P22_BL_PB:10,Treg,2
SklavenitisPistofidis_2022.P22_BL_PB:24,Treg,2
SklavenitisPistofidis_2022.P22_BL_PB:34,Treg,0
SklavenitisPistofidis_2022.P22_BL_PB:36,Treg,0
SklavenitisPistofidis_2022.P22_BL_PB:44,Treg,0
SklavenitisPistofidis_2022.P22_BL_PB:48,Treg,0
SklavenitisPistofidis_2022.P22_BL_PB:54,Treg,0
SklavenitisPistofidis_2022.P22_BL_PB:75,Treg,2
SklavenitisPistofidis_2022.P22_BL_PB:92,Treg,0
SklavenitisPistofidis_2022.P22_BL_PB:128,Treg,0
SklavenitisPistofidis_2022.P22_BL_PB:130,Treg,2
SklavenitisPistofidis_2022.P22_BL_PB:131,Treg,2
SklavenitisPistofidis_2022.P22_BL_PB:141,Treg,0
SklavenitisPistofidis_2022.P22_BL_PB:152,Treg,0
SklavenitisPistofidis_2022.P22_BL_PB:156,Treg,0
SklavenitisPistofidis_2022.P22_BL_PB:168,Treg,0
SklavenitisPistofidis_2022.P22_BL_PB:177,Treg,0
SklavenitisPistofidis_2022.P22_BL_PB:187,Treg,2
SklavenitisPistofidis_2022.P22_BL_PB:288,Treg,0
SklavenitisPistofidis_2022.P22_BL_PB:315,Treg,0
SklavenitisPistofidis_2022.P22_BL_PB:341,Treg,0
SklavenitisPistofidis_2022.P22_BL_PB:344,Treg,0
SklavenitisPistofidis_2022.P22_BL_PB:353,Treg,0
SklavenitisPistofidis_2022.P22_BL_PB:367,Treg,4
SklavenitisPistofidis_2022.P22_BL_PB:420,Treg,2
SklavenitisPistofidis_2022.P22_BL_PB:473,Treg,2
SklavenitisPistofidis_2022.P22_BL_PB:477,Treg,0
SklavenitisPistofidis_2022.P22_BL_PB:493,Treg,2
SklavenitisPistofidis_2022.P22_BL_PB:516,Treg,0
SklavenitisPistofidis_2022.P22_BL_PB:519,Treg,0
SklavenitisPistofidis_2022.P22_BL_PB:533,Treg,0
SklavenitisPistofidis_2022.P22_BL_PB:534,Treg,0
SklavenitisPistofidis_2022.P22_BL_PB:541,Treg,0
SklavenitisPistofidis_2022.P22_BL_PB:550,Treg,2
SklavenitisPistofidis_2022.P22_BL_PB:561,Treg,2
SklavenitisPistofidis_2022.P22_BL_PB:586,Treg,0
SklavenitisPistofidis_2022.P22_BL_PB:620,Treg,2
SklavenitisPistofidis_2022.P22_BL_PB:647,Treg,0
SklavenitisPistofidis_2022.P22_BL_PB:660,Treg,4
SklavenitisPistofidis_2022.P22_BL_PB:670,Treg,0
SklavenitisPistofidis_2022.P22_BL_PB:698,Treg,0
SklavenitisPistofidis_2022.P22_BL_PB:713,Treg,2
SklavenitisPistofidis_2022.P22_BL_PB:723,Treg,0
SklavenitisPistofidis_2022.P22_BL_PB:759,Treg,0
SklavenitisPistofidis_2022.P22_BL_PB:788,Treg,0
SklavenitisPistofidis_2022.P22_BL_PB:803,Treg,0
SklavenitisPistofidis_2022.P22_BL_PB:850,Treg,0
SklavenitisPistofidis_2022.P22_BL_PB:853,Treg,0
SklavenitisPistofidis_2022.P22_BL_PB:886,Treg,0
SklavenitisPistofidis_2022.P22_BL_PB:899,Treg,0
SklavenitisPistofidis_2022.P22_BL_PB:927,Treg,0
SklavenitisPistofidis_2022.P22_BL_PB:939,Treg,0
SklavenitisPistofidis_2022.P22_BL_PB:944,Treg,0
SklavenitisPistofidis_2022.P22_BL_PB:963,Treg,0
SklavenitisPistofidis_2022.P22_BL_PB:995,Treg,0
SklavenitisPistofidis_2022.P22_BL_PB:1019,Treg,0
SklavenitisPistofidis_2022.P22_BL_PB:1044,Treg,0
SklavenitisPistofidis_2022.P22_BL_PB:1094,Treg,0
SklavenitisPistofidis_2022.P22_BL_PB:1125,Treg,0
SklavenitisPistofidis_2022.P22_BL_PB:1130,Treg,2
SklavenitisPistofidis_2022.P22_BL_PB:1133,Treg,2
SklavenitisPistofidis_2022.P22_BL_PB:1164,Treg,0
SklavenitisPistofidis_2022.P22_BL_PB:1209,Treg,0
SklavenitisPistofidis_2022.P22_BL_PB:1216,Treg,0
SklavenitisPistofidis_2022.P22_BL_PB:1230,Treg,4
SklavenitisPistofidis_2022.P22_BL_PB:1275,Treg,0
SklavenitisPistofidis_2022.P22_BL_PB:1286,Treg,0
SklavenitisPistofidis_2022.P22_BL_PB:1333,Treg,0
SklavenitisPistofidis_2022.P22_BL_PB:1339,Treg,0
SklavenitisPistofidis_2022.P22_BL_PB:1364,Treg,0
SklavenitisPistofidis_2022.P22_BL_PB:1440,Treg,0
SklavenitisPistofidis_2022.P22_BL_PB:1473,Treg,2
SklavenitisPistofidis_2022.P22_BL_PB:1502,Treg,0
SklavenitisPistofidis_2022.P22_BL_PB:1510,Treg,0
SklavenitisPistofidis_2022.P22_BL_PB:1521,Treg,0
SklavenitisPistofidis_2022.P22_BL_PB:1598,Treg,0
SklavenitisPistofidis_2022.P22_BL_PB:1606,Treg,0
SklavenitisPistofidis_2022.P22_BL_PB:1642,Treg,0
SklavenitisPistofidis_2022.P22_BL_PB:1685,Treg,0
SklavenitisPistofidis_2022.P22_BL_PB:1691,Treg,0
SklavenitisPistofidis_2022.P22_BL_PB:1699,Treg,4
SklavenitisPistofidis_2022.P22_BL_PB:1708,Treg,0
SklavenitisPistofidis_2022.P22_BL_PB:1763,Treg,0
SklavenitisPistofidis_2022.P22_BL_PB:1767,Treg,0
SklavenitisPistofidis_2022.P22_BL_PB:1830,Treg,2
SklavenitisPistofidis_2022.P22_BL_PB:1848,Treg,0
SklavenitisPistofidis_2022.P22_BL_PB:1858,Treg,0
SklavenitisPistofidis_2022.P22_BL_PB:1868,Treg,0
SklavenitisPistofidis_2022.P22_BL_PB:1881,Treg,0
SklavenitisPistofidis_2022.P22_BL_PB:1893,Treg,2
SklavenitisPistofidis_2022.P22_BL_PB:1901,Treg,0
SklavenitisPistofidis_2022.P22_BL_PB:1917,Treg,0
SklavenitisPistofidis_2022.P22_BL_PB:1952,Treg,2
SklavenitisPistofidis_2022.P22_BL_PB:1979,Treg,0
SklavenitisPistofidis_2022.P22_BL_PB:1987,Treg,0
SklavenitisPistofidis_2022.P22_BL_PB:1993,Treg,0
SklavenitisPistofidis_2022.P22_BL_PB:2010,Treg,0
SklavenitisPistofidis_2022.P22_BL_PB:2022,Treg,2
SklavenitisPistofidis_2022.P22_BL_PB:2026,Treg,0
SklavenitisPistofidis_2022.P22_BL_PB:2038,Treg,0
SklavenitisPistofidis_2022.P22_BL_PB:2063,Treg,2
SklavenitisPistofidis_2022.P22_BL_PB:2079,Treg,0
SklavenitisPistofidis_2022.P22_BL_PB:2103,Treg,2
SklavenitisPistofidis_2022.P22_BL_PB:2115,Treg,0
SklavenitisPistofidis_2022.P22_BL_PB:2142,Treg,0
SklavenitisPistofidis_2022.P22_BL_PB:2187,Treg,2
SklavenitisPistofidis_2022.P22_BL_PB:2216,Treg,0
SklavenitisPistofidis_2022.P22_BL_PB:2231,Treg,0
SklavenitisPistofidis_2022.P22_BL_PB:2247,Treg,0
SklavenitisPistofidis_2022.P22_BL_PB:2255,Treg,4
SklavenitisPistofidis_2022.P22_BL_PB:2280,Treg,0
SklavenitisPistofidis_2022.P22_BL_PB:2301,Treg,2
SklavenitisPistofidis_2022.P22_BL_PB:2319,Treg,2
SklavenitisPistofidis_2022.P22_BL_PB:2386,Treg,0
SklavenitisPistofidis_2022.P22_BL_PB:2388,Treg,0
SklavenitisPistofidis_2022.P22_BL_PB:2428,Treg,0
SklavenitisPistofidis_2022.P22_BL_PB:2446,Treg,4
SklavenitisPistofidis_2022.P22_BL_PB:2449,Treg,2
SklavenitisPistofidis_2022.P22_BL_PB:2453,Treg,0
SklavenitisPistofidis_2022.P22_BL_PB:2546,Treg,0
SklavenitisPistofidis_2022.P22_BL_PB:2554,Treg,0
SklavenitisPistofidis_2022.P22_BL_PB:2555,Treg,0
SklavenitisPistofidis_2022.P22_BL_PB:2621,Treg,0
SklavenitisPistofidis_2022.P22_BL_PB:2647,Treg,0
SklavenitisPistofidis_2022.P22_BL_PB:2693,Treg,0
SklavenitisPistofidis_2022.P22_BL_PB:2730,Treg,0
SklavenitisPistofidis_2022.P22_BL_PB:2746,Treg,0
SklavenitisPistofidis_2022.P22_BL_PB:2748,Treg,2
SklavenitisPistofidis_2022.P22_BL_PB:2749,Treg,0
SklavenitisPistofidis_2022.P22_BL_PB:2751,Treg,0
SklavenitisPistofidis_2022.P22_BL_PB:2753,Treg,0
SklavenitisPistofidis_2022.P22_BL_PB:2849,Treg,2
SklavenitisPistofidis_2022.P22_BL_PB:2854,Treg,0
SklavenitisPistofidis_2022.P22_BL_PB:2905,Treg,2
SklavenitisPistofidis_2022.P22_BL_PB:2925,Treg,0
SklavenitisPistofidis_2022.P22_BL_PB:2937,Treg,0
SklavenitisPistofidis_2022.P22_BL_PB:2960,Treg,2
SklavenitisPistofidis_2022.P22_BL_PB:2964,Treg,0
SklavenitisPistofidis_2022.P22_BL_PB:2977,Treg,0
SklavenitisPistofidis_2022.P22_BL_PB:3021,Treg,0
SklavenitisPistofidis_2022.P22_BL_PB:3024,Treg,0
SklavenitisPistofidis_2022.P22_BL_PB:3057,Treg,0
SklavenitisPistofidis_2022.P22_BL_PB:3061,Treg,0
SklavenitisPistofidis_2022.P22_BL_PB:3065,Treg,2
SklavenitisPistofidis_2022.P22_BL_PB:3069,Treg,0
SklavenitisPistofidis_2022.P22_BL_PB:3088,Treg,2
SklavenitisPistofidis_2022.P22_BL_PB:3098,Treg,2
SklavenitisPistofidis_2022.P22_BL_PB:3109,Treg,2
SklavenitisPistofidis_2022.P22_BL_PB:3113,Treg,0
SklavenitisPistofidis_2022.P22_BL_PB:3126,Treg,0
SklavenitisPistofidis_2022.P22_BL_PB:3129,Treg,0
SklavenitisPistofidis_2022.P22_BL_PB:3135,Treg,2
SklavenitisPistofidis_2022.P22_BL_PB:3159,Treg,2
SklavenitisPistofidis_2022.P22_BL_PB:3209,Treg,0
SklavenitisPistofidis_2022.P22_BL_PB:3230,Treg,0
SklavenitisPistofidis_2022.P22_BL_PB:3254,Treg,0
SklavenitisPistofidis_2022.P22_BL_PB:3301,Treg,0
SklavenitisPistofidis_2022.P22_BL_PB:3327,Treg,2
SklavenitisPistofidis_2022.P22_BL_PB:3337,Treg,2
SklavenitisPistofidis_2022.P22_BL_PB:3371,Treg,0
SklavenitisPistofidis_2022.P22_BL_PB:3385,Treg,4
SklavenitisPistofidis_2022.P22_BL_PB:3391,Treg,4
SklavenitisPistofidis_2022.P22_BL_PB:3435,Treg,0
SklavenitisPistofidis_2022.P22_BL_PB:3466,Treg,0
SklavenitisPistofidis_2022.P22_BL_PB:3467,Treg,0
SklavenitisPistofidis_2022.P22_BL_PB:3493,Treg,0
SklavenitisPistofidis_2022.P22_BL_PB:3531,Treg,2
SklavenitisPistofidis_2022.P22_BL_PB:3567,Treg,0
SklavenitisPistofidis_2022.P22_BL_PB:3576,Treg,0
SklavenitisPistofidis_2022.P22_BL_PB:3579,Treg,2
SklavenitisPistofidis_2022.P22_BL_PB:3610,Treg,0
SklavenitisPistofidis_2022.P22_BL_PB:3647,Treg,0
SklavenitisPistofidis_2022.P22_BL_PB:3652,Treg,0
SklavenitisPistofidis_2022.P22_BL_PB:3678,Treg,0
SklavenitisPistofidis_2022.P22_BL_PB:3692,Treg,0
SklavenitisPistofidis_2022.P22_BL_BM:30,Treg,0
SklavenitisPistofidis_2022.P22_BL_BM:179,Treg,0
SklavenitisPistofidis_2022.P22_BL_BM:226,Treg,0
SklavenitisPistofidis_2022.P22_BL_BM:262,Treg,4
SklavenitisPistofidis_2022.P22_BL_BM:275,Treg,4
SklavenitisPistofidis_2022.P22_BL_BM:323,Treg,0
SklavenitisPistofidis_2022.P22_BL_BM:462,Treg,0
SklavenitisPistofidis_2022.P22_BL_BM:487,Treg,0
SklavenitisPistofidis_2022.P22_BL_BM:518,Treg,0
SklavenitisPistofidis_2022.P22_BL_BM:570,Treg,0
SklavenitisPistofidis_2022.P22_BL_BM:623,Treg,0
SklavenitisPistofidis_2022.P22_BL_BM:722,Treg,0
SklavenitisPistofidis_2022.P22_BL_BM:742,Treg,2
SklavenitisPistofidis_2022.P22_BL_BM:766,Treg,2
SklavenitisPistofidis_2022.P22_BL_BM:823,Treg,0
SklavenitisPistofidis_2022.P22_BL_BM:848,Treg,4
SklavenitisPistofidis_2022.P22_BL_BM:938,Treg,2
SklavenitisPistofidis_2022.P22_BL_BM:1012,Treg,2
SklavenitisPistofidis_2022.P22_BL_BM:1254,Treg,0
SklavenitisPistofidis_2022.P22_BL_BM:1317,Treg,4
SklavenitisPistofidis_2022.P22_BL_BM:1320,Treg,4
SklavenitisPistofidis_2022.P22_BL_BM:1350,Treg,2
SklavenitisPistofidis_2022.P22_BL_BM:1499,Treg,2
SklavenitisPistofidis_2022.P22_BL_BM:1614,Treg,0
SklavenitisPistofidis_2022.P22_BL_BM:1628,Treg,0
SklavenitisPistofidis_2022.P22_BL_BM:1853,Treg,0
SklavenitisPistofidis_2022.P22_BL_BM:1873,Treg,2
SklavenitisPistofidis_2022.P22_BL_BM:1874,Treg,0
SklavenitisPistofidis_2022.P22_BL_BM:1891,Treg,0
SklavenitisPistofidis_2022.P22_BL_BM:1908,Treg,4
SklavenitisPistofidis_2022.P22_BL_BM:1932,Treg,0
SklavenitisPistofidis_2022.P22_BL_BM:1987,Treg,0
SklavenitisPistofidis_2022.P22_BL_BM:2204,Treg,0
SklavenitisPistofidis_2022.P22_BL_BM:2337,Treg,0
SklavenitisPistofidis_2022.P22_BL_BM:2498,Treg,0
SklavenitisPistofidis_2022.P22_BL_BM:2653,Treg,4
SklavenitisPistofidis_2022.P22_BL_BM:2706,Treg,0
SklavenitisPistofidis_2022.P22_BL_BM:2734,Treg,2
SklavenitisPistofidis_2022.P22_BL_BM:2864,Treg,2
SklavenitisPistofidis_2022.P22_BL_BM:2866,Treg,4
SklavenitisPistofidis_2022.P22_BL_BM:2899,Treg,4
SklavenitisPistofidis_2022.P22_BL_BM:2907,Treg,2
SklavenitisPistofidis_2022.P22_BL_BM:2982,Treg,0
SklavenitisPistofidis_2022.P22_BL_BM:3034,Treg,2
SklavenitisPistofidis_2022.P22_BL_BM:3102,Treg,4
SklavenitisPistofidis_2022.P22_BL_BM:3163,Treg,0
SklavenitisPistofidis_2022.P22_BL_BM:3267,Treg,2
SklavenitisPistofidis_2022.P22_BL_BM:3286,Treg,2
SklavenitisPistofidis_2022.P22_BL_BM:3348,Treg,0
SklavenitisPistofidis_2022.P22_BL_BM:3357,Treg,0
SklavenitisPistofidis_2022.P22_BL_BM:3428,Treg,0
SklavenitisPistofidis_2022.P22_BL_BM:3716,Treg,0
SklavenitisPistofidis_2022.P22_BL_BM:3778,Treg,0
SklavenitisPistofidis_2022.P22_BL_BM:3793,Treg,2
SklavenitisPistofidis_2022.P22_BL_BM:3821,Treg,0
SklavenitisPistofidis_2022.P22_BL_BM:3834,Treg,0
SklavenitisPistofidis_2022.P22_BL_BM:4150,Treg,0
SklavenitisPistofidis_2022.P22_BL_BM:4229,Treg,4
SklavenitisPistofidis_2022.P22_BL_BM:4295,Treg,0
SklavenitisPistofidis_2022.P22_BL_BM:4334,Treg,4
SklavenitisPistofidis_2022.P22_BL_BM:4451,Treg,0
SklavenitisPistofidis_2022.P22_BL_BM:4489,Treg,4
SklavenitisPistofidis_2022.P22_BL_BM:4535,Treg,4
SklavenitisPistofidis_2022.P22_BL_BM:4568,Treg,0
SklavenitisPistofidis_2022.P22_BL_BM:4676,Treg,0
SklavenitisPistofidis_2022.P22_BL_BM:4760,Treg,4
SklavenitisPistofidis_2022.P22_BL_BM:4778,Treg,2
SklavenitisPistofidis_2022.P22_BL_BM:4798,Treg,2
SklavenitisPistofidis_2022.P22_BL_BM:4920,Treg,0
SklavenitisPistofidis_2022.P22_BL_BM:4982,Treg,0
SklavenitisPistofidis_2022.P22_BL_BM:5141,Treg,0
SklavenitisPistofidis_2022.P22_BL_BM:5178,Treg,0
SklavenitisPistofidis_2022.P22_BL_BM:5179,Treg,4
SklavenitisPistofidis_2022.P22_BL_BM:5195,Treg,0
SklavenitisPistofidis_2022.P22_BL_BM:5235,Treg,0
SklavenitisPistofidis_2022.P22_BL_BM:5378,Treg,4
SklavenitisPistofidis_2022.P22_BL_BM:5399,Treg,2
SklavenitisPistofidis_2022.P22_BL_BM:5453,Treg,0
SklavenitisPistofidis_2022.P22_BL_BM:5482,Treg,4
SklavenitisPistofidis_2022.P22_BL_BM:5586,Treg,0
SklavenitisPistofidis_2022.P22_BL_BM:5619,Treg,0
SklavenitisPistofidis_2022.P22_BL_BM:5647,Treg,4
SklavenitisPistofidis_2022.P22_BL_BM:5666,Treg,2
SklavenitisPistofidis_2022.P22_BL_BM:5707,Treg,0
SklavenitisPistofidis_2022.P22_BL_BM:5747,Treg,2
SklavenitisPistofidis_2022.P22_BL_BM:5847,Treg,0
SklavenitisPistofidis_2022.P22_BL_BM:5950,Treg,2
SklavenitisPistofidis_2022.P22_BL_BM:6001,Treg,2
SklavenitisPistofidis_2022.P22_BL_BM:6191,Treg,4
SklavenitisPistofidis_2022.P22_BL_BM:6247,Treg,0
SklavenitisPistofidis_2022.P22_BL_BM:6358,Treg,0
SklavenitisPistofidis_2022.P22_BL_BM:6396,Treg,0
SklavenitisPistofidis_2022.P22_BL_BM:6422,Treg,0
SklavenitisPistofidis_2022.P22_BL_BM:6467,Treg,0
SklavenitisPistofidis_2022.P22_BL_BM:6491,Treg,0
SklavenitisPistofidis_2022.P22_BL_BM:6713,Treg,0
SklavenitisPistofidis_2022.P22_BL_BM:6733,Treg,0
SklavenitisPistofidis_2022.P22_BL_BM:6754,Treg,0
SklavenitisPistofidis_2022.P22_BL_BM:6826,Treg,0
SklavenitisPistofidis_2022.P22_BL_BM:6862,Treg,0
SklavenitisPistofidis_2022.P22_BL_BM:6910,Treg,2
SklavenitisPistofidis_2022.P22_BL_BM:6911,Treg,0
SklavenitisPistofidis_2022.P22_BL_BM:6933,Treg,0
SklavenitisPistofidis_2022.P22_BL_BM:6982,Treg,4
SklavenitisPistofidis_2022.P22_BL_BM:7025,Treg,2
SklavenitisPistofidis_2022.P22_BL_BM:7078,Treg,2
SklavenitisPistofidis_2022.P22_BL_BM:7089,Treg,0
SklavenitisPistofidis_2022.P22_BL_BM:7095,Treg,2
SklavenitisPistofidis_2022.P22_BL_BM:7111,Treg,4
SklavenitisPistofidis_2022.P22_BL_BM:7127,Treg,0
SklavenitisPistofidis_2022.P22_BL_BM:7138,Treg,4
SklavenitisPistofidis_2022.P22_BL_BM:7209,Treg,4
SklavenitisPistofidis_2022.P22_BL_BM:7226,Treg,0
SklavenitisPistofidis_2022.P22_BL_BM:7321,Treg,0
SklavenitisPistofidis_2022.P22_BL_BM:7326,Treg,0
SklavenitisPistofidis_2022.P22_BL_BM:7331,Treg,0
SklavenitisPistofidis_2022.P22_BL_BM:7534,Treg,0
SklavenitisPistofidis_2022.P22_BL_BM:7581,Treg,0
SklavenitisPistofidis_2022.P22_BL_BM:7583,Treg,0
SklavenitisPistofidis_2022.P22_BL_BM:7663,Treg,0
SklavenitisPistofidis_2022.P22_BL_BM:7807,Treg,4
SklavenitisPistofidis_2022.P22_BL_BM:7827,Treg,4
SklavenitisPistofidis_2022.P22_BL_BM:7834,Treg,0
SklavenitisPistofidis_2022.P22_BL_BM:7869,Treg,4
SklavenitisPistofidis_2022.P22_BL_BM:7876,Treg,4
SklavenitisPistofidis_2022.P22_BL_BM:8066,Treg,2
SklavenitisPistofidis_2022.P22_BL_BM:8104,Treg,2
SklavenitisPistofidis_2022.P22_BL_BM:8191,Treg,0
SklavenitisPistofidis_2022.P22_BL_BM:8259,Treg,0
SklavenitisPistofidis_2022.P22_BL_BM:8313,Treg,2
SklavenitisPistofidis_2022.P22_BL_BM:8369,Treg,4
SklavenitisPistofidis_2022.P22_BL_BM:8586,Treg,0
SklavenitisPistofidis_2022.P22_BL_BM:8623,Treg,0
SklavenitisPistofidis_2022.P22_BL_BM:8762,Treg,0
SklavenitisPistofidis_2022.P22_BL_BM:8805,Treg,0
SklavenitisPistofidis_2022.P22_BL_BM:8816,Treg,0
SklavenitisPistofidis_2022.P23_BL_PB:9,Treg,0
SklavenitisPistofidis_2022.P23_BL_PB:51,Treg,2
SklavenitisPistofidis_2022.P23_BL_PB:241,Treg,0
SklavenitisPistofidis_2022.P23_BL_PB:267,Treg,0
SklavenitisPistofidis_2022.P23_BL_PB:291,Treg,2
SklavenitisPistofidis_2022.P23_BL_PB:298,Treg,2
SklavenitisPistofidis_2022.P23_BL_PB:311,Treg,2
SklavenitisPistofidis_2022.P23_BL_PB:330,Treg,0
SklavenitisPistofidis_2022.P23_BL_PB:360,Treg,2
SklavenitisPistofidis_2022.P23_BL_PB:410,Treg,0
SklavenitisPistofidis_2022.P23_BL_PB:432,Treg,0
SklavenitisPistofidis_2022.P23_BL_PB:451,Treg,2
SklavenitisPistofidis_2022.P23_BL_PB:457,Treg,0
SklavenitisPistofidis_2022.P23_BL_PB:514,Treg,0
SklavenitisPistofidis_2022.P23_BL_PB:580,Treg,0
SklavenitisPistofidis_2022.P23_BL_PB:588,Treg,0
SklavenitisPistofidis_2022.P23_BL_PB:615,Treg,0
SklavenitisPistofidis_2022.P23_BL_PB:617,Treg,2
SklavenitisPistofidis_2022.P23_BL_PB:619,Treg,0
SklavenitisPistofidis_2022.P23_BL_PB:642,Treg,0
SklavenitisPistofidis_2022.P23_BL_PB:660,Treg,2
SklavenitisPistofidis_2022.P23_BL_PB:679,Treg,2
SklavenitisPistofidis_2022.P23_BL_PB:690,Treg,0
SklavenitisPistofidis_2022.P23_BL_PB:728,Treg,4
SklavenitisPistofidis_2022.P23_BL_PB:744,Treg,2
SklavenitisPistofidis_2022.P23_BL_PB:795,Treg,0
SklavenitisPistofidis_2022.P23_BL_PB:901,Treg,4
SklavenitisPistofidis_2022.P23_BL_PB:919,Treg,2
SklavenitisPistofidis_2022.P23_BL_PB:941,Treg,2
SklavenitisPistofidis_2022.P23_BL_PB:1003,Treg,0
SklavenitisPistofidis_2022.P23_BL_PB:1006,Treg,0
SklavenitisPistofidis_2022.P23_BL_PB:1023,Treg,2
SklavenitisPistofidis_2022.P23_BL_PB:1075,Treg,2
SklavenitisPistofidis_2022.P23_BL_PB:1099,Treg,2
SklavenitisPistofidis_2022.P23_BL_PB:1110,Treg,0
SklavenitisPistofidis_2022.P23_BL_PB:1114,Treg,2
SklavenitisPistofidis_2022.P23_BL_PB:1129,Treg,0
SklavenitisPistofidis_2022.P23_BL_PB:1157,Treg,0
SklavenitisPistofidis_2022.P23_BL_PB:1171,Treg,2
SklavenitisPistofidis_2022.P23_BL_PB:1238,Treg,0
SklavenitisPistofidis_2022.P23_BL_PB:1288,Treg,0
SklavenitisPistofidis_2022.P23_BL_PB:1298,Treg,0
SklavenitisPistofidis_2022.P23_BL_PB:1334,Treg,2
SklavenitisPistofidis_2022.P23_BL_PB:1339,Treg,2
SklavenitisPistofidis_2022.P23_BL_PB:1446,Treg,0
SklavenitisPistofidis_2022.P23_BL_PB:1472,Treg,2
SklavenitisPistofidis_2022.P23_BL_PB:1484,Treg,0
SklavenitisPistofidis_2022.P23_BL_PB:1500,Treg,2
SklavenitisPistofidis_2022.P23_BL_PB:1521,Treg,2
SklavenitisPistofidis_2022.P23_BL_PB:1530,Treg,0
SklavenitisPistofidis_2022.P23_BL_PB:1531,Treg,0
SklavenitisPistofidis_2022.P23_BL_PB:1598,Treg,0
SklavenitisPistofidis_2022.P23_BL_PB:1611,Treg,2
SklavenitisPistofidis_2022.P23_BL_PB:1628,Treg,2
SklavenitisPistofidis_2022.P23_BL_PB:1644,Treg,0
SklavenitisPistofidis_2022.P23_BL_PB:1716,Treg,4
SklavenitisPistofidis_2022.P23_BL_PB:1735,Treg,2
SklavenitisPistofidis_2022.P23_BL_PB:1762,Treg,0
SklavenitisPistofidis_2022.P23_BL_PB:1764,Treg,2
SklavenitisPistofidis_2022.P23_BL_PB:1765,Treg,0
SklavenitisPistofidis_2022.P23_BL_PB:1776,Treg,2
SklavenitisPistofidis_2022.P23_BL_PB:1799,Treg,4
SklavenitisPistofidis_2022.P23_BL_PB:1888,Treg,2
SklavenitisPistofidis_2022.P23_BL_PB:1904,Treg,0
SklavenitisPistofidis_2022.P23_BL_PB:1906,Treg,0
SklavenitisPistofidis_2022.P23_BL_PB:1958,Treg,2
SklavenitisPistofidis_2022.P23_BL_PB:1982,Treg,0
SklavenitisPistofidis_2022.P23_BL_PB:2021,Treg,2
SklavenitisPistofidis_2022.P23_BL_PB:2036,Treg,2
SklavenitisPistofidis_2022.P23_BL_PB:2043,Treg,0
SklavenitisPistofidis_2022.P23_BL_PB:2081,Treg,2
SklavenitisPistofidis_2022.P23_BL_PB:2111,Treg,2
SklavenitisPistofidis_2022.P23_BL_PB:2117,Treg,0
SklavenitisPistofidis_2022.P23_BL_PB:2185,Treg,2
SklavenitisPistofidis_2022.P23_BL_PB:2227,Treg,0
SklavenitisPistofidis_2022.P23_BL_PB:2267,Treg,0
SklavenitisPistofidis_2022.P23_BL_PB:2282,Treg,0
SklavenitisPistofidis_2022.P23_BL_PB:2285,Treg,2
SklavenitisPistofidis_2022.P23_BL_PB:2300,Treg,0
SklavenitisPistofidis_2022.P23_BL_PB:2331,Treg,2
SklavenitisPistofidis_2022.P23_BL_PB:2340,Treg,0
SklavenitisPistofidis_2022.P23_BL_PB:2371,Treg,0
SklavenitisPistofidis_2022.P23_BL_PB:2410,Treg,0
SklavenitisPistofidis_2022.P23_BL_PB:2411,Treg,0
SklavenitisPistofidis_2022.P23_BL_PB:2416,Treg,4
SklavenitisPistofidis_2022.P23_BL_PB:2420,Treg,0
SklavenitisPistofidis_2022.P23_BL_PB:2437,Treg,2
SklavenitisPistofidis_2022.P23_BL_PB:2472,Treg,0
SklavenitisPistofidis_2022.P23_BL_PB:2474,Treg,2
SklavenitisPistofidis_2022.P23_BL_PB:2495,Treg,0
SklavenitisPistofidis_2022.P23_BL_PB:2604,Treg,2
SklavenitisPistofidis_2022.P23_BL_PB:2609,Treg,0
SklavenitisPistofidis_2022.P23_BL_PB:2621,Treg,0
SklavenitisPistofidis_2022.P23_BL_PB:2645,Treg,2
SklavenitisPistofidis_2022.P23_BL_PB:2659,Treg,2
SklavenitisPistofidis_2022.P23_BL_PB:2664,Treg,0
SklavenitisPistofidis_2022.P23_BL_PB:2672,Treg,2
SklavenitisPistofidis_2022.P23_BL_PB:2678,Treg,0
SklavenitisPistofidis_2022.P23_BL_PB:2689,Treg,2
SklavenitisPistofidis_2022.P23_BL_PB:2767,Treg,2
SklavenitisPistofidis_2022.P23_BL_PB:2774,Treg,0
SklavenitisPistofidis_2022.P23_BL_PB:2775,Treg,0
SklavenitisPistofidis_2022.P23_BL_PB:2778,Treg,0
SklavenitisPistofidis_2022.P23_BL_PB:2782,Treg,2
SklavenitisPistofidis_2022.P23_BL_PB:2798,Treg,2
SklavenitisPistofidis_2022.P23_BL_PB:2804,Treg,0
SklavenitisPistofidis_2022.P23_BL_PB:2821,Treg,2
SklavenitisPistofidis_2022.P23_BL_PB:2857,Treg,0
SklavenitisPistofidis_2022.P23_BL_PB:2871,Treg,0
SklavenitisPistofidis_2022.P23_BL_PB:2888,Treg,2
SklavenitisPistofidis_2022.P23_BL_PB:2981,Treg,2
SklavenitisPistofidis_2022.P23_BL_PB:3003,Treg,4
SklavenitisPistofidis_2022.P23_BL_PB:3006,Treg,2
SklavenitisPistofidis_2022.P23_BL_PB:3048,Treg,2
SklavenitisPistofidis_2022.P23_BL_PB:3083,Treg,0
SklavenitisPistofidis_2022.P23_BL_PB:3097,Treg,0
SklavenitisPistofidis_2022.P23_BL_PB:3099,Treg,2
SklavenitisPistofidis_2022.P23_BL_PB:3120,Treg,2
SklavenitisPistofidis_2022.P23_BL_PB:3124,Treg,0
SklavenitisPistofidis_2022.P23_BL_PB:3196,Treg,2
SklavenitisPistofidis_2022.P23_BL_PB:3291,Treg,2
SklavenitisPistofidis_2022.P23_BL_PB:3307,Treg,0
SklavenitisPistofidis_2022.P23_BL_PB:3334,Treg,0
SklavenitisPistofidis_2022.P23_BL_PB:3347,Treg,2
SklavenitisPistofidis_2022.P23_BL_PB:3362,Treg,2
SklavenitisPistofidis_2022.P23_BL_PB:3394,Treg,2
SklavenitisPistofidis_2022.P23_BL_PB:3402,Treg,2
SklavenitisPistofidis_2022.P23_BL_PB:3441,Treg,0
SklavenitisPistofidis_2022.P23_BL_PB:3496,Treg,0
SklavenitisPistofidis_2022.P23_BL_PB:3527,Treg,0
SklavenitisPistofidis_2022.P23_BL_PB:3611,Treg,2
SklavenitisPistofidis_2022.P23_BL_PB:3623,Treg,2
SklavenitisPistofidis_2022.P23_BL_PB:3726,Treg,2
SklavenitisPistofidis_2022.P23_BL_PB:3739,Treg,2
SklavenitisPistofidis_2022.P23_BL_PB:3779,Treg,0
SklavenitisPistofidis_2022.P23_BL_PB:3793,Treg,2
SklavenitisPistofidis_2022.P23_BL_PB:3799,Treg,2
SklavenitisPistofidis_2022.P23_BL_BM:15,Treg,0
SklavenitisPistofidis_2022.P23_BL_BM:136,Treg,0
SklavenitisPistofidis_2022.P23_BL_BM:297,Treg,2
SklavenitisPistofidis_2022.P23_BL_BM:315,Treg,4
SklavenitisPistofidis_2022.P23_BL_BM:326,Treg,2
SklavenitisPistofidis_2022.P23_BL_BM:429,Treg,0
SklavenitisPistofidis_2022.P23_BL_BM:437,Treg,4
SklavenitisPistofidis_2022.P23_BL_BM:475,Treg,2
SklavenitisPistofidis_2022.P23_BL_BM:502,Treg,2
SklavenitisPistofidis_2022.P23_BL_BM:530,Treg,0
SklavenitisPistofidis_2022.P23_BL_BM:635,Treg,0
SklavenitisPistofidis_2022.P23_BL_BM:830,Treg,2
SklavenitisPistofidis_2022.P23_BL_BM:852,Treg,0
SklavenitisPistofidis_2022.P23_BL_BM:898,Treg,0
SklavenitisPistofidis_2022.P23_BL_BM:952,Treg,0
SklavenitisPistofidis_2022.P23_BL_BM:974,Treg,0
SklavenitisPistofidis_2022.P23_BL_BM:1077,Treg,0
SklavenitisPistofidis_2022.P23_BL_BM:1095,Treg,0
SklavenitisPistofidis_2022.P23_BL_BM:1177,Treg,2
SklavenitisPistofidis_2022.P23_BL_BM:1266,Treg,0
SklavenitisPistofidis_2022.P23_BL_BM:1318,Treg,4
SklavenitisPistofidis_2022.P23_BL_BM:1388,Treg,2
SklavenitisPistofidis_2022.P23_BL_BM:1396,Treg,0
SklavenitisPistofidis_2022.P23_BL_BM:1431,Treg,0
SklavenitisPistofidis_2022.P23_BL_BM:1482,Treg,4
SklavenitisPistofidis_2022.P23_BL_BM:1488,Treg,4
SklavenitisPistofidis_2022.P23_BL_BM:1606,Treg,2
SklavenitisPistofidis_2022.P23_BL_BM:1609,Treg,0
SklavenitisPistofidis_2022.P23_BL_BM:1619,Treg,2
SklavenitisPistofidis_2022.P23_BL_BM:1694,Treg,0
SklavenitisPistofidis_2022.P23_BL_BM:1712,Treg,0
SklavenitisPistofidis_2022.P23_BL_BM:1851,Treg,0
SklavenitisPistofidis_2022.P23_BL_BM:1925,Treg,2
SklavenitisPistofidis_2022.P23_BL_BM:1929,Treg,2
SklavenitisPistofidis_2022.P23_BL_BM:2019,Treg,0
SklavenitisPistofidis_2022.P23_BL_BM:2149,Treg,0
SklavenitisPistofidis_2022.P23_BL_BM:2262,Treg,2
SklavenitisPistofidis_2022.P23_BL_BM:2318,Treg,2
SklavenitisPistofidis_2022.P23_BL_BM:2322,Treg,2
SklavenitisPistofidis_2022.P23_BL_BM:2323,Treg,0
SklavenitisPistofidis_2022.P23_BL_BM:2446,Treg,0
SklavenitisPistofidis_2022.P23_BL_BM:2460,Treg,0
SklavenitisPistofidis_2022.P23_BL_BM:2490,Treg,2
SklavenitisPistofidis_2022.P23_BL_BM:2505,Treg,4
SklavenitisPistofidis_2022.P23_BL_BM:2537,Treg,0
SklavenitisPistofidis_2022.P23_BL_BM:2645,Treg,4
SklavenitisPistofidis_2022.P23_BL_BM:2765,Treg,2
SklavenitisPistofidis_2022.P23_BL_BM:2857,Treg,0
SklavenitisPistofidis_2022.P23_BL_BM:2867,Treg,2
SklavenitisPistofidis_2022.P23_BL_BM:2903,Treg,2
SklavenitisPistofidis_2022.P23_BL_BM:2946,Treg,2
SklavenitisPistofidis_2022.P23_BL_BM:2981,Treg,0
SklavenitisPistofidis_2022.P23_BL_BM:3002,Treg,0
SklavenitisPistofidis_2022.P23_BL_BM:3018,Treg,2
SklavenitisPistofidis_2022.P23_BL_BM:3027,Treg,0
SklavenitisPistofidis_2022.P23_BL_BM:3045,Treg,2
SklavenitisPistofidis_2022.P23_BL_BM:3131,Treg,2
SklavenitisPistofidis_2022.P23_BL_BM:3146,Treg,0
SklavenitisPistofidis_2022.P23_BL_BM:3154,Treg,0
SklavenitisPistofidis_2022.P23_BL_BM:3183,Treg,0
SklavenitisPistofidis_2022.P23_BL_BM:3205,Treg,2
SklavenitisPistofidis_2022.P23_BL_BM:3231,Treg,2
SklavenitisPistofidis_2022.P23_BL_BM:3240,Treg,2
SklavenitisPistofidis_2022.P23_BL_BM:3302,Treg,2
SklavenitisPistofidis_2022.P23_BL_BM:3336,Treg,0
SklavenitisPistofidis_2022.P23_BL_BM:3346,Treg,2
SklavenitisPistofidis_2022.P23_BL_BM:3350,Treg,4
SklavenitisPistofidis_2022.P23_BL_BM:3361,Treg,2
SklavenitisPistofidis_2022.P23_BL_BM:3391,Treg,2
SklavenitisPistofidis_2022.P23_BL_BM:3397,Treg,0
SklavenitisPistofidis_2022.P23_BL_BM:3445,Treg,0
SklavenitisPistofidis_2022.P23_BL_BM:3462,Treg,2
SklavenitisPistofidis_2022.P23_BL_BM:3514,Treg,2
SklavenitisPistofidis_2022.P23_BL_BM:3682,Treg,2
SklavenitisPistofidis_2022.P23_BL_BM:3727,Treg,0
SklavenitisPistofidis_2022.P23_BL_BM:3762,Treg,0
SklavenitisPistofidis_2022.P23_BL_BM:3946,Treg,0
SklavenitisPistofidis_2022.P23_BL_BM:3971,Treg,4
SklavenitisPistofidis_2022.P23_BL_BM:4021,Treg,0
SklavenitisPistofidis_2022.P23_BL_BM:4126,Treg,2
SklavenitisPistofidis_2022.P23_BL_BM:4273,Treg,2
SklavenitisPistofidis_2022.P23_BL_BM:4311,Treg,4
SklavenitisPistofidis_2022.P23_BL_BM:4341,Treg,2
SklavenitisPistofidis_2022.P23_BL_BM:4361,Treg,0
SklavenitisPistofidis_2022.P23_BL_BM:4371,Treg,2
SklavenitisPistofidis_2022.P23_BL_BM:4394,Treg,0
SklavenitisPistofidis_2022.P23_BL_BM:4415,Treg,0
SklavenitisPistofidis_2022.P23_BL_BM:4440,Treg,2
SklavenitisPistofidis_2022.P23_BL_BM:4443,Treg,2
SklavenitisPistofidis_2022.P23_BL_BM:4472,Treg,0
SklavenitisPistofidis_2022.P23_BL_BM:4484,Treg,2
SklavenitisPistofidis_2022.P23_BL_BM:4494,Treg,2
SklavenitisPistofidis_2022.P23_BL_BM:4508,Treg,0
SklavenitisPistofidis_2022.P23_BL_BM:4523,Treg,4
SklavenitisPistofidis_2022.P23_BL_BM:4527,Treg,2
SklavenitisPistofidis_2022.P23_BL_BM:4599,Treg,0
SklavenitisPistofidis_2022.P23_BL_BM:4744,Treg,2
SklavenitisPistofidis_2022.P23_BL_BM:4763,Treg,0
SklavenitisPistofidis_2022.P23_BL_BM:4837,Treg,2
SklavenitisPistofidis_2022.P23_BL_BM:4858,Treg,2
SklavenitisPistofidis_2022.P23_BL_BM:4873,Treg,0
SklavenitisPistofidis_2022.P23_BL_BM:4944,Treg,0
SklavenitisPistofidis_2022.P23_BL_BM:4991,Treg,2
SklavenitisPistofidis_2022.P23_BL_BM:5008,Treg,4
SklavenitisPistofidis_2022.P23_BL_BM:5034,Treg,2
SklavenitisPistofidis_2022.P23_BL_BM:5045,Treg,2
SklavenitisPistofidis_2022.P23_BL_BM:5085,Treg,2
SklavenitisPistofidis_2022.P23_BL_BM:5088,Treg,0
SklavenitisPistofidis_2022.P23_BL_BM:5092,Treg,0
SklavenitisPistofidis_2022.P23_BL_BM:5096,Treg,4
SklavenitisPistofidis_2022.P23_BL_BM:5186,Treg,2
SklavenitisPistofidis_2022.P23_BL_BM:5233,Treg,2
SklavenitisPistofidis_2022.P23_BL_BM:5289,Treg,0
SklavenitisPistofidis_2022.P23_BL_BM:5304,Treg,0
SklavenitisPistofidis_2022.P23_BL_BM:5330,Treg,2
SklavenitisPistofidis_2022.P23_BL_BM:5339,Treg,0
SklavenitisPistofidis_2022.P23_BL_BM:5373,Treg,2
SklavenitisPistofidis_2022.P23_BL_BM:5389,Treg,2
SklavenitisPistofidis_2022.P23_BL_BM:5520,Treg,0
SklavenitisPistofidis_2022.P23_BL_BM:5566,Treg,2
SklavenitisPistofidis_2022.P23_BL_BM:5597,Treg,0
SklavenitisPistofidis_2022.P23_BL_BM:5638,Treg,0
SklavenitisPistofidis_2022.P23_BL_BM:5648,Treg,2
SklavenitisPistofidis_2022.P23_BL_BM:5664,Treg,2
SklavenitisPistofidis_2022.P23_BL_BM:5728,Treg,4
SklavenitisPistofidis_2022.P23_BL_BM:5731,Treg,0
SklavenitisPistofidis_2022.P23_BL_BM:5821,Treg,0
SklavenitisPistofidis_2022.P23_BL_BM:5825,Treg,0
SklavenitisPistofidis_2022.P23_BL_BM:5856,Treg,0
SklavenitisPistofidis_2022.P23_BL_BM:5876,Treg,0
SklavenitisPistofidis_2022.P23_BL_BM:5895,Treg,0
SklavenitisPistofidis_2022.P23_BL_BM:5906,Treg,0
SklavenitisPistofidis_2022.P24_BL_BM:169,Treg,4
SklavenitisPistofidis_2022.P24_BL_BM:173,Treg,0
SklavenitisPistofidis_2022.P24_BL_BM:349,Treg,0
SklavenitisPistofidis_2022.P24_BL_BM:358,Treg,2
SklavenitisPistofidis_2022.P24_BL_BM:408,Treg,2
SklavenitisPistofidis_2022.P24_BL_BM:624,Treg,0
SklavenitisPistofidis_2022.P24_BL_PB:19,Treg,2
SklavenitisPistofidis_2022.P24_BL_PB:36,Treg,2
SklavenitisPistofidis_2022.P24_BL_PB:51,Treg,0
SklavenitisPistofidis_2022.P24_BL_PB:88,Treg,0
SklavenitisPistofidis_2022.P24_BL_PB:178,Treg,2
SklavenitisPistofidis_2022.P25_BL_BM:41,Treg,2
SklavenitisPistofidis_2022.P25_BL_BM:49,Treg,2
SklavenitisPistofidis_2022.P25_BL_BM:68,Treg,0
SklavenitisPistofidis_2022.P25_BL_BM:76,Treg,2
SklavenitisPistofidis_2022.P25_BL_BM:120,Treg,0
SklavenitisPistofidis_2022.P25_BL_BM:150,Treg,2
SklavenitisPistofidis_2022.P25_BL_BM:155,Treg,0
SklavenitisPistofidis_2022.P25_BL_BM:174,Treg,2
SklavenitisPistofidis_2022.P25_BL_BM:175,Treg,2
SklavenitisPistofidis_2022.P25_BL_BM:262,Treg,2
SklavenitisPistofidis_2022.P25_BL_BM:271,Treg,2
SklavenitisPistofidis_2022.P25_BL_BM:298,Treg,0
SklavenitisPistofidis_2022.P25_BL_BM:301,Treg,0
SklavenitisPistofidis_2022.P25_BL_BM:337,Treg,0
SklavenitisPistofidis_2022.P25_BL_BM:367,Treg,2
SklavenitisPistofidis_2022.P25_BL_BM:397,Treg,0
SklavenitisPistofidis_2022.P25_BL_BM:399,Treg,0
SklavenitisPistofidis_2022.P25_BL_BM:422,Treg,2
SklavenitisPistofidis_2022.P25_BL_BM:524,Treg,2
SklavenitisPistofidis_2022.P25_BL_BM:540,Treg,0
SklavenitisPistofidis_2022.P25_BL_BM:579,Treg,2
SklavenitisPistofidis_2022.P25_BL_BM:586,Treg,0
SklavenitisPistofidis_2022.P25_BL_BM:680,Treg,2
SklavenitisPistofidis_2022.P25_BL_BM:689,Treg,0
SklavenitisPistofidis_2022.P25_BL_BM:719,Treg,0
SklavenitisPistofidis_2022.P25_BL_BM:749,Treg,2
SklavenitisPistofidis_2022.P25_BL_BM:776,Treg,2
SklavenitisPistofidis_2022.P25_BL_BM:777,Treg,2
SklavenitisPistofidis_2022.P25_BL_BM:799,Treg,2
SklavenitisPistofidis_2022.P25_BL_BM:806,Treg,0
SklavenitisPistofidis_2022.P25_BL_BM:856,Treg,0
SklavenitisPistofidis_2022.P25_BL_BM:877,Treg,0
SklavenitisPistofidis_2022.P25_BL_BM:888,Treg,2
SklavenitisPistofidis_2022.P25_BL_BM:899,Treg,2
SklavenitisPistofidis_2022.P25_BL_BM:901,Treg,2
SklavenitisPistofidis_2022.P25_BL_BM:951,Treg,0
SklavenitisPistofidis_2022.P25_BL_BM:1085,Treg,2
SklavenitisPistofidis_2022.P25_BL_BM:1131,Treg,2
SklavenitisPistofidis_2022.P25_BL_BM:1150,Treg,2
SklavenitisPistofidis_2022.P25_BL_BM:1172,Treg,0
SklavenitisPistofidis_2022.P25_BL_BM:1188,Treg,0
SklavenitisPistofidis_2022.P25_BL_BM:1202,Treg,2
SklavenitisPistofidis_2022.P25_BL_BM:1250,Treg,2
SklavenitisPistofidis_2022.P25_BL_BM:1260,Treg,2
SklavenitisPistofidis_2022.P25_BL_BM:1261,Treg,0
SklavenitisPistofidis_2022.P25_BL_BM:1285,Treg,0
SklavenitisPistofidis_2022.P25_BL_BM:1308,Treg,2
SklavenitisPistofidis_2022.P25_BL_BM:1344,Treg,2
SklavenitisPistofidis_2022.P25_BL_BM:1347,Treg,0
SklavenitisPistofidis_2022.P25_BL_BM:1452,Treg,2
SklavenitisPistofidis_2022.P25_BL_BM:1463,Treg,2
SklavenitisPistofidis_2022.P25_BL_BM:1525,Treg,2
SklavenitisPistofidis_2022.P25_BL_BM:1538,Treg,0
SklavenitisPistofidis_2022.P25_BL_BM:1546,Treg,2
SklavenitisPistofidis_2022.P25_BL_BM:1599,Treg,0
SklavenitisPistofidis_2022.P25_BL_BM:1657,Treg,0
SklavenitisPistofidis_2022.P25_BL_BM:1742,Treg,0
SklavenitisPistofidis_2022.P25_BL_BM:1746,Treg,2
SklavenitisPistofidis_2022.P25_BL_BM:1761,Treg,2
SklavenitisPistofidis_2022.P25_BL_BM:1767,Treg,2
SklavenitisPistofidis_2022.P25_BL_BM:1775,Treg,0
SklavenitisPistofidis_2022.P25_BL_BM:1797,Treg,2
SklavenitisPistofidis_2022.P25_BL_BM:1806,Treg,2
SklavenitisPistofidis_2022.P25_BL_BM:1842,Treg,0
SklavenitisPistofidis_2022.P25_BL_BM:1867,Treg,2
SklavenitisPistofidis_2022.P25_BL_PB:21,Treg,2
SklavenitisPistofidis_2022.P25_BL_PB:56,Treg,2
SklavenitisPistofidis_2022.P25_BL_PB:91,Treg,2
SklavenitisPistofidis_2022.P25_BL_PB:115,Treg,2
SklavenitisPistofidis_2022.P25_BL_PB:247,Treg,2
SklavenitisPistofidis_2022.P25_BL_PB:258,Treg,2
SklavenitisPistofidis_2022.P25_BL_PB:306,Treg,2
SklavenitisPistofidis_2022.P25_BL_PB:432,Treg,2
SklavenitisPistofidis_2022.P25_BL_PB:475,Treg,2
SklavenitisPistofidis_2022.P25_BL_PB:535,Treg,2
SklavenitisPistofidis_2022.P25_BL_PB:591,Treg,2
SklavenitisPistofidis_2022.P26_BL_BM:73,Treg,0
SklavenitisPistofidis_2022.P26_BL_BM:84,Treg,2
SklavenitisPistofidis_2022.P26_BL_BM:85,Treg,0
SklavenitisPistofidis_2022.P26_BL_BM:157,Treg,0
SklavenitisPistofidis_2022.P26_BL_BM:185,Treg,0
SklavenitisPistofidis_2022.P26_BL_BM:193,Treg,0
SklavenitisPistofidis_2022.P26_BL_BM:328,Treg,0
SklavenitisPistofidis_2022.P26_BL_BM:343,Treg,0
SklavenitisPistofidis_2022.P26_BL_BM:388,Treg,0
SklavenitisPistofidis_2022.P26_BL_BM:405,Treg,0
SklavenitisPistofidis_2022.P26_BL_BM:416,Treg,0
SklavenitisPistofidis_2022.P26_BL_BM:446,Treg,0
SklavenitisPistofidis_2022.P26_BL_BM:451,Treg,0
SklavenitisPistofidis_2022.P26_BL_BM:452,Treg,0
SklavenitisPistofidis_2022.P26_BL_BM:459,Treg,0
SklavenitisPistofidis_2022.P26_BL_BM:460,Treg,0
SklavenitisPistofidis_2022.P26_BL_BM:505,Treg,0
SklavenitisPistofidis_2022.P26_BL_BM:524,Treg,0
SklavenitisPistofidis_2022.P26_BL_BM:595,Treg,0
SklavenitisPistofidis_2022.P26_BL_BM:649,Treg,0
SklavenitisPistofidis_2022.P26_BL_BM:678,Treg,0
SklavenitisPistofidis_2022.P26_BL_BM:683,Treg,0
SklavenitisPistofidis_2022.P26_BL_BM:717,Treg,2
SklavenitisPistofidis_2022.P26_BL_BM:753,Treg,0
SklavenitisPistofidis_2022.P26_BL_BM:796,Treg,0
SklavenitisPistofidis_2022.P26_BL_BM:828,Treg,0
SklavenitisPistofidis_2022.P26_BL_BM:837,Treg,0
SklavenitisPistofidis_2022.P26_BL_BM:878,Treg,2
SklavenitisPistofidis_2022.P26_BL_BM:911,Treg,2
SklavenitisPistofidis_2022.P26_BL_BM:920,Treg,0
SklavenitisPistofidis_2022.P26_BL_BM:929,Treg,2
SklavenitisPistofidis_2022.P26_BL_BM:938,Treg,0
SklavenitisPistofidis_2022.P26_BL_BM:941,Treg,0
SklavenitisPistofidis_2022.P26_BL_BM:1075,Treg,0
SklavenitisPistofidis_2022.P26_BL_BM:1100,Treg,0
SklavenitisPistofidis_2022.P26_BL_BM:1121,Treg,2
SklavenitisPistofidis_2022.P26_BL_BM:1151,Treg,0
SklavenitisPistofidis_2022.P26_BL_BM:1160,Treg,0
SklavenitisPistofidis_2022.P26_BL_BM:1231,Treg,4
SklavenitisPistofidis_2022.P26_BL_BM:1277,Treg,0
SklavenitisPistofidis_2022.P26_BL_BM:1284,Treg,0
SklavenitisPistofidis_2022.P26_BL_BM:1308,Treg,0
SklavenitisPistofidis_2022.P26_BL_BM:1340,Treg,2
SklavenitisPistofidis_2022.P26_BL_BM:1359,Treg,0
SklavenitisPistofidis_2022.P26_BL_BM:1381,Treg,0
SklavenitisPistofidis_2022.P26_BL_BM:1443,Treg,0
SklavenitisPistofidis_2022.P26_BL_BM:1457,Treg,0
SklavenitisPistofidis_2022.P26_BL_BM:1463,Treg,0
SklavenitisPistofidis_2022.P26_BL_BM:1496,Treg,0
SklavenitisPistofidis_2022.P26_BL_BM:1536,Treg,0
SklavenitisPistofidis_2022.P26_BL_PB:616,Treg,2
SklavenitisPistofidis_2022.P26_BL_PB:1293,Treg,0
SklavenitisPistofidis_2022.P26_BL_PB:1642,Treg,2
SklavenitisPistofidis_2022.P26_BL_PB:1986,Treg,2
SklavenitisPistofidis_2022.P26_BL_PB:2203,Treg,0
SklavenitisPistofidis_2022.P27_BL_PB:72,Treg,0
SklavenitisPistofidis_2022.P27_BL_BM:10,Treg,0
SklavenitisPistofidis_2022.P27_BL_BM:63,Treg,2
SklavenitisPistofidis_2022.P27_BL_BM:279,Treg,2
SklavenitisPistofidis_2022.P27_BL_BM:608,Treg,2
SklavenitisPistofidis_2022.P27_BL_BM:623,Treg,2
SklavenitisPistofidis_2022.P27_BL_BM:631,Treg,2
SklavenitisPistofidis_2022.P27_BL_BM:670,Treg,0
SklavenitisPistofidis_2022.P27_BL_BM:708,Treg,0
SklavenitisPistofidis_2022.P27_BL_BM:741,Treg,2
SklavenitisPistofidis_2022.P27_BL_BM:965,Treg,0
SklavenitisPistofidis_2022.P27_BL_BM:1016,Treg,0
SklavenitisPistofidis_2022.P27_BL_BM:1122,Treg,0
SklavenitisPistofidis_2022.P27_BL_BM:1227,Treg,2
SklavenitisPistofidis_2022.P27_BL_BM:1263,Treg,2
SklavenitisPistofidis_2022.P27_BL_BM:1367,Treg,0
SklavenitisPistofidis_2022.P28_BL_BM:12,Treg,0
SklavenitisPistofidis_2022.P28_BL_BM:17,Treg,0
SklavenitisPistofidis_2022.P28_BL_BM:99,Treg,0
SklavenitisPistofidis_2022.P28_BL_BM:139,Treg,0
SklavenitisPistofidis_2022.P28_BL_BM:147,Treg,2
SklavenitisPistofidis_2022.P28_BL_BM:156,Treg,0
SklavenitisPistofidis_2022.P28_BL_BM:161,Treg,2
SklavenitisPistofidis_2022.P28_BL_BM:162,Treg,0
SklavenitisPistofidis_2022.P28_BL_BM:225,Treg,0
SklavenitisPistofidis_2022.P28_BL_BM:233,Treg,0
SklavenitisPistofidis_2022.P28_BL_BM:357,Treg,4
SklavenitisPistofidis_2022.P28_BL_BM:374,Treg,0
SklavenitisPistofidis_2022.P28_BL_BM:382,Treg,0
SklavenitisPistofidis_2022.P28_BL_BM:476,Treg,0
SklavenitisPistofidis_2022.P28_BL_BM:534,Treg,2
SklavenitisPistofidis_2022.P28_BL_BM:560,Treg,0
SklavenitisPistofidis_2022.P28_BL_BM:569,Treg,0
SklavenitisPistofidis_2022.P28_BL_BM:611,Treg,4
SklavenitisPistofidis_2022.P28_BL_BM:612,Treg,0
SklavenitisPistofidis_2022.P28_BL_BM:631,Treg,0
SklavenitisPistofidis_2022.P28_BL_BM:665,Treg,0
SklavenitisPistofidis_2022.P28_BL_BM:712,Treg,4
SklavenitisPistofidis_2022.P28_BL_BM:809,Treg,0
SklavenitisPistofidis_2022.P28_BL_BM:811,Treg,2
SklavenitisPistofidis_2022.P28_BL_BM:837,Treg,2
SklavenitisPistofidis_2022.P28_BL_BM:838,Treg,2
SklavenitisPistofidis_2022.P28_BL_BM:926,Treg,2
SklavenitisPistofidis_2022.P28_BL_BM:997,Treg,2
SklavenitisPistofidis_2022.P28_BL_BM:1031,Treg,0
SklavenitisPistofidis_2022.P28_BL_BM:1106,Treg,2
SklavenitisPistofidis_2022.P28_BL_BM:1117,Treg,0
SklavenitisPistofidis_2022.P28_BL_BM:1130,Treg,0
SklavenitisPistofidis_2022.P28_BL_BM:1242,Treg,0
SklavenitisPistofidis_2022.P28_BL_BM:1290,Treg,4
SklavenitisPistofidis_2022.P28_BL_BM:1297,Treg,2
SklavenitisPistofidis_2022.P28_BL_BM:1298,Treg,4
SklavenitisPistofidis_2022.P28_BL_BM:1302,Treg,0
SklavenitisPistofidis_2022.P28_BL_BM:1304,Treg,0
SklavenitisPistofidis_2022.P28_BL_BM:1334,Treg,0
SklavenitisPistofidis_2022.P28_BL_BM:1349,Treg,0
SklavenitisPistofidis_2022.P28_BL_BM:1443,Treg,2
SklavenitisPistofidis_2022.P28_BL_BM:1491,Treg,0
SklavenitisPistofidis_2022.P28_BL_BM:1505,Treg,0
SklavenitisPistofidis_2022.P28_BL_BM:1509,Treg,2
SklavenitisPistofidis_2022.P28_BL_BM:1536,Treg,0
SklavenitisPistofidis_2022.P28_BL_BM:1561,Treg,0
SklavenitisPistofidis_2022.P28_BL_PB:24,Treg,0
SklavenitisPistofidis_2022.P28_BL_PB:44,Treg,2
SklavenitisPistofidis_2022.P28_BL_PB:49,Treg,2
SklavenitisPistofidis_2022.P28_BL_PB:69,Treg,2
SklavenitisPistofidis_2022.P28_BL_PB:88,Treg,0
SklavenitisPistofidis_2022.P28_BL_PB:102,Treg,0
SklavenitisPistofidis_2022.P28_BL_PB:103,Treg,0
SklavenitisPistofidis_2022.P28_BL_PB:107,Treg,0
SklavenitisPistofidis_2022.P28_BL_PB:115,Treg,0
SklavenitisPistofidis_2022.P28_BL_PB:149,Treg,4
SklavenitisPistofidis_2022.P28_BL_PB:178,Treg,0
SklavenitisPistofidis_2022.P28_BL_PB:197,Treg,2
SklavenitisPistofidis_2022.P28_BL_PB:208,Treg,0
SklavenitisPistofidis_2022.P28_BL_PB:285,Treg,2
SklavenitisPistofidis_2022.P28_BL_PB:335,Treg,0
SklavenitisPistofidis_2022.P28_BL_PB:337,Treg,0
SklavenitisPistofidis_2022.P28_BL_PB:372,Treg,0
SklavenitisPistofidis_2022.P28_BL_PB:440,Treg,2
SklavenitisPistofidis_2022.P28_BL_PB:456,Treg,2
SklavenitisPistofidis_2022.P28_BL_PB:472,Treg,0
SklavenitisPistofidis_2022.P28_BL_PB:483,Treg,0
SklavenitisPistofidis_2022.P28_BL_PB:506,Treg,0
SklavenitisPistofidis_2022.P28_BL_PB:510,Treg,0
SklavenitisPistofidis_2022.P28_BL_PB:516,Treg,0
SklavenitisPistofidis_2022.P28_BL_PB:537,Treg,0
SklavenitisPistofidis_2022.P28_BL_PB:544,Treg,2
SklavenitisPistofidis_2022.P28_BL_PB:583,Treg,0
SklavenitisPistofidis_2022.P28_BL_PB:584,Treg,0
SklavenitisPistofidis_2022.P28_BL_PB:586,Treg,2
SklavenitisPistofidis_2022.P28_BL_PB:647,Treg,0
SklavenitisPistofidis_2022.P28_BL_PB:711,Treg,0
SklavenitisPistofidis_2022.P28_BL_PB:730,Treg,2
SklavenitisPistofidis_2022.P28_BL_PB:732,Treg,2
SklavenitisPistofidis_2022.P28_BL_PB:762,Treg,0
SklavenitisPistofidis_2022.P28_BL_PB:773,Treg,2
SklavenitisPistofidis_2022.P28_BL_PB:775,Treg,2
SklavenitisPistofidis_2022.P28_BL_PB:833,Treg,0
SklavenitisPistofidis_2022.P28_BL_PB:847,Treg,2
SklavenitisPistofidis_2022.P28_BL_PB:890,Treg,0
SklavenitisPistofidis_2022.P28_BL_PB:896,Treg,2
SklavenitisPistofidis_2022.P28_BL_PB:920,Treg,0
SklavenitisPistofidis_2022.P28_BL_PB:946,Treg,0
SklavenitisPistofidis_2022.P28_BL_PB:974,Treg,2
SklavenitisPistofidis_2022.P28_BL_PB:993,Treg,2
SklavenitisPistofidis_2022.P28_BL_PB:1003,Treg,0
SklavenitisPistofidis_2022.P30_BL_PB:108,Treg,2
SklavenitisPistofidis_2022.P30_BL_BM:365,Treg,0
SklavenitisPistofidis_2022.P30_BL_BM:378,Treg,0
SklavenitisPistofidis_2022.P30_BL_BM:1763,Treg,0
SklavenitisPistofidis_2022.P30_BL_BM:2195,Treg,4
SklavenitisPistofidis_2022.P30_BL_BM:2268,Treg,0
SklavenitisPistofidis_2022.P30_BL_BM:2523,Treg,0
SklavenitisPistofidis_2022.P30_BL_BM:2682,Treg,0
SklavenitisPistofidis_2022.P30_BL_BM:3068,Treg,0
SklavenitisPistofidis_2022.P30_BL_BM:3205,Treg,2
SklavenitisPistofidis_2022.P30_BL_BM:3213,Treg,0
SklavenitisPistofidis_2022.P30_BL_BM:3636,Treg,0
SklavenitisPistofidis_2022.P30_BL_BM:3755,Treg,0
SklavenitisPistofidis_2022.P30_BL_BM:3862,Treg,0
SklavenitisPistofidis_2022.P30_BL_BM:3864,Treg,0
SklavenitisPistofidis_2022.P30_BL_BM:4143,Treg,0
SklavenitisPistofidis_2022.P30_BL_BM:4919,Treg,0
SklavenitisPistofidis_2022.P30_BL_BM:5017,Treg,0
SklavenitisPistofidis_2022.P30_BL_BM:5355,Treg,0
SklavenitisPistofidis_2022.P30_BL_BM:5964,Treg,0
SklavenitisPistofidis_2022.P30_BL_BM:6677,Treg,0
SklavenitisPistofidis_2022.P30_BL_BM:6775,Treg,0
SklavenitisPistofidis_2022.P30_BL_BM:6904,Treg,0
SklavenitisPistofidis_2022.P30_BL_BM:7053,Treg,0
SklavenitisPistofidis_2022.P30_BL_BM:7202,Treg,4
SklavenitisPistofidis_2022.P30_BL_BM:7239,Treg,0
SklavenitisPistofidis_2022.P30_BL_BM:7330,Treg,0
SklavenitisPistofidis_2022.P30_BL_BM:7821,Treg,0
SklavenitisPistofidis_2022.P30_BL_BM:7836,Treg,0
SklavenitisPistofidis_2022.P30_BL_BM:7928,Treg,0
SklavenitisPistofidis_2022.P30_BL_BM:7993,Treg,0
SklavenitisPistofidis_2022.P30_BL_BM:8137,Treg,0
SklavenitisPistofidis_2022.P30_BL_BM:8309,Treg,0
SklavenitisPistofidis_2022.P30_BL_BM:8709,Treg,0
SklavenitisPistofidis_2022.P30_BL_BM:9035,Treg,0
SklavenitisPistofidis_2022.P30_BL_BM:9196,Treg,0
SklavenitisPistofidis_2022.P30_BL_BM:9346,Treg,2
SklavenitisPistofidis_2022.P30_BL_BM:9673,Treg,0
SklavenitisPistofidis_2022.P30_BL_BM:9718,Treg,0
SklavenitisPistofidis_2022.P30_BL_BM:10843,Treg,0
SklavenitisPistofidis_2022.P30_BL_BM:11329,Treg,0
SklavenitisPistofidis_2022.P30_BL_BM:12020,Treg,0
SklavenitisPistofidis_2022.P31_BL_PB:153,Treg,0
SklavenitisPistofidis_2022.P31_BL_PB:196,Treg,2
SklavenitisPistofidis_2022.P31_BL_PB:257,Treg,2
SklavenitisPistofidis_2022.P31_BL_PB:343,Treg,2
SklavenitisPistofidis_2022.P31_BL_PB:433,Treg,0
SklavenitisPistofidis_2022.P31_BL_PB:467,Treg,0
SklavenitisPistofidis_2022.P31_BL_PB:507,Treg,2
SklavenitisPistofidis_2022.P31_BL_PB:527,Treg,2
SklavenitisPistofidis_2022.P31_BL_PB:614,Treg,0
SklavenitisPistofidis_2022.P31_BL_PB:618,Treg,2
SklavenitisPistofidis_2022.P31_BL_PB:804,Treg,2
SklavenitisPistofidis_2022.P31_BL_PB:835,Treg,2
SklavenitisPistofidis_2022.P31_BL_PB:875,Treg,0
SklavenitisPistofidis_2022.P31_BL_PB:980,Treg,0
SklavenitisPistofidis_2022.P31_BL_PB:984,Treg,2
SklavenitisPistofidis_2022.P31_BL_PB:1004,Treg,2
SklavenitisPistofidis_2022.P31_BL_PB:1038,Treg,0
SklavenitisPistofidis_2022.P31_BL_BM:236,Treg,0
SklavenitisPistofidis_2022.P31_BL_BM:350,Treg,2
SklavenitisPistofidis_2022.P31_BL_BM:428,Treg,0
SklavenitisPistofidis_2022.P31_BL_BM:460,Treg,2
SklavenitisPistofidis_2022.P31_BL_BM:694,Treg,2
SklavenitisPistofidis_2022.P31_BL_BM:920,Treg,0
SklavenitisPistofidis_2022.P31_BL_BM:1017,Treg,2
SklavenitisPistofidis_2022.P31_BL_BM:1120,Treg,0
SklavenitisPistofidis_2022.P31_BL_BM:1465,Treg,2
SklavenitisPistofidis_2022.P31_BL_BM:1510,Treg,0
SklavenitisPistofidis_2022.P31_BL_BM:1569,Treg,2
SklavenitisPistofidis_2022.P31_BL_BM:1612,Treg,0
SklavenitisPistofidis_2022.P31_BL_BM:1804,Treg,0
SklavenitisPistofidis_2022.P31_BL_BM:1951,Treg,2
SklavenitisPistofidis_2022.P31_BL_BM:1987,Treg,0
SklavenitisPistofidis_2022.P31_BL_BM:2174,Treg,0
SklavenitisPistofidis_2022.P31_BL_BM:2196,Treg,0
SklavenitisPistofidis_2022.P31_BL_BM:2215,Treg,0
SklavenitisPistofidis_2022.P31_BL_BM:2302,Treg,2
SklavenitisPistofidis_2022.P31_BL_BM:2384,Treg,2
SklavenitisPistofidis_2022.P31_BL_BM:2447,Treg,0
SklavenitisPistofidis_2022.P31_BL_BM:2460,Treg,2
SklavenitisPistofidis_2022.P31_BL_BM:2771,Treg,0
SklavenitisPistofidis_2022.P31_BL_BM:2837,Treg,0
SklavenitisPistofidis_2022.P31_BL_BM:2932,Treg,0
SklavenitisPistofidis_2022.P31_BL_BM:2948,Treg,2
SklavenitisPistofidis_2022.P31_BL_BM:3364,Treg,2
SklavenitisPistofidis_2022.P32_BL_PB:1,Treg,2
SklavenitisPistofidis_2022.P32_BL_PB:40,Treg,0
SklavenitisPistofidis_2022.P32_BL_PB:45,Treg,2
SklavenitisPistofidis_2022.P32_BL_PB:48,Treg,0
SklavenitisPistofidis_2022.P32_BL_PB:110,Treg,0
SklavenitisPistofidis_2022.P32_BL_PB:119,Treg,0
SklavenitisPistofidis_2022.P32_BL_PB:182,Treg,4
SklavenitisPistofidis_2022.P32_BL_PB:203,Treg,2
SklavenitisPistofidis_2022.P32_BL_PB:227,Treg,0
SklavenitisPistofidis_2022.P32_BL_PB:274,Treg,0
SklavenitisPistofidis_2022.P32_BL_PB:413,Treg,2
SklavenitisPistofidis_2022.P32_BL_PB:420,Treg,4
SklavenitisPistofidis_2022.P32_BL_PB:434,Treg,0
SklavenitisPistofidis_2022.P32_BL_PB:435,Treg,2
SklavenitisPistofidis_2022.P32_BL_PB:464,Treg,0
SklavenitisPistofidis_2022.P32_BL_PB:470,Treg,0
SklavenitisPistofidis_2022.P32_BL_PB:537,Treg,0
SklavenitisPistofidis_2022.P32_BL_PB:576,Treg,2
SklavenitisPistofidis_2022.P32_BL_PB:594,Treg,2
SklavenitisPistofidis_2022.P32_BL_PB:626,Treg,0
SklavenitisPistofidis_2022.P32_BL_PB:647,Treg,4
SklavenitisPistofidis_2022.P32_BL_PB:658,Treg,0
SklavenitisPistofidis_2022.P32_BL_PB:690,Treg,0
SklavenitisPistofidis_2022.P32_BL_PB:804,Treg,2
SklavenitisPistofidis_2022.P32_BL_PB:829,Treg,0
SklavenitisPistofidis_2022.P32_BL_PB:866,Treg,4
SklavenitisPistofidis_2022.P32_BL_PB:882,Treg,2
SklavenitisPistofidis_2022.P32_BL_PB:899,Treg,2
SklavenitisPistofidis_2022.P32_BL_PB:904,Treg,0
SklavenitisPistofidis_2022.P32_BL_PB:905,Treg,0
SklavenitisPistofidis_2022.P32_BL_PB:908,Treg,0
SklavenitisPistofidis_2022.P32_BL_PB:916,Treg,2
SklavenitisPistofidis_2022.P32_BL_PB:955,Treg,0
SklavenitisPistofidis_2022.P32_BL_PB:1033,Treg,4
SklavenitisPistofidis_2022.P32_BL_PB:1077,Treg,2
SklavenitisPistofidis_2022.P32_BL_PB:1137,Treg,4
SklavenitisPistofidis_2022.P32_BL_PB:1203,Treg,0
SklavenitisPistofidis_2022.P32_BL_PB:1212,Treg,2
SklavenitisPistofidis_2022.P32_BL_PB:1267,Treg,0
SklavenitisPistofidis_2022.P32_BL_PB:1331,Treg,0
SklavenitisPistofidis_2022.P32_BL_PB:1339,Treg,0
SklavenitisPistofidis_2022.P32_BL_PB:1347,Treg,0
SklavenitisPistofidis_2022.P32_BL_PB:1348,Treg,0
SklavenitisPistofidis_2022.P32_BL_PB:1359,Treg,2
SklavenitisPistofidis_2022.P32_BL_PB:1360,Treg,0
SklavenitisPistofidis_2022.P32_BL_PB:1432,Treg,0
SklavenitisPistofidis_2022.P32_BL_PB:1435,Treg,2
SklavenitisPistofidis_2022.P32_BL_PB:1439,Treg,0
SklavenitisPistofidis_2022.P32_BL_PB:1452,Treg,2
SklavenitisPistofidis_2022.P32_BL_PB:1479,Treg,2
SklavenitisPistofidis_2022.P32_BL_PB:1558,Treg,0
SklavenitisPistofidis_2022.P32_BL_PB:1564,Treg,2
SklavenitisPistofidis_2022.P32_BL_PB:1611,Treg,0
SklavenitisPistofidis_2022.P32_BL_PB:1621,Treg,0
SklavenitisPistofidis_2022.P32_BL_PB:1775,Treg,2
SklavenitisPistofidis_2022.P32_BL_PB:1778,Treg,2
SklavenitisPistofidis_2022.P32_BL_PB:1791,Treg,0
SklavenitisPistofidis_2022.P32_BL_PB:1798,Treg,0
SklavenitisPistofidis_2022.P32_BL_PB:1800,Treg,2
SklavenitisPistofidis_2022.P32_BL_PB:1808,Treg,2
SklavenitisPistofidis_2022.P32_BL_PB:1927,Treg,0
SklavenitisPistofidis_2022.P32_BL_PB:1945,Treg,2
SklavenitisPistofidis_2022.P32_BL_PB:1962,Treg,0
SklavenitisPistofidis_2022.P32_BL_PB:1977,Treg,2
SklavenitisPistofidis_2022.P32_BL_PB:1988,Treg,0
SklavenitisPistofidis_2022.P32_BL_PB:2080,Treg,2
SklavenitisPistofidis_2022.P32_BL_PB:2082,Treg,2
SklavenitisPistofidis_2022.P32_BL_PB:2124,Treg,0
SklavenitisPistofidis_2022.P32_BL_PB:2135,Treg,2
SklavenitisPistofidis_2022.P32_BL_PB:2143,Treg,0
SklavenitisPistofidis_2022.P32_BL_PB:2198,Treg,2
SklavenitisPistofidis_2022.P32_BL_PB:2277,Treg,2
SklavenitisPistofidis_2022.P32_BL_PB:2359,Treg,2
SklavenitisPistofidis_2022.P32_BL_PB:2391,Treg,0
SklavenitisPistofidis_2022.P32_BL_PB:2414,Treg,2
SklavenitisPistofidis_2022.P32_BL_PB:2429,Treg,0
SklavenitisPistofidis_2022.P32_BL_PB:2470,Treg,2
SklavenitisPistofidis_2022.P32_BL_PB:2529,Treg,2
SklavenitisPistofidis_2022.P32_BL_PB:2582,Treg,0
SklavenitisPistofidis_2022.P32_BL_PB:2591,Treg,0
SklavenitisPistofidis_2022.P32_BL_PB:2599,Treg,0
SklavenitisPistofidis_2022.P32_BL_PB:2646,Treg,0
SklavenitisPistofidis_2022.P32_BL_PB:2690,Treg,0
SklavenitisPistofidis_2022.P32_BL_PB:2882,Treg,2
SklavenitisPistofidis_2022.P32_BL_PB:3002,Treg,4
SklavenitisPistofidis_2022.P32_BL_PB:3030,Treg,2
SklavenitisPistofidis_2022.P32_BL_PB:3040,Treg,0
SklavenitisPistofidis_2022.P32_BL_PB:3073,Treg,0
SklavenitisPistofidis_2022.P32_BL_PB:3074,Treg,2
SklavenitisPistofidis_2022.P32_BL_PB:3076,Treg,2
SklavenitisPistofidis_2022.P32_BL_PB:3105,Treg,0
SklavenitisPistofidis_2022.P32_BL_PB:3181,Treg,0
SklavenitisPistofidis_2022.P32_BL_PB:3196,Treg,2
SklavenitisPistofidis_2022.P32_BL_PB:3199,Treg,0
SklavenitisPistofidis_2022.P32_BL_PB:3223,Treg,2
SklavenitisPistofidis_2022.P32_BL_PB:3246,Treg,2
SklavenitisPistofidis_2022.P32_BL_PB:3302,Treg,0
SklavenitisPistofidis_2022.P32_BL_PB:3307,Treg,2
SklavenitisPistofidis_2022.P32_BL_PB:3349,Treg,0
SklavenitisPistofidis_2022.P32_BL_PB:3371,Treg,0
SklavenitisPistofidis_2022.P32_BL_PB:3390,Treg,2
SklavenitisPistofidis_2022.P32_BL_PB:3410,Treg,0
SklavenitisPistofidis_2022.P32_BL_PB:3481,Treg,0
SklavenitisPistofidis_2022.P32_BL_PB:3576,Treg,0
SklavenitisPistofidis_2022.P32_BL_PB:3748,Treg,2
SklavenitisPistofidis_2022.P32_BL_PB:3770,Treg,0
SklavenitisPistofidis_2022.P32_BL_PB:3809,Treg,2
SklavenitisPistofidis_2022.P32_BL_PB:3830,Treg,0
SklavenitisPistofidis_2022.P32_BL_PB:3844,Treg,2
SklavenitisPistofidis_2022.P32_BL_PB:3893,Treg,0
SklavenitisPistofidis_2022.P32_BL_PB:3955,Treg,0
SklavenitisPistofidis_2022.P32_BL_PB:3973,Treg,2
SklavenitisPistofidis_2022.P32_BL_PB:4049,Treg,2
SklavenitisPistofidis_2022.P32_BL_PB:4090,Treg,2
SklavenitisPistofidis_2022.P32_BL_PB:4100,Treg,2
SklavenitisPistofidis_2022.P32_BL_PB:4153,Treg,2
SklavenitisPistofidis_2022.P32_BL_PB:4160,Treg,0
SklavenitisPistofidis_2022.P32_BL_PB:4171,Treg,2
SklavenitisPistofidis_2022.P32_BL_PB:4180,Treg,0
SklavenitisPistofidis_2022.P32_BL_PB:4184,Treg,0
SklavenitisPistofidis_2022.P32_BL_PB:4191,Treg,2
SklavenitisPistofidis_2022.P32_BL_PB:4287,Treg,2
SklavenitisPistofidis_2022.P32_BL_PB:4310,Treg,2
SklavenitisPistofidis_2022.P32_BL_PB:4312,Treg,2
SklavenitisPistofidis_2022.P32_BL_PB:4313,Treg,0
SklavenitisPistofidis_2022.P32_BL_PB:4438,Treg,2
SklavenitisPistofidis_2022.P32_BL_PB:4466,Treg,0
SklavenitisPistofidis_2022.P32_BL_PB:4525,Treg,4
SklavenitisPistofidis_2022.P32_BL_PB:4545,Treg,2
SklavenitisPistofidis_2022.P32_BL_PB:4554,Treg,0
SklavenitisPistofidis_2022.P32_BL_PB:4574,Treg,0
SklavenitisPistofidis_2022.P32_BL_PB:4657,Treg,2
SklavenitisPistofidis_2022.P32_BL_PB:4731,Treg,2
SklavenitisPistofidis_2022.P32_BL_PB:4739,Treg,2
SklavenitisPistofidis_2022.P32_BL_BM:116,Treg,4
SklavenitisPistofidis_2022.P32_BL_BM:123,Treg,0
SklavenitisPistofidis_2022.P32_BL_BM:131,Treg,0
SklavenitisPistofidis_2022.P32_BL_BM:328,Treg,0
SklavenitisPistofidis_2022.P32_BL_BM:345,Treg,2
SklavenitisPistofidis_2022.P32_BL_BM:369,Treg,2
SklavenitisPistofidis_2022.P32_BL_BM:378,Treg,2
SklavenitisPistofidis_2022.P32_BL_BM:579,Treg,0
SklavenitisPistofidis_2022.P32_BL_BM:665,Treg,2
SklavenitisPistofidis_2022.P32_BL_BM:728,Treg,0
SklavenitisPistofidis_2022.P32_BL_BM:755,Treg,4
SklavenitisPistofidis_2022.P32_BL_BM:795,Treg,2
SklavenitisPistofidis_2022.P32_BL_BM:838,Treg,2
SklavenitisPistofidis_2022.P32_BL_BM:995,Treg,0
SklavenitisPistofidis_2022.P32_BL_BM:1011,Treg,0
SklavenitisPistofidis_2022.P32_BL_BM:1071,Treg,0
SklavenitisPistofidis_2022.P32_BL_BM:1096,Treg,0
SklavenitisPistofidis_2022.P32_BL_BM:1146,Treg,0
SklavenitisPistofidis_2022.P32_BL_BM:1169,Treg,0
SklavenitisPistofidis_2022.P32_BL_BM:1217,Treg,4
SklavenitisPistofidis_2022.P32_BL_BM:1335,Treg,2
SklavenitisPistofidis_2022.P32_BL_BM:1432,Treg,0
SklavenitisPistofidis_2022.P32_BL_BM:1493,Treg,2
SklavenitisPistofidis_2022.P32_BL_BM:1541,Treg,0
SklavenitisPistofidis_2022.P32_BL_BM:1723,Treg,4
SklavenitisPistofidis_2022.P32_BL_BM:1800,Treg,0
SklavenitisPistofidis_2022.P32_BL_BM:1803,Treg,0
SklavenitisPistofidis_2022.P32_BL_BM:1847,Treg,4
SklavenitisPistofidis_2022.P32_BL_BM:2037,Treg,4
SklavenitisPistofidis_2022.P32_BL_BM:2169,Treg,2
SklavenitisPistofidis_2022.P32_BL_BM:2194,Treg,2
SklavenitisPistofidis_2022.P32_BL_BM:2349,Treg,0
SklavenitisPistofidis_2022.P32_BL_BM:2358,Treg,2
SklavenitisPistofidis_2022.P32_BL_BM:2463,Treg,0
SklavenitisPistofidis_2022.P32_BL_BM:2504,Treg,2
SklavenitisPistofidis_2022.P32_BL_BM:2648,Treg,2
SklavenitisPistofidis_2022.P32_BL_BM:2722,Treg,0
SklavenitisPistofidis_2022.P32_BL_BM:2804,Treg,2
SklavenitisPistofidis_2022.P32_BL_BM:3170,Treg,0
SklavenitisPistofidis_2022.P32_BL_BM:3180,Treg,2
SklavenitisPistofidis_2022.P32_BL_BM:3188,Treg,2
SklavenitisPistofidis_2022.P32_BL_BM:3230,Treg,0
SklavenitisPistofidis_2022.P32_BL_BM:3285,Treg,2
SklavenitisPistofidis_2022.P32_BL_BM:3348,Treg,0
SklavenitisPistofidis_2022.P32_BL_BM:3575,Treg,2
SklavenitisPistofidis_2022.P32_BL_BM:3583,Treg,4
SklavenitisPistofidis_2022.P32_BL_BM:3872,Treg,2
SklavenitisPistofidis_2022.P32_BL_BM:3920,Treg,0
SklavenitisPistofidis_2022.P32_BL_BM:3927,Treg,2
SklavenitisPistofidis_2022.P32_BL_BM:3928,Treg,2
SklavenitisPistofidis_2022.P32_BL_BM:3944,Treg,0
SklavenitisPistofidis_2022.P32_BL_BM:4032,Treg,2
SklavenitisPistofidis_2022.P32_BL_BM:4068,Treg,0
SklavenitisPistofidis_2022.P32_BL_BM:4084,Treg,2
SklavenitisPistofidis_2022.P32_BL_BM:4110,Treg,2
SklavenitisPistofidis_2022.P32_BL_BM:4136,Treg,0
SklavenitisPistofidis_2022.P32_BL_BM:4199,Treg,0
SklavenitisPistofidis_2022.P32_BL_BM:4244,Treg,0
SklavenitisPistofidis_2022.P32_BL_BM:4316,Treg,0
SklavenitisPistofidis_2022.P32_BL_BM:4442,Treg,0
SklavenitisPistofidis_2022.P32_BL_BM:4460,Treg,0
SklavenitisPistofidis_2022.P32_BL_BM:4607,Treg,0
SklavenitisPistofidis_2022.P32_BL_BM:4610,Treg,0
SklavenitisPistofidis_2022.P32_BL_BM:4706,Treg,0
SklavenitisPistofidis_2022.P32_BL_BM:4707,Treg,2
SklavenitisPistofidis_2022.P32_BL_BM:4720,Treg,2
SklavenitisPistofidis_2022.P32_BL_BM:4750,Treg,2
SklavenitisPistofidis_2022.P32_BL_BM:4776,Treg,2
SklavenitisPistofidis_2022.P32_BL_BM:4784,Treg,2
SklavenitisPistofidis_2022.P32_BL_BM:4805,Treg,0
SklavenitisPistofidis_2022.P32_BL_BM:4877,Treg,2
SklavenitisPistofidis_2022.P32_BL_BM:4940,Treg,2
SklavenitisPistofidis_2022.P32_BL_BM:4965,Treg,0
SklavenitisPistofidis_2022.P32_BL_BM:5038,Treg,0
SklavenitisPistofidis_2022.P32_BL_BM:5051,Treg,0
SklavenitisPistofidis_2022.P32_BL_BM:5067,Treg,0
SklavenitisPistofidis_2022.P32_BL_BM:5118,Treg,2
SklavenitisPistofidis_2022.P32_BL_BM:5139,Treg,2
SklavenitisPistofidis_2022.P32_BL_BM:5144,Treg,2
SklavenitisPistofidis_2022.P32_BL_BM:5190,Treg,0
SklavenitisPistofidis_2022.P32_BL_BM:5346,Treg,2
SklavenitisPistofidis_2022.P32_BL_BM:5360,Treg,0
SklavenitisPistofidis_2022.P32_BL_BM:5370,Treg,0
SklavenitisPistofidis_2022.P32_BL_BM:5465,Treg,0
SklavenitisPistofidis_2022.P32_BL_BM:5471,Treg,0
SklavenitisPistofidis_2022.P32_BL_BM:5500,Treg,2
SklavenitisPistofidis_2022.P32_BL_BM:5556,Treg,2
SklavenitisPistofidis_2022.P32_BL_BM:5592,Treg,0
SklavenitisPistofidis_2022.P32_BL_BM:5637,Treg,0
SklavenitisPistofidis_2022.P32_BL_BM:5847,Treg,2
SklavenitisPistofidis_2022.P32_BL_BM:5973,Treg,0
SklavenitisPistofidis_2022.P32_BL_BM:6073,Treg,0
SklavenitisPistofidis_2022.P32_BL_BM:6249,Treg,0
SklavenitisPistofidis_2022.P32_BL_BM:6262,Treg,0
SklavenitisPistofidis_2022.P32_BL_BM:6351,Treg,0
SklavenitisPistofidis_2022.P32_BL_BM:6395,Treg,0
SklavenitisPistofidis_2022.P32_BL_BM:6434,Treg,2
SklavenitisPistofidis_2022.P32_BL_BM:6470,Treg,0
SklavenitisPistofidis_2022.P32_BL_BM:6471,Treg,0
SklavenitisPistofidis_2022.P32_BL_BM:6516,Treg,4
SklavenitisPistofidis_2022.P32_BL_BM:6594,Treg,0
SklavenitisPistofidis_2022.P32_BL_BM:6603,Treg,0
SklavenitisPistofidis_2022.P32_BL_BM:6612,Treg,0
SklavenitisPistofidis_2022.P32_BL_BM:6731,Treg,2
SklavenitisPistofidis_2022.P32_BL_BM:6748,Treg,0
SklavenitisPistofidis_2022.P32_BL_BM:6751,Treg,0
SklavenitisPistofidis_2022.P32_BL_BM:6862,Treg,2
SklavenitisPistofidis_2022.P32_BL_BM:6942,Treg,2
SklavenitisPistofidis_2022.P32_BL_BM:7009,Treg,0
SklavenitisPistofidis_2022.P32_BL_BM:7137,Treg,0
SklavenitisPistofidis_2022.P32_BL_BM:7181,Treg,0
SklavenitisPistofidis_2022.P32_BL_BM:7222,Treg,0
SklavenitisPistofidis_2022.P32_BL_BM:7407,Treg,0
SklavenitisPistofidis_2022.P32_BL_BM:7743,Treg,2
SklavenitisPistofidis_2022.P32_BL_BM:7758,Treg,4
SklavenitisPistofidis_2022.P32_BL_BM:7850,Treg,4
SklavenitisPistofidis_2022.P32_BL_BM:7851,Treg,2
SklavenitisPistofidis_2022.P32_BL_BM:7860,Treg,2
SklavenitisPistofidis_2022.P32_BL_BM:7958,Treg,2
SklavenitisPistofidis_2022.P32_BL_BM:8004,Treg,0
SklavenitisPistofidis_2022.P32_BL_BM:8095,Treg,2
SklavenitisPistofidis_2022.P32_BL_BM:8341,Treg,0
SklavenitisPistofidis_2022.P32_BL_BM:8354,Treg,0
SklavenitisPistofidis_2022.P32_BL_BM:8396,Treg,0
SklavenitisPistofidis_2022.P32_BL_BM:8507,Treg,4
SklavenitisPistofidis_2022.P33_BL_PB:1,Treg,0
SklavenitisPistofidis_2022.P33_BL_PB:31,Treg,0
SklavenitisPistofidis_2022.P33_BL_PB:241,Treg,0
SklavenitisPistofidis_2022.P33_BL_PB:1158,Treg,2
SklavenitisPistofidis_2022.P33_BL_PB:1334,Treg,0
SklavenitisPistofidis_2022.P33_BL_PB:1426,Treg,0
SklavenitisPistofidis_2022.P33_BL_PB:1582,Treg,0
SklavenitisPistofidis_2022.P33_BL_PB:1780,Treg,2
SklavenitisPistofidis_2022.P33_BL_PB:1808,Treg,2
SklavenitisPistofidis_2022.P33_BL_PB:1816,Treg,2
SklavenitisPistofidis_2022.P33_BL_PB:1859,Treg,0
SklavenitisPistofidis_2022.P33_BL_PB:1963,Treg,2
SklavenitisPistofidis_2022.P33_BL_PB:2568,Treg,0
SklavenitisPistofidis_2022.P33_BL_PB:3020,Treg,0
SklavenitisPistofidis_2022.P33_BL_PB:3145,Treg,2
SklavenitisPistofidis_2022.P33_BL_PB:3269,Treg,2
SklavenitisPistofidis_2022.P33_BL_PB:3521,Treg,0
SklavenitisPistofidis_2022.P33_BL_PB:3921,Treg,0
SklavenitisPistofidis_2022.P33_BL_PB:4642,Treg,0
SklavenitisPistofidis_2022.P33_BL_PB:4680,Treg,0
SklavenitisPistofidis_2022.P33_BL_PB:4681,Treg,0
SklavenitisPistofidis_2022.P33_BL_PB:5059,Treg,0
SklavenitisPistofidis_2022.P33_BL_PB:5458,Treg,4
SklavenitisPistofidis_2022.P33_BL_PB:5478,Treg,2
SklavenitisPistofidis_2022.P33_BL_PB:5805,Treg,0
SklavenitisPistofidis_2022.P33_BL_PB:5876,Treg,0
SklavenitisPistofidis_2022.P33_BL_PB:6601,Treg,2
SklavenitisPistofidis_2022.P33_BL_PB:6603,Treg,0
SklavenitisPistofidis_2022.P33_BL_PB:6643,Treg,0
SklavenitisPistofidis_2022.P33_BL_PB:6695,Treg,0
SklavenitisPistofidis_2022.P34_BL_PB:79,Treg,2
SklavenitisPistofidis_2022.P34_BL_PB:97,Treg,0
SklavenitisPistofidis_2022.P34_BL_PB:102,Treg,2
SklavenitisPistofidis_2022.P34_BL_PB:111,Treg,0
SklavenitisPistofidis_2022.P34_BL_PB:120,Treg,0
SklavenitisPistofidis_2022.P34_BL_PB:124,Treg,0
SklavenitisPistofidis_2022.P34_BL_PB:140,Treg,0
SklavenitisPistofidis_2022.P34_BL_PB:174,Treg,0
SklavenitisPistofidis_2022.P34_BL_PB:184,Treg,2
SklavenitisPistofidis_2022.P34_BL_PB:202,Treg,0
SklavenitisPistofidis_2022.P34_BL_PB:209,Treg,0
SklavenitisPistofidis_2022.P34_BL_PB:256,Treg,0
SklavenitisPistofidis_2022.P34_BL_PB:260,Treg,2
SklavenitisPistofidis_2022.P34_BL_PB:281,Treg,2
SklavenitisPistofidis_2022.P34_BL_PB:297,Treg,2
SklavenitisPistofidis_2022.P34_BL_PB:333,Treg,0
SklavenitisPistofidis_2022.P34_BL_PB:353,Treg,0
SklavenitisPistofidis_2022.P34_BL_PB:408,Treg,2
SklavenitisPistofidis_2022.P34_BL_PB:415,Treg,2
SklavenitisPistofidis_2022.P34_BL_PB:456,Treg,2
SklavenitisPistofidis_2022.P34_BL_PB:502,Treg,0
SklavenitisPistofidis_2022.P34_BL_PB:515,Treg,2
SklavenitisPistofidis_2022.P34_BL_PB:552,Treg,2
SklavenitisPistofidis_2022.P34_BL_PB:589,Treg,2
SklavenitisPistofidis_2022.P34_BL_PB:609,Treg,2
SklavenitisPistofidis_2022.P34_BL_PB:620,Treg,2
SklavenitisPistofidis_2022.P34_BL_PB:625,Treg,0
SklavenitisPistofidis_2022.P34_BL_PB:670,Treg,2
SklavenitisPistofidis_2022.P34_BL_PB:679,Treg,2
SklavenitisPistofidis_2022.P34_BL_PB:688,Treg,2
SklavenitisPistofidis_2022.P34_BL_PB:695,Treg,2
SklavenitisPistofidis_2022.P34_BL_PB:734,Treg,2
SklavenitisPistofidis_2022.P34_BL_PB:743,Treg,0
SklavenitisPistofidis_2022.P34_BL_PB:783,Treg,0
SklavenitisPistofidis_2022.P34_BL_PB:792,Treg,0
SklavenitisPistofidis_2022.P34_BL_PB:842,Treg,0
SklavenitisPistofidis_2022.P34_BL_PB:858,Treg,2
SklavenitisPistofidis_2022.P34_BL_PB:920,Treg,2
SklavenitisPistofidis_2022.P34_BL_PB:937,Treg,0
SklavenitisPistofidis_2022.P34_BL_PB:941,Treg,2
SklavenitisPistofidis_2022.P34_BL_PB:1029,Treg,0
SklavenitisPistofidis_2022.P34_BL_PB:1112,Treg,0
SklavenitisPistofidis_2022.P35_Healthy_PB:101,Treg,0
SklavenitisPistofidis_2022.P35_Healthy_PB:104,Treg,2
SklavenitisPistofidis_2022.P35_Healthy_PB:201,Treg,4
SklavenitisPistofidis_2022.P35_Healthy_PB:222,Treg,0
SklavenitisPistofidis_2022.P35_Healthy_PB:367,Treg,4
SklavenitisPistofidis_2022.P35_Healthy_PB:698,Treg,0
SklavenitisPistofidis_2022.P35_Healthy_PB:1038,Treg,0
SklavenitisPistofidis_2022.P35_Healthy_PB:1066,Treg,2
SklavenitisPistofidis_2022.P35_Healthy_PB:1221,Treg,0
SklavenitisPistofidis_2022.P35_Healthy_PB:1293,Treg,0
SklavenitisPistofidis_2022.P35_Healthy_PB:1477,Treg,0
SklavenitisPistofidis_2022.P35_Healthy_PB:1493,Treg,0
SklavenitisPistofidis_2022.P35_Healthy_PB:1546,Treg,0
SklavenitisPistofidis_2022.P35_Healthy_PB:1573,Treg,0
SklavenitisPistofidis_2022.P35_Healthy_PB:1647,Treg,0
SklavenitisPistofidis_2022.P35_Healthy_PB:1718,Treg,2
SklavenitisPistofidis_2022.P35_Healthy_PB:1917,Treg,0
SklavenitisPistofidis_2022.P35_Healthy_PB:1919,Treg,0
SklavenitisPistofidis_2022.P35_Healthy_PB:1953,Treg,2
SklavenitisPistofidis_2022.P35_Healthy_PB:2020,Treg,0
SklavenitisPistofidis_2022.P35_Healthy_PB:2050,Treg,2
SklavenitisPistofidis_2022.P35_Healthy_PB:2115,Treg,2
SklavenitisPistofidis_2022.P35_Healthy_PB:2175,Treg,4
SklavenitisPistofidis_2022.P35_Healthy_PB:2241,Treg,2
SklavenitisPistofidis_2022.P35_Healthy_PB:2347,Treg,0
SklavenitisPistofidis_2022.P35_Healthy_PB:2423,Treg,0
SklavenitisPistofidis_2022.P35_Healthy_PB:2436,Treg,0
SklavenitisPistofidis_2022.P35_Healthy_PB:2561,Treg,4
SklavenitisPistofidis_2022.P35_Healthy_PB:2613,Treg,0
SklavenitisPistofidis_2022.P35_Healthy_PB:2753,Treg,0
SklavenitisPistofidis_2022.P35_Healthy_PB:2819,Treg,2
SklavenitisPistofidis_2022.P35_Healthy_PB:2951,Treg,2
SklavenitisPistofidis_2022.P35_Healthy_PB:2979,Treg,0
SklavenitisPistofidis_2022.P36_Healthy_PB:194,Treg,0
SklavenitisPistofidis_2022.P36_Healthy_PB:211,Treg,2
SklavenitisPistofidis_2022.P36_Healthy_PB:239,Treg,2
SklavenitisPistofidis_2022.P36_Healthy_PB:339,Treg,0
SklavenitisPistofidis_2022.P36_Healthy_PB:458,Treg,2
SklavenitisPistofidis_2022.P36_Healthy_PB:540,Treg,0
SklavenitisPistofidis_2022.P36_Healthy_PB:907,Treg,2
SklavenitisPistofidis_2022.P36_Healthy_PB:926,Treg,0
SklavenitisPistofidis_2022.P36_Healthy_PB:1025,Treg,2
SklavenitisPistofidis_2022.P36_Healthy_PB:1146,Treg,0
SklavenitisPistofidis_2022.P36_Healthy_PB:1189,Treg,0
SklavenitisPistofidis_2022.P36_Healthy_PB:1317,Treg,2
SklavenitisPistofidis_2022.P36_Healthy_PB:1353,Treg,4
SklavenitisPistofidis_2022.P36_Healthy_PB:1412,Treg,2
SklavenitisPistofidis_2022.P36_Healthy_PB:1564,Treg,0
SklavenitisPistofidis_2022.P36_Healthy_PB:1596,Treg,0
SklavenitisPistofidis_2022.P36_Healthy_PB:1714,Treg,0
SklavenitisPistofidis_2022.P36_Healthy_PB:1861,Treg,2
SklavenitisPistofidis_2022.P36_Healthy_PB:1991,Treg,0
SklavenitisPistofidis_2022.P36_Healthy_PB:2176,Treg,4
SklavenitisPistofidis_2022.P36_Healthy_PB:2208,Treg,0
SklavenitisPistofidis_2022.P36_Healthy_PB:2296,Treg,2
SklavenitisPistofidis_2022.P36_Healthy_PB:2336,Treg,0
SklavenitisPistofidis_2022.P36_Healthy_PB:2395,Treg,0
SklavenitisPistofidis_2022.P36_Healthy_PB:2425,Treg,0
SklavenitisPistofidis_2022.P36_Healthy_PB:2458,Treg,0
SklavenitisPistofidis_2022.P37_Healthy_PB:48,Treg,2
SklavenitisPistofidis_2022.P37_Healthy_PB:203,Treg,0
SklavenitisPistofidis_2022.P37_Healthy_PB:269,Treg,0
SklavenitisPistofidis_2022.P37_Healthy_PB:311,Treg,0
SklavenitisPistofidis_2022.P37_Healthy_PB:347,Treg,0
SklavenitisPistofidis_2022.P37_Healthy_PB:402,Treg,2
SklavenitisPistofidis_2022.P37_Healthy_PB:477,Treg,0
SklavenitisPistofidis_2022.P37_Healthy_PB:491,Treg,2
SklavenitisPistofidis_2022.P37_Healthy_PB:502,Treg,0
SklavenitisPistofidis_2022.P37_Healthy_PB:526,Treg,0
SklavenitisPistofidis_2022.P37_Healthy_PB:609,Treg,2
SklavenitisPistofidis_2022.P37_Healthy_PB:816,Treg,0
SklavenitisPistofidis_2022.P37_Healthy_PB:833,Treg,0
SklavenitisPistofidis_2022.P37_Healthy_PB:891,Treg,2
SklavenitisPistofidis_2022.P37_Healthy_PB:901,Treg,0
SklavenitisPistofidis_2022.P37_Healthy_PB:932,Treg,0
SklavenitisPistofidis_2022.P37_Healthy_PB:1005,Treg,0
SklavenitisPistofidis_2022.P37_Healthy_PB:1071,Treg,0
SklavenitisPistofidis_2022.P37_Healthy_PB:1285,Treg,2
SklavenitisPistofidis_2022.P37_Healthy_PB:1365,Treg,0
SklavenitisPistofidis_2022.P37_Healthy_PB:1394,Treg,0
SklavenitisPistofidis_2022.P37_Healthy_PB:1644,Treg,2
SklavenitisPistofidis_2022.P37_Healthy_PB:1749,Treg,4
SklavenitisPistofidis_2022.P37_Healthy_PB:2022,Treg,2
SklavenitisPistofidis_2022.P37_Healthy_PB:2037,Treg,0
SklavenitisPistofidis_2022.P37_Healthy_PB:2082,Treg,0
SklavenitisPistofidis_2022.P37_Healthy_PB:2116,Treg,2
SklavenitisPistofidis_2022.P37_Healthy_PB:2121,Treg,2
SklavenitisPistofidis_2022.P37_Healthy_PB:2156,Treg,4
SklavenitisPistofidis_2022.P37_Healthy_PB:2249,Treg,0
SklavenitisPistofidis_2022.P37_Healthy_PB:2293,Treg,0
SklavenitisPistofidis_2022.P37_Healthy_PB:2320,Treg,0
SklavenitisPistofidis_2022.P37_Healthy_PB:2364,Treg,2
SklavenitisPistofidis_2022.P37_Healthy_PB:2578,Treg,4
SklavenitisPistofidis_2022.P38_Healthy_PB:6,Treg,0
SklavenitisPistofidis_2022.P38_Healthy_PB:25,Treg,2
SklavenitisPistofidis_2022.P38_Healthy_PB:210,Treg,2
SklavenitisPistofidis_2022.P38_Healthy_PB:271,Treg,2
SklavenitisPistofidis_2022.P38_Healthy_PB:397,Treg,0
SklavenitisPistofidis_2022.P38_Healthy_PB:417,Treg,0
SklavenitisPistofidis_2022.P38_Healthy_PB:445,Treg,2
SklavenitisPistofidis_2022.P38_Healthy_PB:896,Treg,0
SklavenitisPistofidis_2022.P38_Healthy_PB:943,Treg,0
SklavenitisPistofidis_2022.P38_Healthy_PB:985,Treg,2
SklavenitisPistofidis_2022.P38_Healthy_PB:1032,Treg,2
SklavenitisPistofidis_2022.P38_Healthy_PB:1100,Treg,0
SklavenitisPistofidis_2022.P38_Healthy_PB:1186,Treg,0
SklavenitisPistofidis_2022.P38_Healthy_PB:1194,Treg,2
SklavenitisPistofidis_2022.P38_Healthy_PB:1307,Treg,2
SklavenitisPistofidis_2022.P38_Healthy_PB:1358,Treg,0
SklavenitisPistofidis_2022.P38_Healthy_PB:1393,Treg,0
SklavenitisPistofidis_2022.P38_Healthy_PB:1547,Treg,0
SklavenitisPistofidis_2022.P38_Healthy_PB:1582,Treg,2
SklavenitisPistofidis_2022.P38_Healthy_PB:1585,Treg,0
SklavenitisPistofidis_2022.P38_Healthy_PB:1588,Treg,2
SklavenitisPistofidis_2022.P38_Healthy_PB:1722,Treg,2
SklavenitisPistofidis_2022.P39_Healthy_PB:28,Treg,4
SklavenitisPistofidis_2022.P39_Healthy_PB:76,Treg,2
SklavenitisPistofidis_2022.P39_Healthy_PB:140,Treg,0
SklavenitisPistofidis_2022.P39_Healthy_PB:194,Treg,0
SklavenitisPistofidis_2022.P39_Healthy_PB:273,Treg,2
SklavenitisPistofidis_2022.P39_Healthy_PB:301,Treg,2
SklavenitisPistofidis_2022.P39_Healthy_PB:307,Treg,2
SklavenitisPistofidis_2022.P39_Healthy_PB:429,Treg,2
SklavenitisPistofidis_2022.P39_Healthy_PB:578,Treg,0
SklavenitisPistofidis_2022.P39_Healthy_PB:588,Treg,0
SklavenitisPistofidis_2022.P39_Healthy_PB:599,Treg,4
SklavenitisPistofidis_2022.P39_Healthy_PB:627,Treg,0
SklavenitisPistofidis_2022.P39_Healthy_PB:640,Treg,4
SklavenitisPistofidis_2022.P39_Healthy_PB:679,Treg,0
SklavenitisPistofidis_2022.P39_Healthy_PB:735,Treg,0
SklavenitisPistofidis_2022.P39_Healthy_PB:787,Treg,0
SklavenitisPistofidis_2022.P39_Healthy_PB:839,Treg,0
SklavenitisPistofidis_2022.P39_Healthy_PB:840,Treg,0
SklavenitisPistofidis_2022.P39_Healthy_PB:870,Treg,4
SklavenitisPistofidis_2022.P39_Healthy_PB:886,Treg,4
SklavenitisPistofidis_2022.P39_Healthy_PB:1090,Treg,0
SklavenitisPistofidis_2022.P39_Healthy_PB:1164,Treg,0
SklavenitisPistofidis_2022.P39_Healthy_PB:1203,Treg,0
SklavenitisPistofidis_2022.P39_Healthy_PB:1205,Treg,2
SklavenitisPistofidis_2022.P39_Healthy_PB:1252,Treg,0
SklavenitisPistofidis_2022.P39_Healthy_PB:1461,Treg,0
SklavenitisPistofidis_2022.P39_Healthy_PB:1832,Treg,0
SklavenitisPistofidis_2022.P39_Healthy_PB:1890,Treg,0
SklavenitisPistofidis_2022.P39_Healthy_PB:1917,Treg,0
SklavenitisPistofidis_2022.P39_Healthy_PB:1926,Treg,0
SklavenitisPistofidis_2022.P39_Healthy_PB:1975,Treg,2
SklavenitisPistofidis_2022.P39_Healthy_PB:1985,Treg,2
SklavenitisPistofidis_2022.P39_Healthy_PB:2067,Treg,0
SklavenitisPistofidis_2022.P39_Healthy_PB:2068,Treg,4
SklavenitisPistofidis_2022.P39_Healthy_PB:2074,Treg,4
SklavenitisPistofidis_2022.P39_Healthy_PB:2141,Treg,2
SklavenitisPistofidis_2022.P39_Healthy_PB:2407,Treg,0
SklavenitisPistofidis_2022.P39_Healthy_PB:2460,Treg,0
SklavenitisPistofidis_2022.P39_Healthy_PB:2481,Treg,2
SklavenitisPistofidis_2022.P39_Healthy_PB:2659,Treg,0
SklavenitisPistofidis_2022.P39_Healthy_PB:2669,Treg,0
SklavenitisPistofidis_2022.P39_Healthy_PB:2712,Treg,0
SklavenitisPistofidis_2022.P39_Healthy_PB:2801,Treg,0
SklavenitisPistofidis_2022.P39_Healthy_PB:2886,Treg,0
SklavenitisPistofidis_2022.P39_Healthy_PB:2889,Treg,0
SklavenitisPistofidis_2022.P39_Healthy_PB:2934,Treg,4
SklavenitisPistofidis_2022.P39_Healthy_PB:2983,Treg,4
SklavenitisPistofidis_2022.P39_Healthy_PB:3006,Treg,0
SklavenitisPistofidis_2022.P39_Healthy_PB:3034,Treg,0
SklavenitisPistofidis_2022.P39_Healthy_PB:3059,Treg,0
SklavenitisPistofidis_2022.P39_Healthy_PB:3061,Treg,0
SklavenitisPistofidis_2022.P39_Healthy_PB:3097,Treg,0
SklavenitisPistofidis_2022.P39_Healthy_PB:3110,Treg,0
SklavenitisPistofidis_2022.P39_Healthy_PB:3160,Treg,0
SklavenitisPistofidis_2022.P39_Healthy_PB:3339,Treg,0
SklavenitisPistofidis_2022.P39_Healthy_PB:3363,Treg,0
SklavenitisPistofidis_2022.P39_Healthy_PB:3495,Treg,0
SklavenitisPistofidis_2022.P39_Healthy_PB:3521,Treg,0
SklavenitisPistofidis_2022.P39_Healthy_PB:3532,Treg,2
SklavenitisPistofidis_2022.P39_Healthy_PB:3562,Treg,2
SklavenitisPistofidis_2022.P39_Healthy_PB:3569,Treg,0
SklavenitisPistofidis_2022.P39_Healthy_PB:3641,Treg,0
SklavenitisPistofidis_2022.P39_Healthy_PB:3733,Treg,4
SklavenitisPistofidis_2022.P39_Healthy_PB:3738,Treg,2
SklavenitisPistofidis_2022.P39_Healthy_PB:3802,Treg,2
SklavenitisPistofidis_2022.P39_Healthy_PB:3818,Treg,2
SklavenitisPistofidis_2022.P39_Healthy_PB:3835,Treg,0
SklavenitisPistofidis_2022.P39_Healthy_PB:3841,Treg,0
SklavenitisPistofidis_2022.P39_Healthy_PB:3844,Treg,2
SklavenitisPistofidis_2022.P39_Healthy_PB:3855,Treg,0
SklavenitisPistofidis_2022.P39_Healthy_PB:3895,Treg,2
SklavenitisPistofidis_2022.P39_Healthy_PB:3958,Treg,0
SklavenitisPistofidis_2022.P39_Healthy_PB:4009,Treg,4
SklavenitisPistofidis_2022.P39_Healthy_PB:4077,Treg,0
SklavenitisPistofidis_2022.P39_Healthy_PB:4103,Treg,4
SklavenitisPistofidis_2022.P39_Healthy_PB:4120,Treg,2
SklavenitisPistofidis_2022.P39_Healthy_PB:4176,Treg,2
SklavenitisPistofidis_2022.P39_Healthy_PB:4220,Treg,2
SklavenitisPistofidis_2022.P39_Healthy_PB:4265,Treg,0
SklavenitisPistofidis_2022.P39_Healthy_PB:4309,Treg,2
SklavenitisPistofidis_2022.P40_Healthy_PB:24,Treg,2
SklavenitisPistofidis_2022.P40_Healthy_PB:211,Treg,4
SklavenitisPistofidis_2022.P40_Healthy_PB:216,Treg,2
SklavenitisPistofidis_2022.P40_Healthy_PB:275,Treg,2
SklavenitisPistofidis_2022.P40_Healthy_PB:481,Treg,0
SklavenitisPistofidis_2022.P40_Healthy_PB:644,Treg,0
SklavenitisPistofidis_2022.P40_Healthy_PB:1014,Treg,0
SklavenitisPistofidis_2022.P40_Healthy_PB:1249,Treg,2
SklavenitisPistofidis_2022.P40_Healthy_PB:1278,Treg,2
SklavenitisPistofidis_2022.P40_Healthy_PB:1290,Treg,4
SklavenitisPistofidis_2022.P40_Healthy_PB:1358,Treg,2
SklavenitisPistofidis_2022.P40_Healthy_PB:1411,Treg,0
SklavenitisPistofidis_2022.P40_Healthy_PB:1430,Treg,4
SklavenitisPistofidis_2022.P40_Healthy_PB:1450,Treg,0
SklavenitisPistofidis_2022.P40_Healthy_PB:1469,Treg,0
SklavenitisPistofidis_2022.P40_Healthy_PB:1509,Treg,2
SklavenitisPistofidis_2022.P40_Healthy_PB:1685,Treg,0
SklavenitisPistofidis_2022.P40_Healthy_PB:1778,Treg,0
SklavenitisPistofidis_2022.P40_Healthy_PB:1973,Treg,0
SklavenitisPistofidis_2022.P40_Healthy_PB:2026,Treg,0
SklavenitisPistofidis_2022.P40_Healthy_PB:2113,Treg,0
SklavenitisPistofidis_2022.P40_Healthy_PB:2274,Treg,2
SklavenitisPistofidis_2022.P40_Healthy_PB:2293,Treg,0
SklavenitisPistofidis_2022.P40_Healthy_PB:2419,Treg,2
SklavenitisPistofidis_2022.P40_Healthy_PB:2426,Treg,4
SklavenitisPistofidis_2022.P40_Healthy_PB:2477,Treg,2
SklavenitisPistofidis_2022.P40_Healthy_PB:2544,Treg,2
SklavenitisPistofidis_2022.P40_Healthy_PB:2583,Treg,2
SklavenitisPistofidis_2022.P40_Healthy_PB:2590,Treg,0
SklavenitisPistofidis_2022.P40_Healthy_PB:2715,Treg,2
SklavenitisPistofidis_2022.P40_Healthy_PB:3174,Treg,0
SklavenitisPistofidis_2022.P40_Healthy_PB:3176,Treg,0
SklavenitisPistofidis_2022.P40_Healthy_PB:3186,Treg,0
SklavenitisPistofidis_2022.P40_Healthy_PB:3211,Treg,0
SklavenitisPistofidis_2022.P40_Healthy_PB:3266,Treg,0
SklavenitisPistofidis_2022.P40_Healthy_PB:3392,Treg,4
SklavenitisPistofidis_2022.P40_Healthy_PB:3611,Treg,0
SklavenitisPistofidis_2022.P40_Healthy_PB:3676,Treg,0
SklavenitisPistofidis_2022.P40_Healthy_PB:3678,Treg,0
SklavenitisPistofidis_2022.P40_Healthy_PB:3832,Treg,2
SklavenitisPistofidis_2022.P40_Healthy_PB:3926,Treg,4
SklavenitisPistofidis_2022.P40_Healthy_PB:3946,Treg,2
SklavenitisPistofidis_2022.P40_Healthy_PB:4067,Treg,0
SklavenitisPistofidis_2022.P40_Healthy_PB:4142,Treg,0
SklavenitisPistofidis_2022.P40_Healthy_PB:4236,Treg,2
SklavenitisPistofidis_2022.P40_Healthy_PB:4422,Treg,2
SklavenitisPistofidis_2022.P40_Healthy_PB:4465,Treg,4
SklavenitisPistofidis_2022.P40_Healthy_PB:4524,Treg,2
SklavenitisPistofidis_2022.P40_Healthy_PB:4556,Treg,0
SklavenitisPistofidis_2022.P40_Healthy_PB:4687,Treg,4
SklavenitisPistofidis_2022.P40_Healthy_PB:4834,Treg,4
SklavenitisPistofidis_2022.P40_Healthy_PB:4835,Treg,2
SklavenitisPistofidis_2022.P41_Healthy_PB:93,Treg,0
SklavenitisPistofidis_2022.P41_Healthy_PB:140,Treg,0
SklavenitisPistofidis_2022.P41_Healthy_PB:157,Treg,2
SklavenitisPistofidis_2022.P41_Healthy_PB:283,Treg,2
SklavenitisPistofidis_2022.P41_Healthy_PB:334,Treg,2
SklavenitisPistofidis_2022.P41_Healthy_PB:490,Treg,0
SklavenitisPistofidis_2022.P41_Healthy_PB:593,Treg,4
SklavenitisPistofidis_2022.P41_Healthy_PB:605,Treg,2
SklavenitisPistofidis_2022.P41_Healthy_PB:675,Treg,0
SklavenitisPistofidis_2022.P41_Healthy_PB:679,Treg,2
SklavenitisPistofidis_2022.P41_Healthy_PB:687,Treg,0
SklavenitisPistofidis_2022.P41_Healthy_PB:716,Treg,0
SklavenitisPistofidis_2022.P41_Healthy_PB:733,Treg,0
SklavenitisPistofidis_2022.P41_Healthy_PB:793,Treg,2
SklavenitisPistofidis_2022.P41_Healthy_PB:984,Treg,2
SklavenitisPistofidis_2022.P41_Healthy_PB:1007,Treg,0
SklavenitisPistofidis_2022.P41_Healthy_PB:1031,Treg,0
SklavenitisPistofidis_2022.P41_Healthy_PB:1106,Treg,0
SklavenitisPistofidis_2022.P41_Healthy_PB:1186,Treg,0
SklavenitisPistofidis_2022.P41_Healthy_PB:1492,Treg,2
SklavenitisPistofidis_2022.P41_Healthy_PB:1510,Treg,4
SklavenitisPistofidis_2022.P41_Healthy_PB:1516,Treg,2
SklavenitisPistofidis_2022.P41_Healthy_PB:1560,Treg,0
SklavenitisPistofidis_2022.P41_Healthy_PB:1571,Treg,4
SklavenitisPistofidis_2022.P41_Healthy_PB:1582,Treg,2
SklavenitisPistofidis_2022.P41_Healthy_PB:1715,Treg,0
SklavenitisPistofidis_2022.P41_Healthy_PB:1762,Treg,0
SklavenitisPistofidis_2022.P41_Healthy_PB:1911,Treg,2
SklavenitisPistofidis_2022.P41_Healthy_PB:1937,Treg,2
SklavenitisPistofidis_2022.P41_Healthy_PB:1951,Treg,0
SklavenitisPistofidis_2022.P41_Healthy_PB:1996,Treg,0
SklavenitisPistofidis_2022.P41_Healthy_PB:2082,Treg,4
SklavenitisPistofidis_2022.P41_Healthy_PB:2150,Treg,0
SklavenitisPistofidis_2022.P41_Healthy_PB:2227,Treg,0
SklavenitisPistofidis_2022.P41_Healthy_PB:2240,Treg,0
SklavenitisPistofidis_2022.P41_Healthy_PB:2258,Treg,0
SklavenitisPistofidis_2022.P41_Healthy_PB:2297,Treg,4
SklavenitisPistofidis_2022.P41_Healthy_PB:2397,Treg,4
SklavenitisPistofidis_2022.P41_Healthy_PB:2604,Treg,0
SklavenitisPistofidis_2022.P41_Healthy_PB:2668,Treg,0
SklavenitisPistofidis_2022.P41_Healthy_PB:2706,Treg,2
SklavenitisPistofidis_2022.P41_Healthy_PB:2713,Treg,0
SklavenitisPistofidis_2022.P41_Healthy_PB:2730,Treg,0
SklavenitisPistofidis_2022.P41_Healthy_PB:2775,Treg,0
SklavenitisPistofidis_2022.P41_Healthy_PB:2829,Treg,2
SklavenitisPistofidis_2022.P41_Healthy_PB:2872,Treg,0
SklavenitisPistofidis_2022.P42_Healthy_PB:82,Treg,0
SklavenitisPistofidis_2022.P42_Healthy_PB:146,Treg,4
SklavenitisPistofidis_2022.P42_Healthy_PB:189,Treg,0
SklavenitisPistofidis_2022.P42_Healthy_PB:248,Treg,0
SklavenitisPistofidis_2022.P42_Healthy_PB:328,Treg,0
SklavenitisPistofidis_2022.P42_Healthy_PB:341,Treg,0
SklavenitisPistofidis_2022.P42_Healthy_PB:603,Treg,4
SklavenitisPistofidis_2022.P42_Healthy_PB:646,Treg,2
SklavenitisPistofidis_2022.P42_Healthy_PB:729,Treg,2
SklavenitisPistofidis_2022.P42_Healthy_PB:870,Treg,0
SklavenitisPistofidis_2022.P42_Healthy_PB:898,Treg,0
SklavenitisPistofidis_2022.P42_Healthy_PB:1347,Treg,0
SklavenitisPistofidis_2022.P43_Healthy_PB:135,Treg,0
SklavenitisPistofidis_2022.P43_Healthy_PB:171,Treg,0
SklavenitisPistofidis_2022.P43_Healthy_PB:342,Treg,0
SklavenitisPistofidis_2022.P43_Healthy_PB:374,Treg,0
SklavenitisPistofidis_2022.P43_Healthy_PB:385,Treg,2
SklavenitisPistofidis_2022.P43_Healthy_PB:477,Treg,0
SklavenitisPistofidis_2022.P43_Healthy_PB:520,Treg,0
SklavenitisPistofidis_2022.P43_Healthy_PB:551,Treg,0
SklavenitisPistofidis_2022.P43_Healthy_PB:630,Treg,0
SklavenitisPistofidis_2022.P43_Healthy_PB:645,Treg,0
SklavenitisPistofidis_2022.P43_Healthy_PB:669,Treg,0
SklavenitisPistofidis_2022.P43_Healthy_PB:690,Treg,0
SklavenitisPistofidis_2022.P43_Healthy_PB:715,Treg,2
SklavenitisPistofidis_2022.P43_Healthy_PB:727,Treg,0
SklavenitisPistofidis_2022.P43_Healthy_PB:775,Treg,2
SklavenitisPistofidis_2022.P44_Healthy_PB:131,Treg,0
SklavenitisPistofidis_2022.P44_Healthy_PB:261,Treg,0
SklavenitisPistofidis_2022.P44_Healthy_PB:275,Treg,2
SklavenitisPistofidis_2022.P44_Healthy_PB:281,Treg,0
SklavenitisPistofidis_2022.P44_Healthy_PB:358,Treg,2
SklavenitisPistofidis_2022.P44_Healthy_PB:378,Treg,0
SklavenitisPistofidis_2022.P44_Healthy_PB:403,Treg,2
SklavenitisPistofidis_2022.P44_Healthy_PB:526,Treg,0
SklavenitisPistofidis_2022.P44_Healthy_PB:649,Treg,0
SklavenitisPistofidis_2022.P45_Healthy_BM:342,Treg,2
SklavenitisPistofidis_2022.P45_Healthy_BM:795,Treg,4
SklavenitisPistofidis_2022.P45_Healthy_BM:861,Treg,0
SklavenitisPistofidis_2022.P45_Healthy_BM:1030,Treg,2
SklavenitisPistofidis_2022.P45_Healthy_BM:1170,Treg,4
SklavenitisPistofidis_2022.P45_Healthy_BM:1329,Treg,2
SklavenitisPistofidis_2022.P45_Healthy_BM:1388,Treg,2
SklavenitisPistofidis_2022.P45_Healthy_BM:1745,Treg,2
SklavenitisPistofidis_2022.P45_Healthy_BM:1931,Treg,0
SklavenitisPistofidis_2022.P45_Healthy_BM:2004,Treg,2
SklavenitisPistofidis_2022.P45_Healthy_BM:2072,Treg,2
SklavenitisPistofidis_2022.P45_Healthy_BM:2150,Treg,4
SklavenitisPistofidis_2022.P45_Healthy_BM:2219,Treg,0
SklavenitisPistofidis_2022.P45_Healthy_BM:2241,Treg,4
SklavenitisPistofidis_2022.P46_Healthy_BM:521,Treg,0
SklavenitisPistofidis_2022.P46_Healthy_BM:872,Treg,0
SklavenitisPistofidis_2022.P46_Healthy_BM:1997,Treg,0
SklavenitisPistofidis_2022.P46_Healthy_BM:2351,Treg,4
SklavenitisPistofidis_2022.P46_Healthy_BM:2531,Treg,4
SklavenitisPistofidis_2022.P46_Healthy_BM:2773,Treg,4
SklavenitisPistofidis_2022.P46_Healthy_BM:3210,Treg,4
SklavenitisPistofidis_2022.P46_Healthy_BM:3236,Treg,0
SklavenitisPistofidis_2022.P46_Healthy_BM:3366,Treg,4
SklavenitisPistofidis_2022.P46_Healthy_BM:3970,Treg,4
SklavenitisPistofidis_2022.P46_Healthy_BM:4649,Treg,0
SklavenitisPistofidis_2022.P46_Healthy_BM:5446,Treg,2
SklavenitisPistofidis_2022.P46_Healthy_BM:5555,Treg,4
SklavenitisPistofidis_2022.P46_Healthy_BM:6432,Treg,0
SklavenitisPistofidis_2022.P46_Healthy_BM:6776,Treg,4
SklavenitisPistofidis_2022.P46_Healthy_BM:7765,Treg,0
SklavenitisPistofidis_2022.P46_Healthy_BM:7962,Treg,0
SklavenitisPistofidis_2022.P46_Healthy_BM:8267,Treg,0
SklavenitisPistofidis_2022.P46_Healthy_BM:8623,Treg,4
SklavenitisPistofidis_2022.P47_Healthy_BM:74,Treg,0
SklavenitisPistofidis_2022.P47_Healthy_BM:84,Treg,4
SklavenitisPistofidis_2022.P47_Healthy_BM:91,Treg,0
SklavenitisPistofidis_2022.P47_Healthy_BM:100,Treg,0
SklavenitisPistofidis_2022.P47_Healthy_BM:104,Treg,0
SklavenitisPistofidis_2022.P47_Healthy_BM:506,Treg,4
SklavenitisPistofidis_2022.P47_Healthy_BM:581,Treg,0
SklavenitisPistofidis_2022.P47_Healthy_BM:590,Treg,2
SklavenitisPistofidis_2022.P47_Healthy_BM:719,Treg,0
SklavenitisPistofidis_2022.P47_Healthy_BM:729,Treg,2
SklavenitisPistofidis_2022.P47_Healthy_BM:748,Treg,0
SklavenitisPistofidis_2022.P47_Healthy_BM:754,Treg,0
SklavenitisPistofidis_2022.P47_Healthy_BM:784,Treg,0
SklavenitisPistofidis_2022.P47_Healthy_BM:800,Treg,0
SklavenitisPistofidis_2022.P47_Healthy_BM:861,Treg,0
SklavenitisPistofidis_2022.P47_Healthy_BM:910,Treg,4
SklavenitisPistofidis_2022.P47_Healthy_BM:1027,Treg,0
SklavenitisPistofidis_2022.P47_Healthy_BM:1039,Treg,4
SklavenitisPistofidis_2022.P47_Healthy_BM:1255,Treg,2
SklavenitisPistofidis_2022.P47_Healthy_BM:1576,Treg,0
SklavenitisPistofidis_2022.P47_Healthy_BM:1823,Treg,2
SklavenitisPistofidis_2022.P47_Healthy_BM:1901,Treg,0
SklavenitisPistofidis_2022.P47_Healthy_BM:1926,Treg,0
SklavenitisPistofidis_2022.P47_Healthy_BM:2023,Treg,0
SklavenitisPistofidis_2022.P47_Healthy_BM:2026,Treg,0
SklavenitisPistofidis_2022.P47_Healthy_BM:2040,Treg,2
SklavenitisPistofidis_2022.P47_Healthy_BM:2155,Treg,0
SklavenitisPistofidis_2022.P47_Healthy_BM:2257,Treg,4
SklavenitisPistofidis_2022.P47_Healthy_BM:2498,Treg,2
SklavenitisPistofidis_2022.P47_Healthy_BM:2514,Treg,2
SklavenitisPistofidis_2022.P47_Healthy_BM:2664,Treg,2
SklavenitisPistofidis_2022.P47_Healthy_BM:2883,Treg,4
SklavenitisPistofidis_2022.P47_Healthy_BM:2913,Treg,4
SklavenitisPistofidis_2022.P47_Healthy_BM:2993,Treg,4
SklavenitisPistofidis_2022.P47_Healthy_BM:3019,Treg,0
SklavenitisPistofidis_2022.P47_Healthy_BM:3021,Treg,2
SklavenitisPistofidis_2022.P47_Healthy_BM:3029,Treg,2
SklavenitisPistofidis_2022.P47_Healthy_BM:3188,Treg,2
SklavenitisPistofidis_2022.P47_Healthy_BM:3327,Treg,0
SklavenitisPistofidis_2022.P47_Healthy_BM:3389,Treg,4
SklavenitisPistofidis_2022.P47_Healthy_BM:3485,Treg,0
SklavenitisPistofidis_2022.P47_Healthy_BM:3489,Treg,2
SklavenitisPistofidis_2022.P47_Healthy_BM:3559,Treg,0
SklavenitisPistofidis_2022.P47_Healthy_BM:3609,Treg,0
SklavenitisPistofidis_2022.P47_Healthy_BM:3677,Treg,0
SklavenitisPistofidis_2022.P47_Healthy_BM:4033,Treg,0
SklavenitisPistofidis_2022.P47_Healthy_BM:4367,Treg,0
SklavenitisPistofidis_2022.P47_Healthy_BM:4456,Treg,2
SklavenitisPistofidis_2022.P47_Healthy_BM:4576,Treg,2
SklavenitisPistofidis_2022.P47_Healthy_BM:4670,Treg,4
SklavenitisPistofidis_2022.P47_Healthy_BM:4943,Treg,4
SklavenitisPistofidis_2022.P47_Healthy_BM:4968,Treg,4
SklavenitisPistofidis_2022.P47_Healthy_BM:5117,Treg,2
SklavenitisPistofidis_2022.P47_Healthy_BM:5124,Treg,0
SklavenitisPistofidis_2022.P47_Healthy_BM:5325,Treg,0
SklavenitisPistofidis_2022.P47_Healthy_BM:5460,Treg,0
SklavenitisPistofidis_2022.P47_Healthy_BM:5514,Treg,0
SklavenitisPistofidis_2022.P47_Healthy_BM:5516,Treg,0
SklavenitisPistofidis_2022.P47_Healthy_BM:5652,Treg,0
SklavenitisPistofidis_2022.P47_Healthy_BM:5792,Treg,0
SklavenitisPistofidis_2022.P47_Healthy_BM:5821,Treg,4
SklavenitisPistofidis_2022.P47_Healthy_BM:6165,Treg,4
SklavenitisPistofidis_2022.P47_Healthy_BM:6195,Treg,4
SklavenitisPistofidis_2022.P47_Healthy_BM:6263,Treg,0
SklavenitisPistofidis_2022.P47_Healthy_BM:6279,Treg,4
SklavenitisPistofidis_2022.P47_Healthy_BM:6491,Treg,0
SklavenitisPistofidis_2022.P47_Healthy_BM:6610,Treg,0
SklavenitisPistofidis_2022.P47_Healthy_BM:6703,Treg,2
SklavenitisPistofidis_2022.P47_Healthy_BM:6758,Treg,0
SklavenitisPistofidis_2022.P47_Healthy_BM:6767,Treg,4
SklavenitisPistofidis_2022.P47_Healthy_BM:6889,Treg,4
SklavenitisPistofidis_2022.P47_Healthy_BM:7271,Treg,4
SklavenitisPistofidis_2022.P47_Healthy_BM:7393,Treg,4
SklavenitisPistofidis_2022.P47_Healthy_BM:7606,Treg,4
SklavenitisPistofidis_2022.P47_Healthy_BM:7657,Treg,0
SklavenitisPistofidis_2022.P47_Healthy_BM:7658,Treg,4
SklavenitisPistofidis_2022.P47_Healthy_BM:7709,Treg,0
SklavenitisPistofidis_2022.P47_Healthy_BM:7763,Treg,0
SklavenitisPistofidis_2022.P47_Healthy_BM:7943,Treg,0
SklavenitisPistofidis_2022.P47_Healthy_BM:7976,Treg,0
SklavenitisPistofidis_2022.P47_Healthy_BM:8199,Treg,0
SklavenitisPistofidis_2022.P47_Healthy_BM:8216,Treg,2
SklavenitisPistofidis_2022.P47_Healthy_BM:8385,Treg,0
SklavenitisPistofidis_2022.P47_Healthy_BM:8400,Treg,0
SklavenitisPistofidis_2022.P47_Healthy_BM:8702,Treg,0
SklavenitisPistofidis_2022.P47_Healthy_BM:8982,Treg,2
SklavenitisPistofidis_2022.P47_Healthy_BM:9126,Treg,0
SklavenitisPistofidis_2022.P47_Healthy_BM:9139,Treg,0
SklavenitisPistofidis_2022.P47_Healthy_BM:9225,Treg,2
SklavenitisPistofidis_2022.P47_Healthy_BM:9334,Treg,4
SklavenitisPistofidis_2022.P47_Healthy_BM:9453,Treg,0
SklavenitisPistofidis_2022.P47_Healthy_BM:9511,Treg,0
SklavenitisPistofidis_2022.P47_Healthy_BM:9816,Treg,0
SklavenitisPistofidis_2022.P47_Healthy_BM:9892,Treg,0
SklavenitisPistofidis_2022.P47_Healthy_BM:9996,Treg,4
SklavenitisPistofidis_2022.P47_Healthy_BM:10055,Treg,4
SklavenitisPistofidis_2022.P47_Healthy_BM:10252,Treg,0
SklavenitisPistofidis_2022.P47_Healthy_BM:10271,Treg,0
SklavenitisPistofidis_2022.P47_Healthy_BM:10469,Treg,4
SklavenitisPistofidis_2022.P47_Healthy_BM:10740,Treg,4
SklavenitisPistofidis_2022.P47_Healthy_BM:10758,Treg,0
SklavenitisPistofidis_2022.P47_Healthy_BM:10772,Treg,0
SklavenitisPistofidis_2022.P47_Healthy_BM:10858,Treg,0
SklavenitisPistofidis_2022.P47_Healthy_BM:10875,Treg,0
SklavenitisPistofidis_2022.P47_Healthy_BM:11042,Treg,0
SklavenitisPistofidis_2022.P47_Healthy_BM:11144,Treg,0
SklavenitisPistofidis_2022.P47_Healthy_BM:11243,Treg,0
SklavenitisPistofidis_2022.P47_Healthy_BM:11293,Treg,0
SklavenitisPistofidis_2022.P47_Healthy_BM:11308,Treg,4
SklavenitisPistofidis_2022.P47_Healthy_BM:11567,Treg,4
SklavenitisPistofidis_2022.P47_Healthy_BM:11667,Treg,0
SklavenitisPistofidis_2022.P47_Healthy_BM:11750,Treg,0
SklavenitisPistofidis_2022.P47_Healthy_BM:11860,Treg,4
SklavenitisPistofidis_2022.P47_Healthy_BM:12308,Treg,2
SklavenitisPistofidis_2022.P47_Healthy_BM:12325,Treg,0
SklavenitisPistofidis_2022.P47_Healthy_BM:12368,Treg,0
SklavenitisPistofidis_2022.P47_Healthy_BM:12413,Treg,0
SklavenitisPistofidis_2022.P47_Healthy_BM:12424,Treg,0
SklavenitisPistofidis_2022.P47_Healthy_BM:12470,Treg,0
SklavenitisPistofidis_2022.P47_Healthy_BM:12493,Treg,0
SklavenitisPistofidis_2022.P47_Healthy_BM:12496,Treg,2
SklavenitisPistofidis_2022.P47_Healthy_BM:12653,Treg,0
SklavenitisPistofidis_2022.P47_Healthy_BM:12728,Treg,0
SklavenitisPistofidis_2022.P47_Healthy_BM:12734,Treg,0
SklavenitisPistofidis_2022.P47_Healthy_BM:12988,Treg,4
SklavenitisPistofidis_2022.P47_Healthy_BM:13012,Treg,0
SklavenitisPistofidis_2022.P47_Healthy_BM:13112,Treg,4
SklavenitisPistofidis_2022.P48_Healthy_BM:41,Treg,4
SklavenitisPistofidis_2022.P48_Healthy_BM:178,Treg,4
SklavenitisPistofidis_2022.P48_Healthy_BM:362,Treg,0
SklavenitisPistofidis_2022.P48_Healthy_BM:575,Treg,4
SklavenitisPistofidis_2022.P48_Healthy_BM:620,Treg,0
SklavenitisPistofidis_2022.P48_Healthy_BM:621,Treg,0
SklavenitisPistofidis_2022.P48_Healthy_BM:965,Treg,4
SklavenitisPistofidis_2022.P48_Healthy_BM:1090,Treg,0
SklavenitisPistofidis_2022.P48_Healthy_BM:1185,Treg,4
SklavenitisPistofidis_2022.P48_Healthy_BM:1377,Treg,4
SklavenitisPistofidis_2022.P48_Healthy_BM:1639,Treg,4
SklavenitisPistofidis_2022.P48_Healthy_BM:1777,Treg,2
SklavenitisPistofidis_2022.P48_Healthy_BM:1814,Treg,4
SklavenitisPistofidis_2022.P48_Healthy_BM:2227,Treg,4
SklavenitisPistofidis_2022.P48_Healthy_BM:2456,Treg,2
SklavenitisPistofidis_2022.P48_Healthy_BM:2581,Treg,2
SklavenitisPistofidis_2022.P48_Healthy_BM:2783,Treg,4
SklavenitisPistofidis_2022.P48_Healthy_BM:2820,Treg,0
SklavenitisPistofidis_2022.P48_Healthy_BM:2904,Treg,4
SklavenitisPistofidis_2022.P48_Healthy_BM:2935,Treg,2
SklavenitisPistofidis_2022.P48_Healthy_BM:3001,Treg,0
SklavenitisPistofidis_2022.P48_Healthy_BM:3211,Treg,4
SklavenitisPistofidis_2022.P48_Healthy_BM:3223,Treg,0
SklavenitisPistofidis_2022.P48_Healthy_BM:3292,Treg,4
SklavenitisPistofidis_2022.P48_Healthy_BM:3468,Treg,4
SklavenitisPistofidis_2022.P48_Healthy_BM:3524,Treg,4
SklavenitisPistofidis_2022.P48_Healthy_BM:3543,Treg,4
SklavenitisPistofidis_2022.P48_Healthy_BM:3659,Treg,2
SklavenitisPistofidis_2022.P48_Healthy_BM:4051,Treg,4
SklavenitisPistofidis_2022.P48_Healthy_BM:4112,Treg,4
SklavenitisPistofidis_2022.P48_Healthy_BM:4270,Treg,0
SklavenitisPistofidis_2022.P48_Healthy_BM:4296,Treg,4
SklavenitisPistofidis_2022.P48_Healthy_BM:4820,Treg,0
SklavenitisPistofidis_2022.P48_Healthy_BM:5049,Treg,2
SklavenitisPistofidis_2022.P48_Healthy_BM:5153,Treg,4
SklavenitisPistofidis_2022.P48_Healthy_BM:5331,Treg,4
SklavenitisPistofidis_2022.P48_Healthy_BM:5344,Treg,0
SklavenitisPistofidis_2022.P48_Healthy_BM:5367,Treg,4
SklavenitisPistofidis_2022.P48_Healthy_BM:5372,Treg,4
SklavenitisPistofidis_2022.P48_Healthy_BM:5432,Treg,4
SklavenitisPistofidis_2022.P48_Healthy_BM:5903,Treg,2
SklavenitisPistofidis_2022.P48_Healthy_BM:5947,Treg,0
SklavenitisPistofidis_2022.P48_Healthy_BM:5974,Treg,0
SklavenitisPistofidis_2022.P48_Healthy_BM:5999,Treg,0
SklavenitisPistofidis_2022.P48_Healthy_BM:6045,Treg,0
SklavenitisPistofidis_2022.P48_Healthy_BM:6300,Treg,0
SklavenitisPistofidis_2022.P48_Healthy_BM:6556,Treg,0
SklavenitisPistofidis_2022.P48_Healthy_BM:6670,Treg,0
SklavenitisPistofidis_2022.P48_Healthy_BM:6804,Treg,2
SklavenitisPistofidis_2022.P48_Healthy_BM:6841,Treg,0
SklavenitisPistofidis_2022.P48_Healthy_BM:6904,Treg,2
SklavenitisPistofidis_2022.P48_Healthy_BM:7134,Treg,4
SklavenitisPistofidis_2022.P48_Healthy_BM:7332,Treg,0
SklavenitisPistofidis_2022.P48_Healthy_BM:7391,Treg,4
SklavenitisPistofidis_2022.P48_Healthy_BM:7725,Treg,4
SklavenitisPistofidis_2022.P48_Healthy_BM:7861,Treg,4
SklavenitisPistofidis_2022.P48_Healthy_BM:8314,Treg,2
SklavenitisPistofidis_2022.P48_Healthy_BM:8452,Treg,2
SklavenitisPistofidis_2022.P48_Healthy_BM:8617,Treg,0
SklavenitisPistofidis_2022.P48_Healthy_BM:8707,Treg,4
SklavenitisPistofidis_2022.P49_Healthy_BM:130,Treg,4
SklavenitisPistofidis_2022.P49_Healthy_BM:1343,Treg,0
SklavenitisPistofidis_2022.P49_Healthy_BM:1975,Treg,2
SklavenitisPistofidis_2022.P49_Healthy_BM:2781,Treg,0
SklavenitisPistofidis_2022.P50_Healthy_BM:69,Treg,4
SklavenitisPistofidis_2022.P50_Healthy_BM:459,Treg,0
SklavenitisPistofidis_2022.P50_Healthy_BM:651,Treg,2
SklavenitisPistofidis_2022.P50_Healthy_BM:2229,Treg,0
SklavenitisPistofidis_2022.P50_Healthy_BM:3977,Treg,0
SklavenitisPistofidis_2022.P51_Healthy_BM:124,Treg,0
SklavenitisPistofidis_2022.P51_Healthy_BM:181,Treg,4
SklavenitisPistofidis_2022.P51_Healthy_BM:234,Treg,4
SklavenitisPistofidis_2022.P51_Healthy_BM:748,Treg,0
SklavenitisPistofidis_2022.P51_Healthy_BM:761,Treg,0
SklavenitisPistofidis_2022.P51_Healthy_BM:1470,Treg,0
SklavenitisPistofidis_2022.P51_Healthy_BM:1611,Treg,4
SklavenitisPistofidis_2022.P51_Healthy_BM:2125,Treg,0
SklavenitisPistofidis_2022.P51_Healthy_BM:2199,Treg,4
SklavenitisPistofidis_2022.P51_Healthy_BM:2310,Treg,4
SklavenitisPistofidis_2022.P51_Healthy_BM:2459,Treg,0
SklavenitisPistofidis_2022.P51_Healthy_BM:2635,Treg,0
SklavenitisPistofidis_2022.P51_Healthy_BM:2963,Treg,4
SklavenitisPistofidis_2022.P51_Healthy_BM:3235,Treg,0
SklavenitisPistofidis_2022.P51_Healthy_BM:3273,Treg,4
SklavenitisPistofidis_2022.P51_Healthy_BM:3366,Treg,0
SklavenitisPistofidis_2022.P51_Healthy_BM:3663,Treg,0
SklavenitisPistofidis_2022.P51_Healthy_BM:3831,Treg,4
SklavenitisPistofidis_2022.P51_Healthy_BM:3854,Treg,4
SklavenitisPistofidis_2022.P51_Healthy_BM:4232,Treg,2
SklavenitisPistofidis_2022.P51_Healthy_BM:4516,Treg,0
SklavenitisPistofidis_2022.P51_Healthy_BM:4590,Treg,0
SklavenitisPistofidis_2022.P51_Healthy_BM:6193,Treg,2
SklavenitisPistofidis_2022.P51_Healthy_BM:6426,Treg,0
SklavenitisPistofidis_2022.P51_Healthy_BM:6559,Treg,4
SklavenitisPistofidis_2022.P51_Healthy_BM:6636,Treg,4
SklavenitisPistofidis_2022.P51_Healthy_BM:7127,Treg,4
SklavenitisPistofidis_2022.P51_Healthy_BM:7207,Treg,4
SklavenitisPistofidis_2022.P51_Healthy_BM:7271,Treg,2
SklavenitisPistofidis_2022.P51_Healthy_BM:7345,Treg,4
SklavenitisPistofidis_2022.P51_Healthy_BM:7346,Treg,0
SklavenitisPistofidis_2022.P51_Healthy_BM:7357,Treg,4
SklavenitisPistofidis_2022.P51_Healthy_BM:8048,Treg,4
SklavenitisPistofidis_2022.P51_Healthy_BM:8164,Treg,0
SklavenitisPistofidis_2022.P51_Healthy_BM:8316,Treg,4
SklavenitisPistofidis_2022.P51_Healthy_BM:8345,Treg,0
SklavenitisPistofidis_2022.P51_Healthy_BM:8426,Treg,0
SklavenitisPistofidis_2022.P51_Healthy_BM:8494,Treg,4
SklavenitisPistofidis_2022.P51_Healthy_BM:8733,Treg,0
SklavenitisPistofidis_2022.P51_Healthy_BM:9091,Treg,0
SklavenitisPistofidis_2022.P51_Healthy_BM:9114,Treg,0
SklavenitisPistofidis_2022.P51_Healthy_BM:9698,Treg,0
SklavenitisPistofidis_2022.P51_Healthy_BM:9711,Treg,0
SklavenitisPistofidis_2022.P51_Healthy_BM:9781,Treg,0
SklavenitisPistofidis_2022.P51_Healthy_BM:10412,Treg,0
SklavenitisPistofidis_2022.P51_Healthy_BM:10545,Treg,4
SklavenitisPistofidis_2022.P51_Healthy_BM:11014,Treg,0
SklavenitisPistofidis_2022.P51_Healthy_BM:11042,Treg,2
SklavenitisPistofidis_2022.P51_Healthy_BM:11285,Treg,0
SklavenitisPistofidis_2022.P51_Healthy_BM:11409,Treg,4
SklavenitisPistofidis_2022.P51_Healthy_BM:11826,Treg,4
SklavenitisPistofidis_2022.P51_Healthy_BM:12191,Treg,0
SklavenitisPistofidis_2022.P51_Healthy_BM:13018,Treg,0
SklavenitisPistofidis_2022.P51_Healthy_BM:13066,Treg,0
SklavenitisPistofidis_2022.P51_Healthy_BM:13167,Treg,4
SklavenitisPistofidis_2022.P51_Healthy_BM:13217,Treg,0
SklavenitisPistofidis_2022.P51_Healthy_BM:13261,Treg,0
SklavenitisPistofidis_2022.P51_Healthy_BM:13902,Treg,0
SklavenitisPistofidis_2022.P51_Healthy_BM:14001,Treg,0
SklavenitisPistofidis_2022.P51_Healthy_BM:14079,Treg,4
SklavenitisPistofidis_2022.P51_Healthy_BM:14933,Treg,0
SklavenitisPistofidis_2022.P51_Healthy_BM:14954,Treg,4
SklavenitisPistofidis_2022.P52_Healthy_BM:130,Treg,4
SklavenitisPistofidis_2022.P52_Healthy_BM:195,Treg,0
SklavenitisPistofidis_2022.P52_Healthy_BM:304,Treg,2
SklavenitisPistofidis_2022.P52_Healthy_BM:485,Treg,2
SklavenitisPistofidis_2022.P52_Healthy_BM:631,Treg,4
SklavenitisPistofidis_2022.P52_Healthy_BM:1057,Treg,4
SklavenitisPistofidis_2022.P52_Healthy_BM:1846,Treg,4
SklavenitisPistofidis_2022.P52_Healthy_BM:2041,Treg,4
SklavenitisPistofidis_2022.P52_Healthy_BM:2677,Treg,4
SklavenitisPistofidis_2022.P52_Healthy_BM:2846,Treg,0
SklavenitisPistofidis_2022.P52_Healthy_BM:3094,Treg,4
SklavenitisPistofidis_2022.P52_Healthy_BM:3482,Treg,0
SklavenitisPistofidis_2022.P52_Healthy_BM:3717,Treg,4
SklavenitisPistofidis_2022.P52_Healthy_BM:3821,Treg,2
SklavenitisPistofidis_2022.P52_Healthy_BM:3935,Treg,0
SklavenitisPistofidis_2022.P52_Healthy_BM:4254,Treg,4
SklavenitisPistofidis_2022.P52_Healthy_BM:4269,Treg,0
SklavenitisPistofidis_2022.P52_Healthy_BM:4404,Treg,4
SklavenitisPistofidis_2022.P52_Healthy_BM:4499,Treg,4
SklavenitisPistofidis_2022.P52_Healthy_BM:5713,Treg,4
SklavenitisPistofidis_2022.P52_Healthy_BM:5817,Treg,0
SklavenitisPistofidis_2022.P52_Healthy_BM:5909,Treg,0
SklavenitisPistofidis_2022.P52_Healthy_BM:6078,Treg,0
SklavenitisPistofidis_2022.P52_Healthy_BM:6320,Treg,0
SklavenitisPistofidis_2022.P52_Healthy_BM:6534,Treg,4
SklavenitisPistofidis_2022.P52_Healthy_BM:6705,Treg,0
SklavenitisPistofidis_2022.P52_Healthy_BM:7050,Treg,4
SklavenitisPistofidis_2022.P52_Healthy_BM:7092,Treg,2
SklavenitisPistofidis_2022.P52_Healthy_BM:7095,Treg,2
SklavenitisPistofidis_2022.P52_Healthy_BM:7143,Treg,0
SklavenitisPistofidis_2022.P52_Healthy_BM:7176,Treg,0
SklavenitisPistofidis_2022.P52_Healthy_BM:7489,Treg,4
SklavenitisPistofidis_2022.P52_Healthy_BM:7492,Treg,4
SklavenitisPistofidis_2022.P52_Healthy_BM:7805,Treg,2
SklavenitisPistofidis_2022.P52_Healthy_BM:8263,Treg,0
SklavenitisPistofidis_2022.P52_Healthy_BM:8294,Treg,4
SklavenitisPistofidis_2022.P52_Healthy_BM:8538,Treg,0
SklavenitisPistofidis_2022.P52_Healthy_BM:8830,Treg,0
SklavenitisPistofidis_2022.P52_Healthy_BM:8952,Treg,0
SklavenitisPistofidis_2022.P52_Healthy_BM:9102,Treg,4
SklavenitisPistofidis_2022.P52_Healthy_BM:9510,Treg,0
SklavenitisPistofidis_2022.P52_Healthy_BM:10471,Treg,2
SklavenitisPistofidis_2022.P52_Healthy_BM:10770,Treg,4
SklavenitisPistofidis_2022.P52_Healthy_BM:10980,Treg,4
SklavenitisPistofidis_2022.P52_Healthy_BM:11236,Treg,0
SklavenitisPistofidis_2022.P52_Healthy_BM:11259,Treg,0
SklavenitisPistofidis_2022.P53_Healthy_BM:12,Treg,0
SklavenitisPistofidis_2022.P53_Healthy_BM:243,Treg,0
SklavenitisPistofidis_2022.P53_Healthy_BM:319,Treg,4
SklavenitisPistofidis_2022.P53_Healthy_BM:347,Treg,0
SklavenitisPistofidis_2022.P53_Healthy_BM:424,Treg,0
SklavenitisPistofidis_2022.P53_Healthy_BM:507,Treg,0
SklavenitisPistofidis_2022.P53_Healthy_BM:679,Treg,0
SklavenitisPistofidis_2022.P53_Healthy_BM:753,Treg,4
SklavenitisPistofidis_2022.P53_Healthy_BM:931,Treg,0
SklavenitisPistofidis_2022.P53_Healthy_BM:1085,Treg,0
SklavenitisPistofidis_2022.P53_Healthy_BM:1093,Treg,0
SklavenitisPistofidis_2022.P53_Healthy_BM:1095,Treg,0
SklavenitisPistofidis_2022.P53_Healthy_BM:1326,Treg,0
SklavenitisPistofidis_2022.P53_Healthy_BM:1372,Treg,0
SklavenitisPistofidis_2022.P53_Healthy_BM:1384,Treg,0
SklavenitisPistofidis_2022.P53_Healthy_BM:1602,Treg,0
SklavenitisPistofidis_2022.P53_Healthy_BM:1660,Treg,0
SklavenitisPistofidis_2022.P53_Healthy_BM:1741,Treg,0
SklavenitisPistofidis_2022.P53_Healthy_BM:1819,Treg,4
SklavenitisPistofidis_2022.P53_Healthy_BM:1936,Treg,0
SklavenitisPistofidis_2022.P53_Healthy_BM:2135,Treg,0
SklavenitisPistofidis_2022.P53_Healthy_BM:2297,Treg,4
SklavenitisPistofidis_2022.P53_Healthy_BM:2438,Treg,0
SklavenitisPistofidis_2022.P53_Healthy_BM:2556,Treg,0
SklavenitisPistofidis_2022.P53_Healthy_BM:2591,Treg,0
SklavenitisPistofidis_2022.P53_Healthy_BM:2610,Treg,0
SklavenitisPistofidis_2022.P53_Healthy_BM:2789,Treg,0
SklavenitisPistofidis_2022.P53_Healthy_BM:2813,Treg,2
SklavenitisPistofidis_2022.P53_Healthy_BM:2862,Treg,0
SklavenitisPistofidis_2022.P53_Healthy_BM:2905,Treg,0
SklavenitisPistofidis_2022.P53_Healthy_BM:3157,Treg,0
SklavenitisPistofidis_2022.P53_Healthy_BM:3372,Treg,4
SklavenitisPistofidis_2022.P53_Healthy_BM:3472,Treg,0
SklavenitisPistofidis_2022.P53_Healthy_BM:3491,Treg,0
SklavenitisPistofidis_2022.P53_Healthy_BM:3548,Treg,0
SklavenitisPistofidis_2022.P53_Healthy_BM:3608,Treg,0
SklavenitisPistofidis_2022.P53_Healthy_BM:3660,Treg,4
SklavenitisPistofidis_2022.P53_Healthy_BM:3695,Treg,0
SklavenitisPistofidis_2022.P53_Healthy_BM:3742,Treg,0
SklavenitisPistofidis_2022.P53_Healthy_BM:3749,Treg,2
SklavenitisPistofidis_2022.P53_Healthy_BM:3774,Treg,0
SklavenitisPistofidis_2022.P53_Healthy_BM:3806,Treg,4
SklavenitisPistofidis_2022.P53_Healthy_BM:3976,Treg,0
SklavenitisPistofidis_2022.P53_Healthy_BM:3986,Treg,0
SklavenitisPistofidis_2022.P53_Healthy_BM:4186,Treg,4
SklavenitisPistofidis_2022.P53_Healthy_BM:4195,Treg,4
SklavenitisPistofidis_2022.P53_Healthy_BM:4298,Treg,4
SklavenitisPistofidis_2022.P53_Healthy_BM:4472,Treg,0
SklavenitisPistofidis_2022.P53_Healthy_BM:4496,Treg,0
SklavenitisPistofidis_2022.P53_Healthy_BM:4591,Treg,0
SklavenitisPistofidis_2022.P53_Healthy_BM:4719,Treg,4
SklavenitisPistofidis_2022.P53_Healthy_BM:4776,Treg,2
SklavenitisPistofidis_2022.P53_Healthy_BM:4831,Treg,2
SklavenitisPistofidis_2022.P53_Healthy_BM:4897,Treg,4
SklavenitisPistofidis_2022.P53_Healthy_BM:4998,Treg,0
SklavenitisPistofidis_2022.P53_Healthy_BM:5072,Treg,0
SklavenitisPistofidis_2022.P53_Healthy_BM:5136,Treg,0
SklavenitisPistofidis_2022.P53_Healthy_BM:5335,Treg,0
SklavenitisPistofidis_2022.P53_Healthy_BM:5444,Treg,0
SklavenitisPistofidis_2022.P53_Healthy_BM:5519,Treg,4
SklavenitisPistofidis_2022.P53_Healthy_BM:5546,Treg,0
SklavenitisPistofidis_2022.P53_Healthy_BM:5598,Treg,0
SklavenitisPistofidis_2022.P53_Healthy_BM:5622,Treg,0
SklavenitisPistofidis_2022.P53_Healthy_BM:5684,Treg,0
SklavenitisPistofidis_2022.P53_Healthy_BM:5697,Treg,0
SklavenitisPistofidis_2022.P53_Healthy_BM:5698,Treg,0
SklavenitisPistofidis_2022.P53_Healthy_BM:5717,Treg,0
SklavenitisPistofidis_2022.P53_Healthy_BM:5859,Treg,0
SklavenitisPistofidis_2022.P53_Healthy_BM:5891,Treg,4
SklavenitisPistofidis_2022.P53_Healthy_BM:5983,Treg,2
SklavenitisPistofidis_2022.P53_Healthy_BM:6136,Treg,4
SklavenitisPistofidis_2022.P53_Healthy_BM:6252,Treg,4
SklavenitisPistofidis_2022.P53_Healthy_BM:6288,Treg,0
SklavenitisPistofidis_2022.P53_Healthy_BM:6399,Treg,0
SklavenitisPistofidis_2022.P53_Healthy_BM:6730,Treg,0
SklavenitisPistofidis_2022.P53_Healthy_BM:6794,Treg,0
SklavenitisPistofidis_2022.P53_Healthy_BM:6842,Treg,4
SklavenitisPistofidis_2022.P53_Healthy_BM:7064,Treg,0
SklavenitisPistofidis_2022.P53_Healthy_BM:7115,Treg,4
SklavenitisPistofidis_2022.P53_Healthy_BM:7120,Treg,4
SklavenitisPistofidis_2022.P53_Healthy_BM:7125,Treg,2
SklavenitisPistofidis_2022.P53_Healthy_BM:7256,Treg,0
SklavenitisPistofidis_2022.P53_Healthy_BM:7314,Treg,4
SklavenitisPistofidis_2022.P53_Healthy_BM:7508,Treg,4
SklavenitisPistofidis_2022.P53_Healthy_BM:7557,Treg,4
SklavenitisPistofidis_2022.P53_Healthy_BM:7568,Treg,4
SklavenitisPistofidis_2022.P53_Healthy_BM:7596,Treg,4
SklavenitisPistofidis_2022.P53_Healthy_BM:7735,Treg,0
SklavenitisPistofidis_2022.P53_Healthy_BM:7816,Treg,2
SklavenitisPistofidis_2022.P53_Healthy_BM:7850,Treg,0
SklavenitisPistofidis_2022.P53_Healthy_BM:7867,Treg,4
SklavenitisPistofidis_2022.P53_Healthy_BM:7913,Treg,4
SklavenitisPistofidis_2022.P53_Healthy_BM:8064,Treg,0
SklavenitisPistofidis_2022.P53_Healthy_BM:8395,Treg,0
SklavenitisPistofidis_2022.P53_Healthy_BM:8438,Treg,0
SklavenitisPistofidis_2022.P53_Healthy_BM:8476,Treg,0
SklavenitisPistofidis_2022.P53_Healthy_BM:8501,Treg,0
SklavenitisPistofidis_2022.P53_Healthy_BM:8511,Treg,0
SklavenitisPistofidis_2022.P53_Healthy_BM:8541,Treg,0
SklavenitisPistofidis_2022.P53_Healthy_BM:8602,Treg,0
SklavenitisPistofidis_2022.P53_Healthy_BM:8991,Treg,4
SklavenitisPistofidis_2022.P53_Healthy_BM:9063,Treg,0
SklavenitisPistofidis_2022.P53_Healthy_BM:9272,Treg,0
SklavenitisPistofidis_2022.P53_Healthy_BM:9363,Treg,4
SklavenitisPistofidis_2022.P53_Healthy_BM:9409,Treg,0
SklavenitisPistofidis_2022.P53_Healthy_BM:9453,Treg,0
SklavenitisPistofidis_2022.P53_Healthy_BM:9574,Treg,4
SklavenitisPistofidis_2022.P53_Healthy_BM:9665,Treg,0
SklavenitisPistofidis_2022.P53_Healthy_BM:9819,Treg,4
SklavenitisPistofidis_2022.P53_Healthy_BM:9835,Treg,4
SklavenitisPistofidis_2022.P53_Healthy_BM:9884,Treg,0
SklavenitisPistofidis_2022.P53_Healthy_BM:9989,Treg,0
SklavenitisPistofidis_2022.P53_Healthy_BM:10002,Treg,0
SklavenitisPistofidis_2022.P53_Healthy_BM:10269,Treg,4
SklavenitisPistofidis_2022.P53_Healthy_BM:10341,Treg,0
SklavenitisPistofidis_2022.P53_Healthy_BM:10342,Treg,4
SklavenitisPistofidis_2022.P53_Healthy_BM:10547,Treg,0
SklavenitisPistofidis_2022.P53_Healthy_BM:10674,Treg,0
SklavenitisPistofidis_2022.P53_Healthy_BM:10719,Treg,0
SklavenitisPistofidis_2022.P53_Healthy_BM:10802,Treg,0
SklavenitisPistofidis_2022.P53_Healthy_BM:11091,Treg,4
SklavenitisPistofidis_2022.P53_Healthy_BM:11142,Treg,0
SklavenitisPistofidis_2022.P53_Healthy_BM:11287,Treg,0
SklavenitisPistofidis_2022.P53_Healthy_BM:11345,Treg,4
SklavenitisPistofidis_2022.P53_Healthy_BM:11406,Treg,0
SklavenitisPistofidis_2022.P53_Healthy_BM:11444,Treg,0
SklavenitisPistofidis_2022.P53_Healthy_BM:11450,Treg,0
SklavenitisPistofidis_2022.P53_Healthy_BM:11592,Treg,0
SklavenitisPistofidis_2022.P53_Healthy_BM:11593,Treg,4
SklavenitisPistofidis_2022.P53_Healthy_BM:11603,Treg,4
SklavenitisPistofidis_2022.P53_Healthy_BM:11661,Treg,4
SklavenitisPistofidis_2022.P54_Healthy_BM:502,Treg,0
SklavenitisPistofidis_2022.P54_Healthy_BM:1716,Treg,4
SklavenitisPistofidis_2022.P54_Healthy_BM:2504,Treg,4
SklavenitisPistofidis_2022.P54_Healthy_BM:2742,Treg,2
SklavenitisPistofidis_2022.P54_Healthy_BM:2865,Treg,4
SklavenitisPistofidis_2022.P54_Healthy_BM:2906,Treg,4
SklavenitisPistofidis_2022.P54_Healthy_BM:2910,Treg,0
SklavenitisPistofidis_2022.P54_Healthy_BM:3175,Treg,2
SklavenitisPistofidis_2022.P54_Healthy_BM:3269,Treg,0
SklavenitisPistofidis_2022.P54_Healthy_BM:3437,Treg,4
SklavenitisPistofidis_2022.P54_Healthy_BM:3577,Treg,2
SklavenitisPistofidis_2022.P54_Healthy_BM:3872,Treg,4
SklavenitisPistofidis_2022.P54_Healthy_BM:4253,Treg,2
SklavenitisPistofidis_2022.P54_Healthy_BM:4360,Treg,2
SklavenitisPistofidis_2022.P54_Healthy_BM:4712,Treg,2
SklavenitisPistofidis_2022.P54_Healthy_BM:5407,Treg,4
SklavenitisPistofidis_2022.P54_Healthy_BM:5497,Treg,4
SklavenitisPistofidis_2022.P54_Healthy_BM:5766,Treg,0
SklavenitisPistofidis_2022.P54_Healthy_BM:6666,Treg,0
SklavenitisPistofidis_2022.P54_Healthy_BM:6904,Treg,0
SklavenitisPistofidis_2022.P54_Healthy_BM:6922,Treg,2
SklavenitisPistofidis_2022.P54_Healthy_BM:7203,Treg,2
SklavenitisPistofidis_2022.P54_Healthy_BM:8088,Treg,4
SklavenitisPistofidis_2022.P54_Healthy_BM:8128,Treg,2
SklavenitisPistofidis_2022.P54_Healthy_BM:8665,Treg,2
SklavenitisPistofidis_2022.P54_Healthy_BM:8675,Treg,0
SklavenitisPistofidis_2022.P54_Healthy_BM:8961,Treg,0
SklavenitisPistofidis_2022.P54_Healthy_BM:9110,Treg,4
SklavenitisPistofidis_2022.P54_Healthy_BM:10671,Treg,4
SklavenitisPistofidis_2022.P54_Healthy_BM:10726,Treg,0
SklavenitisPistofidis_2022.P54_Healthy_BM:10739,Treg,4
SklavenitisPistofidis_2022.P54_Healthy_BM:10997,Treg,4
SklavenitisPistofidis_2022.P54_Healthy_BM:11165,Treg,2
SklavenitisPistofidis_2022.P54_Healthy_BM:11962,Treg,0
SklavenitisPistofidis_2022.P55_Healthy_BM:443,Treg,0
SklavenitisPistofidis_2022.P55_Healthy_BM:446,Treg,4
SklavenitisPistofidis_2022.P55_Healthy_BM:450,Treg,4
SklavenitisPistofidis_2022.P55_Healthy_BM:683,Treg,4
SklavenitisPistofidis_2022.P55_Healthy_BM:713,Treg,0
SklavenitisPistofidis_2022.P55_Healthy_BM:874,Treg,0
SklavenitisPistofidis_2022.P55_Healthy_BM:943,Treg,2
SklavenitisPistofidis_2022.P55_Healthy_BM:945,Treg,4
SklavenitisPistofidis_2022.P55_Healthy_BM:1139,Treg,4
SklavenitisPistofidis_2022.P55_Healthy_BM:1244,Treg,4
SklavenitisPistofidis_2022.P55_Healthy_BM:1789,Treg,4
SklavenitisPistofidis_2022.P55_Healthy_BM:3419,Treg,2
SklavenitisPistofidis_2022.P55_Healthy_BM:3581,Treg,2
SklavenitisPistofidis_2022.P55_Healthy_BM:3644,Treg,0
SklavenitisPistofidis_2022.P55_Healthy_BM:3782,Treg,2
SklavenitisPistofidis_2022.P55_Healthy_BM:3873,Treg,0
SklavenitisPistofidis_2022.P55_Healthy_BM:4209,Treg,0
SklavenitisPistofidis_2022.P55_Healthy_BM:4385,Treg,2
SklavenitisPistofidis_2022.P55_Healthy_BM:4520,Treg,4
SklavenitisPistofidis_2022.P55_Healthy_BM:4654,Treg,2
SklavenitisPistofidis_2022.P55_Healthy_BM:5229,Treg,2
SklavenitisPistofidis_2022.P55_Healthy_BM:5389,Treg,0
SklavenitisPistofidis_2022.P55_Healthy_BM:5406,Treg,4
SklavenitisPistofidis_2022.P55_Healthy_BM:5468,Treg,0
SklavenitisPistofidis_2022.P55_Healthy_BM:6096,Treg,4
SklavenitisPistofidis_2022.P55_Healthy_BM:6227,Treg,2
SklavenitisPistofidis_2022.P55_Healthy_BM:6250,Treg,4
SklavenitisPistofidis_2022.P55_Healthy_BM:6299,Treg,0
SklavenitisPistofidis_2022.P55_Healthy_BM:6501,Treg,0
SklavenitisPistofidis_2022.P55_Healthy_BM:7108,Treg,2
SklavenitisPistofidis_2022.P55_Healthy_BM:7114,Treg,0
SklavenitisPistofidis_2022.P55_Healthy_BM:7849,Treg,4
SklavenitisPistofidis_2022.P55_Healthy_BM:7938,Treg,2
SklavenitisPistofidis_2022.P55_Healthy_BM:9147,Treg,4
SklavenitisPistofidis_2022.P55_Healthy_BM:9186,Treg,2
SklavenitisPistofidis_2022.P55_Healthy_BM:9321,Treg,4
Maura_2023.PT18:40,Treg,2
Maura_2023.PT18:65,Treg,0
Maura_2023.PT18:236,Treg,2
Maura_2023.PT18:425,Treg,0
Maura_2023.PT18:898,Treg,2
Maura_2023.PT18:918,Treg,0
Maura_2023.PT18:1251,Treg,2
Maura_2023.PT18:1292,Treg,0
Maura_2023.PT18:1458,Treg,0
Maura_2023.PT18:1515,Treg,0
Maura_2023.PT18:1557,Treg,0
Maura_2023.PT18:1606,Treg,4
Maura_2023.PT18:1804,Treg,4
Maura_2023.PT18:1845,Treg,0
Maura_2023.PT18:1928,Treg,4
Maura_2023.PT18:1955,Treg,0
Maura_2023.PT18:2150,Treg,4
Maura_2023.PT18:2335,Treg,2
Maura_2023.PT18:2531,Treg,4
Maura_2023.PT18:2563,Treg,4
Maura_2023.PT18:2689,Treg,0
Maura_2023.PT18:2740,Treg,0
Maura_2023.PT18:2785,Treg,0
Maura_2023.PT18:3567,Treg,4
Maura_2023.PT18:3723,Treg,0
Maura_2023.PT13:2288,Treg,4
Maura_2023.PT15:630,Treg,4
Maura_2023.PT15:1736,Treg,0
Maura_2023.PT55:1935,Treg,4
Maura_2023.PT55:2089,Treg,4
Maura_2023.PT55:2823,Treg,4
Maura_2023.PT78:314,Treg,2
Maura_2023.PT78:681,Treg,2
Maura_2023.PT78:769,Treg,2
Maura_2023.PT78:1937,Treg,2
Maura_2023.PT78:2089,Treg,2
Maura_2023.PT78:2644,Treg,2
Maura_2023.PT85:64,Treg,2
Maura_2023.PT85:944,Treg,0
Maura_2023.PT85:1181,Treg,0
Maura_2023.PT85:1362,Treg,0
Maura_2023.PT85:3041,Treg,4
Maura_2023.PT85:3990,Treg,0
Maura_2023.PT85:6811,Treg,0
Maura_2023.PT30:335,Treg,2
Maura_2023.PT30:547,Treg,4
Maura_2023.PT30:817,Treg,4
Maura_2023.PT30:1144,Treg,2
Maura_2023.PT30:1483,Treg,4
Maura_2023.PT30:1744,Treg,2
Maura_2023.PT30:1784,Treg,0
Maura_2023.PT30:1847,Treg,0
Maura_2023.PT30:1979,Treg,0
Maura_2023.PT30:2013,Treg,0
Maura_2023.PT30:2025,Treg,0
Maura_2023.PT32:75,Treg,4
Maura_2023.PT32:195,Treg,4
Maura_2023.PT32:608,Treg,2
Maura_2023.PT32:659,Treg,2
Maura_2023.PT32:806,Treg,0
Maura_2023.PT32:1595,Treg,4
Maura_2023.PT32:1800,Treg,2
Maura_2023.PT32:2289,Treg,4
Maura_2023.PT33:28,Treg,4
Maura_2023.PT33:270,Treg,4
Maura_2023.PT33:290,Treg,2
Maura_2023.PT33:474,Treg,4
Maura_2023.PT33:527,Treg,4
Maura_2023.PT33:543,Treg,4
Maura_2023.PT33:617,Treg,0
Maura_2023.PT33:1073,Treg,4
Maura_2023.PT33:1259,Treg,4
Maura_2023.PT33:1335,Treg,4
Maura_2023.PT33:1483,Treg,0
Maura_2023.PT33:1501,Treg,4
Maura_2023.PT33:1524,Treg,4
Maura_2023.PT33:1632,Treg,4
Maura_2023.PT33:1880,Treg,2
Maura_2023.PT33:1902,Treg,4
Maura_2023.PT33:1999,Treg,4
Maura_2023.PT33:2243,Treg,4
Maura_2023.PT33:2282,Treg,0
Maura_2023.PT33:2389,Treg,4
Maura_2023.PT33:2511,Treg,2
Maura_2023.PT33:2761,Treg,4
Maura_2023.PT33:2932,Treg,4
Maura_2023.PT33:2982,Treg,4
Maura_2023.PT39:102,Treg,4
Maura_2023.PT39:342,Treg,4
Maura_2023.PT39:1561,Treg,2
Maura_2023.PT39:1670,Treg,2
Maura_2023.PT39:2359,Treg,4
Maura_2023.PT39:4340,Treg,4
Maura_2023.PT39:6748,Treg,0
Maura_2023.PT39:9631,Treg,2
Maura_2023.PT39:9753,Treg,0
Maura_2023.PT39:10320,Treg,4
Maura_2023.PT49:188,Treg,0
Maura_2023.PT49:308,Treg,4
Maura_2023.PT49:1461,Treg,4
Maura_2023.PT49:2592,Treg,0
Maura_2023.PT49:3514,Treg,4
Maura_2023.PT49:4782,Treg,2
Maura_2023.PT49:5125,Treg,4
Maura_2023.PT59:7,Treg,4
Maura_2023.PT59:16,Treg,2
Maura_2023.PT59:38,Treg,0
Maura_2023.PT59:328,Treg,4
Maura_2023.PT59:930,Treg,4
Maura_2023.PT59:1860,Treg,2
Maura_2023.PT63:586,Treg,0
Maura_2023.PT63:1438,Treg,4
Maura_2023.PT63:1447,Treg,0
Maura_2023.PT63:1490,Treg,4
Maura_2023.PT63:1869,Treg,4
Maura_2023.PT63:2057,Treg,4
Maura_2023.PT63:2465,Treg,2
Maura_2023.PT63:2537,Treg,4
Maura_2023.PT63:5220,Treg,4
Maura_2023.PT63:6156,Treg,4
Conde_2022.A29_BMA:110,Treg,2
Conde_2022.A29_BMA:303,Treg,0
Conde_2022.A29_BMA:640,Treg,4
Conde_2022.A29_BMA:675,Treg,4
Conde_2022.A29_BMA:751,Treg,4
Conde_2022.A29_BMA:1048,Treg,2
Conde_2022.A29_BMA:1053,Treg,4
Conde_2022.A31_BMA:223,Treg,4
Conde_2022.A31_BMA:324,Treg,4
Conde_2022.A36_BMA:17,Treg,0
Conde_2022.A36_BMA:278,Treg,0
Conde_2022.A36_BMA:331,Treg,0
Conde_2022.A36_BMA:573,Treg,4
Conde_2022.A36_BMA:1093,Treg,0
Conde_2022.A36_BLD:17,Treg,0
Conde_2022.A36_BLD:18,Treg,0
Conde_2022.A36_BLD:56,Treg,4
Conde_2022.A36_BLD:59,Treg,2
Conde_2022.A36_BLD:75,Treg,4
Conde_2022.A36_BLD:148,Treg,0
Conde_2022.A36_BLD:152,Treg,0
Conde_2022.A36_BLD:188,Treg,4
Conde_2022.A36_BLD:219,Treg,0
Conde_2022.A36_BLD:354,Treg,4
Conde_2022.A36_BLD:397,Treg,2
Conde_2022.A36_BLD:434,Treg,0
Conde_2022.A36_BLD:454,Treg,0
Conde_2022.A36_BLD:480,Treg,4
Conde_2022.A36_BLD:494,Treg,0
Conde_2022.A36_BLD:615,Treg,4
Conde_2022.A36_BLD:638,Treg,0
Conde_2022.A36_BLD:652,Treg,4
Conde_2022.A36_BLD:679,Treg,4
Conde_2022.A36_BLD:709,Treg,0
Conde_2022.A36_BLD:740,Treg,0
Conde_2022.A36_BLD:743,Treg,2
Conde_2022.A36_BLD:778,Treg,2
Conde_2022.A36_BLD:844,Treg,4
Conde_2022.A36_BLD:847,Treg,0
Conde_2022.A36_BLD:857,Treg,2
Conde_2022.A36_BLD:878,Treg,0
Conde_2022.A36_BLD:901,Treg,0
Conde_2022.A36_BLD:925,Treg,4
Conde_2022.A36_BLD:989,Treg,4
Conde_2022.A36_BLD:1070,Treg,0
Conde_2022.A36_BLD:1093,Treg,4
Conde_2022.A36_BLD:1140,Treg,0
Conde_2022.A36_BLD:1143,Treg,0
Conde_2022.A36_BLD:1157,Treg,0
Conde_2022.A36_BLD:1176,Treg,0
Conde_2022.A36_BLD:1189,Treg,0
Conde_2022.A36_BLD:1198,Treg,4
Conde_2022.A36_BLD:1277,Treg,2
Conde_2022.A36_BLD:1287,Treg,4
Conde_2022.A36_BLD:1391,Treg,0
Conde_2022.A36_BLD:1450,Treg,2
Conde_2022.A36_BLD:1498,Treg,0
Conde_2022.A36_BLD:1508,Treg,0
Conde_2022.A36_BLD:1527,Treg,2
Conde_2022.A36_BLD:1536,Treg,0
Conde_2022.A36_BLD:1582,Treg,2
Conde_2022.A36_BLD:1624,Treg,4
Conde_2022.A36_BLD:1625,Treg,2
Conde_2022.A36_BLD:1631,Treg,0
Conde_2022.A36_BLD:1705,Treg,0
Conde_2022.A36_BLD:1722,Treg,2
Conde_2022.A36_BLD:1723,Treg,4
Conde_2022.A36_BLD:1759,Treg,2
Conde_2022.A36_BLD:1786,Treg,0
Conde_2022.A36_BLD:1796,Treg,0
Conde_2022.A36_BLD:1830,Treg,4
Conde_2022.A36_BLD:1841,Treg,0
Conde_2022.A36_BLD:1904,Treg,2
Conde_2022.A36_BLD:1952,Treg,4
Conde_2022.A36_BLD:1991,Treg,0
Conde_2022.A36_BLD:2007,Treg,0
Conde_2022.A36_BLD:2131,Treg,4
Conde_2022.A36_BLD:2159,Treg,2
Conde_2022.A36_BLD:2206,Treg,2
Conde_2022.A36_BLD:2212,Treg,2
Conde_2022.A36_BLD:2291,Treg,2
Conde_2022.A36_BLD:2327,Treg,2
Conde_2022.A36_BLD:2384,Treg,0
Conde_2022.A36_BLD:2421,Treg,4
Conde_2022.A36_BLD:2464,Treg,0
Conde_2022.A36_BLD:2486,Treg,0
Conde_2022.A36_BLD:2562,Treg,0
Conde_2022.A36_BLD:2580,Treg,4
Conde_2022.A36_BLD:2586,Treg,4
Conde_2022.A36_BLD:2594,Treg,4
Conde_2022.A36_BLD:2605,Treg,0
Conde_2022.A36_BLD:2643,Treg,0
Conde_2022.A36_BLD:2665,Treg,0
Conde_2022.A36_BLD:2682,Treg,0
Conde_2022.A36_BLD:2720,Treg,0
Conde_2022.A36_BLD:2736,Treg,2
Conde_2022.A36_BLD:2759,Treg,0
Conde_2022.A36_BLD:2763,Treg,4
Conde_2022.A36_BLD:2767,Treg,0
Conde_2022.A36_BLD:2800,Treg,2
Conde_2022.A36_BLD:2818,Treg,0
Conde_2022.A36_BLD:2853,Treg,2
Conde_2022.A36_BLD:2957,Treg,0
Conde_2022.A36_BLD:2982,Treg,2
Conde_2022.A36_BLD:2983,Treg,2
Conde_2022.A36_BLD:3000,Treg,2
Conde_2022.A36_BLD:3015,Treg,4
Conde_2022.A36_BLD:3019,Treg,0
Conde_2022.A35_BMA:24,Treg,4
Conde_2022.A35_BMA:120,Treg,4
Conde_2022.A35_BMA:149,Treg,0
Conde_2022.A35_BMA:230,Treg,4
Conde_2022.A35_BMA:233,Treg,4
Conde_2022.A35_BMA:266,Treg,4
Conde_2022.A35_BMA:368,Treg,0
Conde_2022.A35_BMA:480,Treg,4
Conde_2022.A35_BMA:672,Treg,4
Conde_2022.A35_BMA:927,Treg,0
Conde_2022.A35_BMA:970,Treg,4
Conde_2022.A35_BMA:987,Treg,4
Conde_2022.A35_BMA:1093,Treg,4
Conde_2022.A35_BMA:1219,Treg,4
Conde_2022.A35_BMA:1312,Treg,0
Conde_2022.A35_BLD:23,Treg,4
Conde_2022.A35_BLD:25,Treg,4
Conde_2022.A35_BLD:33,Treg,0
Conde_2022.A35_BLD:129,Treg,0
Conde_2022.A35_BLD:131,Treg,4
Conde_2022.A35_BLD:148,Treg,0
Conde_2022.A35_BLD:167,Treg,0
Conde_2022.A35_BLD:204,Treg,4
Conde_2022.A35_BLD:230,Treg,0
Conde_2022.A35_BLD:286,Treg,4
Conde_2022.A35_BLD:318,Treg,4
Conde_2022.A35_BLD:338,Treg,2
Conde_2022.A35_BLD:350,Treg,4
Conde_2022.A35_BLD:363,Treg,2
Conde_2022.A35_BLD:457,Treg,2
Conde_2022.A35_BLD:476,Treg,4
Conde_2022.A35_BLD:539,Treg,2
Conde_2022.A35_BLD:597,Treg,4
Conde_2022.A35_BLD:620,Treg,4
Conde_2022.A35_BLD:624,Treg,2
Conde_2022.A35_BLD:631,Treg,4
Conde_2022.A35_BLD:646,Treg,4
Conde_2022.A35_BLD:655,Treg,0
Conde_2022.A35_BLD:699,Treg,4
Conde_2022.A35_BLD:707,Treg,2
Conde_2022.A35_BLD:744,Treg,4
Conde_2022.A35_BLD:766,Treg,4
Conde_2022.A35_BLD:772,Treg,0
Conde_2022.A35_BLD:777,Treg,0
Conde_2022.A35_BLD:789,Treg,0
Conde_2022.A35_BLD:799,Treg,0
Conde_2022.A35_BLD:833,Treg,2
Conde_2022.A35_BLD:835,Treg,2
Conde_2022.A35_BLD:889,Treg,0
Conde_2022.A35_BLD:911,Treg,4
Conde_2022.A35_BLD:953,Treg,0
Conde_2022.A35_BLD:958,Treg,4
Conde_2022.A35_BLD:969,Treg,0
Conde_2022.A35_BLD:986,Treg,2
Conde_2022.A35_BLD:1019,Treg,2
Conde_2022.A35_BLD:1081,Treg,2
Conde_2022.A35_BLD:1099,Treg,4
Conde_2022.A35_BLD:1199,Treg,2
Conde_2022.A35_BLD:1203,Treg,4
Conde_2022.A35_BLD:1228,Treg,2
Conde_2022.A35_BLD:1234,Treg,4
Conde_2022.A35_BLD:1282,Treg,4
Conde_2022.A35_BLD:1320,Treg,2
Conde_2022.A37_BMA:266,Treg,4
Conde_2022.A37_BMA:282,Treg,4
Conde_2022.A37_BMA:401,Treg,2
Conde_2022.A37_BMA:513,Treg,4
Conde_2022.A37_BMA:579,Treg,4
Conde_2022.A37_BMA:718,Treg,0
Conde_2022.621B_BMA:414,Treg,4
Conde_2022.637C_BLD:90,Treg,0
Conde_2022.637C_BMA:459,Treg,4
Conde_2022.637C_BLD:411,Treg,4
Conde_2022.637C_BMA:931,Treg,0
Conde_2022.637C_BLD:466,Treg,4
Conde_2022.637C_BLD:578,Treg,0
Conde_2022.637C_BLD:608,Treg,4
Conde_2022.637C_BMA:1263,Treg,4
Conde_2022.637C_BLD:644,Treg,0
Conde_2022.637C_BMA:1386,Treg,4
Conde_2022.637C_BLD:695,Treg,0
Conde_2022.637C_BMA:1442,Treg,4
Conde_2022.637C_BMA:1464,Treg,4
Conde_2022.637C_BMA:1492,Treg,0
Conde_2022.637C_BMA:1498,Treg,4
Conde_2022.637C_BLD:734,Treg,0
Conde_2022.640C_BMA:321,Treg,4
Conde_2022.640C_BMA:346,Treg,2
Conde_2022.640C_BMA:564,Treg,0
Conde_2022.640C_BMA:789,Treg,4
Conde_2022.640C_BMA:891,Treg,0
Conde_2022.640C_BMA:1004,Treg,4
Conde_2022.640C_BMA:1281,Treg,0
Conde_2022.640C_BMA:1376,Treg,4
Conde_2022.640C_BMA:1767,Treg,0
Conde_2022.D503_BMA:21,Treg,0
Conde_2022.D503_BLD:61,Treg,4
Conde_2022.D503_BLD:77,Treg,2
Conde_2022.D503_BLD:101,Treg,2
Conde_2022.D503_BLD:128,Treg,0
Conde_2022.D503_BLD:142,Treg,2
Conde_2022.D503_BLD:170,Treg,0
Conde_2022.D503_BLD:178,Treg,2
Conde_2022.D503_BLD:187,Treg,2
Conde_2022.D503_BLD:191,Treg,4
Conde_2022.D503_BLD:198,Treg,2
Conde_2022.D503_BLD:222,Treg,4
Conde_2022.D503_BLD:236,Treg,4
Conde_2022.D503_BLD:238,Treg,4
Conde_2022.D503_BLD:242,Treg,4
Conde_2022.D503_BMA:345,Treg,0
Conde_2022.D503_BLD:321,Treg,0
Conde_2022.D503_BLD:334,Treg,0
Conde_2022.D503_BMA:532,Treg,0
Conde_2022.D503_BLD:442,Treg,4
Conde_2022.D503_BLD:480,Treg,0
Conde_2022.D503_BLD:484,Treg,0
Conde_2022.D503_BMA:647,Treg,4
Conde_2022.D503_BLD:487,Treg,2
Conde_2022.D503_BMA:756,Treg,2
Conde_2022.D503_BMA:761,Treg,4
Conde_2022.D503_BLD:600,Treg,2
Conde_2022.D503_BLD:626,Treg,4
Conde_2022.D503_BLD:644,Treg,0
Conde_2022.D503_BLD:646,Treg,0
Conde_2022.D503_BLD:699,Treg,0
Conde_2022.D503_BLD:712,Treg,0
Conde_2022.D496_BMA:9,Treg,0
Conde_2022.D496_BMA:71,Treg,0
Conde_2022.D496_BLD:67,Treg,0
Conde_2022.D496_BLD:80,Treg,0
Conde_2022.D496_BLD:128,Treg,4
Conde_2022.D496_BLD:135,Treg,0
Conde_2022.D496_BLD:171,Treg,0
Conde_2022.D496_BLD:172,Treg,0
Conde_2022.D496_BMA:283,Treg,0
Conde_2022.D496_BMA:285,Treg,0
Conde_2022.D496_BLD:230,Treg,2
Conde_2022.D496_BLD:291,Treg,2
Conde_2022.D496_BLD:310,Treg,0
Conde_2022.D496_BLD:326,Treg,4
Conde_2022.D496_BLD:328,Treg,0
Conde_2022.D503_BMA:961,Treg,0
Conde_2022.D503_BMA:963,Treg,4
Conde_2022.D503_BLD:826,Treg,0
Conde_2022.D503_BMA:1071,Treg,4
Conde_2022.D503_BMA:1078,Treg,0
Conde_2022.D503_BLD:833,Treg,0
Conde_2022.D503_BLD:848,Treg,0
Conde_2022.D503_BLD:866,Treg,0
Conde_2022.D503_BMA:1159,Treg,4
Conde_2022.D503_BMA:1197,Treg,0
Conde_2022.D503_BLD:953,Treg,0
Conde_2022.D503_BLD:961,Treg,0
Conde_2022.D503_BLD:964,Treg,0
Conde_2022.D503_BMA:1268,Treg,4
Conde_2022.D503_BMA:1271,Treg,2
Conde_2022.D503_BLD:1020,Treg,2
Conde_2022.D503_BMA:1332,Treg,0
Conde_2022.D503_BLD:1040,Treg,4
Conde_2022.D503_BLD:1055,Treg,0
Conde_2022.D503_BMA:1513,Treg,0
Conde_2022.D503_BLD:1171,Treg,2
Conde_2022.D503_BLD:1182,Treg,0
Conde_2022.D503_BMA:1575,Treg,4
Conde_2022.D503_BLD:1194,Treg,4
Conde_2022.D503_BLD:1202,Treg,4
Conde_2022.D503_BLD:1250,Treg,4
Conde_2022.D503_BLD:1279,Treg,4
Conde_2022.D503_BLD:1280,Treg,4
Conde_2022.D503_BMA:1694,Treg,2
Conde_2022.D503_BMA:1699,Treg,4
Conde_2022.D503_BLD:1316,Treg,0
Conde_2022.D503_BMA:1780,Treg,0
Conde_2022.D503_BLD:1365,Treg,4
Conde_2022.D503_BLD:1378,Treg,4
Conde_2022.D503_BMA:1837,Treg,0
Conde_2022.D503_BLD:1394,Treg,4
Conde_2022.D503_BMA:1884,Treg,0
Conde_2022.D503_BLD:1415,Treg,0
Conde_2022.D503_BLD:1416,Treg,4
Conde_2022.D496_BMA:496,Treg,4
Conde_2022.D496_BLD:381,Treg,0
Conde_2022.D496_BLD:458,Treg,0
Conde_2022.D496_BLD:485,Treg,4
Conde_2022.D496_BLD:502,Treg,2
Conde_2022.D496_BLD:554,Treg,0
Conde_2022.D496_BLD:576,Treg,0
Conde_2022.D496_BMA:780,Treg,2
Conde_2022.D496_BLD:584,Treg,0
Conde_2022.D496_BMA:828,Treg,0
Conde_2022.D496_BLD:667,Treg,0
Conde_2022.D496_BLD:701,Treg,0
Conde_2022.D503_BLD:1576,Treg,0
Conde_2022.D503_BLD:1618,Treg,2
Conde_2022.D503_BLD:1653,Treg,4
Conde_2022.D503_BLD:1656,Treg,0
Conde_2022.D503_BLD:1678,Treg,0
Conde_2022.D503_BLD:1701,Treg,4
Conde_2022.D503_BLD:1754,Treg,0
Conde_2022.D503_BMA:2426,Treg,4
Conde_2022.D503_BMA:2444,Treg,4
Conde_2022.D503_BLD:1852,Treg,0
Conde_2022.D503_BMA:2528,Treg,0
Conde_2022.D503_BLD:1902,Treg,2
Conde_2022.D503_BLD:1913,Treg,0
Conde_2022.D503_BLD:1924,Treg,4
Conde_2022.D503_BMA:2673,Treg,4
Conde_2022.D503_BLD:2007,Treg,4
Conde_2022.D503_BLD:2022,Treg,4
Conde_2022.D503_BLD:2029,Treg,0
Conde_2022.D503_BLD:2035,Treg,2
Conde_2022.D503_BLD:2037,Treg,4
Conde_2022.D503_BLD:2053,Treg,0
Conde_2022.D503_BLD:2059,Treg,4
Conde_2022.D503_BLD:2089,Treg,0
Conde_2022.D503_BLD:2135,Treg,0
Conde_2022.D503_BMA:2908,Treg,4
Conde_2022.D496_BMA:1019,Treg,0
Conde_2022.D496_BMA:1108,Treg,4
Conde_2022.D496_BLD:813,Treg,0
Conde_2022.D496_BLD:817,Treg,4
Conde_2022.D496_BLD:850,Treg,0
Conde_2022.D496_BLD:885,Treg,0
Conde_2022.D496_BLD:911,Treg,0
Conde_2022.D496_BLD:939,Treg,2
Conde_2022.D496_BLD:1009,Treg,4
Conde_2022.D496_BLD:1029,Treg,0
Conde_2022.D503_BLD:2156,Treg,0
Conde_2022.D503_BLD:2167,Treg,0
Conde_2022.D503_BMA:2970,Treg,4
Conde_2022.D503_BLD:2234,Treg,4
Conde_2022.D503_BLD:2288,Treg,4
Conde_2022.D503_BLD:2302,Treg,0
Conde_2022.D503_BMA:3144,Treg,4
Conde_2022.D503_BLD:2394,Treg,0
Conde_2022.D503_BMA:3374,Treg,4
Conde_2022.D503_BMA:3391,Treg,0
Conde_2022.D503_BLD:2461,Treg,0
Conde_2022.D503_BLD:2462,Treg,0
Conde_2022.D503_BLD:2483,Treg,4
Conde_2022.D503_BMA:3472,Treg,4
Conde_2022.D503_BMA:3497,Treg,0
Conde_2022.D503_BLD:2504,Treg,0
Conde_2022.D503_BLD:2540,Treg,2
Conde_2022.D503_BLD:2543,Treg,0
Conde_2022.D503_BMA:3583,Treg,0
Conde_2022.D503_BLD:2580,Treg,0
Conde_2022.D503_BLD:2620,Treg,4
Conde_2022.D503_BLD:2636,Treg,0
Conde_2022.D503_BLD:2657,Treg,0
Conde_2022.D503_BMA:3776,Treg,4
Conde_2022.D503_BLD:2709,Treg,0
Conde_2022.D503_BLD:2726,Treg,0
Conde_2022.D503_BLD:2737,Treg,4
Conde_2022.D503_BLD:2756,Treg,2
Conde_2022.D503_BMA:3944,Treg,4
Conde_2022.D503_BMA:4000,Treg,0
Conde_2022.D503_BMA:4004,Treg,0
Conde_2022.D503_BLD:2842,Treg,0
Conde_2022.D503_BLD:2854,Treg,0
Conde_2022.D503_BLD:2857,Treg,2
Conde_2022.D503_BLD:2860,Treg,4
Conde_2022.D496_BMA:1496,Treg,0
Conde_2022.D496_BLD:1120,Treg,2
Conde_2022.D496_BLD:1154,Treg,4
Conde_2022.D496_BLD:1156,Treg,0
Conde_2022.D496_BLD:1184,Treg,2
Conde_2022.D496_BLD:1186,Treg,0
Conde_2022.D496_BMA:1603,Treg,4
Conde_2022.D496_BLD:1226,Treg,0
Conde_2022.D496_BLD:1343,Treg,0
Conde_2022.D496_BLD:1348,Treg,0
Conde_2022.D496_BLD:1352,Treg,2
Conde_2022.D496_BLD:1365,Treg,0
Conde_2022.D496_BLD:1451,Treg,0
Conde_2022.D503_BMA:4116,Treg,2
Conde_2022.D503_BMA:4130,Treg,0
Conde_2022.D503_BLD:2927,Treg,0
Conde_2022.D503_BLD:2941,Treg,4
Conde_2022.D503_BLD:2967,Treg,0
Conde_2022.D503_BLD:2968,Treg,0
Conde_2022.D503_BLD:2972,Treg,2
Conde_2022.D503_BMA:4216,Treg,4
Conde_2022.D503_BMA:4228,Treg,0
Conde_2022.D503_BLD:3128,Treg,4
Conde_2022.D503_BLD:3136,Treg,2
Conde_2022.D503_BLD:3192,Treg,2
Conde_2022.D503_BLD:3205,Treg,4
Conde_2022.D503_BMA:4517,Treg,2
Conde_2022.D503_BLD:3239,Treg,0
Conde_2022.D503_BMA:4541,Treg,0
Conde_2022.D503_BMA:4651,Treg,2
Conde_2022.D503_BLD:3395,Treg,2
Conde_2022.D503_BLD:3397,Treg,2
Conde_2022.D503_BMA:4773,Treg,0
Conde_2022.D503_BLD:3446,Treg,4
Conde_2022.D503_BLD:3455,Treg,4
Conde_2022.D503_BLD:3480,Treg,0
Conde_2022.D503_BLD:3525,Treg,4
Conde_2022.D503_BMA:4930,Treg,0
Conde_2022.D503_BLD:3531,Treg,0
Conde_2022.D503_BLD:3537,Treg,4
Conde_2022.D503_BLD:3574,Treg,4
Conde_2022.D503_BLD:3592,Treg,4
Conde_2022.D503_BLD:3601,Treg,4
Conde_2022.D503_BLD:3657,Treg,0
Conde_2022.D496_BLD:1485,Treg,0
Conde_2022.D496_BLD:1520,Treg,4
Conde_2022.D496_BMA:2184,Treg,0
Conde_2022.D496_BLD:1646,Treg,2
Conde_2022.D496_BLD:1650,Treg,0
Conde_2022.D496_BLD:1651,Treg,0
Conde_2022.D496_BLD:1658,Treg,0
Conde_2022.D496_BLD:1667,Treg,0
Conde_2022.D496_BLD:1678,Treg,0
Conde_2022.D496_BLD:1731,Treg,0
Conde_2022.D496_BLD:1769,Treg,0
Conde_2022.D496_BMA:2376,Treg,4
Conde_2022.D496_BMA:2388,Treg,2
Conde_2022.D496_BLD:1805,Treg,4
Conde_2022.D496_BLD:1807,Treg,0
Conde_2022.D496_BLD:1813,Treg,0
Conde_2022.D503_BLD:3675,Treg,0
Conde_2022.D503_BLD:3681,Treg,0
Conde_2022.D503_BMA:5162,Treg,2
Conde_2022.D503_BMA:5187,Treg,2
Conde_2022.D503_BLD:3729,Treg,0
Conde_2022.D503_BLD:3742,Treg,4
Conde_2022.D503_BMA:5240,Treg,0
Conde_2022.D503_BLD:3770,Treg,0
Conde_2022.D503_BLD:3785,Treg,4
Conde_2022.D503_BLD:3800,Treg,0
Conde_2022.D503_BLD:3802,Treg,4
Conde_2022.D503_BMA:5305,Treg,0
Conde_2022.D503_BLD:3822,Treg,0
Conde_2022.D503_BLD:3829,Treg,4
Conde_2022.D503_BLD:3835,Treg,0
Conde_2022.D503_BLD:3862,Treg,2
Conde_2022.D503_BLD:3864,Treg,4
Conde_2022.D503_BLD:3866,Treg,0
Conde_2022.D503_BLD:3894,Treg,0
Conde_2022.D503_BLD:3900,Treg,2
Conde_2022.D503_BMA:5485,Treg,0
Conde_2022.D503_BMA:5545,Treg,4
Conde_2022.D503_BLD:3988,Treg,0
Conde_2022.D503_BLD:3999,Treg,4
Conde_2022.D503_BLD:4024,Treg,0
Conde_2022.D503_BLD:4027,Treg,0
Conde_2022.D503_BMA:5617,Treg,4
Conde_2022.D503_BLD:4078,Treg,4
Conde_2022.D503_BLD:4090,Treg,2
Conde_2022.D503_BMA:5718,Treg,4
Conde_2022.D503_BLD:4126,Treg,4
Conde_2022.D503_BLD:4133,Treg,4
Conde_2022.D503_BLD:4153,Treg,0
Conde_2022.D503_BLD:4234,Treg,4
Conde_2022.D503_BLD:4246,Treg,4
Conde_2022.D503_BLD:4270,Treg,0
Conde_2022.D503_BLD:4285,Treg,0
Conde_2022.D503_BLD:4305,Treg,4
Conde_2022.D503_BMA:6089,Treg,0
Conde_2022.D503_BLD:4330,Treg,0
Conde_2022.D496_BLD:1888,Treg,0
Conde_2022.D496_BLD:1922,Treg,0
Conde_2022.D496_BLD:1983,Treg,4
Conde_2022.D496_BLD:2028,Treg,0
Conde_2022.D496_BMA:2710,Treg,4
Conde_2022.D496_BMA:2830,Treg,4
Conde_2022.D496_BLD:2190,Treg,2
Conde_2022.D496_BLD:2204,Treg,0
Conde_2022.D496_BMA:2906,Treg,0
Conde_2022.D496_BMA:2918,Treg,4
Conde_2022.D503_BLD:4423,Treg,0
Conde_2022.D503_BMA:6302,Treg,0
Conde_2022.D503_BLD:4466,Treg,4
Conde_2022.D503_BLD:4489,Treg,0
Conde_2022.D503_BLD:4494,Treg,0
Conde_2022.D503_BMA:6383,Treg,4
Conde_2022.D503_BMA:6406,Treg,0
Conde_2022.D503_BLD:4537,Treg,4
Conde_2022.D503_BLD:4538,Treg,4
Conde_2022.D503_BLD:4582,Treg,0
Conde_2022.D503_BLD:4624,Treg,4
Conde_2022.D503_BLD:4667,Treg,4
Conde_2022.D503_BLD:4675,Treg,4
Conde_2022.D503_BLD:4683,Treg,4
Conde_2022.D503_BLD:4684,Treg,4
Conde_2022.D503_BLD:4691,Treg,2
Conde_2022.D503_BLD:4728,Treg,2
Conde_2022.D503_BMA:6719,Treg,4
Conde_2022.D503_BLD:4757,Treg,0
Conde_2022.D503_BLD:4777,Treg,4
Conde_2022.D503_BLD:4791,Treg,0
Conde_2022.D503_BMA:6795,Treg,0
Conde_2022.D503_BMA:6808,Treg,2
Conde_2022.D503_BLD:4860,Treg,0
Conde_2022.D503_BLD:4880,Treg,0
Conde_2022.D503_BLD:4923,Treg,0
Conde_2022.D503_BLD:4955,Treg,0
Conde_2022.D503_BLD:4966,Treg,0
Conde_2022.D503_BLD:5011,Treg,4
Conde_2022.D503_BLD:5025,Treg,0
Conde_2022.D503_BMA:7133,Treg,4
Conde_2022.D503_BLD:5055,Treg,2
Conde_2022.D503_BMA:7148,Treg,0
Conde_2022.D496_BMA:2954,Treg,0
Conde_2022.D496_BLD:2303,Treg,0
Conde_2022.D496_BLD:2335,Treg,0
Conde_2022.D496_BLD:2355,Treg,2
Conde_2022.D496_BLD:2357,Treg,0
Conde_2022.D496_BLD:2387,Treg,0
Conde_2022.D496_BLD:2408,Treg,0
Conde_2022.D496_BMA:3186,Treg,4
Conde_2022.D496_BMA:3239,Treg,4
Conde_2022.D496_BLD:2513,Treg,0
Conde_2022.D496_BLD:2533,Treg,0
Conde_2022.D496_BLD:2558,Treg,0
Conde_2022.D503_BLD:5093,Treg,0
Conde_2022.D503_BMA:7211,Treg,0
Conde_2022.D503_BLD:5099,Treg,2
Conde_2022.D503_BMA:7226,Treg,0
Conde_2022.D503_BMA:7247,Treg,4
Conde_2022.D503_BLD:5160,Treg,0
Conde_2022.D503_BLD:5169,Treg,0
Conde_2022.D503_BLD:5179,Treg,2
Conde_2022.D503_BMA:7299,Treg,0
Conde_2022.D503_BLD:5230,Treg,4
Conde_2022.D503_BMA:7508,Treg,4
Conde_2022.D503_BLD:5358,Treg,4
Conde_2022.D503_BLD:5368,Treg,4
Conde_2022.D503_BMA:7527,Treg,0
Conde_2022.D503_BLD:5382,Treg,0
Conde_2022.D503_BLD:5390,Treg,0
Conde_2022.D503_BMA:7559,Treg,4
Conde_2022.D503_BLD:5423,Treg,2
Conde_2022.D503_BMA:7661,Treg,4
Conde_2022.D503_BLD:5475,Treg,0
Conde_2022.D503_BLD:5502,Treg,2
Conde_2022.D503_BLD:5508,Treg,0
Conde_2022.D503_BLD:5518,Treg,0
Conde_2022.D503_BMA:7825,Treg,4
Conde_2022.D503_BLD:5601,Treg,2
Conde_2022.D503_BLD:5620,Treg,0
Conde_2022.D503_BLD:5646,Treg,4
Conde_2022.D503_BLD:5662,Treg,0
Conde_2022.D503_BLD:5714,Treg,4
Conde_2022.D503_BMA:8065,Treg,4
Conde_2022.D503_BLD:5786,Treg,0
Conde_2022.D503_BLD:5787,Treg,2
Conde_2022.D496_BLD:2650,Treg,2
Conde_2022.D496_BLD:2652,Treg,2
Conde_2022.D496_BLD:2654,Treg,0
Conde_2022.D496_BLD:2711,Treg,0
Conde_2022.D496_BLD:2739,Treg,4
Conde_2022.D496_BLD:2742,Treg,0
Conde_2022.D496_BLD:2755,Treg,2
Conde_2022.D496_BLD:2790,Treg,4
Conde_2022.D496_BLD:2817,Treg,4
Conde_2022.D496_BLD:2858,Treg,2
Conde_2022.D496_BLD:2954,Treg,2
Conde_2022.D496_BMA:3812,Treg,2
Conde_2022.D496_BLD:3004,Treg,0
Conde_2022.D496_BLD:3016,Treg,2
Conde_2022.D496_BLD:3022,Treg,0
Conde_2022.D503_BLD:5887,Treg,4
Conde_2022.D503_BMA:8313,Treg,0
Conde_2022.D503_BLD:5908,Treg,0
Conde_2022.D503_BLD:5915,Treg,0
Conde_2022.D503_BLD:5955,Treg,2
Conde_2022.D503_BLD:5974,Treg,0
Conde_2022.D503_BLD:5981,Treg,0
Conde_2022.D503_BMA:8439,Treg,0
Conde_2022.D503_BLD:6030,Treg,4
Conde_2022.D503_BMA:8515,Treg,0
Conde_2022.D503_BMA:8535,Treg,2
Conde_2022.D503_BLD:6074,Treg,0
Conde_2022.D503_BLD:6084,Treg,0
Conde_2022.D503_BLD:6095,Treg,4
Conde_2022.D503_BLD:6109,Treg,4
Conde_2022.D503_BLD:6110,Treg,4
Conde_2022.D503_BLD:6125,Treg,0
Conde_2022.D503_BLD:6225,Treg,0
Conde_2022.D503_BLD:6226,Treg,4
Conde_2022.D503_BLD:6230,Treg,0
Conde_2022.D503_BLD:6239,Treg,4
Conde_2022.D503_BLD:6266,Treg,0
Conde_2022.D503_BLD:6269,Treg,2
Conde_2022.D503_BLD:6314,Treg,0
Conde_2022.D503_BLD:6336,Treg,0
Conde_2022.D503_BLD:6340,Treg,0
Conde_2022.D503_BLD:6353,Treg,0
Conde_2022.D503_BLD:6363,Treg,4
Conde_2022.D503_BLD:6376,Treg,0
Conde_2022.D503_BLD:6391,Treg,0
Conde_2022.D503_BMA:8950,Treg,4
Conde_2022.D503_BLD:6454,Treg,2
Conde_2022.D503_BMA:9018,Treg,4
Conde_2022.D503_BLD:6505,Treg,2
Conde_2022.D503_BLD:6522,Treg,4
Conde_2022.D496_BLD:3051,Treg,0
Conde_2022.D496_BLD:3054,Treg,0
Conde_2022.D496_BLD:3057,Treg,0
Conde_2022.D496_BLD:3060,Treg,2
Conde_2022.D496_BLD:3069,Treg,0
Conde_2022.D496_BLD:3123,Treg,0
Conde_2022.D496_BLD:3160,Treg,0
Conde_2022.D496_BMA:4090,Treg,0
Conde_2022.D496_BLD:3190,Treg,2
Conde_2022.D496_BLD:3201,Treg,0
Conde_2022.D496_BLD:3203,Treg,0
Conde_2022.D496_BLD:3222,Treg,2
Conde_2022.D496_BLD:3237,Treg,0
Conde_2022.D496_BLD:3241,Treg,2
Conde_2022.D503_BLD:6551,Treg,0
Conde_2022.D503_BLD:6568,Treg,0
Conde_2022.D503_BMA:9193,Treg,0
Conde_2022.D503_BLD:6616,Treg,2
Conde_2022.D503_BLD:6634,Treg,0
Conde_2022.D503_BLD:6640,Treg,0
Conde_2022.D503_BLD:6696,Treg,0
Conde_2022.D503_BLD:6704,Treg,0
Conde_2022.D503_BLD:6710,Treg,4
Conde_2022.D503_BLD:6711,Treg,0
Conde_2022.D503_BLD:6731,Treg,4
Conde_2022.D503_BLD:6756,Treg,2
Conde_2022.D503_BLD:6775,Treg,0
Conde_2022.D503_BLD:6782,Treg,2
Conde_2022.D503_BLD:6806,Treg,0
Conde_2022.D503_BLD:6835,Treg,4
Conde_2022.D503_BMA:9503,Treg,4
Conde_2022.D503_BLD:6887,Treg,2
Conde_2022.D503_BMA:9556,Treg,0
Conde_2022.D503_BLD:6906,Treg,0
Conde_2022.D503_BMA:9606,Treg,0
Conde_2022.D503_BLD:6962,Treg,4
Conde_2022.D503_BMA:9640,Treg,2
Conde_2022.D503_BLD:6970,Treg,0
Conde_2022.D503_BLD:6990,Treg,0
Conde_2022.D503_BMA:9668,Treg,0
Conde_2022.D503_BLD:7011,Treg,2
Conde_2022.D503_BLD:7015,Treg,0
Conde_2022.D503_BMA:9751,Treg,0
Conde_2022.D503_BLD:7060,Treg,2
Conde_2022.D503_BLD:7064,Treg,2
Conde_2022.D503_BLD:7074,Treg,4
Conde_2022.D503_BLD:7079,Treg,0
Conde_2022.D503_BMA:9836,Treg,0
Conde_2022.D503_BMA:9837,Treg,4
Conde_2022.D503_BLD:7135,Treg,0
Conde_2022.D503_BLD:7141,Treg,4
Conde_2022.D503_BLD:7198,Treg,0
Conde_2022.D496_BLD:3437,Treg,0
Conde_2022.D496_BLD:3444,Treg,4
Conde_2022.D496_BLD:3458,Treg,0
Conde_2022.D496_BMA:4494,Treg,0
Conde_2022.D496_BLD:3520,Treg,0
Conde_2022.D496_BLD:3530,Treg,2
Conde_2022.D496_BLD:3534,Treg,0
Conde_2022.D496_BLD:3570,Treg,2
Conde_2022.D503_BLD:7229,Treg,2
Conde_2022.D503_BLD:7236,Treg,0
Conde_2022.D503_BLD:7237,Treg,0
Conde_2022.D503_BLD:7247,Treg,0
Conde_2022.D503_BLD:7295,Treg,0
Conde_2022.D503_BMA:10083,Treg,0
Conde_2022.D503_BLD:7388,Treg,0
Conde_2022.D503_BLD:7403,Treg,2
Conde_2022.D503_BMA:10222,Treg,4
Conde_2022.D503_BMA:10223,Treg,4
Conde_2022.D503_BLD:7436,Treg,0
Conde_2022.D503_BLD:7444,Treg,0
Conde_2022.D503_BLD:7496,Treg,0
Conde_2022.D503_BMA:10338,Treg,0
Conde_2022.D503_BMA:10355,Treg,0
Conde_2022.D503_BLD:7541,Treg,2
Conde_2022.D503_BLD:7559,Treg,2
Conde_2022.D503_BLD:7589,Treg,0
Conde_2022.D503_BLD:7602,Treg,4
Conde_2022.D503_BLD:7619,Treg,2
Conde_2022.D503_BLD:7621,Treg,2
Conde_2022.D503_BLD:7672,Treg,0
Conde_2022.D503_BLD:7685,Treg,4
Conde_2022.D503_BMA:10609,Treg,4
Conde_2022.D503_BLD:7758,Treg,0
Conde_2022.D503_BLD:7778,Treg,2
Conde_2022.D503_BMA:10736,Treg,0
Conde_2022.D503_BLD:7800,Treg,0
Conde_2022.D503_BLD:7805,Treg,4
Conde_2022.D503_BLD:7840,Treg,0
Conde_2022.D503_BLD:7861,Treg,0
Conde_2022.D503_BLD:7874,Treg,2
Conde_2022.D503_BMA:10857,Treg,4
Conde_2022.D503_BLD:7926,Treg,0
Conde_2022.D503_BMA:10939,Treg,0
Conde_2022.D503_BLD:8040,Treg,0
Conde_2022.D503_BLD:8056,Treg,2
Conde_2022.D503_BLD:8077,Treg,0
Conde_2022.D503_BLD:8121,Treg,0
Conde_2022.D503_BLD:8198,Treg,0
Conde_2022.D503_BLD:8270,Treg,4
Conde_2022.D503_BLD:8285,Treg,0
Conde_2022.D503_BLD:8291,Treg,0
Conde_2022.D503_BMA:11442,Treg,4
Conde_2022.D503_BMA:11496,Treg,2
Conde_2022.D503_BLD:8362,Treg,0
Conde_2022.D503_BMA:11576,Treg,0
Conde_2022.D503_BLD:8389,Treg,2
Conde_2022.D503_BMA:11578,Treg,0
Conde_2022.D503_BLD:8395,Treg,0
Conde_2022.D503_BLD:8433,Treg,4
Conde_2022.D503_BLD:8469,Treg,0
Conde_2022.D503_BLD:8517,Treg,4
Conde_2022.D496_BLD:3787,Treg,2
Conde_2022.D496_BLD:3794,Treg,0
Conde_2022.D496_BLD:3894,Treg,0
Conde_2022.D496_BMA:5012,Treg,0
Conde_2022.D496_BLD:3943,Treg,0
Conde_2022.D496_BMA:5086,Treg,0
Conde_2022.D496_BMA:5087,Treg,0
Conde_2022.D496_BLD:4007,Treg,4
Conde_2022.D496_BLD:4008,Treg,4
Conde_2022.D496_BMA:5133,Treg,0
Conde_2022.D496_BMA:5152,Treg,0
Conde_2022.D496_BLD:4056,Treg,0
Conde_2022.D503_BLD:8585,Treg,0
Conde_2022.D503_BLD:8591,Treg,4
Conde_2022.D503_BLD:8705,Treg,0
Conde_2022.D503_BLD:8721,Treg,2
Conde_2022.D503_BLD:8727,Treg,0
Conde_2022.D503_BMA:12035,Treg,0
Conde_2022.D503_BLD:8769,Treg,0
Conde_2022.D503_BMA:12105,Treg,0
Conde_2022.D503_BLD:8815,Treg,0
Conde_2022.D503_BLD:8819,Treg,0
Conde_2022.D503_BLD:8844,Treg,2
Conde_2022.D503_BLD:8869,Treg,0
Conde_2022.D503_BLD:8886,Treg,0
Conde_2022.D503_BLD:8888,Treg,0
Conde_2022.D503_BLD:8906,Treg,0
Conde_2022.D503_BLD:8941,Treg,0
Conde_2022.D503_BLD:8989,Treg,4
Conde_2022.D503_BMA:12363,Treg,0
Conde_2022.D503_BLD:9000,Treg,2
Conde_2022.D503_BLD:9006,Treg,0
Conde_2022.D503_BLD:9009,Treg,0
Conde_2022.D503_BLD:9037,Treg,2
Conde_2022.D503_BLD:9048,Treg,0
Conde_2022.D503_BMA:12499,Treg,4
Conde_2022.D503_BLD:9226,Treg,4
Conde_2022.D503_BLD:9241,Treg,4
Conde_2022.D503_BMA:12710,Treg,4
Conde_2022.D503_BMA:12769,Treg,4
Conde_2022.D503_BMA:12786,Treg,4
Conde_2022.D503_BLD:9340,Treg,4
Conde_2022.D496_BMA:5293,Treg,0
Conde_2022.D496_BLD:4165,Treg,2
Conde_2022.D496_BLD:4183,Treg,0
Conde_2022.D496_BMA:5377,Treg,4
Conde_2022.D496_BMA:5408,Treg,0
Conde_2022.D496_BLD:4269,Treg,0
Conde_2022.D496_BMA:5475,Treg,2
Conde_2022.D496_BLD:4288,Treg,2
Conde_2022.D496_BLD:4301,Treg,4
Conde_2022.D496_BLD:4387,Treg,0
Conde_2022.D503_BLD:9347,Treg,4
Conde_2022.D503_BMA:12857,Treg,0
Conde_2022.D503_BMA:12938,Treg,4
Conde_2022.D503_BLD:9496,Treg,4
Conde_2022.D503_BLD:9507,Treg,2
Conde_2022.D503_BLD:9519,Treg,0
Conde_2022.D503_BLD:9527,Treg,0
Conde_2022.D503_BLD:9541,Treg,0
Conde_2022.D503_BLD:9590,Treg,0
Conde_2022.D503_BLD:9637,Treg,0
Conde_2022.D503_BLD:9657,Treg,2
Conde_2022.D503_BLD:9673,Treg,0
Conde_2022.D503_BLD:9689,Treg,4
Conde_2022.D503_BLD:9701,Treg,2
Conde_2022.D503_BMA:13323,Treg,4
Conde_2022.D503_BLD:9843,Treg,2
Conde_2022.D503_BLD:9936,Treg,0
Conde_2022.D503_BLD:9985,Treg,0
Conde_2022.D503_BLD:10000,Treg,0
Conde_2022.D503_BLD:10008,Treg,0
Conde_2022.D503_BLD:10028,Treg,0
Conde_2022.D503_BLD:10068,Treg,0
Conde_2022.D503_BLD:10089,Treg,0
Conde_2022.D503_BLD:10102,Treg,0
Conde_2022.D503_BLD:10112,Treg,0
Conde_2022.D503_BLD:10139,Treg,2
Conde_2022.D503_BLD:10141,Treg,2
Conde_2022.D503_BMA:13685,Treg,0
Conde_2022.D503_BMA:13691,Treg,4
Conde_2022.D503_BLD:10161,Treg,0
Conde_2022.D503_BMA:13715,Treg,0
Conde_2022.D503_BLD:10197,Treg,0
Conde_2022.D503_BLD:10200,Treg,4
Conde_2022.D503_BLD:10218,Treg,0
Conde_2022.D503_BLD:10250,Treg,0
Conde_2022.D503_BLD:10303,Treg,2
Conde_2022.D496_BLD:4479,Treg,0
Conde_2022.D496_BLD:4537,Treg,0
Conde_2022.D496_BLD:4588,Treg,4
Conde_2022.D496_BLD:4595,Treg,0
Conde_2022.D496_BMA:5824,Treg,0
Conde_2022.D496_BMA:5876,Treg,0
Conde_2022.D496_BLD:4721,Treg,2
Conde_2022.D496_BLD:4726,Treg,4
Conde_2022.D496_BMA:5968,Treg,0
Conde_2022.D496_BLD:4794,Treg,0
Conde_2022.D496_BLD:4798,Treg,0
Conde_2022.D503_BLD:10341,Treg,0
Conde_2022.D503_BMA:13953,Treg,4
Conde_2022.D503_BLD:10351,Treg,4
Conde_2022.D503_BMA:13986,Treg,4
Conde_2022.D503_BLD:10382,Treg,0
Conde_2022.D503_BLD:10404,Treg,4
Conde_2022.D503_BLD:10413,Treg,0
Conde_2022.D503_BMA:14066,Treg,2
Conde_2022.D503_BLD:10478,Treg,0
Conde_2022.D503_BLD:10493,Treg,4
Conde_2022.D503_BLD:10497,Treg,4
Conde_2022.D503_BLD:10501,Treg,0
Conde_2022.D503_BMA:14157,Treg,0
Conde_2022.D503_BMA:14201,Treg,0
Conde_2022.D503_BMA:14250,Treg,0
Conde_2022.D503_BLD:10625,Treg,0
Conde_2022.D503_BMA:14304,Treg,0
Conde_2022.D503_BLD:10660,Treg,0
Conde_2022.D503_BMA:14342,Treg,4
Conde_2022.D503_BMA:14382,Treg,0
Conde_2022.D503_BLD:10697,Treg,0
Conde_2022.D503_BMA:14415,Treg,4
Conde_2022.D503_BLD:10748,Treg,2
Conde_2022.D503_BLD:10765,Treg,2
Conde_2022.D503_BMA:14537,Treg,0
Conde_2022.D503_BLD:10809,Treg,0
Conde_2022.D503_BMA:14615,Treg,0
Conde_2022.D503_BLD:10821,Treg,0
Conde_2022.D503_BLD:10839,Treg,0
Conde_2022.D503_BMA:14657,Treg,4
Conde_2022.D503_BLD:10879,Treg,4
Conde_2022.D503_BLD:10884,Treg,4
Conde_2022.D503_BLD:10894,Treg,2
Conde_2022.D503_BLD:10904,Treg,4
Conde_2022.D503_BLD:10905,Treg,2
Conde_2022.D503_BLD:10914,Treg,0
Conde_2022.D503_BMA:14755,Treg,4
Conde_2022.D503_BMA:14777,Treg,0
Conde_2022.D503_BLD:10967,Treg,0
Conde_2022.D503_BLD:10972,Treg,4
Conde_2022.D496_BLD:4878,Treg,2
Conde_2022.D496_BLD:4908,Treg,0
Conde_2022.D496_BLD:4960,Treg,2
Conde_2022.D496_BLD:4964,Treg,0
Conde_2022.D496_BMA:6203,Treg,0
Conde_2022.D496_BLD:5035,Treg,0
Conde_2022.D496_BMA:6260,Treg,4
Conde_2022.D496_BLD:5089,Treg,2
Conde_2022.D496_BLD:5126,Treg,4
Conde_2022.D496_BLD:5128,Treg,2
Conde_2022.D496_BMA:6368,Treg,4
Conde_2022.D496_BLD:5162,Treg,4
Conde_2022.D496_BMA:6460,Treg,4
Conde_2022.D503_BLD:10975,Treg,2
Conde_2022.D503_BMA:14838,Treg,0
Conde_2022.D503_BLD:10990,Treg,0
Conde_2022.D503_BLD:11010,Treg,0
Conde_2022.D503_BLD:11025,Treg,0
Conde_2022.D503_BLD:11032,Treg,2
Conde_2022.D503_BLD:11044,Treg,0
Conde_2022.D503_BLD:11049,Treg,0
Conde_2022.D503_BLD:11058,Treg,4
Conde_2022.D503_BLD:11059,Treg,0
Conde_2022.D503_BLD:11086,Treg,0
Conde_2022.D503_BLD:11131,Treg,4
Conde_2022.D503_BMA:15042,Treg,4
Conde_2022.D503_BLD:11164,Treg,0
Conde_2022.D503_BLD:11188,Treg,2
Conde_2022.D503_BLD:11221,Treg,2
Conde_2022.D503_BLD:11236,Treg,4
Conde_2022.D503_BLD:11288,Treg,4
Conde_2022.D503_BLD:11291,Treg,0
Conde_2022.D503_BLD:11313,Treg,0
Conde_2022.D503_BLD:11349,Treg,0
Conde_2022.D503_BLD:11374,Treg,0
Conde_2022.D503_BLD:11410,Treg,4
Conde_2022.D503_BLD:11461,Treg,4
Conde_2022.D503_BMA:15514,Treg,0
Conde_2022.D503_BLD:11509,Treg,0
Conde_2022.D503_BLD:11522,Treg,0
Conde_2022.D503_BMA:15649,Treg,2
Conde_2022.D503_BLD:11610,Treg,0
Conde_2022.D503_BLD:11631,Treg,0
Conde_2022.D503_BLD:11692,Treg,0
Conde_2022.D503_BLD:11698,Treg,4
Conde_2022.D503_BMA:15798,Treg,0
Conde_2022.D503_BLD:11775,Treg,0
Conde_2022.D496_BLD:5306,Treg,0
Conde_2022.D496_BMA:6575,Treg,0
Conde_2022.D496_BLD:5390,Treg,2
Conde_2022.D496_BLD:5394,Treg,2
Conde_2022.D496_BLD:5482,Treg,0
Conde_2022.D496_BLD:5485,Treg,0
Conde_2022.D496_BLD:5536,Treg,0
Conde_2022.D496_BLD:5579,Treg,0
Conde_2022.D496_BLD:5619,Treg,0
Stephenson_2021.newcastle65:133,Treg,4
Stephenson_2021.newcastle65:167,Treg,0
Stephenson_2021.newcastle65:231,Treg,0
Stephenson_2021.newcastle65:237,Treg,0
Stephenson_2021.newcastle65:431,Treg,0
Stephenson_2021.newcastle65:461,Treg,2
Stephenson_2021.newcastle65:787,Treg,4
Stephenson_2021.newcastle65:788,Treg,4
Stephenson_2021.newcastle65:906,Treg,2
Stephenson_2021.newcastle65:985,Treg,0
Stephenson_2021.newcastle65:996,Treg,4
Stephenson_2021.newcastle65:1058,Treg,0
Stephenson_2021.newcastle65:1312,Treg,2
Stephenson_2021.newcastle65:1326,Treg,2
Stephenson_2021.newcastle65:1351,Treg,0
Stephenson_2021.newcastle65:1413,Treg,0
Stephenson_2021.newcastle65:1650,Treg,4
Stephenson_2021.newcastle65:1856,Treg,2
Stephenson_2021.newcastle65:1935,Treg,0
Stephenson_2021.newcastle65:1948,Treg,4
Stephenson_2021.newcastle65:2028,Treg,0
Stephenson_2021.newcastle65:2306,Treg,4
Stephenson_2021.newcastle65:2307,Treg,4
Stephenson_2021.newcastle65:2341,Treg,0
Stephenson_2021.newcastle65:2497,Treg,4
Stephenson_2021.newcastle65:2522,Treg,0
Stephenson_2021.newcastle65:2552,Treg,0
Stephenson_2021.newcastle65:2868,Treg,0
Stephenson_2021.newcastle65:2929,Treg,2
Stephenson_2021.newcastle65:2944,Treg,0
Stephenson_2021.newcastle65:3100,Treg,4
Stephenson_2021.newcastle65:3266,Treg,0
Stephenson_2021.newcastle65:3316,Treg,0
Stephenson_2021.newcastle65:3353,Treg,2
Stephenson_2021.newcastle65:3369,Treg,0
Stephenson_2021.newcastle65:3387,Treg,2
Stephenson_2021.newcastle65:3536,Treg,2
Stephenson_2021.newcastle65:3757,Treg,2
Stephenson_2021.newcastle65:3960,Treg,2
Stephenson_2021.newcastle65:3990,Treg,0
Stephenson_2021.newcastle65:3993,Treg,0
Stephenson_2021.newcastle65:4101,Treg,4
Stephenson_2021.newcastle65:4349,Treg,2
Stephenson_2021.newcastle65:4413,Treg,0
Stephenson_2021.newcastle65:4416,Treg,0
Stephenson_2021.newcastle65:4430,Treg,2
Stephenson_2021.newcastle65:4448,Treg,2
Stephenson_2021.newcastle65:4521,Treg,0
Stephenson_2021.newcastle65:4744,Treg,0
Stephenson_2021.newcastle65:4934,Treg,2
Stephenson_2021.newcastle65:5015,Treg,0
Stephenson_2021.newcastle65:5283,Treg,2
Stephenson_2021.newcastle65:5313,Treg,0
Stephenson_2021.newcastle65:5329,Treg,0
Stephenson_2021.newcastle65:5401,Treg,4
Stephenson_2021.newcastle65:5544,Treg,0
Stephenson_2021.newcastle65:5642,Treg,0
Stephenson_2021.MH8919333:30,Treg,2
Stephenson_2021.MH8919333:154,Treg,0
Stephenson_2021.MH8919333:260,Treg,0
Stephenson_2021.MH8919333:344,Treg,4
Stephenson_2021.MH8919333:658,Treg,2
Stephenson_2021.MH8919333:688,Treg,0
Stephenson_2021.MH8919333:828,Treg,2
Stephenson_2021.MH8919333:850,Treg,2
Stephenson_2021.MH8919333:865,Treg,2
Stephenson_2021.MH8919333:970,Treg,2
Stephenson_2021.MH8919333:1037,Treg,0
Stephenson_2021.MH8919333:1292,Treg,4
Stephenson_2021.MH8919333:1435,Treg,0
Stephenson_2021.MH8919333:1524,Treg,0
Stephenson_2021.MH8919333:1540,Treg,2
Stephenson_2021.MH8919333:1677,Treg,2
Stephenson_2021.MH8919333:1738,Treg,4
Stephenson_2021.MH8919333:1799,Treg,0
Stephenson_2021.MH8919333:2104,Treg,2
Stephenson_2021.MH8919333:2129,Treg,4
Stephenson_2021.MH8919333:2232,Treg,0
Stephenson_2021.MH8919333:2263,Treg,0
Stephenson_2021.MH8919333:2272,Treg,0
Stephenson_2021.MH8919333:2322,Treg,2
Stephenson_2021.MH8919333:2365,Treg,0
Stephenson_2021.MH8919333:2404,Treg,2
Stephenson_2021.MH8919333:2633,Treg,2
Stephenson_2021.MH8919333:2642,Treg,2
Stephenson_2021.MH8919333:2676,Treg,0
Stephenson_2021.MH8919333:2738,Treg,0
Stephenson_2021.MH8919333:2764,Treg,4
Stephenson_2021.MH8919333:2972,Treg,2
Stephenson_2021.MH8919333:3891,Treg,2
Stephenson_2021.MH8919333:3914,Treg,2
Stephenson_2021.MH8919333:3920,Treg,0
Stephenson_2021.MH8919333:3984,Treg,2
Stephenson_2021.MH8919333:4114,Treg,0
Stephenson_2021.MH8919333:4121,Treg,2
Stephenson_2021.MH8919333:4163,Treg,0
Stephenson_2021.MH8919333:4235,Treg,0
Stephenson_2021.MH8919333:4331,Treg,2
Stephenson_2021.MH8919333:4498,Treg,2
Stephenson_2021.MH8919333:4514,Treg,2
Stephenson_2021.MH8919333:4525,Treg,2
Stephenson_2021.MH8919333:4761,Treg,2
Stephenson_2021.MH8919333:4901,Treg,2
Stephenson_2021.MH8919333:4929,Treg,4
Stephenson_2021.MH8919333:4996,Treg,2
Stephenson_2021.MH8919333:5543,Treg,2
Stephenson_2021.MH8919333:6598,Treg,2
Stephenson_2021.MH8919333:6801,Treg,2
Stephenson_2021.MH8919333:6811,Treg,2
Stephenson_2021.MH8919333:7101,Treg,2
Stephenson_2021.MH8919333:7104,Treg,4
Stephenson_2021.MH8919333:7110,Treg,2
Stephenson_2021.MH8919333:7309,Treg,2
Stephenson_2021.MH8919333:7506,Treg,2
Stephenson_2021.MH8919333:7578,Treg,2
Stephenson_2021.MH8919333:7633,Treg,2
Stephenson_2021.MH8919333:7676,Treg,2
Stephenson_2021.MH8919333:7707,Treg,2
Stephenson_2021.MH8919333:7866,Treg,2
Stephenson_2021.MH8919333:8256,Treg,2
Stephenson_2021.MH8919333:8293,Treg,2
Stephenson_2021.MH8919333:8452,Treg,2
Stephenson_2021.MH8919333:8738,Treg,2
Stephenson_2021.MH8919333:8767,Treg,2
Stephenson_2021.MH8919333:9055,Treg,4
Stephenson_2021.MH8919333:9496,Treg,2
Stephenson_2021.MH8919333:9638,Treg,0
Stephenson_2021.MH8919333:9693,Treg,0
Stephenson_2021.MH8919333:9771,Treg,4
Stephenson_2021.MH8919333:10039,Treg,2
Stephenson_2021.MH8919333:10052,Treg,2
Stephenson_2021.MH8919333:10255,Treg,0
Stephenson_2021.MH8919333:10307,Treg,2
Stephenson_2021.MH8919333:10365,Treg,4
Stephenson_2021.MH8919333:10511,Treg,0
Stephenson_2021.MH8919333:10647,Treg,2
Stephenson_2021.MH8919333:10695,Treg,0
Stephenson_2021.MH8919333:10755,Treg,2
Stephenson_2021.MH8919333:10928,Treg,0
Stephenson_2021.MH8919333:10976,Treg,2
Stephenson_2021.MH8919333:11116,Treg,0
Stephenson_2021.MH8919333:11204,Treg,2
Stephenson_2021.MH8919333:11254,Treg,0
Stephenson_2021.MH8919333:11458,Treg,2
Stephenson_2021.MH8919333:11610,Treg,4
Stephenson_2021.MH8919333:11928,Treg,2
Stephenson_2021.MH8919332:60,Treg,0
Stephenson_2021.MH8919332:118,Treg,0
Stephenson_2021.MH8919332:351,Treg,2
Stephenson_2021.MH8919332:360,Treg,0
Stephenson_2021.MH8919332:415,Treg,2
Stephenson_2021.MH8919332:672,Treg,0
Stephenson_2021.MH8919332:731,Treg,0
Stephenson_2021.MH8919332:1030,Treg,0
Stephenson_2021.MH8919332:1086,Treg,0
Stephenson_2021.MH8919332:1113,Treg,0
Stephenson_2021.MH8919332:1226,Treg,0
Stephenson_2021.MH8919332:1341,Treg,0
Stephenson_2021.MH8919332:1375,Treg,0
Stephenson_2021.MH8919332:1397,Treg,2
Stephenson_2021.MH8919332:1408,Treg,4
Stephenson_2021.MH8919332:1470,Treg,0
Stephenson_2021.MH8919332:1544,Treg,2
Stephenson_2021.MH8919332:1594,Treg,0
Stephenson_2021.MH8919332:1609,Treg,0
Stephenson_2021.MH8919332:1768,Treg,0
Stephenson_2021.MH8919332:1883,Treg,4
Stephenson_2021.MH8919332:1908,Treg,0
Stephenson_2021.MH8919332:1967,Treg,0
Stephenson_2021.MH8919332:1988,Treg,2
Stephenson_2021.MH8919332:1992,Treg,2
Stephenson_2021.MH8919332:2268,Treg,2
Stephenson_2021.MH8919332:2278,Treg,2
Stephenson_2021.MH8919332:2522,Treg,0
Stephenson_2021.MH8919332:2623,Treg,4
Stephenson_2021.MH8919332:2681,Treg,0
Stephenson_2021.MH8919332:2736,Treg,4
Stephenson_2021.MH8919332:2737,Treg,2
Stephenson_2021.MH8919332:2765,Treg,0
Stephenson_2021.MH8919332:2929,Treg,4
Stephenson_2021.MH8919332:3005,Treg,2
Stephenson_2021.MH8919332:3070,Treg,0
Stephenson_2021.MH8919332:3261,Treg,4
Stephenson_2021.MH8919332:3294,Treg,2
Stephenson_2021.MH8919332:3434,Treg,4
Stephenson_2021.MH8919332:3545,Treg,0
Stephenson_2021.MH8919332:3617,Treg,4
Stephenson_2021.MH8919332:3705,Treg,0
Stephenson_2021.MH8919332:3920,Treg,2
Stephenson_2021.MH8919332:4046,Treg,0
Stephenson_2021.MH8919332:4127,Treg,0
Stephenson_2021.MH8919332:4141,Treg,0
Stephenson_2021.MH8919332:4145,Treg,0
Stephenson_2021.MH8919332:4386,Treg,0
Stephenson_2021.MH8919332:4387,Treg,2
Stephenson_2021.MH8919332:4401,Treg,2
Stephenson_2021.MH8919332:4406,Treg,0
Stephenson_2021.MH8919332:4494,Treg,0
Stephenson_2021.MH8919332:4555,Treg,2
Stephenson_2021.MH8919332:4576,Treg,0
Stephenson_2021.MH8919332:4596,Treg,0
Stephenson_2021.MH8919332:4609,Treg,0
Stephenson_2021.MH8919332:4895,Treg,2
Stephenson_2021.MH8919332:4897,Treg,4
Stephenson_2021.MH8919332:5232,Treg,0
Stephenson_2021.MH8919332:5250,Treg,0
Stephenson_2021.MH8919332:5253,Treg,0
Stephenson_2021.MH8919332:5430,Treg,4
Stephenson_2021.MH8919332:5870,Treg,2
Stephenson_2021.MH8919332:6115,Treg,4
Stephenson_2021.MH8919332:6164,Treg,0
Stephenson_2021.MH8919332:6302,Treg,4
Stephenson_2021.MH8919332:6563,Treg,2
Stephenson_2021.MH8919332:6714,Treg,0
Stephenson_2021.MH8919332:6715,Treg,0
Stephenson_2021.MH8919332:6788,Treg,2
Stephenson_2021.MH8919332:6791,Treg,2
Stephenson_2021.MH8919332:6805,Treg,0
Stephenson_2021.MH8919332:6890,Treg,0
Stephenson_2021.MH8919332:6993,Treg,0
Stephenson_2021.MH8919332:7005,Treg,0
Stephenson_2021.MH8919332:7163,Treg,4
Stephenson_2021.MH8919332:7175,Treg,0
Stephenson_2021.MH8919332:7365,Treg,0
Stephenson_2021.MH8919332:7374,Treg,0
Stephenson_2021.MH8919332:7422,Treg,2
Stephenson_2021.MH8919332:7580,Treg,2
Stephenson_2021.MH8919332:7599,Treg,0
Stephenson_2021.MH8919332:7604,Treg,4
Stephenson_2021.MH8919332:7677,Treg,0
Stephenson_2021.MH8919332:7701,Treg,0
Stephenson_2021.MH8919332:7729,Treg,2
Stephenson_2021.MH8919332:7738,Treg,2
Stephenson_2021.MH8919332:7978,Treg,2
Stephenson_2021.MH8919283:697,Treg,0
Stephenson_2021.MH8919283:846,Treg,2
Stephenson_2021.MH8919283:870,Treg,2
Stephenson_2021.MH8919283:1604,Treg,4
Stephenson_2021.MH8919283:1714,Treg,2
Stephenson_2021.MH8919283:2307,Treg,2
Stephenson_2021.MH8919283:3063,Treg,0
Stephenson_2021.MH8919283:3070,Treg,4
Stephenson_2021.MH8919283:3832,Treg,4
Stephenson_2021.MH8919283:5111,Treg,0
Stephenson_2021.MH8919283:5297,Treg,0
Stephenson_2021.MH8919283:6387,Treg,0
Stephenson_2021.MH8919178:362,Treg,0
Stephenson_2021.MH8919178:365,Treg,0
Stephenson_2021.MH8919178:560,Treg,0
Stephenson_2021.MH8919178:684,Treg,2
Stephenson_2021.MH8919178:778,Treg,0
Stephenson_2021.MH8919178:1113,Treg,0
Stephenson_2021.MH8919178:1409,Treg,2
Stephenson_2021.MH8919178:2281,Treg,2
Stephenson_2021.MH8919178:2564,Treg,4
Stephenson_2021.MH8919178:3008,Treg,0
Stephenson_2021.MH8919178:3287,Treg,2
Stephenson_2021.MH8919178:3518,Treg,2
Stephenson_2021.MH8919178:3757,Treg,2
Stephenson_2021.MH8919178:4120,Treg,4
Stephenson_2021.MH8919178:4176,Treg,2
Stephenson_2021.MH8919178:4194,Treg,2
Stephenson_2021.MH8919178:4425,Treg,0
Stephenson_2021.MH8919178:5023,Treg,0
Stephenson_2021.MH8919178:5031,Treg,4
Stephenson_2021.MH8919178:5057,Treg,2
Stephenson_2021.MH8919178:5737,Treg,2
Stephenson_2021.MH8919177:3,Treg,0
Stephenson_2021.MH8919177:132,Treg,2
Stephenson_2021.MH8919177:186,Treg,4
Stephenson_2021.MH8919177:326,Treg,4
Stephenson_2021.MH8919177:419,Treg,0
Stephenson_2021.MH8919177:462,Treg,2
Stephenson_2021.MH8919177:623,Treg,4
Stephenson_2021.MH8919177:926,Treg,2
Stephenson_2021.MH8919177:959,Treg,2
Stephenson_2021.MH8919177:1052,Treg,0
Stephenson_2021.MH8919177:1119,Treg,0
Stephenson_2021.MH8919177:1339,Treg,0
Stephenson_2021.MH8919177:1436,Treg,2
Stephenson_2021.MH8919177:1450,Treg,2
Stephenson_2021.MH8919177:1525,Treg,2
Stephenson_2021.MH8919177:1685,Treg,2
Stephenson_2021.MH8919177:2098,Treg,0
Stephenson_2021.MH8919177:2113,Treg,4
Stephenson_2021.MH8919177:2155,Treg,2
Stephenson_2021.MH8919176:146,Treg,2
Stephenson_2021.MH8919176:226,Treg,0
Stephenson_2021.MH8919176:509,Treg,0
Stephenson_2021.MH8919176:546,Treg,0
Stephenson_2021.MH8919176:598,Treg,0
Stephenson_2021.MH8919176:614,Treg,2
Stephenson_2021.MH8919176:691,Treg,0
Stephenson_2021.MH8919176:714,Treg,0
Stephenson_2021.MH8919176:812,Treg,0
Stephenson_2021.MH8919176:864,Treg,2
Stephenson_2021.MH8919176:1080,Treg,0
Stephenson_2021.MH8919176:1186,Treg,2
Stephenson_2021.MH8919176:1272,Treg,4
Stephenson_2021.MH8919176:1448,Treg,2
Stephenson_2021.MH8919176:1513,Treg,2
Stephenson_2021.MH8919176:1532,Treg,2
Stephenson_2021.MH8919176:1746,Treg,2
Stephenson_2021.MH8919176:1848,Treg,0
Stephenson_2021.MH8919176:1893,Treg,0
Stephenson_2021.MH8919176:1981,Treg,2
Stephenson_2021.MH8919176:2311,Treg,2
Stephenson_2021.MH8919176:2509,Treg,2
Stephenson_2021.MH8919176:2612,Treg,2
Stephenson_2021.MH8919176:2650,Treg,2
Stephenson_2021.MH8919176:2726,Treg,2
Stephenson_2021.MH8919176:2753,Treg,0
Stephenson_2021.MH8919176:2888,Treg,2
Stephenson_2021.MH8919176:3189,Treg,0
Stephenson_2021.MH8919176:3207,Treg,2
Stephenson_2021.MH8919179:60,Treg,2
Stephenson_2021.MH8919179:74,Treg,2
Stephenson_2021.MH8919179:100,Treg,2
Stephenson_2021.MH8919179:101,Treg,4
Stephenson_2021.MH8919179:209,Treg,0
Stephenson_2021.MH8919179:265,Treg,0
Stephenson_2021.MH8919179:425,Treg,2
Stephenson_2021.MH8919179:614,Treg,4
Stephenson_2021.MH8919179:780,Treg,0
Stephenson_2021.MH8919179:959,Treg,4
Stephenson_2021.MH8919179:1161,Treg,0
Stephenson_2021.MH8919179:1174,Treg,4
Stephenson_2021.MH8919179:1346,Treg,2
Stephenson_2021.MH8919179:1475,Treg,0
Stephenson_2021.MH8919179:1496,Treg,2
Stephenson_2021.MH8919179:1608,Treg,2
Stephenson_2021.MH8919179:1633,Treg,2
Stephenson_2021.MH8919179:1662,Treg,0
Stephenson_2021.MH8919179:1792,Treg,0
Stephenson_2021.MH8919179:1921,Treg,0
Stephenson_2021.MH8919179:2089,Treg,2
Stephenson_2021.MH8919179:2098,Treg,4
Stephenson_2021.MH8919179:2127,Treg,2
Stephenson_2021.MH8919179:2516,Treg,2
Stephenson_2021.MH8919179:2637,Treg,2
Stephenson_2021.MH8919179:2918,Treg,2
Stephenson_2021.MH8919179:2928,Treg,2
Stephenson_2021.MH8919179:3249,Treg,4
Stephenson_2021.MH8919179:3336,Treg,2
Stephenson_2021.MH8919179:3406,Treg,0
Stephenson_2021.MH8919179:3843,Treg,2
Stephenson_2021.MH8919179:3871,Treg,0
Stephenson_2021.MH8919179:3872,Treg,4
Stephenson_2021.MH8919179:3906,Treg,2
Stephenson_2021.MH8919179:4152,Treg,2
Stephenson_2021.MH8919179:4286,Treg,0
Stephenson_2021.newcastle74:254,Treg,4
Stephenson_2021.newcastle74:290,Treg,0
Stephenson_2021.newcastle74:379,Treg,0
Stephenson_2021.newcastle74:427,Treg,0
Stephenson_2021.newcastle74:448,Treg,4
Stephenson_2021.newcastle74:590,Treg,2
Stephenson_2021.newcastle74:658,Treg,0
Stephenson_2021.newcastle74:761,Treg,4
Stephenson_2021.newcastle74:798,Treg,0
Stephenson_2021.newcastle74:873,Treg,0
Stephenson_2021.newcastle74:1639,Treg,2
Stephenson_2021.newcastle74:1674,Treg,2
Stephenson_2021.newcastle74:1712,Treg,2
Stephenson_2021.newcastle74:2111,Treg,0
Stephenson_2021.newcastle74:2154,Treg,2
Stephenson_2021.newcastle74:2211,Treg,0
Stephenson_2021.newcastle74:2755,Treg,0
Stephenson_2021.newcastle74:2814,Treg,0
Stephenson_2021.newcastle74:2913,Treg,0
Stephenson_2021.newcastle74:3010,Treg,2
Stephenson_2021.newcastle74:3149,Treg,0
Stephenson_2021.newcastle74:3194,Treg,0
Stephenson_2021.newcastle74:3199,Treg,0
Stephenson_2021.newcastle74:3526,Treg,0
Stephenson_2021.newcastle74:3662,Treg,2
Stephenson_2021.newcastle74:4516,Treg,2
Stephenson_2021.newcastle74:4554,Treg,0
Stephenson_2021.newcastle74:4599,Treg,0
Stephenson_2021.newcastle74:4716,Treg,4
Stephenson_2021.newcastle74:4775,Treg,2
Stephenson_2021.newcastle74:4961,Treg,2
Stephenson_2021.newcastle74:5062,Treg,0
Stephenson_2021.newcastle74:5388,Treg,4
Stephenson_2021.newcastle74:5513,Treg,2
Stephenson_2021.newcastle74:5520,Treg,0
Stephenson_2021.newcastle74:5580,Treg,0
Stephenson_2021.newcastle74:5621,Treg,0
Stephenson_2021.newcastle74:6035,Treg,0
Stephenson_2021.newcastle74:6050,Treg,2
Stephenson_2021.newcastle74:6122,Treg,0
Stephenson_2021.newcastle74:6124,Treg,4
Stephenson_2021.newcastle74:6168,Treg,2
Stephenson_2021.newcastle74:6899,Treg,0
Stephenson_2021.newcastle74:6917,Treg,0
Stephenson_2021.MH8919282:147,Treg,2
Stephenson_2021.MH8919282:287,Treg,4
Stephenson_2021.MH8919282:315,Treg,2
Stephenson_2021.MH8919282:419,Treg,2
Stephenson_2021.MH8919282:544,Treg,0
Stephenson_2021.MH8919282:546,Treg,0
Stephenson_2021.MH8919282:659,Treg,2
Stephenson_2021.MH8919282:894,Treg,2
Stephenson_2021.MH8919282:1077,Treg,2
Stephenson_2021.MH8919282:1117,Treg,4
Stephenson_2021.MH8919282:1194,Treg,2
Stephenson_2021.MH8919282:1200,Treg,2
Stephenson_2021.MH8919282:1230,Treg,4
Stephenson_2021.MH8919282:1252,Treg,2
Stephenson_2021.MH8919282:1700,Treg,4
Stephenson_2021.MH8919282:1856,Treg,2
Stephenson_2021.MH8919282:1861,Treg,0
Stephenson_2021.MH8919282:2043,Treg,0
Stephenson_2021.MH8919282:2165,Treg,4
Stephenson_2021.MH8919282:2310,Treg,2
Stephenson_2021.MH8919282:2644,Treg,2
Stephenson_2021.MH8919282:2677,Treg,0
Stephenson_2021.MH8919282:2905,Treg,0
Stephenson_2021.MH8919282:2955,Treg,2
Stephenson_2021.MH8919282:3231,Treg,2
Stephenson_2021.MH8919282:3238,Treg,2
Stephenson_2021.MH8919282:3512,Treg,2
Stephenson_2021.MH8919282:3799,Treg,2
Stephenson_2021.MH8919282:4096,Treg,2
Stephenson_2021.MH8919282:4299,Treg,4
Stephenson_2021.MH8919282:4445,Treg,2
Stephenson_2021.MH8919282:4741,Treg,0
Stephenson_2021.MH8919282:4756,Treg,2
Stephenson_2021.MH8919282:5204,Treg,2
Stephenson_2021.MH8919282:5378,Treg,4
Stephenson_2021.MH8919282:5379,Treg,0
Stephenson_2021.MH8919282:5569,Treg,2
Stephenson_2021.MH8919282:5662,Treg,0
Stephenson_2021.MH8919282:5854,Treg,2
Stephenson_2021.MH8919282:5904,Treg,2
Stephenson_2021.MH8919282:6118,Treg,4
Stephenson_2021.MH8919282:6137,Treg,2
Stephenson_2021.MH8919282:6183,Treg,2
Stephenson_2021.MH8919282:6230,Treg,2
Stephenson_2021.MH8919282:6248,Treg,0
Stephenson_2021.MH8919282:6362,Treg,2
Stephenson_2021.MH8919282:6597,Treg,2
Stephenson_2021.MH8919282:6607,Treg,2
Stephenson_2021.MH8919282:6762,Treg,2
Stephenson_2021.MH8919282:6777,Treg,0
Stephenson_2021.MH8919282:6831,Treg,0
Stephenson_2021.MH8919282:6888,Treg,2
Stephenson_2021.CV0904:7,Treg,0
Stephenson_2021.CV0904:30,Treg,2
Stephenson_2021.CV0904:89,Treg,0
Stephenson_2021.CV0904:157,Treg,0
Stephenson_2021.CV0904:163,Treg,0
Stephenson_2021.CV0904:348,Treg,2
Stephenson_2021.CV0904:431,Treg,4
Stephenson_2021.CV0904:573,Treg,4
Stephenson_2021.CV0904:648,Treg,2
Stephenson_2021.CV0904:678,Treg,2
Stephenson_2021.CV0904:688,Treg,4
Stephenson_2021.CV0904:812,Treg,4
Stephenson_2021.CV0904:891,Treg,0
Stephenson_2021.CV0904:1184,Treg,0
Stephenson_2021.CV0904:1227,Treg,2
Stephenson_2021.CV0904:1431,Treg,4
Stephenson_2021.CV0904:1543,Treg,0
Stephenson_2021.CV0904:1612,Treg,2
Stephenson_2021.CV0904:1783,Treg,2
Stephenson_2021.CV0904:1857,Treg,0
Stephenson_2021.CV0904:1864,Treg,0
Stephenson_2021.CV0904:1883,Treg,0
Stephenson_2021.CV0904:1933,Treg,2
Stephenson_2021.CV0904:2051,Treg,0
Stephenson_2021.CV0904:2110,Treg,4
Stephenson_2021.CV0904:2139,Treg,4
Stephenson_2021.CV0904:2299,Treg,0
Stephenson_2021.CV0904:2454,Treg,2
Stephenson_2021.CV0904:2455,Treg,2
Stephenson_2021.CV0904:2501,Treg,0
Stephenson_2021.CV0904:2745,Treg,4
Stephenson_2021.CV0904:2750,Treg,2
Stephenson_2021.CV0904:2985,Treg,4
Stephenson_2021.CV0904:3103,Treg,2
Stephenson_2021.CV0904:3304,Treg,4
Stephenson_2021.CV0904:3399,Treg,4
Stephenson_2021.CV0904:3437,Treg,4
Stephenson_2021.CV0904:3498,Treg,2
Stephenson_2021.CV0904:3645,Treg,2
Stephenson_2021.CV0904:3950,Treg,2
Stephenson_2021.CV0904:4164,Treg,4
Stephenson_2021.CV0904:4284,Treg,0
Stephenson_2021.CV0904:4390,Treg,2
Stephenson_2021.CV0904:4521,Treg,0
Stephenson_2021.CV0904:5026,Treg,2
Stephenson_2021.CV0904:5260,Treg,4
Stephenson_2021.CV0904:5286,Treg,4
Stephenson_2021.CV0904:5431,Treg,2
Stephenson_2021.CV0904:5500,Treg,2
Stephenson_2021.CV0904:5553,Treg,2
Stephenson_2021.CV0904:5582,Treg,0
Stephenson_2021.CV0904:5629,Treg,2
Stephenson_2021.CV0904:5635,Treg,2
Stephenson_2021.CV0904:5735,Treg,2
Stephenson_2021.CV0904:5886,Treg,4
Stephenson_2021.CV0904:5972,Treg,2
Stephenson_2021.CV0904:6353,Treg,2
Stephenson_2021.CV0904:6363,Treg,2
Stephenson_2021.CV0904:6572,Treg,4
Stephenson_2021.CV0904:6583,Treg,4
Stephenson_2021.CV0904:6585,Treg,4
Stephenson_2021.CV0904:6653,Treg,2
Stephenson_2021.CV0904:6772,Treg,4
Stephenson_2021.CV0902:1379,Treg,4
Stephenson_2021.CV0902:1394,Treg,2
Stephenson_2021.CV0902:1524,Treg,4
Stephenson_2021.CV0902:1560,Treg,0
Stephenson_2021.CV0902:1575,Treg,4
Stephenson_2021.CV0902:1815,Treg,2
Stephenson_2021.CV0902:1856,Treg,2
Stephenson_2021.CV0902:2039,Treg,4
Stephenson_2021.CV0902:2108,Treg,4
Stephenson_2021.CV0902:2276,Treg,4
Stephenson_2021.CV0902:2497,Treg,2
Stephenson_2021.CV0902:2633,Treg,0
Stephenson_2021.CV0902:2888,Treg,0
Stephenson_2021.CV0902:2969,Treg,4
Stephenson_2021.CV0902:3008,Treg,2
Stephenson_2021.CV0902:3018,Treg,4
Stephenson_2021.CV0902:3221,Treg,4
Stephenson_2021.CV0902:3336,Treg,4
Stephenson_2021.CV0911:197,Treg,2
Stephenson_2021.CV0911:201,Treg,2
Stephenson_2021.CV0911:424,Treg,2
Stephenson_2021.CV0911:475,Treg,2
Stephenson_2021.CV0911:521,Treg,2
Stephenson_2021.CV0911:525,Treg,2
Stephenson_2021.CV0911:599,Treg,4
Stephenson_2021.CV0911:797,Treg,0
Stephenson_2021.CV0911:1071,Treg,0
Stephenson_2021.CV0911:1221,Treg,2
Stephenson_2021.CV0911:1222,Treg,0
Stephenson_2021.CV0911:1723,Treg,2
Stephenson_2021.CV0911:1750,Treg,4
Stephenson_2021.CV0911:1881,Treg,4
Stephenson_2021.CV0929:53,Treg,4
Stephenson_2021.CV0929:155,Treg,0
Stephenson_2021.CV0929:166,Treg,0
Stephenson_2021.CV0929:309,Treg,4
Stephenson_2021.CV0929:328,Treg,0
Stephenson_2021.CV0929:406,Treg,4
Stephenson_2021.CV0929:415,Treg,4
Stephenson_2021.CV0929:421,Treg,0
Stephenson_2021.CV0929:439,Treg,0
Stephenson_2021.CV0929:440,Treg,0
Stephenson_2021.CV0929:569,Treg,4
Stephenson_2021.CV0929:596,Treg,4
Stephenson_2021.CV0929:597,Treg,0
Stephenson_2021.CV0929:962,Treg,4
Stephenson_2021.CV0929:979,Treg,0
Stephenson_2021.CV0929:984,Treg,4
Stephenson_2021.CV0929:1097,Treg,0
Stephenson_2021.CV0929:1129,Treg,4
Stephenson_2021.CV0929:1177,Treg,4
Stephenson_2021.CV0929:1196,Treg,0
Stephenson_2021.CV0929:1273,Treg,4
Stephenson_2021.CV0929:1429,Treg,2
Stephenson_2021.CV0915:38,Treg,2
Stephenson_2021.CV0915:157,Treg,0
Stephenson_2021.CV0915:539,Treg,4
Stephenson_2021.CV0915:657,Treg,4
Stephenson_2021.CV0915:940,Treg,4
Stephenson_2021.CV0915:1016,Treg,0
Stephenson_2021.CV0915:1077,Treg,0
Stephenson_2021.CV0915:1330,Treg,4
Stephenson_2021.CV0915:1343,Treg,2
Stephenson_2021.CV0915:1474,Treg,0
Stephenson_2021.CV0915:1664,Treg,2
Stephenson_2021.CV0915:1765,Treg,2
Stephenson_2021.CV0915:1767,Treg,2
Stephenson_2021.CV0917:122,Treg,4
Stephenson_2021.CV0917:163,Treg,0
Stephenson_2021.CV0917:189,Treg,0
Stephenson_2021.CV0917:210,Treg,2
Stephenson_2021.CV0917:344,Treg,4
Stephenson_2021.CV0917:352,Treg,2
Stephenson_2021.CV0917:540,Treg,0
Stephenson_2021.CV0917:790,Treg,0
Stephenson_2021.CV0917:830,Treg,0
Stephenson_2021.CV0917:884,Treg,2
Stephenson_2021.CV0917:1049,Treg,0
Stephenson_2021.CV0917:1370,Treg,0
Stephenson_2021.CV0917:1539,Treg,2
Stephenson_2021.CV0917:1577,Treg,4
Stephenson_2021.CV0917:1612,Treg,4
Stephenson_2021.CV0917:1614,Treg,0
Stephenson_2021.CV0917:1633,Treg,2
Stephenson_2021.CV0917:1663,Treg,2
Stephenson_2021.CV0917:1679,Treg,0
Stephenson_2021.CV0917:1752,Treg,2
Stephenson_2021.CV0917:2094,Treg,0
Stephenson_2021.CV0917:2117,Treg,4
Stephenson_2021.CV0917:2126,Treg,2
Stephenson_2021.CV0917:2173,Treg,4
Stephenson_2021.CV0917:2196,Treg,4
Stephenson_2021.CV0917:2204,Treg,2
Stephenson_2021.CV0917:2392,Treg,0
Stephenson_2021.CV0917:2525,Treg,4
Stephenson_2021.CV0917:2652,Treg,4
Stephenson_2021.CV0917:2657,Treg,0
Stephenson_2021.CV0939:34,Treg,2
Stephenson_2021.CV0939:112,Treg,4
Stephenson_2021.CV0939:126,Treg,0
Stephenson_2021.CV0939:338,Treg,4
Stephenson_2021.CV0939:652,Treg,4
Stephenson_2021.CV0939:852,Treg,0
Stephenson_2021.CV0939:863,Treg,2
Stephenson_2021.CV0939:870,Treg,0
Stephenson_2021.CV0939:889,Treg,2
Stephenson_2021.CV0939:963,Treg,0
Stephenson_2021.CV0939:977,Treg,0
Stephenson_2021.CV0939:1033,Treg,4
Stephenson_2021.CV0939:1186,Treg,2
Stephenson_2021.CV0939:1210,Treg,0
Stephenson_2021.CV0939:1419,Treg,4
Stephenson_2021.CV0939:1585,Treg,0
Stephenson_2021.CV0939:1602,Treg,2
Stephenson_2021.CV0939:1624,Treg,0
Stephenson_2021.CV0926:304,Treg,2
Stephenson_2021.CV0926:330,Treg,4
Stephenson_2021.CV0926:534,Treg,0
Stephenson_2021.CV0926:645,Treg,0
Stephenson_2021.CV0926:789,Treg,4
Stephenson_2021.CV0926:929,Treg,0
Stephenson_2021.CV0926:1153,Treg,4
Stephenson_2021.CV0926:1267,Treg,0
Stephenson_2021.CV0926:1320,Treg,0
Stephenson_2021.CV0926:1401,Treg,4
Stephenson_2021.CV0926:1436,Treg,4
Stephenson_2021.CV0926:1475,Treg,2
Stephenson_2021.CV0926:1508,Treg,4
Stephenson_2021.CV0926:1553,Treg,4
Stephenson_2021.CV0926:1965,Treg,2
Stephenson_2021.CV0926:2101,Treg,0
Stephenson_2021.CV0926:2176,Treg,2
Stephenson_2021.CV0926:2213,Treg,4
Stephenson_2021.CV0926:2277,Treg,2
Stephenson_2021.CV0926:2356,Treg,2
Stephenson_2021.CV0926:2372,Treg,0
Stephenson_2021.CV0926:2431,Treg,0
Stephenson_2021.CV0926:2437,Treg,4
Stephenson_2021.CV0926:2491,Treg,0
Stephenson_2021.CV0926:2556,Treg,2
Stephenson_2021.CV0926:2606,Treg,2
Stephenson_2021.CV0934:181,Treg,4
Stephenson_2021.CV0934:369,Treg,0
Stephenson_2021.CV0934:471,Treg,2
Stephenson_2021.CV0934:520,Treg,2
Stephenson_2021.CV0934:544,Treg,4
Stephenson_2021.CV0934:666,Treg,2
Stephenson_2021.CV0934:983,Treg,2
Stephenson_2021.CV0934:1136,Treg,0
Stephenson_2021.CV0934:1338,Treg,4
Stephenson_2021.CV0934:1473,Treg,2
Stephenson_2021.CV0934:1503,Treg,0
Stephenson_2021.CV0934:1519,Treg,2
Stephenson_2021.CV0934:1575,Treg,0
Stephenson_2021.CV0934:1653,Treg,4
Stephenson_2021.CV0934:1678,Treg,4
Stephenson_2021.CV0934:1738,Treg,4
Stephenson_2021.CV0934:2067,Treg,2
Stephenson_2021.CV0934:2118,Treg,0
Stephenson_2021.CV0934:2145,Treg,2
Stephenson_2021.CV0934:2189,Treg,0
Stephenson_2021.CV0934:2250,Treg,4
Stephenson_2021.CV0934:2319,Treg,2
Stephenson_2021.CV0934:2403,Treg,0
Stephenson_2021.CV0934:2433,Treg,2
Stephenson_2021.CV0934:2509,Treg,4
Stephenson_2021.CV0934:2687,Treg,4
Stephenson_2021.CV0934:3196,Treg,2
Stephenson_2021.CV0934:3232,Treg,4
Stephenson_2021.CV0934:3243,Treg,4
Stephenson_2021.CV0934:3249,Treg,0
Stephenson_2021.CV0940:138,Treg,0
Stephenson_2021.CV0940:266,Treg,2
Stephenson_2021.CV0940:414,Treg,4
Stephenson_2021.CV0940:426,Treg,4
Stephenson_2021.CV0940:697,Treg,0
Stephenson_2021.CV0940:744,Treg,0
Stephenson_2021.CV0940:766,Treg,2
Stephenson_2021.CV0940:889,Treg,0
Stephenson_2021.CV0940:915,Treg,0
Stephenson_2021.CV0940:985,Treg,4
Stephenson_2021.CV0940:1200,Treg,0
Stephenson_2021.CV0940:1375,Treg,4
Stephenson_2021.CV0940:1457,Treg,0
Stephenson_2021.CV0940:1546,Treg,4
Stephenson_2021.CV0940:1558,Treg,0
Stephenson_2021.CV0940:1721,Treg,2
Stephenson_2021.CV0940:1785,Treg,0
Stephenson_2021.CV0940:1825,Treg,0
Stephenson_2021.CV0940:1843,Treg,0
Stephenson_2021.CV0940:1889,Treg,0
Stephenson_2021.CV0940:2139,Treg,0
Stephenson_2021.CV0940:2144,Treg,0
Stephenson_2021.CV0940:2146,Treg,4
Stephenson_2021.CV0940:2223,Treg,4
Stephenson_2021.CV0940:2257,Treg,2
Stephenson_2021.CV0940:2326,Treg,2
Stephenson_2021.CV0940:2376,Treg,4
Stephenson_2021.CV0940:2516,Treg,0
Stephenson_2021.CV0940:2591,Treg,4
Stephenson_2021.CV0940:2624,Treg,0
Stephenson_2021.CV0940:2695,Treg,2
Stephenson_2021.CV0940:2748,Treg,2
Stephenson_2021.CV0940:2781,Treg,4
Stephenson_2021.CV0940:2788,Treg,4
Stephenson_2021.CV0940:2914,Treg,4
Stephenson_2021.CV0944:290,Treg,4
Stephenson_2021.CV0944:396,Treg,2
Stephenson_2021.CV0944:530,Treg,0
Foster_2024.MM1:3002,Treg,4
Foster_2024.MM1:6483,Treg,0
Foster_2024.MM1:8547,Treg,2